日期,商品名稱,身份別,多方交易口數,多方交易契約金額(千元),空方交易口數,空方交易契約金額(千元),多空交易口數淨額,多空交易契約金額淨額(千元),多方未平倉口數,多方未平倉契約金額(千元),空方未平倉口數,空方未平倉契約金額(千元),多空未平倉口數淨額,多空未平倉契約金額淨額(千元)
2023/08/01,小型臺指期貨,自營商,11953,10246344,10574,9063201,1379,1183143,7884,6769293,8865,7603715,-981,-834422
2023/08/01,小型臺指期貨,投信,1,859,5,4287,-4,-3428,221,189817,18,15460,203,174357
2023/08/01,小型臺指期貨,外資及陸資,91938,78823531,86125,73834138,5813,4989393,5256,4514398,4073,3497258,1183,1017140
2023/08/02,小型臺指期貨,自營商,17004,14444102,19263,16344169,-2259,-1900067,8877,7462803,11089,9306672,-2212,-1843869
2023/08/02,小型臺指期貨,投信,9,7581,1,841,8,6740,229,192589,18,15138,211,177451
2023/08/02,小型臺指期貨,外資及陸資,107810,91702647,122782,104440102,-14972,-12737454,2722,2289172,12459,10476457,-9737,-8187285
2023/08/04,小型臺指期貨,自營商,13414,11240809,13739,11504131,-325,-263322,8696,7312134,10585,8885271,-1889,-1573137
2023/08/04,小型臺指期貨,投信,0,0,0,0,0,0,229,192623,18,15141,211,177482
2023/08/04,小型臺指期貨,外資及陸資,114965,96381385,114276,95786581,689,594805,3708,3118959,12756,10728045,-9048,-7609086
2023/08/07,小型臺指期貨,自營商,16175,13657567,14114,11914120,2061,1743447,7936,6742574,7524,6381624,412,360950
2023/08/07,小型臺指期貨,投信,1,850,5,4221,-4,-3371,224,190400,17,14450,207,175950
2023/08/07,小型臺指期貨,外資及陸資,120035,101289420,109512,92391255,10523,8898165,6213,5281019,4738,4025421,1475,1255598
2023/08/08,小型臺指期貨,自營商,13551,11447166,15866,13396017,-2315,-1948851,8364,7045637,10035,8439427,-1671,-1393790
2023/08/08,小型臺指期貨,投信,0,0,5,4212,-5,-4212,219,184529,17,14324,202,170205
2023/08/08,小型臺指期貨,外資及陸資,111860,94552552,118358,100078135,-6498,-5525584,2175,1832659,7182,6049926,-5007,-4217267
2023/08/09,小型臺指期貨,自營商,16288,13708788,15169,12758513,1119,950275,7815,6583387,8346,7018704,-531,-435317
2023/08/09,小型臺指期貨,投信,3,2528,0,0,3,2528,220,185383,15,12640,205,172743
2023/08/09,小型臺指期貨,外資及陸資,108578,91349775,107722,90610922,856,738854,2968,2500975,7132,6008088,-4164,-3507113
2023/08/10,小型臺指期貨,自營商,16402,13699453,19250,16074898,-2848,-2375445,8335,6940396,10022,8332640,-1687,-1392244
2023/08/10,小型臺指期貨,投信,0,0,2,1666,-2,-1666,220,183216,17,14158,203,169058
2023/08/10,小型臺指期貨,外資及陸資,124613,104183513,130295,108925970,-5682,-4742457,1614,1344133,8188,6816698,-6574,-5472565
2023/08/11,小型臺指期貨,自營商,16239,13541926,17345,14463035,-1106,-921109,6098,5066726,9931,8240235,-3833,-3173509
2023/08/11,小型臺指期貨,投信,0,0,19,15793,-19,-15793,201,167081,17,14131,184,152950
2023/08/11,小型臺指期貨,外資及陸資,135073,112710625,131746,109919053,3327,2791572,3021,2511201,6236,5180759,-3215,-2669558
2023/08/14,小型臺指期貨,自營商,20652,16982290,22070,18152671,-1418,-1170381,7022,5749682,12273,10034283,-5251,-4284601
2023/08/14,小型臺指期貨,投信,73,59676,101,82627,-28,-22951,168,137516,12,9815,156,127701
2023/08/14,小型臺指期貨,外資及陸資,125215,103152545,135702,111782270,-10487,-8629725,2000,1637688,12202,9987357,-10202,-8349669
2023/08/15,小型臺指期貨,自營商,19174,15768276,18868,15515002,306,253274,5216,4282530,9745,7986087,-4529,-3703557
2023/08/15,小型臺指期貨,投信,111,91087,108,88753,3,2334,168,137765,9,7380,159,130385
2023/08/15,小型臺指期貨,外資及陸資,103569,85165556,93478,76867857,10091,8297699,5697,4676815,5800,4758676,-103,-81861
2023/08/16,小型臺指期貨,自營商,18770,15347570,18811,15375103,-41,-27533,1140,933783,10664,8724623,-9524,-7790840
2023/08/16,小型臺指期貨,投信,0,0,23,18827,-23,-18827,143,117067,11,9005,132,108062
2023/08/16,小型臺指期貨,外資及陸資,100622,82287472,101003,82600457,-381,-312985,2163,1770766,6797,5564732,-4634,-3793966
2023/08/17,小型臺指期貨,自營商,14652,11991785,13890,11369793,762,621992,2554,2102182,10956,9009244,-8402,-6907062
2023/08/17,小型臺指期貨,投信,3,2469,20,16453,-17,-13985,123,101204,8,6582,115,94622
2023/08/17,小型臺指期貨,外資及陸資,126528,103545184,126485,103533894,43,11289,2696,2218269,7219,5940328,-4523,-3722059
2023/08/18,小型臺指期貨,自營商,11714,9629063,13781,11318644,-2067,-1689580,3074,2514060,13047,10662603,-9973,-8148543
2023/08/18,小型臺指期貨,投信,5,4123,5,4089,0,34,126,103024,11,8994,115,94030
2023/08/18,小型臺指期貨,外資及陸資,122909,101033829,128828,105888808,-5919,-4854979,3039,2484850,13481,11023015,-10442,-8538165
2023/08/21,小型臺指期貨,自營商,8390,6874915,7705,6307210,685,567705,2782,2274483,11750,9599424,-8968,-7324941
2023/08/21,小型臺指期貨,投信,0,0,5,4095,-5,-4095,121,98905,11,8991,110,89914
2023/08/21,小型臺指期貨,外資及陸資,112404,91959994,115014,94085736,-2610,-2125742,2061,1684679,10177,8318721,-8116,-6634042
2023/08/22,小型臺指期貨,自營商,7823,6426054,8418,6912125,-595,-486071,2533,2077699,11576,9487569,-9043,-7409870
2023/08/22,小型臺指期貨,投信,0,0,8,6560,-8,-6560,113,92660,11,9020,102,83640
2023/08/22,小型臺指期貨,外資及陸資,94761,77777074,92658,76046407,2103,1730667,2291,1878628,8316,6819350,-6025,-4940722
2023/08/23,小型臺指期貨,自營商,11866,9777898,8293,6829644,3573,2948254,3615,2992306,9193,7604384,-5578,-4612078
2023/08/23,小型臺指期貨,投信,0,0,0,0,0,0,113,93553,11,9107,102,84446
2023/08/23,小型臺指期貨,外資及陸資,104327,85872094,92298,75963911,12029,9908183,9554,7909734,3426,2836367,6128,5073367
2023/08/24,小型臺指期貨,自營商,12361,10317558,11678,9746245,683,571314,4516,3782578,8791,7358585,-4275,-3576007
2023/08/24,小型臺指期貨,投信,8,6700,0,0,8,6700,121,101374,11,9216,110,92158
2023/08/24,小型臺指期貨,外資及陸資,108388,90423757,108721,90677380,-333,-253623,3880,3250543,3257,2728747,623,521796
2023/08/25,小型臺指期貨,自營商,9998,8281235,15178,12575621,-5180,-4294387,3540,2908214,11375,9337473,-7835,-6429259
2023/08/25,小型臺指期貨,投信,0,0,8,6569,-8,-6569,113,92807,11,9034,102,83773
2023/08/25,小型臺指期貨,外資及陸資,104871,86883640,123110,102045362,-18239,-15161722,1619,1329683,12299,10101456,-10680,-8771773
2023/08/28,小型臺指期貨,自營商,10856,8947298,9637,7940033,1219,1007264,2809,2316228,9417,7759829,-6608,-5443601
2023/08/28,小型臺指期貨,投信,1,825,2,1649,-1,-825,111,91531,10,8246,101,83285
2023/08/28,小型臺指期貨,外資及陸資,114243,94069459,106068,87333468,8175,6735992,5561,4585593,8066,6651246,-2505,-2065653
2023/08/29,小型臺指期貨,自營商,14090,11653590,9663,7989185,4427,3664405,5148,4278241,7301,6062408,-2153,-1784167
2023/08/29,小型臺指期貨,投信,0,0,0,0,0,0,111,92263,10,8312,101,83951
2023/08/29,小型臺指期貨,外資及陸資,85642,70801055,78932,65244856,6710,5556200,3956,3288257,5819,4836629,-1863,-1548372
2023/08/30,小型臺指期貨,自營商,11924,9954470,10399,8680863,1525,1273607,7087,5924096,7756,6479182,-669,-555086
2023/08/30,小型臺指期貨,投信,1,836,0,0,1,836,111,92813,9,7525,102,85288
2023/08/30,小型臺指期貨,外資及陸資,85899,71717756,84027,70140753,1872,1577003,4148,3468321,4052,3387845,96,80476
2023/08/31,小型臺指期貨,自營商,10004,8335869,11498,9576229,-1494,-1240360,5457,4533897,7184,5964406,-1727,-1430509
2023/08/31,小型臺指期貨,投信,0,0,2,1662,-2,-1662,111,92241,11,9141,100,83100
2023/08/31,小型臺指期貨,外資及陸資,82051,68399983,88434,73714973,-6383,-5314989,1213,1008327,7500,6232301,-6287,-5223974
2023/09/01,小型臺指期貨,自營商,11914,9917751,11710,9740467,204,177284,6042,5029030,7553,6283004,-1511,-1253974
2023/09/01,小型臺指期貨,投信,7,5829,0,0,7,5829,118,98241,11,9158,107,89083
2023/09/01,小型臺指期貨,外資及陸資,83693,69650220,79702,66317868,3991,3332353,3442,2865636,5766,4800437,-2324,-1934801
2023/09/04,小型臺指期貨,自營商,12515,10433514,11948,9952429,567,481085,7809,6548371,8945,7498320,-1136,-949949
2023/09/04,小型臺指期貨,投信,0,0,0,0,0,0,118,98990,11,9228,107,89762
2023/09/04,小型臺指期貨,外資及陸資,99147,82617782,90762,75599932,8385,7017849,9482,7954500,3429,2876514,6053,5077986
2023/09/05,小型臺指期貨,自營商,5280,4419878,5884,4924802,-604,-504924,6515,5455475,8211,6872817,-1696,-1417342
2023/09/05,小型臺指期貨,投信,0,0,2,1676,-2,-1676,116,97162,11,9214,105,87948
2023/09/05,小型臺指期貨,外資及陸資,45639,38204345,53315,44630299,-7676,-6425954,3474,2909917,5097,4269171,-1623,-1359254
2023/09/06,小型臺指期貨,自營商,9412,7878216,8343,6980723,1069,897493,5312,4437965,6371,5319249,-1059,-881284
2023/09/06,小型臺指期貨,投信,0,0,0,0,0,0,116,96935,11,9192,105,87743
2023/09/06,小型臺指期貨,外資及陸資,71363,59732866,75699,63356292,-4336,-3623427,1026,857405,6867,5738425,-5841,-4881020
2023/09/07,小型臺指期貨,自營商,10069,8368583,12393,10299879,-2324,-1931296,4467,3698804,8166,6758109,-3699,-3059305
2023/09/07,小型臺指期貨,投信,0,0,0,0,0,0,116,96065,11,9110,105,86955
2023/09/07,小型臺指期貨,外資及陸資,80921,67287167,83595,69501767,-2674,-2214600,181,149876,8712,7214736,-8531,-7064860
2023/09/08,小型臺指期貨,自營商,7770,6419119,8425,6959352,-655,-540233,4362,3611429,8224,6806171,-3862,-3194742
2023/09/08,小型臺指期貨,投信,4,3313,0,0,4,3313,120,99372,11,9109,109,90263
2023/09/08,小型臺指期貨,外資及陸資,76691,63347044,73403,60625524,3288,2721520,2374,1965903,7617,6307638,-5243,-4341735
2023/09/11,小型臺指期貨,自營商,12723,10471304,13149,10816540,-426,-345236,6669,5477022,10885,8935145,-4216,-3458123
2023/09/11,小型臺指期貨,投信,0,0,3,2464,-3,-2464,120,98550,14,11498,106,87052
2023/09/11,小型臺指期貨,外資及陸資,87524,72110070,95190,78415005,-7666,-6304935,267,219263,13176,10820824,-12909,-10601561
2023/09/12,小型臺指期貨,自營商,15679,12931660,12517,10324210,3162,2607451,6832,5659615,7902,6542252,-1070,-882637
2023/09/12,小型臺指期貨,投信,50,41372,4,3295,46,38078,166,137516,14,11599,152,125917
2023/09/12,小型臺指期貨,外資及陸資,84716,69836440,74518,61425564,10198,8410876,6268,5192973,8955,7419053,-2687,-2226080
2023/09/13,小型臺指期貨,自營商,11859,9827300,10579,8766129,1280,1061172,7440,6166307,7445,6167335,-5,-1028
2023/09/13,小型臺指期貨,投信,6,4968,0,0,6,4968,172,142565,14,11605,158,130960
2023/09/13,小型臺指期貨,外資及陸資,70199,58171990,71305,59082971,-1106,-910981,4058,3363842,7770,6440766,-3712,-3076924
2023/09/14,小型臺指期貨,自營商,19373,16193215,12473,10423573,6900,5769642,15452,13003969,9461,7959886,5991,5044083
2023/09/14,小型臺指期貨,投信,1,842,0,0,1,842,172,144773,13,10943,159,133830
2023/09/14,小型臺指期貨,外資及陸資,86429,72181845,72175,60248941,14254,11932904,15727,13238879,5173,4354489,10554,8884390
2023/09/15,小型臺指期貨,自營商,12302,10366567,12025,10131647,277,234920,14736,12454469,7532,6362715,7204,6091754
2023/09/15,小型臺指期貨,投信,15,12678,12,10142,3,2536,174,147070,12,10144,162,136926
2023/09/15,小型臺指期貨,外資及陸資,71467,60210938,77686,65441687,-6219,-5230749,9842,8318511,5503,4651178,4339,3667333
2023/09/18,小型臺指期貨,自營商,15175,12727335,23363,19600534,-8188,-6873198,9849,8231129,8461,7069427,1388,1161702
2023/09/18,小型臺指期貨,投信,63,52719,59,49320,4,3399,181,151327,15,12545,166,138782
2023/09/18,小型臺指期貨,外資及陸資,78011,65426264,90225,75686239,-12214,-10259975,2513,2099886,10388,8681706,-7875,-6581820
2023/09/19,小型臺指期貨,自營商,14966,12488795,17877,14913615,-2911,-2424819,9180,7623064,10651,8845930,-1471,-1222866
2023/09/19,小型臺指期貨,投信,62,51609,63,52392,-1,-783,181,150420,16,13297,165,137123
2023/09/19,小型臺指期貨,外資及陸資,75262,62813682,78526,65534225,-3264,-2720542,1587,1317710,12726,10570269,-11139,-9252559
2023/09/20,小型臺指期貨,自營商,17025,14120248,18243,15134074,-1218,-1013826,2265,1875559,8373,6932919,-6108,-5057360
2023/09/20,小型臺指期貨,投信,0,0,6,4980,-6,-4980,177,146600,18,14909,159,131691
2023/09/20,小型臺指期貨,外資及陸資,70454,58463790,71118,59007067,-664,-543277,921,762813,10533,8723936,-9612,-7961123
2023/09/21,小型臺指期貨,自營商,11847,9726883,12639,10368919,-792,-642036,5379,4386762,11479,9361478,-6100,-4974716
2023/09/21,小型臺指期貨,投信,13,10603,9,7340,4,3263,183,149246,20,16311,163,132935
2023/09/21,小型臺指期貨,外資及陸資,83890,68941522,100584,82605014,-16694,-13663492,5,4078,20243,16509242,-20238,-16505164
2023/09/22,小型臺指期貨,自營商,9390,7647873,9040,7358536,350,289337,3941,3220281,9503,7762768,-5562,-4542487
2023/09/22,小型臺指期貨,投信,0,0,4,3255,-4,-3255,179,146279,20,16344,159,129935
2023/09/22,小型臺指期貨,外資及陸資,84089,68472735,77698,63276247,6391,5196488,1333,1089315,15224,12441036,-13891,-11351721
2023/09/25,小型臺指期貨,自營商,11327,9297964,8461,6942906,2866,2355058,5392,4437930,8548,7033208,-3156,-2595278
2023/09/25,小型臺指期貨,投信,0,0,2,1642,-2,-1642,177,145715,20,16465,157,129250
2023/09/25,小型臺指期貨,外資及陸資,78135,64086524,68087,55840774,10048,8245750,5159,4247086,9010,7417360,-3851,-3170274
2023/09/26,小型臺指期貨,自營商,12874,10527264,13621,11140553,-747,-613289,7215,5881839,10714,8732824,-3499,-2850985
2023/09/26,小型臺指期貨,投信,0,0,0,0,0,0,177,144299,20,16305,157,127994
2023/09/26,小型臺指期貨,外資及陸資,79486,65031973,86054,70404927,-6568,-5372954,1973,1608482,12460,10158015,-10487,-8549533
2023/09/27,小型臺指期貨,自營商,9702,7900424,10702,8713590,-1000,-813166,4574,3730193,8547,6967710,-3973,-3237517
2023/09/27,小型臺指期貨,投信,2,1631,0,0,2,1631,179,145983,20,16311,159,129672
2023/09/27,小型臺指期貨,外資及陸資,80602,65627180,80552,65580730,50,46450,862,703046,11564,9431026,-10702,-8727980
2023/09/28,小型臺指期貨,自營商,11239,9187431,10322,8436235,917,751196,4567,3737353,7699,6298189,-3132,-2560836
2023/09/28,小型臺指期貨,投信,1,818,0,0,1,818,179,146485,19,15549,160,130936
2023/09/28,小型臺指期貨,外資及陸資,92633,75705584,91065,74419256,1568,1286328,2158,1766107,11308,9253894,-9150,-7487787
2023/10/02,小型臺指期貨,自營商,11966,9871305,11323,9340074,643,531231,5718,4733089,7283,6025972,-1565,-1292883
2023/10/02,小型臺指期貨,投信,5,4139,0,0,5,4139,179,148176,14,11589,165,136587
2023/10/02,小型臺指期貨,外資及陸資,85762,70684823,77516,63868236,8246,6816587,6897,5709378,7801,6457581,-904,-748203
2023/10/03,小型臺指期貨,自營商,13264,10942738,12374,10206607,890,736132,6223,5106725,6790,5570270,-567,-463545
2023/10/03,小型臺指期貨,投信,2,1653,8,6567,-6,-4914,176,144417,17,13949,159,130468
2023/10/03,小型臺指期貨,外資及陸資,83892,69228463,95381,78701337,-11489,-9472874,2223,1824147,14648,12019491,-12425,-10195344
2023/10/04,小型臺指期貨,自營商,13544,11024552,16234,13216297,-2690,-2191745,5320,4321117,8180,6644206,-2860,-2323089
2023/10/04,小型臺指期貨,投信,0,0,0,0,0,0,176,142956,17,13808,159,129148
2023/10/04,小型臺指期貨,外資及陸資,96999,78988887,104052,84720189,-7053,-5731303,1497,1216085,16527,13424239,-15030,-12208154
2023/10/05,小型臺指期貨,自營商,16256,13320038,11184,9158284,5072,4161754,10283,8462244,8107,6668774,2176,1793470
2023/10/05,小型臺指期貨,投信,1,823,0,0,1,823,176,144822,16,13166,160,131656
2023/10/05,小型臺指期貨,外資及陸資,104280,85348036,87185,71313508,17095,14034527,6309,5191584,10412,8567607,-4103,-3376023
2023/10/06,小型臺指期貨,自營商,9648,7952034,9521,7843395,127,108639,9599,7933217,6780,5601199,2819,2332018
2023/10/06,小型臺指期貨,投信,1,826,0,0,1,826,176,145446,15,12396,161,133050
2023/10/06,小型臺指期貨,外資及陸資,84775,69865423,83580,68844181,1195,1021243,7662,6332119,10570,8735182,-2908,-2403063
2023/10/11,小型臺指期貨,自營商,19543,16272844,15503,12900331,4040,3372513,10494,8771156,5508,4601422,4986,4169734
2023/10/11,小型臺指期貨,投信,4,3340,0,0,4,3340,180,150428,15,12536,165,137892
2023/10/11,小型臺指期貨,外資及陸資,102712,85395743,98597,81956453,4115,3439290,9202,7690530,7765,6489369,1437,1201161
2023/10/12,小型臺指期貨,自營商,12422,10421030,11049,9261649,1373,1159381,13529,11400051,7378,6213682,6151,5186369
2023/10/12,小型臺指期貨,投信,57,48051,54,45478,3,2573,180,151664,12,10109,168,141555
2023/10/12,小型臺指期貨,外資及陸資,74585,62481816,68371,57239410,6214,5242405,7258,6114887,6551,5518769,707,596118
2023/10/13,小型臺指期貨,自營商,11508,9653660,13327,11178514,-1819,-1524854,7708,6464310,3524,2954165,4184,3510145
2023/10/13,小型臺指期貨,投信,46,38603,47,39418,-1,-815,180,151027,13,10914,167,140113
2023/10/13,小型臺指期貨,外資及陸資,70925,59491076,77833,65291321,-6908,-5800245,4601,3859503,10802,9058415,-6201,-5198912
2023/10/16,小型臺指期貨,自營商,12282,10242586,15419,12859217,-3137,-2616631,6538,5443078,5839,4861443,699,581635
2023/10/16,小型臺指期貨,投信,28,23330,12,9988,16,13342,199,165739,16,13330,183,152409
2023/10/16,小型臺指期貨,外資及陸資,89177,74357985,94280,78626720,-5103,-4268735,969,806759,12329,10263742,-11360,-9456983
2023/10/17,小型臺指期貨,自營商,14108,11791297,15859,13251082,-1751,-1459785,6900,5744976,7740,6446756,-840,-701780
2023/10/17,小型臺指期貨,投信,84,70048,80,66616,4,3432,203,169238,16,13339,187,155899
2023/10/17,小型臺指期貨,外資及陸資,76771,64168483,74270,62074204,2501,2094280,2558,2131365,11421,9509228,-8863,-7377863
2023/10/18,小型臺指期貨,自營商,24065,19931313,29692,24586506,-5627,-4655194,1948,1604038,11945,9834361,-9997,-8230323
2023/10/18,小型臺指期貨,投信,14,11530,29,23879,-15,-12349,185,152329,16,13174,169,139155
2023/10/18,小型臺指期貨,外資及陸資,97196,80575301,110763,91794125,-13567,-11218824,1757,1446713,6063,4992177,-4306,-3545464
2023/10/19,小型臺指期貨,自營商,7568,6219626,8748,7188730,-1180,-969104,3435,2827018,13588,11181547,-10153,-8354529
2023/10/19,小型臺指期貨,投信,0,0,6,4938,-6,-4938,179,147326,16,13169,163,134157
2023/10/19,小型臺指期貨,外資及陸資,89437,73504146,87179,71640043,2258,1864104,1815,1493839,3863,3179332,-2048,-1685493
2023/10/20,小型臺指期貨,自營商,15305,12565930,15048,12341224,257,224706,5298,4348233,15486,12707727,-10188,-8359494
2023/10/20,小型臺指期貨,投信,0,0,1,821,-1,-821,179,146905,17,13952,162,132953
2023/10/20,小型臺指期貨,外資及陸資,130213,106962988,131477,107957169,-1264,-994181,1714,1406677,5070,4160916,-3356,-2754239
2023/10/23,小型臺指期貨,自營商,7804,6370914,9615,7847767,-1811,-1476853,5124,4164996,16355,13292098,-11231,-9127102
2023/10/23,小型臺指期貨,投信,1,813,0,0,1,813,180,146304,17,13818,163,132486
2023/10/23,小型臺指期貨,外資及陸資,89248,72910895,100373,81984358,-11125,-9073463,794,645365,11023,8959561,-10229,-8314196
2023/10/24,小型臺指期貨,自營商,14044,11412482,13300,10804313,744,608169,3676,3001708,13891,11341327,-10215,-8339619
2023/10/24,小型臺指期貨,投信,0,0,10,8166,-10,-8166,170,138831,17,13883,153,124948
2023/10/24,小型臺指期貨,外資及陸資,136460,110901307,131226,106591157,5234,4310150,808,659854,5803,4738927,-4995,-4079073
2023/10/25,小型臺指期貨,自營商,12029,9863707,10998,9013408,1031,850298,2712,2218230,11641,9518120,-8929,-7299890
2023/10/25,小型臺指期貨,投信,3,2454,0,0,3,2454,170,139043,14,11451,156,127592
2023/10/25,小型臺指期貨,外資及陸資,97326,79773546,93236,76402325,4090,3371221,3348,2738328,4086,3341919,-738,-603591
2023/10/26,小型臺指期貨,自營商,13956,11290902,15098,12217980,-1142,-927079,6042,4853530,14909,11974261,-8867,-7120731
2023/10/26,小型臺指期貨,投信,0,0,0,0,0,0,170,136561,14,11246,156,125315
2023/10/26,小型臺指期貨,外資及陸資,116105,94010791,130896,105959341,-14791,-11948551,804,645853,16285,13081833,-15481,-12435980
2023/10/27,小型臺指期貨,自營商,12273,9903931,10974,8852818,1299,1051113,3938,3180143,11762,9495377,-7824,-6315234
2023/10/27,小型臺指期貨,投信,0,0,0,0,0,0,170,137292,14,11306,156,125986
2023/10/27,小型臺指期貨,外資及陸資,121171,97737128,108830,87774329,12341,9962799,3250,2624699,6378,5150869,-3128,-2526170
2023/10/30,小型臺指期貨,自營商,10023,8091800,8976,7246427,1047,845373,3462,2797200,10179,8221910,-6717,-5424710
2023/10/30,小型臺指期貨,投信,0,0,0,0,0,0,170,137360,14,11312,156,126048
2023/10/30,小型臺指期貨,外資及陸資,98903,79872417,100067,80792796,-1164,-920379,2294,1853539,6614,5344167,-4320,-3490628
2023/10/31,小型臺指期貨,自營商,11031,8886507,14009,11281175,-2978,-2394668,5812,4648513,14979,11979963,-9167,-7331450
2023/10/31,小型臺指期貨,投信,0,0,0,0,0,0,170,135975,14,11198,156,124777
2023/10/31,小型臺指期貨,外資及陸資,101802,82109487,111056,89554360,-9254,-7444874,1834,1466878,15408,12324204,-13574,-10857326
2023/11/01,小型臺指期貨,自營商,12586,10102899,11932,9576048,654,526851,4166,3343233,12197,9786345,-8031,-6443112
2023/11/01,小型臺指期貨,投信,0,0,0,0,0,0,170,136425,14,11235,156,125190
2023/11/01,小型臺指期貨,外資及陸資,95744,76843692,87782,70440720,7962,6402971,4005,3214086,9752,7826005,-5747,-4611919
2023/11/02,小型臺指期貨,自營商,15392,12516252,12389,10068585,3003,2447667,6416,5258656,11572,9479733,-5156,-4221077
2023/11/02,小型臺指期貨,投信,4,3278,2,1633,2,1645,170,139307,12,9833,158,129474
2023/11/02,小型臺指期貨,外資及陸資,98885,80291047,73080,59310017,25805,20981030,10571,8662490,1825,1495457,8746,7167033
2023/11/03,小型臺指期貨,自營商,9603,7909755,8955,7377470,648,532285,7569,6249815,12469,10291653,-4900,-4041838
2023/11/03,小型臺指期貨,投信,3,2477,0,0,3,2477,170,140369,9,7431,161,132938
2023/11/03,小型臺指期貨,外資及陸資,89428,73668277,84319,69443427,5109,4224850,12049,9948817,2178,1798331,9871,8150486
2023/11/06,小型臺指期貨,自營商,12511,10408533,12506,10403651,5,4882,9083,7568800,14386,11986961,-5303,-4418161
2023/11/06,小型臺指期貨,投信,0,0,0,0,0,0,170,141721,9,7503,161,134218
2023/11/06,小型臺指期貨,外資及陸資,86630,72041568,78966,65656322,7664,6385246,15344,12791249,1577,1314358,13767,11476891
2023/11/07,小型臺指期貨,自營商,9079,7563320,9266,7717543,-187,-154224,9592,8011107,15342,12810285,-5750,-4799178
2023/11/07,小型臺指期貨,投信,0,0,0,0,0,0,170,142018,9,7519,161,134499
2023/11/07,小型臺指期貨,外資及陸資,67609,56342156,64267,53550291,3342,2791866,19222,16057807,2125,1774247,17097,14283560
2023/11/08,小型臺指期貨,自營商,12798,10708476,11052,9248534,1746,1459942,10972,9188329,14060,11772096,-3088,-2583767
2023/11/08,小型臺指期貨,投信,42,35178,38,31825,4,3352,173,144899,8,6701,165,138198
2023/11/08,小型臺指期貨,外資及陸資,75160,62907555,75782,63411815,-622,-504260,18718,15678026,1471,1232105,17247,14445921
2023/11/09,小型臺指期貨,自營商,8856,7412490,7885,6599547,971,812943,11205,9389672,13358,11191591,-2153,-1801919
2023/11/09,小型臺指期貨,投信,8,6707,12,10051,-4,-3343,169,141638,8,6703,161,134935
2023/11/09,小型臺指期貨,外資及陸資,72561,60739567,71807,60098572,754,640996,19547,16382997,1546,1295731,18001,15087266
2023/11/10,小型臺指期貨,自營商,14151,11830134,14231,11890455,-80,-60320,11394,9535704,13683,11443696,-2289,-1907992
2023/11/10,小型臺指期貨,投信,4,3338,1,837,3,2501,173,144748,9,7533,164,137215
2023/11/10,小型臺指期貨,外資及陸資,82910,69313278,82341,68830391,569,482887,20320,17000465,1750,1464083,18570,15536382
2023/11/13,小型臺指期貨,自營商,17559,14828885,19145,16171607,-1586,-1342722,6088,5137792,9671,8155971,-3583,-3018179
2023/11/13,小型臺指期貨,投信,93,78540,102,86085,-9,-7546,164,138425,9,7597,155,130828
2023/11/13,小型臺指期貨,外資及陸資,91646,77373543,98889,83510454,-7243,-6136911,13864,11697831,2537,2140516,11327,9557315
2023/11/14,小型臺指期貨,自營商,10578,8958675,12233,10362848,-1655,-1404173,5242,4445501,8652,7329549,-3410,-2884048
2023/11/14,小型臺指期貨,投信,35,29686,34,28802,1,884,163,138289,7,5939,156,132350
2023/11/14,小型臺指期貨,外資及陸資,66393,56209435,63945,54136320,2448,2073115,15633,13251469,1858,1574625,13775,11676844
2023/11/15,小型臺指期貨,自營商,23347,19983290,22260,19055135,1087,928155,5384,4619495,5108,4378147,276,241348
2023/11/15,小型臺指期貨,投信,0,0,0,0,0,0,163,139846,7,6006,156,133840
2023/11/15,小型臺指期貨,外資及陸資,89239,76396906,87796,75154361,1443,1242544,7223,6196974,751,644319,6472,5552655
2023/11/16,小型臺指期貨,自營商,7312,6281453,7548,6485196,-236,-203743,6207,5334766,6347,5450124,-140,-115358
2023/11/16,小型臺指期貨,投信,0,0,2,1719,-2,-1719,163,140066,9,7734,154,132332
2023/11/16,小型臺指期貨,外資及陸資,83710,71933632,84687,72761449,-977,-827817,6601,5672265,1106,950398,5495,4721867
2023/11/17,小型臺指期貨,自營商,7837,6739368,8275,7115540,-438,-376172,7274,6262193,7860,6762305,-586,-500112
2023/11/17,小型臺指期貨,投信,0,0,0,0,0,0,163,140335,9,7749,154,132586
2023/11/17,小型臺指期貨,外資及陸資,82039,70538089,81765,70289974,274,248115,6744,5806249,975,839394,5769,4966855
2023/11/20,小型臺指期貨,自營商,6675,5742602,6235,5364469,440,378133,6504,5594390,6486,5574270,18,20120
2023/11/20,小型臺指期貨,投信,0,0,0,0,0,0,163,140188,9,7740,154,132448
2023/11/20,小型臺指期貨,外資及陸資,65962,56757678,70547,60696456,-4585,-3938778,4485,3857341,3301,2839076,1184,1018265
2023/11/21,小型臺指期貨,自營商,9112,7902181,8193,7102916,919,799264,8126,7074928,7293,6344158,833,730770
2023/11/21,小型臺指期貨,投信,4,3483,0,0,4,3483,167,145382,9,7835,158,137547
2023/11/21,小型臺指期貨,外資及陸資,63086,54652398,54526,47246588,8560,7405810,10240,8914465,516,449190,9724,8465275
2023/11/22,小型臺指期貨,自營商,13109,11355815,13512,11704396,-403,-348581,4725,4085119,5462,4717502,-737,-632383
2023/11/22,小型臺指期貨,投信,0,0,1,865,-1,-865,167,144363,10,8645,157,135718
2023/11/22,小型臺指期貨,外資及陸資,54964,47606161,70140,60763456,-15176,-13157295,5303,4584188,5197,4492832,106,91356
2023/11/23,小型臺指期貨,自營商,8601,7429076,8652,7473996,-51,-44919,4041,3497317,5325,4603415,-1284,-1106098
2023/11/23,小型臺指期貨,投信,0,0,0,0,0,0,167,144488,10,8652,157,135836
2023/11/23,小型臺指期貨,外資及陸資,84722,73193549,81615,70504215,3107,2689335,6396,5533829,3183,2754085,3213,2779744
2023/11/24,小型臺指期貨,自營商,6361,5505806,5023,4349332,1338,1156474,4775,4129147,4909,4240440,-134,-111293
2023/11/24,小型臺指期貨,投信,0,0,0,0,0,0,167,144397,10,8647,157,135750
2023/11/24,小型臺指期貨,外資及陸資,48776,42227201,50697,43887077,-1921,-1659876,5464,4724473,4172,3607385,1292,1117088
2023/11/27,小型臺指期貨,自營商,9531,8219039,11101,9570347,-1570,-1351308,4647,3990216,6179,5301115,-1532,-1310899
2023/11/27,小型臺指期貨,投信,0,0,3,2576,-3,-2576,167,143386,13,11162,154,132224
2023/11/27,小型臺指期貨,外資及陸資,66668,57534681,69411,59894368,-2743,-2359687,5048,4334217,6523,5600693,-1475,-1266476
2023/11/28,小型臺指期貨,自營商,12253,10604983,10707,9258505,1546,1346477,8350,7247771,8360,7251854,-10,-4083
2023/11/28,小型臺指期貨,投信,0,0,4,3477,-4,-3477,163,141484,13,11284,150,130200
2023/11/28,小型臺指期貨,外資及陸資,76710,66275382,66543,57512827,10167,8762555,11299,9807532,2607,2262831,8692,7544701
2023/11/29,小型臺指期貨,自營商,12032,10450013,11741,10198849,291,251164,6433,5577502,6092,5276969,341,300533
2023/11/29,小型臺指期貨,投信,0,0,0,0,0,0,163,141313,13,11270,150,130043
2023/11/29,小型臺指期貨,外資及陸資,64717,56229352,73974,64252710,-9257,-8023358,5689,4932113,6013,5213006,-324,-280893
2023/11/30,小型臺指期貨,自營商,10100,8769493,10727,9316007,-627,-546513,7221,6280252,7515,6530950,-294,-250698
2023/11/30,小型臺指期貨,投信,4,3471,0,0,4,3471,167,145232,13,11305,154,133927
2023/11/30,小型臺指期貨,外資及陸資,78750,68410137,74250,64489245,4500,3920892,7656,6658097,3480,3026405,4176,3631692
2023/12/01,小型臺指期貨,自營商,11364,9869729,12334,10715431,-970,-845702,6232,5428581,7468,6500718,-1236,-1072137
2023/12/01,小型臺指期貨,投信,0,0,0,0,0,0,167,145490,13,11326,154,134164
2023/12/01,小型臺指期貨,外資及陸資,87549,76068320,85129,73958792,2420,2109528,9244,8053395,2632,2292973,6612,5760422
2023/12/04,小型臺指期貨,自營商,10797,9409973,10574,9216528,223,193445,5847,5092454,6912,6014442,-1065,-921988
2023/12/04,小型臺指期貨,投信,0,0,0,0,0,0,167,145440,13,11322,154,134118
2023/12/04,小型臺指期貨,外資及陸資,81532,71066422,88846,77429860,-7314,-6363438,4975,4332848,5677,4944099,-702,-611251
2023/12/05,小型臺指期貨,自營商,11997,10376826,12869,11133599,-872,-756773,4962,4294964,7543,6521972,-2581,-2227008
2023/12/05,小型臺指期貨,投信,30,25970,1,865,29,25105,197,170494,14,12116,183,158378
2023/12/05,小型臺指期貨,外資及陸資,80992,70077120,86482,74816695,-5490,-4739576,3044,2634614,9244,8000253,-6200,-5365639
2023/12/06,小型臺指期貨,自營商,16204,14076050,16044,13936517,160,139532,5288,4594958,7146,6203057,-1858,-1608099
2023/12/06,小型臺指期貨,投信,0,0,0,0,0,0,197,171163,14,12164,183,158999
2023/12/06,小型臺指期貨,外資及陸資,79567,69089249,77026,66873934,2541,2215316,3146,2733434,7209,6263636,-4063,-3530202
2023/12/07,小型臺指期貨,自營商,12188,10560225,12115,10496544,73,63681,4210,3635941,6019,5191346,-1809,-1555405
2023/12/07,小型臺指期貨,投信,0,0,1,864,-1,-864,197,170119,15,12953,182,157166
2023/12/07,小型臺指期貨,外資及陸資,77154,66901582,80973,70190645,-3819,-3289063,2446,2112303,10372,8956794,-7926,-6844491
2023/12/08,小型臺指期貨,自營商,15599,13559357,16562,14396987,-963,-837630,6324,5493860,9136,7930810,-2812,-2436950
2023/12/08,小型臺指期貨,投信,2,1738,0,0,2,1738,197,171144,13,11294,184,159850
2023/12/08,小型臺指期貨,外資及陸資,86484,75171672,78678,68390140,7806,6781532,5045,4382841,5165,4487126,-120,-104285
2023/12/11,小型臺指期貨,自營商,12807,11134415,10804,9393266,2003,1741149,6634,5777607,7159,6228161,-525,-450554
2023/12/11,小型臺指期貨,投信,0,0,4,3477,-4,-3477,193,168084,13,11322,180,156762
2023/12/11,小型臺指期貨,外資及陸資,76824,66791743,80145,69669459,-3321,-2877716,4796,4176833,8237,7173642,-3441,-2996809
2023/12/12,小型臺指期貨,自營商,12284,10732386,11009,9616813,1275,1115573,8006,6990422,6908,6025686,1098,964736
2023/12/12,小型臺指期貨,投信,32,27922,30,26175,2,1747,193,168507,11,9604,182,158903
2023/12/12,小型臺指期貨,外資及陸資,61135,53409864,63157,55176399,-2022,-1766535,3922,3424300,9385,8194132,-5463,-4769832
2023/12/13,小型臺指期貨,自營商,13004,11353305,14200,12399733,-1196,-1046429,5955,5197700,6389,5569846,-434,-372146
2023/12/13,小型臺指期貨,投信,45,39269,40,34899,5,4370,198,172824,11,9601,187,163223
2023/12/13,小型臺指期貨,外資及陸資,70817,61839674,72238,63072410,-1421,-1232736,4149,3621447,7564,6602237,-3415,-2980790
2023/12/14,小型臺指期貨,自營商,18376,16159102,16007,14071059,2369,2088043,9461,8353065,7118,6278096,2343,2074969
2023/12/14,小型臺指期貨,投信,43,37935,42,37072,1,863,199,175680,11,9715,188,165965
2023/12/14,小型臺指期貨,外資及陸資,89432,78595727,82586,72597821,6846,5997906,8411,7427587,4980,4397904,3431,3029683
2023/12/15,小型臺指期貨,自營商,12928,11444733,13076,11575215,-148,-130483,9054,7999817,6819,6018330,2235,1981487
2023/12/15,小型臺指期貨,投信,48,42440,38,33600,10,8839,209,184668,11,9720,198,174948
2023/12/15,小型臺指期貨,外資及陸資,74478,65950089,75462,66813549,-984,-863460,7217,6377183,4770,4214982,2447,2162201
2023/12/18,小型臺指期貨,自營商,11693,10315896,13067,11525552,-1374,-1209656,6662,5880247,5465,4816104,1197,1064143
2023/12/18,小型臺指期貨,投信,28,24713,36,31776,-8,-7063,202,178267,12,10589,190,167678
2023/12/18,小型臺指期貨,外資及陸資,59964,52921113,65094,57443854,-5130,-4522741,7754,6844833,10453,9227696,-2699,-2382863
2023/12/19,小型臺指期貨,自營商,16044,14092072,16129,14165691,-85,-73618,7460,6554020,7680,6737405,-220,-183385
2023/12/19,小型臺指期貨,投信,33,28988,35,30764,-2,-1776,202,177398,14,12295,188,165103
2023/12/19,小型臺指期貨,外資及陸資,60525,53183177,69690,61244354,-9165,-8061178,5532,4861067,13604,11952302,-8072,-7091235
2023/12/20,小型臺指期貨,自營商,18438,16241450,14669,12918202,3769,3323248,4704,4153263,3373,2970341,1331,1182922
2023/12/20,小型臺指期貨,投信,4,3526,2,1760,2,1766,202,178396,12,10598,190,167798
2023/12/20,小型臺指期貨,外資及陸資,61829,54444221,51450,45296541,10379,9147680,7460,6588411,1267,1118951,6193,5469460
2023/12/21,小型臺指期貨,自營商,10939,9587167,16033,14061482,-5094,-4474316,5282,4628825,9117,7980663,-3835,-3351838
2023/12/21,小型臺指期貨,投信,0,0,2,1753,-2,-1753,202,177043,14,12270,188,164773
2023/12/21,小型臺指期貨,外資及陸資,72388,63430126,83696,73383076,-11308,-9952950,4070,3567207,9221,8081719,-5151,-4514512
2023/12/22,小型臺指期貨,自營商,7973,6999878,7079,6215845,894,784034,5359,4704455,8376,7344981,-3017,-2640526
2023/12/22,小型臺指期貨,投信,0,0,0,0,0,0,202,177356,14,12292,188,165064
2023/12/22,小型臺指期貨,外資及陸資,60343,52993110,59480,52228936,863,764175,2639,2317076,6927,6081903,-4288,-3764827
2023/12/25,小型臺指期貨,自營商,7916,6970905,6548,5765982,1368,1204923,5456,4806653,7249,6377411,-1793,-1570758
2023/12/25,小型臺指期貨,投信,0,0,4,3526,-4,-3526,198,174458,14,12335,184,162123
2023/12/25,小型臺指期貨,外資及陸資,46338,40808734,43147,37997431,3191,2811303,4200,3700635,5297,4667188,-1097,-966553
2023/12/26,小型臺指期貨,自營商,8309,7346371,6513,5759278,1796,1587093,5967,5288758,5640,4991084,327,297674
2023/12/26,小型臺指期貨,投信,0,0,0,0,0,0,198,175567,14,12414,184,163153
2023/12/26,小型臺指期貨,外資及陸資,33489,29619832,26111,23095813,7378,6524019,8659,7677904,2378,2108566,6281,5569338
2023/12/27,小型臺指期貨,自營商,12834,11415413,10317,9173107,2517,2242306,6454,5761454,3390,3017871,3064,2743583
2023/12/27,小型臺指期貨,投信,6,5348,0,0,6,5348,202,180376,12,10715,190,169661
2023/12/27,小型臺指期貨,外資及陸資,46949,41760274,43240,38447131,3709,3313143,11134,9942020,1386,1237639,9748,8704381
2023/12/28,小型臺指期貨,自營商,7144,6374732,9794,8740027,-2650,-2365295,5729,5115835,5091,4538221,638,577614
2023/12/28,小型臺指期貨,投信,0,0,1,893,-1,-893,202,180447,13,11613,189,168834
2023/12/28,小型臺指期貨,外資及陸資,52019,46433916,55555,49584412,-3536,-3150496,8139,7270482,1927,1721450,6212,5549032
2023/12/29,小型臺指期貨,自營商,6919,6177157,5724,5109933,1195,1067224,6315,5641529,4294,3828011,2021,1813518
2023/12/29,小型臺指期貨,投信,1,894,0,0,1,894,202,180487,12,10722,190,169765
2023/12/29,小型臺指期貨,外資及陸資,43045,38435346,47226,42161481,-4181,-3726135,5813,5193888,3782,3379248,2031,1814640
2024/01/02,小型臺指期貨,自營商,14994,13364097,16107,14348552,-1113,-984455,8110,7218111,7278,6468419,832,749692
2024/01/02,小型臺指期貨,投信,4,3558,2,1780,2,1778,206,183340,14,12460,192,170880
2024/01/02,小型臺指期貨,外資及陸資,70951,63232966,77749,69280207,-6798,-6047241,2666,2372875,7433,6615417,-4767,-4242542
2024/01/03,小型臺指期貨,自營商,21605,19040729,27098,23871887,-5493,-4831159,9191,8063210,13815,12108001,-4624,-4044791
2024/01/03,小型臺指期貨,投信,9,7908,0,0,9,7908,215,188609,14,12282,201,176327
2024/01/03,小型臺指期貨,外資及陸資,71801,63310976,86386,76174352,-14585,-12863376,1394,1222928,15625,13706963,-14231,-12484035
2024/01/04,小型臺指期貨,自營商,9144,8017663,9533,8359211,-389,-341547,8215,7207861,13156,11530365,-4941,-4322504
2024/01/04,小型臺指期貨,投信,0,0,4,3510,-4,-3510,211,185153,14,12285,197,172868
2024/01/04,小型臺指期貨,外資及陸資,70569,61893477,61233,53705100,9336,8188377,4298,3771589,9201,8073720,-4903,-4302131
2024/01/05,小型臺指期貨,自營商,11583,10167171,10533,9243921,1050,923249,8612,7543185,12743,11149415,-4131,-3606230
2024/01/05,小型臺指期貨,投信,0,0,4,3507,-4,-3507,207,181311,14,12263,193,169048
2024/01/05,小型臺指期貨,外資及陸資,67525,59287825,69130,60687967,-1605,-1400142,3217,2817840,9733,8525081,-6516,-5707241
2024/01/08,小型臺指期貨,自營商,18193,16003684,17247,15164706,946,838979,7984,7022348,12081,10613073,-4097,-3590725
2024/01/08,小型臺指期貨,投信,41,36039,40,35183,1,856,207,182080,13,11437,194,170643
2024/01/08,小型臺指期貨,外資及陸資,98264,86413061,96189,84590836,2075,1822226,4653,4093516,9094,8000105,-4441,-3906589
2024/01/09,小型臺指期貨,自營商,21667,19110931,21766,19177894,-99,-66963,10108,8866146,14272,12504209,-4164,-3638063
2024/01/09,小型臺指期貨,投信,17,14909,15,13162,2,1747,209,183328,13,11406,196,171922
2024/01/09,小型臺指期貨,外資及陸資,93220,82190243,97541,85997623,-4321,-3807380,2767,2427627,11529,10114625,-8762,-7686998
2024/01/10,小型臺指期貨,自營商,16067,14047092,18895,16516954,-2828,-2469862,10056,8777548,17168,14970110,-7112,-6192562
2024/01/10,小型臺指期貨,投信,0,0,2,1746,-2,-1746,209,182430,15,13095,194,169335
2024/01/10,小型臺指期貨,外資及陸資,80630,70502718,82031,71726175,-1401,-1223457,3113,2717640,13254,11570484,-10141,-8852844
2024/01/11,小型臺指期貨,自營商,16094,14099604,13026,11408677,3068,2690928,9602,8433718,13662,11990980,-4060,-3557262
2024/01/11,小型臺指期貨,投信,4,3514,0,0,4,3514,211,185355,13,11421,198,173934
2024/01/11,小型臺指期貨,外資及陸資,83952,73538254,78217,68495670,5735,5042585,5979,5252474,10385,9123169,-4406,-3870695
2024/01/12,小型臺指期貨,自營商,14397,12599058,17726,15508762,-3329,-2909704,7168,6265980,15625,13649387,-8457,-7383407
2024/01/12,小型臺指期貨,投信,47,41110,46,40237,1,873,213,186210,14,12237,199,173973
2024/01/12,小型臺指期貨,外資及陸資,98041,85780037,101343,88665247,-3302,-2885210,4537,3966782,12249,10709352,-7712,-6742570
2024/01/15,小型臺指期貨,自營商,24346,21373174,21376,18755000,2970,2618174,8228,7220233,13691,12005929,-5463,-4785696
2024/01/15,小型臺指期貨,投信,66,57917,78,68455,-12,-10538,201,176418,14,12288,187,164130
2024/01/15,小型臺指期貨,外資及陸資,110602,97044194,105408,92468396,5194,4575798,7920,6951391,10438,9161431,-2518,-2210040
2024/01/16,小型臺指期貨,自營商,17482,15219285,20970,18254897,-3488,-3035612,7448,6456349,18231,15802847,-10783,-9346498
2024/01/16,小型臺指期貨,投信,52,45140,45,39012,7,6128,211,183163,17,14758,194,168405
2024/01/16,小型臺指期貨,外資及陸資,84508,73579110,86677,75472478,-2169,-1893368,7498,6499354,12245,10617182,-4747,-4117828
2024/01/17,小型臺指期貨,自營商,25177,21743100,25170,21749689,7,-6589,2470,2128227,14565,12542054,-12095,-10413827
2024/01/17,小型臺指期貨,投信,14,12080,6,5186,8,6893,221,190447,19,16373,202,174074
2024/01/17,小型臺指期貨,外資及陸資,96539,83500934,108618,93945525,-12079,-10444592,960,827280,8716,7511002,-7756,-6683722
2024/01/18,小型臺指期貨,自營商,8560,7382024,9458,8154354,-898,-772330,2387,2061849,15276,13188555,-12889,-11126706
2024/01/18,小型臺指期貨,投信,5,4321,4,3448,1,874,222,191830,19,16418,203,175412
2024/01/18,小型臺指期貨,外資及陸資,88771,76543996,82107,70768515,6664,5775481,3449,2980266,4573,3951450,-1124,-971184
2024/01/19,小型臺指期貨,自營商,22308,19539150,16112,14125844,6196,5413306,7789,6877828,14386,12702196,-6597,-5824368
2024/01/19,小型臺指期貨,投信,2,1767,0,0,2,1767,224,197949,19,16790,205,181159
2024/01/19,小型臺指期貨,外資及陸資,126577,110805511,102481,89747568,24096,21057943,14610,12910484,750,662739,13860,12247745
2024/01/22,小型臺指期貨,自營商,11153,9900611,11278,10015375,-125,-114764,7792,6935370,13886,12359627,-6094,-5424257
2024/01/22,小型臺指期貨,投信,41,36514,0,0,41,36514,263,234267,17,15143,246,219124
2024/01/22,小型臺指期貨,外資及陸資,90526,80385350,97433,86485516,-6907,-6100165,10963,9764655,4010,3571924,6953,6192731
2024/01/23,小型臺指期貨,自營商,11147,9937799,10645,9490858,502,446941,9262,8269060,14306,12771550,-5044,-4502490
2024/01/23,小型臺指期貨,投信,4,3563,36,32161,-32,-28598,231,206375,17,15188,214,191187
2024/01/23,小型臺指期貨,外資及陸資,73858,65845341,67395,60070896,6463,5774446,15050,13444985,1634,1459802,13416,11985183
2024/01/24,小型臺指期貨,自營商,10099,9036458,10735,9606632,-636,-570174,8571,7662915,12609,11272877,-4038,-3609962
2024/01/24,小型臺指期貨,投信,8,7165,0,0,8,7165,237,212068,15,13422,222,198646
2024/01/24,小型臺指期貨,外資及陸資,62942,56347590,62047,55535803,895,811787,15113,13522197,841,752518,14272,12769679
2024/01/25,小型臺指期貨,自營商,12059,10838897,8878,7979794,3181,2859103,9886,8888237,10335,9289854,-449,-401617
2024/01/25,小型臺指期貨,投信,0,0,20,17998,-20,-17998,217,195267,15,13498,202,181769
2024/01/25,小型臺指期貨,外資及陸資,84163,75694917,83926,75490656,237,204261,15747,14168820,1238,1113956,14509,13054864
2024/01/26,小型臺指期貨,自營商,9344,8407190,8867,7977159,477,430030,10389,9341997,10373,9325034,16,16963
2024/01/26,小型臺指期貨,投信,0,0,0,0,0,0,217,195289,15,13499,202,181790
2024/01/26,小型臺指期貨,外資及陸資,71279,64192656,70668,63652854,611,539802,15938,14342350,870,782884,15068,13559466
2024/01/29,小型臺指期貨,自營商,12938,11673587,10856,9797280,2082,1876307,13545,12262047,11599,10501549,1946,1760498
2024/01/29,小型臺指期貨,投信,62,56099,63,57074,-1,-974,216,195657,15,13592,201,182065
2024/01/29,小型臺指期貨,外資及陸資,74289,67044304,69690,62885599,4599,4158705,20671,18729503,1004,909723,19667,17819780
2024/01/30,小型臺指期貨,自營商,9682,8759476,10720,9694136,-1038,-934660,11177,10095384,10425,9414430,752,680954
2024/01/30,小型臺指期貨,投信,29,26188,30,27123,-1,-935,216,195166,16,14465,200,180701
2024/01/30,小型臺指期貨,外資及陸資,57604,52141523,66629,60306294,-9025,-8164772,12700,11480197,2062,1864103,10638,9616094
2024/01/31,小型臺指期貨,自營商,12026,10799532,15464,13883903,-3438,-3084371,7009,6276158,9061,8109630,-2052,-1833472
2024/01/31,小型臺指期貨,投信,36,32224,41,36744,-5,-4520,214,191655,19,17025,195,174630
2024/01/31,小型臺指期貨,外資及陸資,65904,59228353,72600,65250480,-6696,-6022127,9295,8328136,5215,4672891,4080,3655245
2024/02/01,小型臺指期貨,自營商,13470,12083679,13245,11879831,225,203848,8158,7330676,9921,8911909,-1763,-1581233
2024/02/01,小型臺指期貨,投信,0,0,6,5396,-6,-5396,208,186932,19,17086,189,169846
2024/02/01,小型臺指期貨,外資及陸資,93062,83537266,89713,80503516,3349,3033750,11707,10526802,4278,3846979,7429,6679823
2024/02/02,小型臺指期貨,自營商,9408,8482377,9052,8161826,356,320551,9047,8173814,10418,9411288,-1371,-1237474
2024/02/02,小型臺指期貨,投信,20,18070,19,17179,1,890,207,187041,17,15371,190,171670
2024/02/02,小型臺指期貨,外資及陸資,66758,60215243,66408,59888288,350,326956,12164,10997815,1021,923150,11143,10074665
2024/02/05,小型臺指期貨,自營商,13661,12313647,12699,11445946,962,867701,8583,7756013,8824,7972101,-241,-216088
2024/02/05,小型臺指期貨,投信,4,3617,0,0,4,3617,207,187058,13,11755,194,175303
2024/02/05,小型臺指期貨,外資及陸資,76461,68949805,78181,70481668,-1720,-1531863,10339,9348068,916,828257,9423,8519811
2024/02/15,小型臺指期貨,自營商,25170,23333465,21281,19726003,3889,3607463,12765,11899201,8560,7984542,4205,3914659
2024/02/15,小型臺指期貨,投信,4,3717,0,0,4,3717,211,196748,13,12133,198,184615
2024/02/15,小型臺指期貨,外資及陸資,79826,73786917,74335,68590017,5491,5196899,15569,14528590,1035,965948,14534,13562642
2024/02/16,小型臺指期貨,自營商,9776,9127067,12134,11323936,-2358,-2196868,10942,10189232,9103,8478363,1839,1710869
2024/02/16,小型臺指期貨,投信,19,17723,16,14918,3,2804,213,198394,12,11174,201,187220
2024/02/16,小型臺指期貨,外資及陸資,52677,49213097,57290,53518534,-4613,-4305436,12641,11779330,2752,2564715,9889,9214615
2024/02/19,小型臺指期貨,自營商,10452,9746621,9883,9214094,569,532527,9687,9037350,6843,6384022,2844,2653328
2024/02/19,小型臺指期貨,投信,0,0,1,934,-1,-934,213,198847,13,12137,200,186710
2024/02/19,小型臺指期貨,外資及陸資,52066,48567631,47986,44756803,4080,3810828,16519,15420330,2570,2398979,13949,13021351
2024/02/20,小型臺指期貨,自營商,10512,9822185,10884,10169788,-372,-347603,9255,8672279,6755,6330503,2500,2341776
2024/02/20,小型臺指期貨,投信,58,54352,62,58048,-4,-3696,207,194164,11,10318,196,183846
2024/02/20,小型臺指期貨,外資及陸資,55292,51670401,47417,44293941,7875,7376460,19679,18453291,1551,1454181,18128,16999110
2024/02/21,小型臺指期貨,自營商,15537,14545758,18229,17059076,-2692,-2513318,3147,2936866,5931,5539420,-2784,-2602554
2024/02/21,小型臺指期貨,投信,4,3745,4,3742,0,3,207,193473,11,10281,196,183192
2024/02/21,小型臺指期貨,外資及陸資,61602,57694011,73378,68720650,-11776,-11026639,5954,5564910,4417,4128360,1537,1436550
2024/02/22,小型臺指期貨,自營商,10166,9564160,8251,7755913,1915,1808247,3701,3489297,5058,4772566,-1357,-1283269
2024/02/22,小型臺指期貨,投信,2,1889,0,0,2,1889,207,195470,9,8499,198,186971
2024/02/22,小型臺指期貨,外資及陸資,71636,67304441,67781,63681079,3855,3623363,7042,6649715,1650,1558082,5392,5091633
2024/02/23,小型臺指期貨,自營商,11062,10477012,11018,10431046,44,45965,3196,3017550,4521,4270974,-1325,-1253424
2024/02/23,小型臺指期貨,投信,0,0,0,0,0,0,207,195739,9,8510,198,187229
2024/02/23,小型臺指期貨,外資及陸資,66123,62653178,71196,67459000,-5073,-4805822,5557,5254699,5238,4953025,319,301674
2024/02/26,小型臺指期貨,自營商,9234,8738660,8146,7704480,1088,1034181,4156,3935934,4353,4123496,-197,-187562
2024/02/26,小型臺指期貨,投信,1,948,0,0,1,948,207,196277,8,7586,199,188691
2024/02/26,小型臺指期貨,外資及陸資,61296,57987918,55708,52694914,5588,5293003,8505,8064414,2598,2463420,5907,5600994
2024/02/27,小型臺指期貨,自營商,14875,14046685,15482,14609921,-607,-563235,4003,3772702,4715,4442520,-712,-669818
2024/02/27,小型臺指期貨,投信,0,0,1,944,-1,-944,207,195305,9,8492,198,186813
2024/02/27,小型臺指期貨,外資及陸資,80199,75748297,88612,83683398,-8413,-7935102,5315,5014690,7773,7333834,-2458,-2319144
2024/02/29,小型臺指期貨,自營商,14066,13294529,12920,12209356,1146,1085173,4695,4446184,3950,3739373,745,706811
2024/02/29,小型臺指期貨,投信,4,3767,0,0,4,3767,211,200039,9,8532,202,191507
2024/02/29,小型臺指期貨,外資及陸資,65685,62060826,58386,55156525,7299,6904301,7501,7111323,2886,2736072,4615,4375251
2024/03/01,小型臺指期貨,自營商,9724,9220405,9444,8949747,280,270658,5240,4963272,4083,3865133,1157,1098139
2024/03/01,小型臺指期貨,投信,0,0,0,0,0,0,211,200039,9,8532,202,191507
2024/03/01,小型臺指期貨,外資及陸資,72556,68805822,77364,73344154,-4808,-4538332,4474,4241576,4667,4424550,-193,-182974
2024/03/04,小型臺指期貨,自營商,20156,19318456,15634,14993733,4522,4324723,11320,10922146,5809,5603024,5511,5319122
2024/03/04,小型臺指期貨,投信,1,966,0,0,1,966,211,203731,8,7724,203,196007
2024/03/04,小型臺指期貨,外資及陸資,95894,91841839,84471,80942692,11423,10899147,11920,11509268,674,650776,11246,10858492
2024/03/05,小型臺指期貨,自營商,14566,14109896,14941,14470689,-375,-360793,11202,10853912,6302,6102939,4900,4750973
2024/03/05,小型臺指期貨,投信,0,0,0,0,0,0,211,204565,8,7756,203,196809
2024/03/05,小型臺指期貨,外資及陸資,74598,72269855,79996,77499719,-5398,-5229864,7820,7581446,1968,1907974,5852,5673472
2024/03/06,小型臺指期貨,自營商,18800,18228856,16953,16425160,1847,1803697,13634,13290923,6544,6375281,7090,6915642
2024/03/06,小型臺指期貨,投信,2,1951,0,0,2,1951,211,205799,6,5852,205,199947
2024/03/06,小型臺指期貨,外資及陸資,85993,83287619,81697,79119411,4296,4168208,10853,10585382,779,759794,10074,9825588
2024/03/07,小型臺指期貨,自營商,20889,20540539,21676,21311396,-787,-770857,12904,12704309,6621,6513290,6283,6191019
2024/03/07,小型臺指期貨,投信,0,0,0,0,0,0,211,207856,6,5911,205,201945
2024/03/07,小型臺指期貨,外資及陸資,120025,118031817,124985,122895275,-4960,-4863458,7782,7665883,2668,2628230,5114,5037653
2024/03/08,小型臺指期貨,自營商,28049,27812376,29395,29144643,-1346,-1332267,13032,12890979,8215,8119599,4817,4771380
2024/03/08,小型臺指期貨,投信,0,0,0,0,0,0,211,208827,6,5938,205,202889
2024/03/08,小型臺指期貨,外資及陸資,161105,159836237,168980,167606803,-7875,-7770566,5557,5499758,8322,8236245,-2765,-2736487
2024/03/11,小型臺指期貨,自營商,21078,20857702,23479,23223188,-2401,-2365486,11673,11502041,9073,8932574,2600,2569467
2024/03/11,小型臺指期貨,投信,25,24648,27,26623,-2,-1975,211,208000,8,7886,203,200114
2024/03/11,小型臺指期貨,外資及陸資,150051,148608115,154378,152863552,-4327,-4255437,5311,5235550,3203,3157482,2108,2078068
2024/03/12,小型臺指期貨,自營商,17396,17226077,14196,14051425,3200,3174653,14087,14046883,8299,8270028,5788,5776855
2024/03/12,小型臺指期貨,投信,40,39889,40,39901,0,-12,211,210489,8,7982,203,202507
2024/03/12,小型臺指期貨,外資及陸資,98323,97224682,93010,91968553,5313,5256130,9052,9031078,1647,1643157,7405,7387921
2024/03/13,小型臺指期貨,自營商,22996,22944579,24270,24208424,-1274,-1263845,12340,12289567,7898,7858785,4442,4430782
2024/03/13,小型臺指期貨,投信,55,54826,58,57827,-3,-3001,208,207215,8,7971,200,199244
2024/03/13,小型臺指期貨,外資及陸資,125262,125002588,128265,127989732,-3003,-2987144,6179,6156725,1758,1751616,4421,4405109
2024/03/14,小型臺指期貨,自營商,15294,15214755,17459,17367616,-2165,-2152861,11890,11848518,9849,9808998,2041,2039520
2024/03/14,小型臺指期貨,投信,6,5982,2,1995,4,3987,212,211364,8,7976,204,203388
2024/03/14,小型臺指期貨,外資及陸資,101680,101163475,98666,98146865,3014,3016610,9054,9026838,1603,1598201,7451,7428637
2024/03/15,小型臺指期貨,自營商,16260,16124076,18143,17990015,-1883,-1865940,11489,11332924,11491,11329898,-2,3026
2024/03/15,小型臺指期貨,投信,0,0,2,1973,-2,-1973,212,209237,10,9864,202,199373
2024/03/15,小型臺指期貨,外資及陸資,96787,96003450,104583,103739633,-7796,-7736183,5212,5142429,5557,5481766,-345,-339337
2024/03/18,小型臺指期貨,自營商,16934,16773640,15571,15417281,1363,1356359,12166,12112658,10229,10177588,1937,1935070
2024/03/18,小型臺指期貨,投信,22,21838,27,26799,-5,-4961,210,209236,13,12958,197,196278
2024/03/18,小型臺指期貨,外資及陸資,89595,88655935,83897,83008370,5698,5647566,7882,7851544,2489,2478595,5393,5372949
2024/03/19,小型臺指期貨,自營商,19912,19764605,20297,20148459,-385,-383854,10301,10229997,9517,9446554,784,783443
2024/03/19,小型臺指期貨,投信,62,61638,74,73487,-12,-11849,198,196858,13,12925,185,183933
2024/03/19,小型臺指期貨,外資及陸資,93745,93070549,96210,95504976,-2465,-2434427,6626,6586020,3674,3649946,2952,2936074
2024/03/20,小型臺指期貨,自營商,27440,27243818,27361,27154929,79,88889,3316,3282215,7835,7758319,-4519,-4476104
2024/03/20,小型臺指期貨,投信,4,3977,6,5958,-2,-1980,198,196347,15,14875,183,181472
2024/03/20,小型臺指期貨,外資及陸資,103026,102312191,105961,105210927,-2935,-2898736,5392,5346992,1789,1774042,3603,3572950
2024/03/21,小型臺指期貨,自營商,14920,14959274,11287,11326414,3633,3632860,7190,7274122,8108,8202828,-918,-928706
2024/03/21,小型臺指期貨,投信,2,2026,0,0,2,2026,198,200574,13,13169,185,187405
2024/03/21,小型臺指期貨,外資及陸資,95431,95632439,80547,80750931,14884,14881508,12134,12291739,331,335301,11803,11956438
2024/03/22,小型臺指期貨,自營商,12998,13144950,14748,14905944,-1750,-1760994,5310,5367623,8042,8128317,-2732,-2760694
2024/03/22,小型臺指期貨,投信,0,0,4,4045,-4,-4045,194,196328,13,13156,181,183172
2024/03/22,小型臺指期貨,外資及陸資,95103,96168577,111495,112766005,-16392,-16597428,3120,3157811,2001,2025024,1119,1132787
2024/03/25,小型臺指期貨,自營商,8154,8254013,9373,9484690,-1219,-1230677,4983,5033447,8754,8843402,-3771,-3809955
2024/03/25,小型臺指期貨,投信,0,0,0,0,0,0,194,196221,13,13149,181,183072
2024/03/25,小型臺指期貨,外資及陸資,75836,76746346,73514,74390711,2322,2355636,5328,5389520,1887,1908617,3441,3480903
2024/03/26,小型臺指期貨,自營商,25391,25692469,26091,26391064,-700,-698596,4410,4443765,8869,8940201,-4459,-4496436
2024/03/26,小型臺指期貨,投信,2,2019,0,0,2,2019,196,197813,13,13120,183,184693
2024/03/26,小型臺指期貨,外資及陸資,140392,142074663,141242,142889948,-850,-815285,5867,5921827,3356,3387054,2511,2534773
2024/03/27,小型臺指期貨,自營商,16328,16505304,13348,13480951,2980,3024353,5906,5976686,6758,6835167,-852,-858481
2024/03/27,小型臺指期貨,投信,12,12151,0,0,12,12151,205,207645,10,10129,195,197516
2024/03/27,小型臺指期貨,外資及陸資,75556,76318578,73099,73831147,2457,2487431,7149,7241995,2127,2154453,5022,5087542
2024/03/28,小型臺指期貨,自營商,13835,13974870,13185,13313608,650,661262,5020,5065253,5254,5297069,-234,-231816
2024/03/28,小型臺指期貨,投信,8,8082,0,0,8,8082,213,215151,10,10101,203,205050
2024/03/28,小型臺指期貨,外資及陸資,89895,90813210,96976,97968230,-7081,-7155020,5890,5950393,7985,8065666,-2095,-2115273
2024/03/29,小型臺指期貨,自營商,12708,12870525,11231,11366041,1477,1504484,7920,8026651,6969,7055499,951,971152
2024/03/29,小型臺指期貨,投信,0,0,0,0,0,0,213,215961,10,10139,203,205822
2024/03/29,小型臺指期貨,外資及陸資,75901,76816867,70826,71673182,5075,5143685,7094,7193665,4114,4171185,2980,3022480
2024/04/01,小型臺指期貨,自營商,13598,13819005,11734,11925179,1864,1893826,9488,9623451,6725,6813586,2763,2809865
2024/04/01,小型臺指期貨,投信,0,0,11,11162,-11,-11162,202,204959,10,10147,192,194812
2024/04/01,小型臺指期貨,外資及陸資,70413,71568950,75287,76511555,-4874,-4942605,5925,6012794,7819,7933536,-1894,-1920742
2024/04/02,小型臺指期貨,自營商,16690,17035453,15159,15465215,1531,1570238,13989,14348789,9779,10020650,4210,4328139
2024/04/02,小型臺指期貨,投信,9,9234,0,0,9,9234,209,214444,8,8208,201,206236
2024/04/02,小型臺指期貨,外資及陸資,94368,96301060,77933,79512769,16435,16788291,14000,14365552,2395,2457344,11605,11908208
2024/04/03,小型臺指期貨,自營商,17843,18188130,19747,20129428,-1904,-1941298,12101,12313015,9509,9668801,2592,2644214
2024/04/03,小型臺指期貨,投信,7,7122,1,1018,6,6104,216,219791,9,9158,207,210633
2024/04/03,小型臺指期貨,外資及陸資,90860,92648572,111408,113618826,-20548,-20970254,4947,5034443,6792,6911169,-1845,-1876726
2024/04/08,小型臺指期貨,自營商,12580,12860009,12219,12487644,361,372364,11574,11833894,8317,8494681,3257,3339213
2024/04/08,小型臺指期貨,投信,3,3067,0,0,3,3067,219,223895,9,9201,210,214694
2024/04/08,小型臺指期貨,外資及陸資,85371,87265327,77631,79343612,7740,7921715,10170,10398333,4183,4276507,5987,6121826
2024/04/09,小型臺指期貨,自營商,20023,20679704,16130,16671516,3893,4008188,17919,18699631,10893,11356692,7026,7342939
2024/04/09,小型臺指期貨,投信,16,16709,15,15649,1,1061,219,228532,8,8348,211,220184
2024/04/09,小型臺指期貨,外資及陸資,104979,108414992,91572,94583814,13407,13831178,13151,13724351,1141,1190568,12010,12533783
2024/04/10,小型臺指期貨,自營商,13150,13700093,13035,13579210,115,120883,15628,16295312,8268,8611000,7360,7684312
2024/04/10,小型臺指期貨,投信,4,4170,0,0,4,4170,223,232479,8,8339,215,224140
2024/04/10,小型臺指期貨,外資及陸資,76928,80139764,88120,91783540,-11192,-11643776,6844,7136459,6026,6281532,818,854927
2024/04/11,小型臺指期貨,自營商,13892,14403380,17705,18355911,-3813,-3952530,12077,12533191,8658,8978174,3419,3555017
2024/04/11,小型臺指期貨,投信,51,52986,51,52907,0,79,224,232530,9,9338,215,223192
2024/04/11,小型臺指期貨,外資及陸資,101080,104776117,112958,117079462,-11878,-12303344,5935,6160473,7923,8220949,-1988,-2060476
2024/04/12,小型臺指期貨,自營商,15014,15571632,14800,15343438,214,228193,11223,11651311,7598,7882516,3625,3768795
2024/04/12,小型臺指期貨,投信,58,60317,49,50840,9,9476,233,242084,9,9339,224,232745
2024/04/12,小型臺指期貨,外資及陸資,96705,100219437,96485,99961536,220,257901,5832,6057315,7600,7886226,-1768,-1828911
2024/04/15,小型臺指期貨,自營商,16359,16836224,22312,22983681,-5953,-6147457,10762,11034378,12898,13230836,-2136,-2196458
2024/04/15,小型臺指期貨,投信,30,30807,32,32832,-2,-2025,233,239191,11,11301,222,227890
2024/04/15,小型臺指期貨,外資及陸資,113132,116367816,122666,126217399,-9534,-9849583,3813,3911243,11559,11852963,-7746,-7941720
2024/04/16,小型臺指期貨,自營商,31387,31560029,37338,37557235,-5951,-5997206,9241,9215355,18176,18139949,-8935,-8924594
2024/04/16,小型臺指期貨,投信,92,91885,88,87720,4,4165,237,236780,11,10990,226,225790
2024/04/16,小型臺指期貨,外資及陸資,174277,175654244,176876,178306540,-2599,-2652296,4897,4885122,15274,15239465,-10377,-10354343
2024/04/17,小型臺指期貨,自營商,26564,26668222,22934,23019798,3630,3648424,2694,2711537,14223,14336447,-11529,-11624910
2024/04/17,小型臺指期貨,投信,45,45374,4,4001,41,41373,276,278608,9,9085,267,269523
2024/04/17,小型臺指期貨,外資及陸資,148357,148630301,135308,135535716,13049,13094585,8294,8372311,1664,1679715,6630,6692596
2024/04/18,小型臺指期貨,自營商,15523,15669041,12905,13019583,2618,2649458,5173,5255333,14048,14273689,-8875,-9018356
2024/04/18,小型臺指期貨,投信,79,80364,0,0,79,80364,353,359230,7,7124,346,352106
2024/04/18,小型臺指期貨,外資及陸資,140319,141361589,137567,138556660,2752,2804929,7118,7243627,600,610580,6518,6633047
2024/04/19,小型臺指期貨,自營商,38799,38269733,44539,44024925,-5740,-5755193,3345,3264782,18604,18160624,-15259,-14895842
2024/04/19,小型臺指期貨,投信,0,0,10,9785,-10,-9785,348,340327,12,11735,336,328592
2024/04/19,小型臺指期貨,外資及陸資,280738,277743587,300583,297661172,-19845,-19917585,1459,1426803,5466,5345236,-4007,-3918433
2024/04/22,小型臺指期貨,自營商,15106,14793964,15170,14859993,-64,-66030,3183,3101474,18594,18125054,-15411,-15023580
2024/04/22,小型臺指期貨,投信,0,0,42,40996,-42,-40996,306,298778,12,11717,294,287061
2024/04/22,小型臺指期貨,外資及陸資,198255,194370940,190627,186843784,7628,7527157,4777,4664220,4112,4014762,665,649458
2024/04/23,小型臺指期貨,自營商,7662,7521583,9270,9099812,-1608,-1578229,3043,2986339,19350,19009805,-16307,-16023466
2024/04/23,小型臺指期貨,投信,2,1968,25,24589,-23,-22621,281,276504,10,9840,271,266664
2024/04/23,小型臺指期貨,外資及陸資,129374,127001410,121133,118887158,8241,8114251,10604,10434104,1698,1670572,8906,8763532
2024/04/24,小型臺指期貨,自營商,13702,13718922,9147,9152254,4555,4566668,3005,3020318,14411,14501793,-11406,-11481475
2024/04/24,小型臺指期貨,投信,31,31243,0,0,31,31243,311,313644,9,9077,302,304567
2024/04/24,小型臺指期貨,外資及陸資,116640,116459195,109153,109004646,7487,7454549,15119,15246819,1267,1277351,13852,13969468
2024/04/25,小型臺指期貨,自營商,9844,9816459,11298,11260812,-1454,-1444353,2577,2552296,15577,15447477,-13000,-12895181
2024/04/25,小型臺指期貨,投信,0,0,80,79499,-80,-79499,234,232596,12,11928,222,220668
2024/04/25,小型臺指期貨,外資及陸資,136569,136325237,150624,150379814,-14055,-14054577,8010,7961736,8281,8230638,-271,-268902
2024/04/26,小型臺指期貨,自營商,20533,20584366,18304,18336046,2229,2248320,4498,4521712,15401,15498089,-10903,-10976377
2024/04/26,小型臺指期貨,投信,2,2016,0,0,2,2016,236,238077,12,12106,224,225971
2024/04/26,小型臺指期貨,外資及陸資,205584,205635003,192410,192460253,13174,13174750,14942,15073068,2039,2056241,12903,13016827
2024/04/29,小型臺指期貨,自營商,16068,16359008,12365,12592565,3703,3766444,6920,7089907,13888,14233718,-6968,-7143811
2024/04/29,小型臺指期貨,投信,96,98623,1,1027,95,97596,332,341130,13,13358,319,327772
2024/04/29,小型臺指期貨,外資及陸資,126724,128951628,123165,125277859,3559,3673770,18294,18796634,1832,1881660,16462,16914974
2024/04/30,小型臺指期貨,自營商,9654,9889698,11213,11479591,-1559,-1589892,5362,5455897,14081,14336056,-8719,-8880159
2024/04/30,小型臺指期貨,投信,4,4104,10,10210,-6,-6106,327,333753,14,14289,313,319464
2024/04/30,小型臺指期貨,外資及陸資,94214,96590388,98483,100960401,-4269,-4370013,14680,14982883,2527,2578591,12153,12404292
2024/05/02,小型臺指期貨,自營商,13200,13413625,14158,14383674,-958,-970049,4510,4561857,14312,14485587,-9802,-9923730
2024/05/02,小型臺指期貨,投信,0,0,72,73059,-72,-73059,257,260752,16,16234,241,244518
2024/05/02,小型臺指期貨,外資及陸資,114941,116965471,121111,123238000,-6170,-6272528,11639,11808821,5593,5674256,6046,6134565
2024/05/03,小型臺指期貨,自營商,14697,14994163,13156,13409736,1541,1584427,6065,6165532,14282,14517971,-8217,-8352439
2024/05/03,小型臺指期貨,投信,0,0,0,0,0,0,257,261909,16,16306,241,245603
2024/05/03,小型臺指期貨,外資及陸資,144974,147871952,147104,150069109,-2130,-2197158,10780,10985848,6824,6953749,3956,4032099
2024/05/06,小型臺指期貨,自營商,14893,15306148,12585,12935708,2308,2370440,9275,9533966,15220,15640148,-5945,-6106182
2024/05/06,小型臺指期貨,投信,1,1030,0,0,1,1030,258,265753,16,16481,242,249272
2024/05/06,小型臺指期貨,外資及陸資,133169,136970500,128150,131849519,5019,5120982,12587,12965134,3612,3720087,8975,9245047
2024/05/07,小型臺指期貨,自營商,11721,12098127,12752,13159879,-1031,-1061751,8835,9105219,15651,16121739,-6816,-7016520
2024/05/07,小型臺指期貨,投信,0,0,0,0,0,0,258,266359,16,16518,242,249841
2024/05/07,小型臺指期貨,外資及陸資,90304,93292368,90613,93606853,-309,-314485,11532,11905581,2866,2958530,8666,8947051
2024/05/08,小型臺指期貨,自營商,10906,11261531,9618,9930724,1288,1330806,10302,10658075,15760,16296169,-5458,-5638094
2024/05/08,小型臺指期貨,投信,0,0,0,0,0,0,258,267340,16,16579,242,250761
2024/05/08,小型臺指期貨,外資及陸資,79338,81940660,73720,76129031,5618,5811629,16359,16951085,2074,2148765,14285,14802320
2024/05/09,小型臺指期貨,自營商,12951,13391907,14390,14868768,-1439,-1476861,8665,8919091,15894,16349386,-7229,-7430295
2024/05/09,小型臺指期貨,投信,0,0,114,117487,-114,-117487,144,148406,16,16490,128,131916
2024/05/09,小型臺指期貨,外資及陸資,89806,92926126,97086,100452583,-7280,-7526458,11610,11965266,4605,4745930,7005,7219336
2024/05/10,小型臺指期貨,自營商,19159,19824188,15192,15711291,3967,4112897,11270,11711141,15328,15916273,-4058,-4205132
2024/05/10,小型臺指期貨,投信,7,7285,16,16637,-9,-9353,133,138400,14,14568,119,123832
2024/05/10,小型臺指期貨,外資及陸資,101369,104843652,91654,94771135,9715,10072517,18944,19713105,2232,2322570,16712,17390535
2024/05/13,小型臺指期貨,自營商,14857,15522592,14689,15342099,168,180492,8652,9018679,11286,11748311,-2634,-2729632
2024/05/13,小型臺指期貨,投信,39,40728,43,44904,-4,-4176,131,136775,16,16707,115,120068
2024/05/13,小型臺指期貨,外資及陸資,98586,103063902,104818,109583145,-6232,-6519243,9811,10243322,2859,2985056,6952,7258266
2024/05/14,小型臺指期貨,自營商,12465,13041111,11749,12294773,716,746339,7610,7974266,9868,10328039,-2258,-2353773
2024/05/14,小型臺指期貨,投信,27,28364,97,101889,-70,-73526,59,61976,14,14706,45,47270
2024/05/14,小型臺指期貨,外資及陸資,74774,78251221,68993,72192315,5781,6058905,15405,16180571,2672,2806534,12733,13374037
2024/05/15,小型臺指期貨,自營商,26451,27999857,27143,28752542,-692,-752685,3507,3706418,6226,6578011,-2719,-2871593
2024/05/15,小型臺指期貨,投信,7,7418,4,4231,3,3186,60,63729,12,12746,48,50983
2024/05/15,小型臺指期貨,外資及陸資,112355,118941482,112062,118596707,293,344775,9368,9950156,1054,1119520,8314,8830636
2024/05/16,小型臺指期貨,自營商,13445,14371941,14644,15654152,-1199,-1282211,4397,4685114,8283,8818613,-3886,-4133499
2024/05/16,小型臺指期貨,投信,1,1069,0,0,1,1069,60,64116,11,11755,49,52361
2024/05/16,小型臺指期貨,外資及陸資,118436,126764917,127219,136151895,-8783,-9386978,5689,6079076,3034,3240775,2655,2838301
2024/05/17,小型臺指期貨,自營商,6401,6826161,7042,7503035,-641,-676875,3160,3359927,8455,8985744,-5295,-5625817
2024/05/17,小型臺指期貨,投信,1,1067,0,0,1,1067,61,65072,11,11734,50,53338
2024/05/17,小型臺指期貨,外資及陸資,90827,96961979,94471,100856161,-3644,-3894183,5662,6039718,3767,4015442,1895,2024276
2024/05/20,小型臺指期貨,自營商,14837,15806487,13790,14674489,1047,1131997,3861,4101127,8157,8653192,-4296,-4552065
2024/05/20,小型臺指期貨,投信,1,1066,0,0,1,1066,62,66027,11,11714,51,54313
2024/05/20,小型臺指期貨,外資及陸資,109642,116935077,113613,121180634,-3971,-4245557,4664,4966834,6740,7175104,-2076,-2208270
2024/05/21,小型臺指期貨,自營商,9133,9709413,10000,10628861,-867,-919448,3938,4177734,8781,9310273,-4843,-5132539
2024/05/21,小型臺指期貨,投信,48,51058,0,0,48,51058,110,117051,11,11705,99,105346
2024/05/21,小型臺指期貨,外資及陸資,90438,96238133,89346,95073281,1092,1164852,4703,5004439,5687,6048107,-984,-1043668
2024/05/22,小型臺指期貨,自營商,14911,15972787,12005,12862400,2906,3110387,7209,7752471,8824,9488081,-1615,-1735610
2024/05/22,小型臺指期貨,投信,0,0,0,0,0,0,110,118696,11,11870,99,106826
2024/05/22,小型臺指期貨,外資及陸資,92932,99558387,84773,90775368,8159,8783019,9291,10025420,2193,2364225,7098,7661195
2024/05/23,小型臺指期貨,自營商,10834,11671876,11863,12773746,-1029,-1101870,5208,5607009,8008,8617657,-2800,-3010648
2024/05/23,小型臺指期貨,投信,40,43214,0,0,40,43214,150,162038,11,11883,139,150155
2024/05/23,小型臺指期貨,外資及陸資,96396,103972592,99908,107737426,-3512,-3764835,6859,7409282,3341,3607009,3518,3802273
2024/05/24,小型臺指期貨,自營商,11088,11927619,10733,11535773,355,391846,5093,5477572,7822,8400987,-2729,-2923415
2024/05/24,小型臺指期貨,投信,2,2142,0,0,2,2142,152,163904,11,11862,141,152042
2024/05/24,小型臺指期貨,外資及陸資,116105,125020509,118987,128130707,-2882,-3110198,5932,6396911,5296,5708549,636,688362
2024/05/27,小型臺指期貨,自營商,11663,12676190,10059,10937333,1604,1738857,7085,7727671,8210,8942841,-1125,-1215170
2024/05/27,小型臺指期貨,投信,4,4378,0,0,4,4378,156,170573,11,12029,145,158544
2024/05/27,小型臺指期貨,外資及陸資,99627,108283469,96357,104711320,3270,3572148,7661,8377042,3755,4104042,3906,4273000
2024/05/28,小型臺指期貨,自營商,6846,7490182,6780,7417762,66,72420,7354,8051340,8393,9175378,-1039,-1124038
2024/05/28,小型臺指期貨,投信,3,3274,4,4386,-1,-1112,154,168995,10,10976,144,158019
2024/05/28,小型臺指期貨,外資及陸資,63190,69209504,63796,69869314,-606,-659809,7137,7833058,3837,4209218,3300,3623840
2024/05/29,小型臺指期貨,自營商,10985,11984453,16161,17603334,-5176,-5618881,3162,3425768,7660,8285462,-4498,-4859694
2024/05/29,小型臺指期貨,投信,0,0,1,1087,-1,-1087,153,166209,10,10865,143,155344
2024/05/29,小型臺指期貨,外資及陸資,82744,90382170,95234,104036757,-12490,-13654587,2191,2380446,11355,12333203,-9164,-9952757
2024/05/30,小型臺指期貨,自營商,11219,12045255,12737,13683794,-1518,-1638539,2938,3131007,8978,9557717,-6040,-6426710
2024/05/30,小型臺指期貨,投信,0,0,0,0,0,0,153,163647,10,10698,143,152949
2024/05/30,小型臺指期貨,外資及陸資,120249,129401829,122199,131499754,-1950,-2097925,2754,2946003,11348,12134343,-8594,-9188340
2024/05/31,小型臺指期貨,自營商,16888,18091492,16135,17270832,753,820661,3261,3458818,8840,9364888,-5579,-5906070
2024/05/31,小型臺指期貨,投信,0,0,4,4305,-4,-4305,149,158569,10,10644,139,147925
2024/05/31,小型臺指期貨,外資及陸資,149449,160392677,152256,163382042,-2807,-2989365,2850,3033521,14251,15161026,-11401,-12127505
2024/06/03,小型臺指期貨,自營商,21598,23148204,18632,19950362,2966,3197841,7549,8142569,10314,11121922,-2765,-2979353
2024/06/03,小型臺指期貨,投信,0,0,2,2165,-2,-2165,149,161303,12,12993,137,148310
2024/06/03,小型臺指期貨,外資及陸資,152695,163607218,149536,160178257,3159,3428961,7616,8246009,11734,12698406,-4118,-4452397
2024/06/04,小型臺指期貨,自營商,19545,20938469,21020,22478261,-1475,-1539793,6886,7331113,10418,11058521,-3532,-3727408
2024/06/04,小型臺指期貨,投信,0,0,3,3200,-3,-3200,149,158861,15,15995,134,142866
2024/06/04,小型臺指期貨,外資及陸資,136097,146016579,146952,157697740,-10855,-11681162,2167,2310496,17204,18337994,-15037,-16027498
2024/06/05,小型臺指期貨,自營商,22345,23811728,20100,21411303,2245,2400425,6945,7430055,8307,8866448,-1362,-1436393
2024/06/05,小型臺指期貨,投信,2,2146,0,0,2,2146,150,160924,14,15022,136,145902
2024/06/05,小型臺指期貨,外資及陸資,164485,175282336,159749,170201402,4736,5080933,3945,4232787,14282,15317850,-10337,-11085063
2024/06/06,小型臺指期貨,自營商,20996,22792819,17900,19468141,3096,3324678,13275,14470529,11561,12600001,1714,1870528
2024/06/06,小型臺指期貨,投信,0,0,0,0,0,0,150,164020,14,15311,136,148709
2024/06/06,小型臺指期貨,外資及陸資,150472,163618329,139282,151421967,11190,12196362,5436,5944927,8699,9510047,-3263,-3565120
2024/06/07,小型臺指期貨,自營商,10912,11895342,8932,9726352,1980,2168990,12910,14090455,9292,10128516,3618,3961939
2024/06/07,小型臺指期貨,投信,0,0,0,0,0,0,150,164178,14,15326,136,148852
2024/06/07,小型臺指期貨,外資及陸資,105515,115171234,111657,121876505,-6142,-6705271,2041,2234196,11446,12525394,-9405,-10291198
2024/06/11,小型臺指期貨,自營商,16659,18175493,16750,18255085,-91,-79592,11662,12683412,7851,8512924,3811,4170488
2024/06/11,小型臺指期貨,投信,1,1090,0,0,1,1090,151,164571,14,15261,137,149310
2024/06/11,小型臺指期貨,外資及陸資,121425,132616226,128778,140647602,-7353,-8031376,963,1049490,13345,14540990,-12382,-13491500
2024/06/12,小型臺指期貨,自營商,23497,25637240,19222,20971520,4275,4665720,18732,20592242,10580,11618856,8152,8973386
2024/06/12,小型臺指期貨,投信,8,8818,0,0,8,8818,157,173035,12,13228,145,159807
2024/06/12,小型臺指期貨,外資及陸資,124769,136205840,114029,124415050,10740,11790790,7414,8172136,9154,10088091,-1740,-1915955
2024/06/13,小型臺指期貨,自營商,21517,23917978,21638,24044100,-121,-126122,18374,20459524,10407,11574541,7967,8884983
2024/06/13,小型臺指期貨,投信,115,127583,110,122736,5,4847,159,176726,9,10046,150,166680
2024/06/13,小型臺指期貨,外資及陸資,146739,163404814,148644,165491222,-1905,-2086408,3074,3431067,9867,11008084,-6793,-7577017
2024/06/14,小型臺指期貨,自營商,16189,18034707,15404,17156611,785,878095,18518,20772897,9718,10884611,8800,9888286
2024/06/14,小型臺指期貨,投信,19,21264,22,24621,-3,-3357,159,177950,12,13409,147,164541
2024/06/14,小型臺指期貨,外資及陸資,118024,131724973,117688,131324525,336,400448,4756,5350859,11213,12612480,-6457,-7261621
2024/06/17,小型臺指期貨,自營商,14013,15696780,13229,14800748,784,896032,16726,18762809,8006,8947128,8720,9815681
2024/06/17,小型臺指期貨,投信,6,6704,0,0,6,6704,165,184584,12,13408,153,171176
2024/06/17,小型臺指期貨,外資及陸資,99821,111977503,105347,118166985,-5526,-6189481,2005,2251459,13988,15713504,-11983,-13462045
2024/06/18,小型臺指期貨,自營商,20867,23606372,20204,22878284,663,728088,16605,18875252,7062,8000621,9543,10874631
2024/06/18,小型臺指期貨,投信,44,49860,35,39873,9,9987,174,197246,12,13603,162,183643
2024/06/18,小型臺指期貨,外資及陸資,107673,122024353,104355,118249873,3318,3774481,5195,5913311,13860,15784952,-8665,-9871641
2024/06/19,小型臺指期貨,自營商,33667,38758647,33227,38260566,440,498081,10398,12027361,8073,9332239,2325,2695122
2024/06/19,小型臺指期貨,投信,7,8046,0,0,7,8046,181,209372,12,13881,169,195491
2024/06/19,小型臺指期貨,外資及陸資,142190,163635395,139522,160569065,2668,3066330,7223,8355193,1262,1459850,5961,6895343
2024/06/20,小型臺指期貨,自營商,8969,10409694,7945,9219255,1024,1190438,11514,13462536,8357,9766616,3157,3695920
2024/06/20,小型臺指期貨,投信,9,10477,0,0,9,10477,188,219744,10,11689,178,208055
2024/06/20,小型臺指期貨,外資及陸資,87988,102060544,96518,111960589,-8530,-9900045,4116,4810981,6685,7813830,-2569,-3002849
2024/06/21,小型臺指期貨,自營商,14173,16436396,15729,18242344,-1556,-1805948,11917,13831558,9792,11367791,2125,2463767
2024/06/21,小型臺指期貨,投信,2,2321,6,6944,-4,-4623,186,215825,12,13924,174,201901
2024/06/21,小型臺指期貨,外資及陸資,144217,167175037,151890,176096926,-7673,-8921888,4482,5200744,8068,9361826,-3586,-4161082
2024/06/24,小型臺指期貨,自營商,21128,24215557,21935,25134849,-807,-919292,13380,15233167,12074,13745376,1306,1487791
2024/06/24,小型臺指期貨,投信,0,0,4,4551,-4,-4551,186,211612,16,18203,170,193409
2024/06/24,小型臺指期貨,外資及陸資,165231,189303116,177088,202894654,-11857,-13591538,1424,1620174,11291,12846004,-9867,-11225830
2024/06/25,小型臺指期貨,自營商,20034,22707073,17453,19775669,2581,2931404,12893,14678388,8814,10025402,4079,4652986
2024/06/25,小型臺指期貨,投信,3,3413,0,0,3,3413,187,212684,14,15923,173,196761
2024/06/25,小型臺指期貨,外資及陸資,162005,183594172,163611,185396514,-1606,-1802342,3091,3515644,14564,16564535,-11473,-13048891
2024/06/26,小型臺指期貨,自營商,16890,19295608,16854,19259796,36,35812,9845,11260348,7431,8498506,2414,2761842
2024/06/26,小型臺指期貨,投信,7,8022,0,0,7,8022,193,220753,13,14869,180,205884
2024/06/26,小型臺指期貨,外資及陸資,132979,151732792,129274,147455856,3705,4276936,3972,4543252,7186,8219253,-3214,-3676001
2024/06/27,小型臺指期貨,自營商,12855,14620874,12935,14709269,-80,-88395,9617,10962138,7699,8776546,1918,2185592
2024/06/27,小型臺指期貨,投信,0,0,0,0,0,0,193,219991,13,14818,180,205173
2024/06/27,小型臺指期貨,外資及陸資,131015,148878424,131960,149961516,-945,-1083092,3577,4077241,7652,8722025,-4075,-4644784
2024/06/28,小型臺指期貨,自營商,15278,17521402,13851,15885389,1427,1636013,12141,13951000,8828,10145912,3313,3805088
2024/06/28,小型臺指期貨,投信,1,1149,3,3446,-2,-2298,194,222906,16,18384,178,204522
2024/06/28,小型臺指期貨,外資及陸資,145644,166955779,146156,167507485,-512,-551706,3881,4459257,8468,9729605,-4587,-5270348
2024/07/01,小型臺指期貨,自營商,11783,13576694,12210,14059349,-427,-482655,13841,15914909,11183,12861912,2658,3052997
2024/07/01,小型臺指期貨,投信,6,6903,0,0,6,6903,200,229930,16,18394,184,211536
2024/07/01,小型臺指期貨,外資及陸資,127834,147195048,127592,146922536,242,272512,3401,3909967,7630,8771854,-4229,-4861887
2024/07/02,小型臺指期貨,自營商,13896,15889677,14935,17071514,-1039,-1181836,13452,15362858,11669,13335028,1783,2027830
2024/07/02,小型臺指期貨,投信,0,0,2,2284,-2,-2284,200,228350,18,20552,182,207798
2024/07/02,小型臺指期貨,外資及陸資,145224,166067175,145548,166437284,-324,-370109,2426,2769885,6895,7872476,-4469,-5102591
2024/07/03,小型臺指期貨,自營商,18104,20870792,12739,14672177,5365,6198615,18152,21040425,10989,12740382,7163,8300043
2024/07/03,小型臺指期貨,投信,13,15066,4,4622,9,10443,209,242262,18,20865,191,221397
2024/07/03,小型臺指期貨,外資及陸資,121224,139378756,113470,130444907,7754,8933849,7156,8294833,3849,4461371,3307,3833462
2024/07/04,小型臺指期貨,自營商,11744,13779378,11213,13162107,531,617271,19695,23261386,11977,14149098,7718,9112288
2024/07/04,小型臺指期貨,投信,2,2362,0,0,2,2362,209,246839,16,18897,193,227942
2024/07/04,小型臺指期貨,外資及陸資,123351,144707720,120001,140732248,3350,3975472,6331,7477152,3494,4126435,2837,3350717
2024/07/05,小型臺指期貨,自營商,6758,7976658,6681,7887473,77,89186,18883,22256443,11048,13027479,7835,9228964
2024/07/05,小型臺指期貨,投信,0,0,0,0,0,0,209,246317,16,18857,193,227460
2024/07/05,小型臺指期貨,外資及陸資,73651,86964066,79685,94099989,-6034,-7135923,2770,3264535,5967,7032289,-3197,-3767754
2024/07/08,小型臺指期貨,自營商,17143,20350270,16343,19389963,800,960307,21598,25819703,12975,15513997,8623,10305706
2024/07/08,小型臺指期貨,投信,78,93179,5,5919,73,87260,280,334703,14,16736,266,317967
2024/07/08,小型臺指期貨,外資及陸資,134190,159182564,130471,154735972,3719,4446592,7973,9531254,4587,5483376,3386,4047878
2024/07/09,小型臺指期貨,自營商,21745,25964603,22463,26800900,-718,-836297,20006,23890439,11725,14007236,8281,9883203
2024/07/09,小型臺指期貨,投信,26,31027,3,3579,23,27447,304,362991,15,17911,289,345080
2024/07/09,小型臺指期貨,外資及陸資,156021,186310715,164268,196149435,-8247,-9838720,3192,3811398,8053,9615691,-4861,-5804293
2024/07/10,小型臺指期貨,自營商,16786,20037909,14998,17887193,1788,2150715,22748,27299669,12518,15027044,10230,12272625
2024/07/10,小型臺指期貨,投信,7,8354,0,0,7,8354,309,370785,13,15601,296,355184
2024/07/10,小型臺指期貨,外資及陸資,123597,147352279,119779,142781845,3818,4570434,6474,7769392,5248,6297776,1226,1471616
2024/07/11,小型臺指期貨,自營商,17203,20856987,16382,19857119,821,999868,23136,28191069,11773,14348179,11363,13842890
2024/07/11,小型臺指期貨,投信,143,174146,130,158334,13,15812,320,389866,11,13404,309,376462
2024/07/11,小型臺指期貨,外資及陸資,123019,149021606,124880,151251633,-1861,-2230028,5679,6920079,6314,7693698,-635,-773619
2024/07/12,小型臺指期貨,自營商,23132,27836288,28563,34365411,-5431,-6529123,17353,20664635,11581,13799128,5772,6865507
2024/07/12,小型臺指期貨,投信,1,1191,2,2394,-1,-1203,319,379868,11,13098,308,366770
2024/07/12,小型臺指期貨,外資及陸資,180915,217663343,190205,228902096,-9290,-11238753,4257,5068883,8194,9756837,-3937,-4687954
2024/07/15,小型臺指期貨,自營商,27961,33489029,24997,29917229,2964,3571800,18798,22419832,9982,11913160,8816,10506672
2024/07/15,小型臺指期貨,投信,11,13120,23,27431,-12,-14311,314,374496,18,21469,296,353027
2024/07/15,小型臺指期貨,外資及陸資,182398,218329751,180432,215960822,1966,2368929,4881,5821012,6852,8171682,-1971,-2350670
2024/07/16,小型臺指期貨,自營商,33501,40157783,33585,40250708,-84,-92925,18806,22564235,9974,11975335,8832,10588900
2024/07/16,小型臺指期貨,投信,89,106730,73,87530,16,19200,330,395933,18,21596,312,374337
2024/07/16,小型臺指期貨,外資及陸資,175856,210662922,172641,206806348,3215,3856573,6801,8159448,5621,6743728,1180,1415720
2024/07/17,小型臺指期貨,自營商,31687,37833840,36166,43175711,-4479,-5341871,2251,2680506,17879,21271910,-15628,-18591404
2024/07/17,小型臺指期貨,投信,10,11945,11,13146,-1,-1201,331,393542,20,23779,311,369763
2024/07/17,小型臺指期貨,外資及陸資,158697,189656120,165736,198057872,-7039,-8401752,2900,3448012,7114,8458339,-4214,-5010327
2024/07/18,小型臺指期貨,自營商,12461,14558757,13097,15307893,-636,-749136,2991,3502511,19203,22473382,-16212,-18970871
2024/07/18,小型臺指期貨,投信,1,1170,0,0,1,1170,331,387055,19,22218,312,364837
2024/07/18,小型臺指期貨,外資及陸資,207150,242124594,218205,255086198,-11055,-12961604,1824,2132923,8425,9853080,-6601,-7720157
2024/07/19,小型臺指期貨,自營商,23726,27416019,23017,26588417,709,827602,3364,3858620,19135,21939475,-15771,-18080855
2024/07/19,小型臺指期貨,投信,1,1146,5,5785,-4,-4639,327,374529,19,21762,308,352767
2024/07/19,小型臺指期貨,外資及陸資,273243,315943988,271244,313548540,1999,2395448,1162,1330942,5764,6603684,-4602,-5272742
2024/07/22,小型臺指期貨,自營商,23385,26393964,23865,26924415,-480,-530451,5328,5967976,21659,24253454,-16331,-18285478
2024/07/22,小型臺指期貨,投信,0,0,0,0,0,0,327,365815,19,21255,308,344560
2024/07/22,小型臺指期貨,外資及陸資,280525,317128698,282527,319411373,-2002,-2282675,2027,2267701,8631,9657394,-6604,-7389693
2024/07/23,小型臺指期貨,自營商,15642,17757693,13871,15733626,1771,2024068,5038,5756694,19506,22287019,-14468,-16530325
2024/07/23,小型臺指期貨,投信,1,1142,4,4557,-3,-3415,323,368785,18,20552,305,348233
2024/07/23,小型臺指期貨,外資及陸資,154337,174790847,141612,160350940,12725,14439907,5608,6403059,5647,6448560,-39,-45501
2024/07/26,小型臺指期貨,自營商,19229,21371711,18060,20090190,1169,1281521,2429,2686832,16089,17799394,-13660,-15112562
2024/07/26,小型臺指期貨,投信,0,0,0,0,0,0,323,356850,18,19886,305,336964
2024/07/26,小型臺指期貨,外資及陸資,160503,179402367,169625,189569253,-9122,-10166886,2708,2992236,11793,13030754,-9085,-10038518
2024/07/29,小型臺指期貨,自營商,14312,15976103,14188,15834298,124,141805,3851,4289069,17382,19365467,-13531,-15076398
2024/07/29,小型臺指期貨,投信,4,4448,0,0,4,4448,326,362773,17,18918,309,343855
2024/07/29,小型臺指期貨,外資及陸資,166715,185841973,164993,183919695,1722,1922278,2163,2407344,9694,10788848,-7531,-8381504
2024/07/30,小型臺指期貨,自營商,20637,22767205,19949,22011524,688,755681,4169,4642658,17027,18968187,-12858,-14325529
2024/07/30,小型臺指期貨,投信,1,1113,0,0,1,1113,326,362708,16,17802,310,344906
2024/07/30,小型臺指期貨,外資及陸資,187580,206692644,190631,210087173,-3051,-3394528,1069,1189739,11651,12964469,-10582,-11774730
2024/07/31,小型臺指期貨,自營商,21588,23921467,22729,25179348,-1141,-1257881,3016,3362303,17416,19425100,-14400,-16062797
2024/07/31,小型臺指期貨,投信,0,0,6,6683,-6,-6683,320,356544,16,17827,304,338717
2024/07/31,小型臺指期貨,外資及陸資,187612,207552654,184603,204218706,3009,3333947,3306,3683822,10892,12137149,-7586,-8453327
2024/08/01,小型臺指期貨,自營商,13598,15349164,13772,15543831,-174,-194667,3543,4015775,17710,20078308,-14167,-16062533
2024/08/01,小型臺指期貨,投信,0,0,0,0,0,0,320,362560,16,18128,304,344432
2024/08/01,小型臺指期貨,外資及陸資,161355,182001291,163081,183922560,-1726,-1921269,2898,3283643,13058,14795677,-10160,-11512034
2024/08/02,小型臺指期貨,自營商,22800,25110654,23528,25927641,-728,-816986,6071,6536486,21742,23423080,-15671,-16886594
2024/08/02,小型臺指期貨,投信,0,0,0,0,0,0,320,344416,16,17221,304,327195
2024/08/02,小型臺指期貨,外資及陸資,230437,254377975,242293,267640431,-11856,-13262457,3105,3342074,14081,15156373,-10976,-11814299
2024/08/05,小型臺指期貨,自營商,39565,40292147,35761,36347226,3804,3944921,7190,6970544,19066,18488819,-11876,-11518275
2024/08/05,小型臺指期貨,投信,0,0,31,31329,-31,-31329,289,279954,16,15499,273,264455
2024/08/05,小型臺指期貨,外資及陸資,365698,374523966,350259,358608518,15439,15915448,9324,9032409,11417,11060495,-2093,-2028086
2024/08/06,小型臺指期貨,自營商,47623,47513469,46303,46215036,1320,1298433,6621,6766479,17010,17384307,-10389,-10617828
2024/08/06,小型臺指期貨,投信,6,6163,17,17394,-11,-11231,278,284325,16,16364,262,267961
2024/08/06,小型臺指期貨,外資及陸資,438039,436750594,426717,425742350,11322,11008243,13525,13831918,10464,10699748,3061,3132170
2024/08/07,小型臺指期貨,自營商,40387,41764812,43030,44525515,-2643,-2760703,4914,5192944,18293,19334707,-13379,-14141763
2024/08/07,小型臺指期貨,投信,3,3174,0,0,3,3174,280,295988,15,15857,265,280131
2024/08/07,小型臺指期貨,外資及陸資,331728,342222807,329407,339749386,2321,2473421,6035,6379436,10270,10855960,-4235,-4476524
2024/08/08,小型臺指期貨,自營商,31053,32565146,29517,30954527,1536,1610619,7030,7273794,18951,19608025,-11921,-12334231
2024/08/08,小型臺指期貨,投信,0,0,2,2071,-2,-2071,280,289772,17,17593,263,272179
2024/08/08,小型臺指期貨,外資及陸資,281108,295273990,287148,301614590,-6040,-6340600,2438,2522686,12613,13051866,-10175,-10529180
2024/08/09,小型臺指期貨,自營商,27058,28718172,26996,28656046,62,62126,6464,6934097,18788,20167548,-12324,-13233451
2024/08/09,小型臺指期貨,投信,0,0,0,0,0,0,280,300762,17,18261,263,282501
2024/08/09,小型臺指期貨,外資及陸資,259584,275186902,252700,267852369,6884,7334533,7244,7780221,10535,11312560,-3291,-3532339
2024/08/12,小型臺指期貨,自營商,21824,23610625,21967,23774472,-143,-163846,6815,7378904,20418,22117414,-13603,-14738510
2024/08/12,小型臺指期貨,投信,1,1085,44,47715,-43,-46631,236,255777,16,17341,220,238436
2024/08/12,小型臺指期貨,外資及陸資,214351,231798882,218320,236089235,-3969,-4290353,5153,5584081,12413,13450666,-7260,-7866585
2024/08/13,小型臺指期貨,自營商,17555,19090059,16842,18314296,713,775764,6833,7431121,20092,21856924,-13259,-14425803
2024/08/13,小型臺指期貨,投信,2,2177,19,20675,-17,-18497,217,236215,14,15240,203,220975
2024/08/13,小型臺指期貨,外資及陸資,138068,150199989,137755,149869712,313,330277,5651,6150550,12542,13650359,-6891,-7499809
2024/08/14,小型臺指期貨,自營商,21627,23749224,21367,23461073,260,288151,5188,5696070,19425,21346841,-14237,-15650771
2024/08/14,小型臺指期貨,投信,3,3302,132,145112,-129,-141811,85,93483,11,12098,74,81385
2024/08/14,小型臺指期貨,外資及陸資,138805,152328557,137185,150567063,1620,1761495,5917,6506351,11012,12107964,-5095,-5601613
2024/08/15,小型臺指期貨,自營商,19258,21145992,19197,21072788,61,73204,5162,5627571,20706,22593879,-15544,-16966308
2024/08/15,小型臺指期貨,投信,0,0,2,2184,-2,-2184,85,92820,13,14196,72,78624
2024/08/15,小型臺指期貨,外資及陸資,153257,168333632,156185,171554771,-2928,-3221138,5919,6462713,13942,15221416,-8023,-8758703
2024/08/16,小型臺指期貨,自營商,19882,22053873,18105,20091659,1777,1962214,5787,6462985,19756,22078525,-13969,-15615540
2024/08/16,小型臺指期貨,投信,55,61427,54,60352,1,1075,85,94982,12,13399,73,81583
2024/08/16,小型臺指期貨,外資及陸資,133313,147990903,132783,147471117,530,519787,6627,7409880,14120,15787557,-7493,-8377677
2024/08/19,小型臺指期貨,自營商,16073,17963837,17544,19603207,-1471,-1639369,4208,4698050,20971,23429150,-16763,-18731100
2024/08/19,小型臺指期貨,投信,0,0,0,0,0,0,85,94948,12,13392,73,81556
2024/08/19,小型臺指期貨,外資及陸資,119400,133411336,121828,136129659,-2428,-2718323,5183,5793779,15104,16884016,-9921,-11090237
2024/08/20,小型臺指期貨,自營商,17053,19121416,15986,17918427,1067,1202989,2594,2907860,18898,21183644,-16304,-18275784
2024/08/20,小型臺指期貨,投信,43,48156,43,48224,0,-68,85,95213,12,13442,73,81771
2024/08/20,小型臺指期貨,外資及陸資,97689,109592446,97888,109834204,-199,-241758,4575,5131190,14695,16481684,-10120,-11350494
2024/08/21,小型臺指期貨,自營商,20452,22801457,22578,25166545,-2126,-2365088,1366,1517903,11000,12212289,-9634,-10694386
2024/08/21,小型臺指期貨,投信,0,0,2,2220,-2,-2220,85,94359,14,15541,71,78818
2024/08/21,小型臺指期貨,外資及陸資,93405,104197548,95659,106721252,-2254,-2523703,1996,2215760,4776,5301825,-2780,-3086065
2024/08/22,小型臺指期貨,自營商,8913,9872189,10104,11190818,-1191,-1318629,1772,1959782,12548,13865728,-10776,-11905946
2024/08/22,小型臺指期貨,投信,0,0,8,8836,-8,-8836,79,87295,16,17680,63,69615
2024/08/22,小型臺指期貨,外資及陸資,115416,127831723,116530,129084996,-1114,-1253273,2575,2845374,6469,7148247,-3894,-4302873
2024/08/23,小型臺指期貨,自營商,10231,11277240,10967,12089234,-736,-811994,1987,2200273,12058,13337322,-10071,-11137049
2024/08/23,小型臺指期貨,投信,0,0,0,0,0,0,79,87386,16,17698,63,69688
2024/08/23,小型臺指期貨,外資及陸資,141882,156249918,139276,153428500,2606,2821418,2993,3310698,4281,4735447,-1288,-1424749
2024/08/26,小型臺指期貨,自營商,12480,13915573,13987,15589296,-1507,-1673723,2013,2235233,13295,14760816,-11282,-12525583
2024/08/26,小型臺指期貨,投信,1,1110,0,0,1,1110,79,87730,15,16658,64,71072
2024/08/26,小型臺指期貨,外資及陸資,149473,166589119,150321,167545302,-848,-956183,4970,5519164,4110,4564121,860,955043
2024/08/27,小型臺指期貨,自營商,8757,9683826,9702,10729668,-945,-1045842,2059,2282086,14227,15756068,-12168,-13473982
2024/08/27,小型臺指期貨,投信,74,81970,2,2214,72,79755,151,167248,15,16614,136,150634
2024/08/27,小型臺指期貨,外資及陸資,99102,109615125,101515,112293923,-2413,-2678799,3773,4178939,5326,5898994,-1553,-1720055
2024/08/28,小型臺指期貨,自營商,15012,16684502,14443,16038790,569,645712,837,937197,11475,12851032,-10638,-11913835
2024/08/28,小型臺指期貨,投信,3,3361,0,0,3,3361,151,169158,12,13443,139,155715
2024/08/28,小型臺指期貨,外資及陸資,119589,132752189,114995,127650842,4594,5101347,5269,5902583,2255,2526137,3014,3376446
2024/08/29,小型臺指期貨,自營商,13632,15126691,15184,16854527,-1552,-1727836,1837,2036692,14106,15633212,-12269,-13596520
2024/08/29,小型臺指期貨,投信,0,0,3,3324,-3,-3324,151,167361,15,16625,136,150736
2024/08/29,小型臺指期貨,外資及陸資,136765,152024922,141266,157081911,-4501,-5056989,1334,1478532,5578,6182345,-4244,-4703813
2024/08/30,小型臺指期貨,自營商,11468,12802658,10144,11321306,1324,1481352,1543,1721827,11784,13147269,-10241,-11425442
2024/08/30,小型臺指期貨,投信,0,0,1,1116,-1,-1116,150,167385,15,16739,135,150646
2024/08/30,小型臺指期貨,外資及陸資,119062,132905803,116825,130387727,2237,2518076,2085,2326639,4315,4815080,-2230,-2488441
2024/09/02,小型臺指期貨,自營商,11572,12891549,12675,14115844,-1103,-1224295,1851,2056420,13043,14485466,-11192,-12429046
2024/09/02,小型臺指期貨,投信,0,0,7,7777,-7,-7777,145,161037,17,18880,128,142157
2024/09/02,小型臺指期貨,外資及陸資,119379,132923106,123431,137453243,-4052,-4530137,2668,2963068,5922,6576921,-3254,-3613853
2024/09/03,小型臺指期貨,自營商,10717,11877760,11025,12218562,-308,-340802,1775,1957048,12937,14261138,-11162,-12304090
2024/09/03,小型臺指期貨,投信,0,0,1,1104,-1,-1104,145,159870,18,19846,127,140024
2024/09/03,小型臺指期貨,外資及陸資,83970,93104136,81639,90523832,2331,2580304,2908,3206231,4377,4825894,-1469,-1619663
2024/09/04,小型臺指期貨,自營商,22209,23695161,21885,23413814,324,281346,2223,2327938,12569,13162954,-10346,-10835016
2024/09/04,小型臺指期貨,投信,0,0,2,2094,-2,-2094,144,150768,19,19893,125,130875
2024/09/04,小型臺指期貨,外資及陸資,215997,231144496,210619,225454905,5378,5689591,5190,5433981,2265,2371712,2925,3062269
2024/09/05,小型臺指期貨,自營商,13854,14711385,14873,15790607,-1019,-1079223,1439,1524382,11075,11731320,-9636,-10206938
2024/09/05,小型臺指期貨,投信,1,1059,1,1059,0,0,145,153577,20,21183,125,132394
2024/09/05,小型臺指期貨,外資及陸資,169286,179736050,162592,172635555,6694,7100494,7069,7487184,2571,2723226,4498,4763958
2024/09/06,小型臺指期貨,自營商,14040,14938550,14315,15237145,-275,-298595,1805,1924441,11227,11966269,-9422,-10041828
2024/09/06,小型臺指期貨,投信,3,3197,0,0,3,3197,145,154541,17,18119,128,136422
2024/09/06,小型臺指期貨,外資及陸資,168328,179180421,166757,177491528,1571,1688894,4306,4589351,2721,2900050,1585,1689301
2024/09/09,小型臺指期貨,自營商,22117,23207247,22912,24067279,-795,-860032,2663,2807641,12679,13365228,-10016,-10557587
2024/09/09,小型臺指期貨,投信,4,4190,0,0,4,4190,149,157068,17,17921,132,139147
2024/09/09,小型臺指期貨,外資及陸資,214661,225365024,213317,224118975,1344,1246049,5880,6198384,2985,3146684,2895,3051700
2024/09/10,小型臺指期貨,自營商,12969,13708138,13507,14275466,-538,-567327,3273,3437947,13508,14186678,-10235,-10748731
2024/09/10,小型臺指期貨,投信,0,0,3,3152,-3,-3152,146,153337,17,17854,129,135483
2024/09/10,小型臺指期貨,外資及陸資,148868,157386098,147881,156369356,987,1016742,7143,7501920,3288,3453234,3855,4048686
2024/09/11,小型臺指期貨,自營商,14953,15723382,14033,14756725,920,966658,2996,3146956,12153,12764297,-9157,-9617341
2024/09/11,小型臺指期貨,投信,2,2099,0,0,2,2099,148,155444,17,17855,131,137589
2024/09/11,小型臺指期貨,外資及陸資,139467,146583766,141022,148224839,-1555,-1641074,5779,6069702,3190,3350546,2589,2719156
2024/09/12,小型臺指期貨,自營商,21693,23201467,21771,23264294,-78,-62827,5047,5478429,14302,15520700,-9255,-10042271
2024/09/12,小型臺指期貨,投信,109,118234,108,117080,1,1153,145,157389,13,14107,132,143282
2024/09/12,小型臺指期貨,外資及陸資,175245,187067916,171036,182634682,4209,4433234,8908,9666611,2107,2286601,6801,7380010
2024/09/13,小型臺指期貨,自營商,11398,12384025,11305,12284915,93,99110,4970,5423475,14108,15390907,-9138,-9967432
2024/09/13,小型臺指期貨,投信,17,18519,13,14182,4,4337,149,162587,13,14188,136,148399
2024/09/13,小型臺指期貨,外資及陸資,106937,116148237,107935,117225175,-998,-1076938,8393,9154757,2880,3141720,5513,6013037
2024/09/16,小型臺指期貨,自營商,10193,11122389,10765,11745573,-572,-623183,5022,5481206,13188,14388265,-8166,-8907059
2024/09/16,小型臺指期貨,投信,39,42587,44,48003,-5,-5416,144,157205,13,14192,131,143013
2024/09/16,小型臺指期貨,外資及陸資,72007,78553272,73307,79971021,-1300,-1417748,7147,7796173,2855,3115037,4292,4681136
2024/09/18,小型臺指期貨,自營商,19220,20889104,21684,23567915,-2464,-2678812,1578,1711890,8208,8904363,-6630,-7192473
2024/09/18,小型臺指期貨,投信,0,0,2,2170,-2,-2170,144,156197,15,16271,129,139926
2024/09/18,小型臺指期貨,外資及陸資,88836,96530194,91056,98946256,-2220,-2416062,2263,2454699,3707,4021024,-1444,-1566325
2024/09/19,小型臺指期貨,自營商,12952,14134917,11032,12043019,1920,2091898,2791,3080335,7618,8408022,-4827,-5327687
2024/09/19,小型臺指期貨,投信,7,7656,0,0,7,7656,148,163355,12,13245,136,150110
2024/09/19,小型臺指期貨,外資及陸資,123671,134874669,123301,134471254,370,403415,4074,4496682,4570,5044133,-496,-547451
2024/09/20,小型臺指期貨,自營商,9553,10640431,10628,11836058,-1075,-1195627,2618,2907857,8626,9581998,-6008,-6674141
2024/09/20,小型臺指期貨,投信,0,0,0,0,0,0,148,164398,12,13330,136,151068
2024/09/20,小型臺指期貨,外資及陸資,107812,120045015,109246,121631324,-1434,-1586309,3517,3906698,2471,2744821,1046,1161877
2024/09/23,小型臺指期貨,自營商,6465,7199729,8216,9148767,-1751,-1949037,2288,2555545,9926,11088516,-7638,-8532971
2024/09/23,小型臺指期貨,投信,1,1117,4,4472,-3,-3355,144,160834,11,12286,133,148548
2024/09/23,小型臺指期貨,外資及陸資,85873,95565063,86789,96582790,-916,-1017727,5425,6059202,5109,5706280,316,352922
2024/09/24,小型臺指期貨,自營商,12029,13418900,11069,12342781,960,1076118,3061,3442422,9617,10816152,-6556,-7373730
2024/09/24,小型臺指期貨,投信,2,2250,0,0,2,2250,144,161950,9,10122,135,151828
2024/09/24,小型臺指期貨,外資及陸資,99240,110678581,93369,104117604,5871,6560977,6533,7347557,601,675949,5932,6671608
2024/09/25,小型臺指期貨,自營商,11284,12834540,12739,14492982,-1455,-1658442,3012,3433104,10282,11720083,-7270,-8286979
2024/09/25,小型臺指期貨,投信,0,0,2,2281,-2,-2281,142,161823,9,10256,133,151567
2024/09/25,小型臺指期貨,外資及陸資,100265,113992096,99814,113458654,451,533441,7840,8934799,1458,1661726,6382,7273073
2024/09/26,小型臺指期貨,自營商,9363,10752806,9340,10723391,23,29415,3373,3871983,10432,11977375,-7059,-8105392
2024/09/26,小型臺指期貨,投信,1,1148,0,0,1,1148,142,162995,8,9183,134,153812
2024/09/26,小型臺指期貨,外資及陸資,94230,108143762,97262,111624633,-3032,-3480871,6554,7523399,2928,3361170,3626,4162229
2024/09/27,小型臺指期貨,自營商,11077,12804892,11575,13386183,-498,-581291,2814,3220613,10663,12207172,-7849,-8986559
2024/09/27,小型臺指期貨,投信,0,0,0,0,0,0,142,162533,8,9157,134,153376
2024/09/27,小型臺指期貨,外資及陸資,134411,155499968,136315,157701640,-1904,-2201672,6046,6920624,4776,5467031,1270,1453593
2024/09/30,小型臺指期貨,自營商,14751,16704421,15373,17421497,-622,-717076,2561,2858640,11834,13215425,-9273,-10356785
2024/09/30,小型臺指期貨,投信,0,0,6,6698,-6,-6698,142,158515,14,15628,128,142887
2024/09/30,小型臺指期貨,外資及陸資,141436,160649746,145468,165191998,-4032,-4542252,5624,6278425,3402,3798236,2222,2480189
2024/10/01,小型臺指期貨,自營商,11392,12703839,10832,12079467,560,624372,3361,3762950,11844,13263988,-8483,-9501038
2024/10/01,小型臺指期貨,投信,0,0,3,3358,-3,-3358,139,155617,14,15674,125,139943
2024/10/01,小型臺指期貨,外資及陸資,121789,135727478,123588,137721418,-1799,-1993941,5432,6081573,1871,2094950,3561,3986623
2024/10/04,小型臺指期貨,自營商,18171,20235659,17136,19076968,1035,1158691,3122,3479795,10800,12040721,-7678,-8560926
2024/10/04,小型臺指期貨,投信,0,0,1,1115,-1,-1115,139,154902,15,16716,124,138186
2024/10/04,小型臺指期貨,外資及陸資,161955,179931959,159323,177006323,2632,2925635,8036,8955560,2143,2388562,5893,6566998
2024/10/07,小型臺指期貨,自營商,13604,15380474,13652,15433210,-48,-52736,3349,3814337,10803,12305062,-7454,-8490725
2024/10/07,小型臺指期貨,投信,1,1138,0,0,1,1138,139,158231,14,15937,125,142294
2024/10/07,小型臺指期貨,外資及陸資,133889,151039410,136267,153689919,-2378,-2650509,8989,10233425,4745,5402022,4244,4831403
2024/10/08,小型臺指期貨,自營商,13166,14853183,12310,13890514,856,962670,3961,4472713,10878,12291197,-6917,-7818484
2024/10/08,小型臺指期貨,投信,0,0,2,2258,-2,-2258,139,156917,16,18062,123,138855
2024/10/08,小型臺指期貨,外資及陸資,109682,123784847,110687,124934559,-1005,-1149712,8022,9056774,4783,5400839,3239,3655935
2024/10/09,小型臺指期貨,自營商,12587,14322718,12112,13779227,475,543491,3585,4071139,10415,11830189,-6830,-7759050
2024/10/09,小型臺指期貨,投信,1,1135,0,0,1,1135,139,157758,15,17024,124,140734
2024/10/09,小型臺指期貨,外資及陸資,103990,118215966,102587,116614556,1403,1601411,7110,8070097,2790,3167465,4320,4902632
2024/10/11,小型臺指期貨,自營商,12353,14132862,11989,13710507,364,422355,4821,5527950,11215,12858831,-6394,-7330881
2024/10/11,小型臺指期貨,投信,82,94117,76,87049,6,7068,143,164006,13,14892,130,149114
2024/10/11,小型臺指期貨,外資及陸資,100548,114736953,98171,112015558,2377,2721395,9393,10761370,2583,2960093,6810,7801277
2024/10/14,小型臺指期貨,自營商,12579,14448746,13351,15328443,-772,-879697,4377,5041436,11818,13609287,-7441,-8567851
2024/10/14,小型臺指期貨,投信,55,63338,44,50652,11,12686,156,179761,15,17297,141,162464
2024/10/14,小型臺指期貨,外資及陸資,94034,107895613,90322,103621080,3712,4274533,12897,14837387,2375,2733068,10522,12104319
2024/10/15,小型臺指期貨,自營商,15339,17836955,14691,17089812,648,747143,4383,5096372,10800,12557261,-6417,-7460889
2024/10/15,小型臺指期貨,投信,61,71067,46,53459,15,17608,172,200277,16,18630,156,181647
2024/10/15,小型臺指期貨,外資及陸資,79466,92225912,81389,94422056,-1923,-2196144,11459,13312982,2967,3448010,8492,9864972
2024/10/16,小型臺指期貨,自營商,28661,33041419,30499,35188765,-1838,-2147346,1498,1727870,10256,11829452,-8758,-10101582
2024/10/16,小型臺指期貨,投信,2,2306,24,27675,-22,-25369,150,172958,16,18449,134,154509
2024/10/16,小型臺指期貨,外資及陸資,118458,136453854,121713,140216685,-3255,-3762831,3273,3773966,5020,5788347,-1747,-2014381
2024/10/17,小型臺指期貨,自營商,8390,9719164,7635,8837477,755,881687,2386,2775061,9682,11261385,-7296,-8486324
2024/10/17,小型臺指期貨,投信,4,4651,0,0,4,4651,152,176746,14,16279,138,160467
2024/10/17,小型臺指期貨,外資及陸資,96323,111474976,99086,114671483,-2763,-3196507,2707,3147762,6788,7893222,-4081,-4745460
2024/10/18,小型臺指期貨,自營商,14212,16854322,16761,19870981,-2549,-3016659,1729,2045391,11009,13023857,-9280,-10978466
2024/10/18,小型臺指期貨,投信,0,0,1,1183,-1,-1183,152,179793,15,17743,137,162050
2024/10/18,小型臺指期貨,外資及陸資,154350,183123075,150162,178136604,4188,4986471,5460,6458423,4670,5523976,790,934447
2024/10/21,小型臺指期貨,自營商,5863,6958605,7468,8855318,-1605,-1896712,1667,1965593,12337,14544387,-10670,-12578794
2024/10/21,小型臺指期貨,投信,11,12973,5,5894,6,7079,158,186235,15,17681,143,168554
2024/10/21,小型臺指期貨,外資及陸資,78594,93317296,83773,99458578,-5179,-6141282,4704,5544629,8459,9970731,-3755,-4426102
2024/10/22,小型臺指期貨,自營商,9954,11708346,9405,11060520,549,647826,1744,2060977,11957,14127105,-10213,-12066128
2024/10/22,小型臺指期貨,投信,14,16537,0,0,14,16537,172,203141,15,17716,157,185425
2024/10/22,小型臺指期貨,外資及陸資,116078,136538391,115355,135672733,723,865658,5737,6775723,4589,5420049,1148,1355674
2024/10/23,小型臺指期貨,自營商,8996,10553669,9172,10763271,-176,-209602,1015,1189940,11453,13412163,-10438,-12222223
2024/10/23,小型臺指期貨,投信,0,0,2,2341,-2,-2341,172,201317,17,19898,155,181419
2024/10/23,小型臺指期貨,外資及陸資,92774,108986662,98744,115996184,-5970,-7009522,4135,4839811,8393,9824093,-4258,-4984282
2024/10/24,小型臺指期貨,自營商,9953,11608330,9872,11514148,81,94182,1282,1495120,11737,13675599,-10455,-12180479
2024/10/24,小型臺指期貨,投信,0,0,19,22111,-19,-22111,155,180498,19,22126,136,158372
2024/10/24,小型臺指期貨,外資及陸資,121924,142201543,120482,140508219,1442,1693323,5785,6736648,8588,10001436,-2803,-3264788
2024/10/25,小型臺指期貨,自營商,6887,8046966,6756,7891179,131,155786,1833,2154403,12192,14317583,-10359,-12163180
2024/10/25,小型臺指期貨,投信,2,2347,2,2345,0,2,153,179591,17,19955,136,159636
2024/10/25,小型臺指期貨,外資及陸資,82994,96872913,79717,93051925,3277,3820989,7585,8903283,6895,8093901,690,809382
2024/10/28,小型臺指期貨,自營商,12256,14377792,12451,14603115,-195,-225323,1571,1832936,11974,13969545,-10403,-12136609
2024/10/28,小型臺指期貨,投信,0,0,0,0,0,0,153,178413,17,19824,136,158589
2024/10/28,小型臺指期貨,外資及陸資,111548,130961647,117248,137657963,-5700,-6696315,6842,7978508,6301,7348378,541,630130
2024/10/29,小型臺指期貨,自營商,14014,16092542,12782,14679529,1232,1413014,2254,2591155,11474,13189722,-9220,-10598567
2024/10/29,小型臺指期貨,投信,0,0,15,17246,-15,-17246,141,162002,20,22979,121,139023
2024/10/29,小型臺指期貨,外資及陸資,128969,148294187,128614,147892613,355,401574,5731,6584692,6709,7709061,-978,-1124369
2024/10/30,小型臺指期貨,自營商,9250,10638711,9770,11239610,-520,-600899,1796,2059363,11430,13095397,-9634,-11036034
2024/10/30,小型臺指期貨,投信,0,0,0,0,0,0,141,161452,20,22901,121,138551
2024/10/30,小型臺指期貨,外資及陸資,102640,118080190,97584,112275251,5056,5804939,9696,11102506,5762,6598807,3934,4503699
2024/11/01,小型臺指期貨,自營商,13029,14737950,12801,14488262,228,249688,1554,1771986,11036,12569951,-9482,-10797965
2024/11/01,小型臺指期貨,投信,1,1140,1,1139,0,1,142,161646,21,23905,121,137741
2024/11/01,小型臺指期貨,外資及陸資,133209,150892704,132844,150477911,365,414793,9073,10328431,4803,5469098,4270,4859333
2024/11/04,小型臺指期貨,自營商,10128,11591405,9601,10985600,527,605805,2416,2785220,11310,13029810,-8894,-10244590
2024/11/04,小型臺指期貨,投信,3,3455,2,2303,1,1152,140,161252,18,20732,122,140520
2024/11/04,小型臺指期貨,外資及陸資,104352,119352220,101981,116654827,2371,2697393,10983,12650262,3880,4468993,7103,8181269
2024/11/05,小型臺指期貨,自營商,10469,12043232,10099,11614737,370,428495,2686,3110005,11232,12997965,-8546,-9887960
2024/11/05,小型臺指期貨,投信,1,1157,0,0,1,1157,140,161959,17,19666,123,142293
2024/11/05,小型臺指期貨,外資及陸資,103036,118458491,106395,122330309,-3359,-3871818,8711,10077415,3610,4176842,5101,5900573
2024/11/06,小型臺指期貨,自營商,14883,17304982,15544,18061100,-661,-756118,2104,2456756,10987,12816256,-8883,-10359500
2024/11/06,小型臺指期貨,投信,2,2332,0,0,2,2332,140,163233,15,17489,125,145744
2024/11/06,小型臺指期貨,外資及陸資,126667,147159692,128340,149107779,-1673,-1948086,7931,9247256,4144,4832315,3787,4414941
2024/11/07,小型臺指期貨,自營商,15105,17614675,14076,16406270,1029,1208405,3013,3548791,11173,13148319,-8160,-9599528
2024/11/07,小型臺指期貨,投信,3,3528,0,0,3,3528,140,164675,12,14115,128,150560
2024/11/07,小型臺指期貨,外資及陸資,148898,173421270,147614,171891671,1284,1529599,9076,10675711,3874,4557581,5202,6118130
2024/11/08,小型臺指期貨,自營商,10739,12709233,9959,11783741,780,925492,3203,3811556,10614,12621318,-7411,-8809762
2024/11/08,小型臺指期貨,投信,1,1189,0,0,1,1189,140,166418,11,13076,129,153342
2024/11/08,小型臺指期貨,外資及陸資,102030,120662554,95764,113242857,6266,7419697,8428,10018445,3571,4245323,4857,5773122
2024/11/11,小型臺指期貨,自營商,13461,15845633,14461,17027110,-1000,-1181477,2067,2438617,10860,12805715,-8793,-10367098
2024/11/11,小型臺指期貨,投信,0,0,0,0,0,0,140,165004,11,12965,129,152039
2024/11/11,小型臺指期貨,外資及陸資,107464,126453216,123128,144950525,-15664,-18497309,6556,7726996,7592,8949084,-1036,-1222088
2024/11/12,小型臺指期貨,自營商,15282,17690512,16089,18621412,-807,-930900,2234,2558107,11699,13390016,-9465,-10831909
2024/11/12,小型臺指期貨,投信,0,0,1,1144,-1,-1144,140,160125,12,13725,128,146400
2024/11/12,小型臺指期貨,外資及陸資,128447,148733302,127135,147223920,1312,1509382,7348,8404392,7660,8763094,-312,-358702
2024/11/13,小型臺指期貨,自營商,15178,17339257,14870,16983897,308,355361,2304,2628225,10995,12534084,-8691,-9905859
2024/11/13,小型臺指期貨,投信,0,0,1,1139,-1,-1139,140,159502,13,14811,127,144691
2024/11/13,小型臺指期貨,外資及陸資,137232,156694896,131826,150524061,5406,6170834,9451,10767661,4988,5684134,4463,5083527
2024/11/14,小型臺指期貨,自營商,15369,17524803,15695,17898233,-326,-373431,2564,2912608,11676,13257732,-9112,-10345124
2024/11/14,小型臺指期貨,投信,0,0,4,4541,-4,-4541,140,158844,17,19288,123,139556
2024/11/14,小型臺指期貨,外資及陸資,148521,169278571,150599,171651708,-2078,-2373137,8371,9498054,6224,7063382,2147,2434672
2024/11/15,小型臺指期貨,自營商,11184,12753607,12036,13720855,-852,-967248,3377,3848933,13320,15171505,-9943,-11322572
2024/11/15,小型臺指期貨,投信,117,133408,92,104795,25,28613,160,182246,12,13675,148,168571
2024/11/15,小型臺指期貨,外資及陸資,111456,127007206,108075,123154900,3381,3852306,10536,11991512,5058,5758447,5478,6233065
2024/11/18,小型臺指期貨,自營商,15173,17188470,15664,17745043,-491,-556574,2246,2540117,13283,15010066,-11037,-12469949
2024/11/18,小型臺指期貨,投信,29,32793,38,42927,-9,-10134,154,174031,15,16956,139,157075
2024/11/18,小型臺指期貨,外資及陸資,112407,127309862,112219,127081740,188,228123,11525,13008286,6455,7289150,5070,5719136
2024/11/19,小型臺指期貨,自營商,21500,24417362,21826,24779292,-326,-361931,2919,3341050,13878,15873359,-10959,-12532309
2024/11/19,小型臺指期貨,投信,29,33177,29,33117,0,60,154,176292,15,17171,139,159121
2024/11/19,小型臺指期貨,外資及陸資,118595,134330454,111813,126653865,6782,7676589,9557,10920810,4803,5490834,4754,5429976
2024/11/20,小型臺指期貨,自營商,23018,26261254,24036,27438547,-1018,-1177293,1502,1715235,10420,11877557,-8918,-10162322
2024/11/20,小型臺指期貨,投信,2,2279,2,2278,0,1,156,177676,17,19362,139,158314
2024/11/20,小型臺指期貨,外資及陸資,99975,114027849,107860,123040864,-7885,-9013015,1298,1478357,7173,8170007,-5875,-6691650
2024/11/21,小型臺指期貨,自營商,8012,9074319,8053,9120670,-41,-46351,1623,1836594,10860,12267721,-9237,-10431127
2024/11/21,小型臺指期貨,投信,0,0,3,3387,-3,-3387,155,174956,19,21446,136,153510
2024/11/21,小型臺指期貨,外資及陸資,104385,118173307,111610,126347321,-7225,-8174014,766,864666,5447,6148972,-4681,-5284306
2024/11/22,小型臺指期貨,自營商,12042,13742787,10942,12475038,1100,1267749,2925,3374226,10241,11800774,-7316,-8426548
2024/11/22,小型臺指期貨,投信,1,1152,0,0,1,1152,155,178498,18,20729,137,157769
2024/11/22,小型臺指期貨,外資及陸資,150983,171773180,137892,156878691,13091,14894489,5668,6527572,2645,3046119,3023,3481453
2024/11/25,小型臺指期貨,自營商,7221,8346108,8388,9696331,-1167,-1350222,2801,3235373,11926,13760796,-9125,-10525423
2024/11/25,小型臺指期貨,投信,0,0,0,0,0,0,155,178731,18,20756,137,157975
2024/11/25,小型臺指期貨,外資及陸資,83018,95894531,93905,108472360,-10887,-12577829,2407,2775521,5204,6001220,-2797,-3225699
2024/11/26,小型臺指期貨,自營商,9750,11114035,9929,11318675,-179,-204640,3232,3662808,12758,14450315,-9526,-10787507
2024/11/26,小型臺指期貨,投信,0,0,0,0,0,0,155,175414,18,20371,137,155043
2024/11/26,小型臺指期貨,外資及陸資,93712,106873243,100057,114135566,-6345,-7262323,1790,2025749,5522,6250406,-3732,-4224657
2024/11/27,小型臺指期貨,自營商,10042,11333894,10125,11426456,-83,-92562,2129,2384293,12344,13808118,-10215,-11423825
2024/11/27,小型臺指期貨,投信,1,1118,2,2236,-1,-1118,156,174346,20,22352,136,151994
2024/11/27,小型臺指期貨,外資及陸資,96074,108474731,94202,106364410,1872,2110321,3870,4325121,5533,6185210,-1663,-1860089
2024/11/28,小型臺指期貨,自營商,9747,10867016,9066,10107670,681,759346,1422,1593505,11478,12827988,-10056,-11234483
2024/11/28,小型臺指期貨,投信,0,0,1,1116,-1,-1116,156,174174,21,23447,135,150727
2024/11/28,小型臺指期貨,外資及陸資,122766,136774709,121459,135315292,1307,1459417,3992,4457100,4481,5004615,-489,-547515
2024/11/29,小型臺指期貨,自營商,8363,9304364,8091,9004452,272,299912,2041,2282565,11711,13074334,-9670,-10791769
2024/11/29,小型臺指期貨,投信,0,0,0,0,0,0,156,173995,21,23422,135,150573
2024/11/29,小型臺指期貨,外資及陸資,83643,93052085,83899,93337041,-256,-284956,3478,3879230,4416,4926945,-938,-1047715
2024/12/02,小型臺指期貨,自營商,11678,13185897,10485,11826235,1193,1359662,3737,4272333,12112,13830313,-8375,-9557980
2024/12/02,小型臺指期貨,投信,0,0,0,0,0,0,156,178012,21,23963,135,154049
2024/12/02,小型臺指期貨,外資及陸資,96732,108963294,87713,98788599,9019,10174695,5092,5810570,3880,4428438,1212,1382132
2024/12/03,小型臺指期貨,自營商,8642,9963582,7896,9101511,746,862071,4577,5298210,12237,14149004,-7660,-8850794
2024/12/03,小型臺指期貨,投信,0,0,0,0,0,0,156,180266,21,24267,135,155999
2024/12/03,小型臺指期貨,外資及陸資,87404,100664368,84057,96810568,3347,3853800,8223,9502127,3873,4476762,4350,5025365
2024/12/04,小型臺指期貨,自營商,9014,10431906,8417,9739635,597,692270,5510,6427138,12811,14925847,-7301,-8498709
2024/12/04,小型臺指期貨,投信,2,2328,0,0,2,2328,156,181631,19,22122,137,159509
2024/12/04,小型臺指期貨,外資及陸資,89308,103178159,89758,103700232,-450,-522073,4582,5334914,4114,4791288,468,543626
2024/12/05,小型臺指期貨,自營商,5505,6409584,5353,6233624,152,175960,5465,6366752,12703,14779142,-7238,-8412390
2024/12/05,小型臺指期貨,投信,0,0,1,1162,-1,-1162,156,181366,20,23252,136,158114
2024/12/05,小型臺指期貨,外資及陸資,71379,83080809,73554,85611992,-2175,-2531182,4509,5242199,6216,7228716,-1707,-1986517
2024/12/06,小型臺指期貨,自營商,6759,7869045,7179,8357056,-420,-488011,5209,6049798,12879,14937951,-7670,-8888153
2024/12/06,小型臺指期貨,投信,0,0,1,1159,-1,-1159,156,180804,21,24339,135,156465
2024/12/06,小型臺指期貨,外資及陸資,80759,94026970,78863,91814077,1896,2212893,5665,6565765,5476,6348896,189,216869
2024/12/09,小型臺指期貨,自營商,5975,6945127,6022,6998262,-47,-53136,5020,5849615,12654,14724360,-7634,-8874745
2024/12/09,小型臺指期貨,投信,0,0,0,0,0,0,156,181350,21,24413,135,156937
2024/12/09,小型臺指期貨,外資及陸資,73242,85104911,74534,86607089,-1292,-1502178,5050,5870715,6209,7220394,-1159,-1349679
2024/12/10,小型臺指期貨,自營商,12093,14046850,13487,15667296,-1394,-1620446,3746,4335360,12760,14742272,-9014,-10406912
2024/12/10,小型臺指期貨,投信,0,0,2,2308,-2,-2308,156,180008,23,26540,133,153468
2024/12/10,小型臺指期貨,外資及陸資,95937,111538067,95637,111177405,300,360662,5886,6791877,6540,7549751,-654,-757874
2024/12/11,小型臺指期貨,自營商,11555,13266734,12452,14298762,-897,-1032028,2366,2713189,12067,13805068,-9701,-11091879
2024/12/11,小型臺指期貨,投信,2,2290,4,4569,-2,-2279,157,179354,26,29701,131,149653
2024/12/11,小型臺指期貨,外資及陸資,84923,97529988,88630,101798993,-3707,-4269005,5649,6453219,9817,11218715,-4168,-4765496
2024/12/12,小型臺指期貨,自營商,10960,12663116,10757,12421985,203,241131,3650,4231585,13193,15264989,-9543,-11033404
2024/12/12,小型臺指期貨,投信,26,30030,15,17363,11,12667,157,181395,15,17369,142,164026
2024/12/12,小型臺指期貨,外資及陸資,80865,93192714,78930,90967757,1935,2224958,6236,7205081,8041,9293846,-1805,-2088765
2024/12/13,小型臺指期貨,自營商,11047,12711552,11455,13183321,-408,-471769,2748,3169520,12835,14773859,-10087,-11604339
2024/12/13,小型臺指期貨,投信,100,115234,99,113849,1,1385,158,181808,15,17273,143,164535
2024/12/13,小型臺指期貨,外資及陸資,87991,101145584,90040,103501291,-2049,-2355706,5918,6802139,6158,7081746,-240,-279607
2024/12/16,小型臺指期貨,自營商,15040,17391153,15394,17804760,-354,-413607,2408,2775077,12832,14758690,-10424,-11983613
2024/12/16,小型臺指期貨,投信,15,17402,12,13881,3,3520,162,186305,16,18411,146,167894
2024/12/16,小型臺指期貨,外資及陸資,102109,117991753,100827,116510447,1282,1481306,7381,8478869,6315,7257916,1066,1220953
2024/12/17,小型臺指期貨,自營商,12615,14585613,12306,14228737,309,356877,2767,3195554,12336,14233631,-9569,-11038077
2024/12/17,小型臺指期貨,投信,48,55418,45,51822,3,3596,163,188232,14,16167,149,172065
2024/12/17,小型臺指期貨,外資及陸資,79222,91496085,76814,88714167,2408,2781917,8800,10138388,5424,6253392,3376,3884996
2024/12/18,小型臺指期貨,自營商,18523,21327906,16405,18897770,2118,2430136,1382,1607292,5846,6785463,-4464,-5178171
2024/12/18,小型臺指期貨,投信,0,0,0,0,0,0,163,188909,14,16225,149,172684
2024/12/18,小型臺指期貨,外資及陸資,91604,105410268,89043,102469204,2561,2941064,3945,4572131,4555,5279082,-610,-706951
2024/12/19,小型臺指期貨,自營商,10546,12125911,10753,12358737,-207,-232826,2765,3164924,7545,8632838,-4780,-5467914
2024/12/19,小型臺指期貨,投信,0,0,3,3429,-3,-3429,163,186244,17,19424,146,166820
2024/12/19,小型臺指期貨,外資及陸資,105334,121050663,114258,131385989,-8924,-10335326,1482,1693341,4660,5325041,-3178,-3631700
2024/12/20,小型臺指期貨,自營商,9303,10586244,9288,10570947,15,15297,3697,4189531,8518,9656026,-4821,-5466495
2024/12/20,小型臺指期貨,投信,0,0,2,2263,-2,-2263,163,184443,19,21499,144,162944
2024/12/20,小型臺指期貨,外資及陸資,97352,110981323,99671,113625880,-2319,-2644556,1285,1454147,6782,7675325,-5497,-6221178
2024/12/23,小型臺指期貨,自營商,11534,13254119,11252,12915343,282,338776,3467,4033725,7302,8490100,-3835,-4456375
2024/12/23,小型臺指期貨,投信,2,2323,4,4591,-2,-2268,159,184702,17,19748,142,164954
2024/12/23,小型臺指期貨,外資及陸資,111873,127970704,98391,112535578,13482,15435125,10370,12046738,2710,3148126,7660,8898612
2024/12/24,小型臺指期貨,自營商,7681,8949879,7719,8996263,-38,-46384,2636,3065862,6558,7621214,-3922,-4555352
2024/12/24,小型臺指期貨,投信,2,2320,4,4666,-2,-2345,157,182128,17,19721,140,162407
2024/12/24,小型臺指期貨,外資及陸資,74173,86331096,79705,92773184,-5532,-6442088,7502,8702989,4418,5125279,3084,3577710
2024/12/25,小型臺指期貨,自營商,6778,7901731,6130,7144305,648,757426,2664,3114511,6048,7065626,-3384,-3951115
2024/12/25,小型臺指期貨,投信,2,2333,0,0,2,2333,157,183109,15,17495,142,165614
2024/12/25,小型臺指期貨,外資及陸資,42579,49601630,42213,49172574,366,429055,7023,8191314,3573,4167334,3450,4023980
2024/12/26,小型臺指期貨,自營商,3531,4122948,3771,4404008,-240,-281060,2408,2816211,5959,6963193,-3551,-4146982
2024/12/26,小型臺指期貨,投信,1,1166,1,1166,0,0,158,184275,16,18661,142,165614
2024/12/26,小型臺指期貨,外資及陸資,27393,31962716,31219,36426084,-3826,-4463369,4361,5086549,4012,4679492,349,407057
2024/12/27,小型臺指期貨,自營商,6079,7083166,4749,5529668,1330,1553497,3880,4542574,6175,7229781,-2295,-2687207
2024/12/27,小型臺指期貨,投信,0,0,0,0,0,0,158,184639,16,18698,142,165941
2024/12/27,小型臺指期貨,外資及陸資,61708,71832369,58630,68246446,3078,3585923,6106,7135765,2940,3435960,3166,3699805
2024/12/30,小型臺指期貨,自營商,5873,6825428,5748,6683092,125,142336,4028,4675848,6256,7265533,-2228,-2589685
2024/12/30,小型臺指期貨,投信,0,0,2,2317,-2,-2317,158,183051,18,20854,140,162197
2024/12/30,小型臺指期貨,外資及陸資,64875,75342606,71501,83047562,-6626,-7704956,2489,2883675,5653,6550576,-3164,-3666901
2024/12/31,小型臺指期貨,自營商,7907,9112987,7963,9177043,-56,-64056,3714,4287623,6101,7048353,-2387,-2760730
2024/12/31,小型臺指期貨,投信,5,5761,1,1152,4,4609,163,187809,19,21892,144,165917
2024/12/31,小型臺指期貨,外資及陸資,77411,89178858,79335,91383624,-1924,-2204766,2896,3336834,3244,3739413,-348,-402579
2025/01/02,小型臺指期貨,自營商,11815,13532412,14076,16117882,-2261,-2585469,2852,3266486,7403,8482032,-4551,-5215546
2025/01/02,小型臺指期貨,投信,0,0,26,29744,-26,-29744,137,156475,19,21701,118,134774
2025/01/02,小型臺指期貨,外資及陸資,85869,98503282,89485,102620323,-3616,-4117041,2355,2689763,6074,6940003,-3719,-4250240
2025/01/03,小型臺指期貨,自營商,12922,14853102,12760,14651569,162,201533,3964,4564609,8216,9459242,-4252,-4894633
2025/01/03,小型臺指期貨,投信,3,3446,0,0,3,3446,137,157392,16,18382,121,139010
2025/01/03,小型臺指期貨,外資及陸資,106781,122458444,99377,113947271,7404,8511173,6873,7896219,3361,3862938,3512,4033281
2025/01/06,小型臺指期貨,自營商,17687,20682458,12651,14784878,5036,5897580,8951,10581849,8200,9691296,751,890553
2025/01/06,小型臺指期貨,投信,4,4721,1,1180,3,3540,136,160521,12,14164,124,146357
2025/01/06,小型臺指期貨,外資及陸資,86018,100176699,74634,86895867,11384,13280833,8510,10044977,2995,3535176,5515,6509801
2025/01/07,小型臺指期貨,自營商,12769,15224171,13773,16421971,-1004,-1197801,7128,8480990,7344,8734847,-216,-253857
2025/01/07,小型臺指期貨,投信,1,1187,0,0,1,1187,136,161446,11,13058,125,148388
2025/01/07,小型臺指期貨,外資及陸資,91689,109308755,89942,107216302,1747,2092453,9757,11582884,2495,2962598,7262,8620286
2025/01/08,小型臺指期貨,自營商,12889,15221482,15555,18363065,-2666,-3141583,4198,4935287,6765,7950194,-2567,-3014907
2025/01/08,小型臺指期貨,投信,0,0,3,3518,-3,-3518,136,159453,14,16414,122,143039
2025/01/08,小型臺指期貨,外資及陸資,83901,99147620,95422,112764650,-11521,-13617031,2758,3233878,5964,6995447,-3206,-3761569
2025/01/09,小型臺指期貨,自營商,12118,14124439,15300,17834145,-3182,-3709707,3932,4556070,9651,11175003,-5719,-6618933
2025/01/09,小型臺指期貨,投信,106,122932,101,116741,5,6191,142,164400,15,17324,127,147076
2025/01/09,小型臺指期貨,外資及陸資,99765,116306442,105050,122473328,-5285,-6166885,2540,2934896,6397,7395663,-3857,-4460767
2025/01/10,小型臺指期貨,自營商,9595,11078611,9840,11360650,-245,-282040,4074,4711908,9798,11322362,-5724,-6610454
2025/01/10,小型臺指期貨,投信,15,17289,14,16186,1,1102,142,164157,14,16199,128,147958
2025/01/10,小型臺指期貨,外資及陸資,70941,81845634,71206,82158598,-265,-312964,3531,4073014,7653,8833400,-4122,-4760386
2025/01/13,小型臺指期貨,自營商,20972,23885545,23944,27275240,-2972,-3389695,4083,4618818,12937,14626794,-8854,-10007976
2025/01/13,小型臺指期貨,投信,0,0,2,2264,-2,-2264,142,160500,16,18102,126,142398
2025/01/13,小型臺指期貨,外資及陸資,152512,173721010,155411,177052130,-2899,-3331120,2662,3003266,9653,10897624,-6991,-7894358
2025/01/14,小型臺指期貨,自營商,17950,20294216,17129,19359305,821,934911,5073,5788149,13638,15551975,-8565,-9763826
2025/01/14,小型臺指期貨,投信,36,41045,36,40927,0,118,142,162050,16,18259,126,143791
2025/01/14,小型臺指期貨,外資及陸資,101737,114707924,99522,112205180,2215,2502743,3506,3992048,8186,9330522,-4680,-5338474
2025/01/15,小型臺指期貨,自營商,18463,20920897,18653,21147383,-190,-226486,2289,2585497,11282,12722183,-8993,-10136686
2025/01/15,小型臺指期貨,投信,0,0,3,3378,-3,-3378,142,159857,19,21389,123,138468
2025/01/15,小型臺指期貨,外資及陸資,87413,99118890,89169,101108440,-1756,-1989551,1458,1641464,4780,5381267,-3322,-3739803
2025/01/16,小型臺指期貨,自營商,12884,14811730,12022,13810820,862,1000910,3775,4355051,11737,13528947,-7962,-9173896
2025/01/16,小型臺指期貨,投信,3,3452,0,0,3,3452,144,165852,18,20732,126,145120
2025/01/16,小型臺指期貨,外資及陸資,100245,115041067,94210,108176436,6035,6864631,6192,7132085,3482,4010437,2710,3121648
2025/01/17,小型臺指期貨,自營商,15598,18134172,15603,18130592,-5,3581,3739,4340355,11708,13581291,-7969,-9240936
2025/01/17,小型臺指期貨,投信,24,27739,1,1159,23,26580,168,194779,19,22029,149,172750
2025/01/17,小型臺指期貨,外資及陸資,137315,159711212,133846,155612476,3469,4098736,3420,3965584,2727,3161869,693,803715
2025/01/20,小型臺指期貨,自營商,6865,8006492,6463,7536411,402,470081,4255,4967344,11818,13791126,-7563,-8823782
2025/01/20,小型臺指期貨,投信,7,8171,0,0,7,8171,172,200750,16,18674,156,182076
2025/01/20,小型臺指期貨,外資及陸資,74034,86324169,76997,89779799,-2963,-3455629,2475,2888932,4745,5538180,-2270,-2649248
2025/01/21,小型臺指期貨,自營商,7996,9323705,7573,8828010,423,495695,4001,4673863,10621,12401349,-6620,-7727486
2025/01/21,小型臺指期貨,投信,0,0,8,9332,-8,-9332,168,196232,20,23361,148,172871
2025/01/21,小型臺指期貨,外資及陸資,80030,93329056,76995,89786526,3035,3542530,3807,4447042,2778,3244885,1029,1202157
2025/01/22,小型臺指期貨,自營商,9607,11331439,8742,10309884,865,1021556,4191,4968456,9742,11538017,-5551,-6569561
2025/01/22,小型臺指期貨,投信,4,4732,1,1184,3,3548,171,202541,20,23689,151,178852
2025/01/22,小型臺指期貨,外資及陸資,72461,85325554,67969,80035567,4492,5289986,8150,9653876,2698,3195691,5452,6458185
2025/02/03,小型臺指期貨,自營商,14707,16791114,17419,19858579,-2712,-3067465,3547,4010775,11089,12532174,-7542,-8521399
2025/02/03,小型臺指期貨,投信,4,4523,1,1130,3,3393,171,193196,17,19207,154,173989
2025/02/03,小型臺指期貨,外資及陸資,81436,93655557,91796,105484741,-10360,-11829184,1948,2201180,6254,7065842,-4306,-4864662
2025/02/04,小型臺指期貨,自營商,10954,12494239,10422,11883132,532,611107,3059,3495471,10132,11566838,-7073,-8071367
2025/02/04,小型臺指期貨,投信,1,1141,0,0,1,1141,171,195154,16,18260,155,176894
2025/02/04,小型臺指期貨,外資及陸資,91039,103756438,86167,98213645,4872,5542793,5576,6363976,4929,5625282,647,738694
2025/02/05,小型臺指期貨,自營商,12784,14790719,12834,14845304,-50,-54585,3907,4525928,10989,12715151,-7082,-8189223
2025/02/05,小型臺指期貨,投信,2,2314,0,0,2,2314,171,197821,14,16196,157,181625
2025/02/05,小型臺指期貨,外資及陸資,71520,82574067,67084,77465471,4436,5108595,5159,5968766,4314,4990821,845,977945
2025/02/06,小型臺指期貨,自營商,7227,8407891,6682,7772575,545,635316,4347,5069713,10960,12767823,-6613,-7698110
2025/02/06,小型臺指期貨,投信,0,0,1,1165,-1,-1165,171,199172,15,17471,156,181701
2025/02/06,小型臺指期貨,外資及陸資,62924,73141796,61212,71155250,1712,1986546,5556,6471955,3646,4246927,1910,2225028
2025/02/07,小型臺指期貨,自營商,7104,8301846,6363,7434330,741,867516,5611,6579546,11627,13620733,-6016,-7041187
2025/02/07,小型臺指期貨,投信,5,5846,5,5858,0,-12,170,199138,14,16400,156,182738
2025/02/07,小型臺指期貨,外資及陸資,54088,63118127,52567,61340228,1521,1777899,6885,8065526,3095,3625542,3790,4439984
2025/02/10,小型臺指期貨,自營商,11536,13448637,12767,14878309,-1231,-1429672,3214,3739653,10457,12151144,-7243,-8411491
2025/02/10,小型臺指期貨,投信,0,0,2,2323,-2,-2323,170,197506,16,18589,154,178917
2025/02/10,小型臺指期貨,外資及陸資,84845,98943918,87363,101878254,-2518,-2934336,4775,5547811,4105,4769478,670,778333
2025/02/11,小型臺指期貨,自營商,9299,10876792,8938,10450629,361,426163,4267,4984850,11132,12988918,-6865,-8004068
2025/02/11,小型臺指期貨,投信,1,1167,0,0,1,1167,170,198339,15,17501,155,180838
2025/02/11,小型臺指期貨,外資及陸資,60341,70551040,58947,68923241,1394,1627799,6436,7509156,4327,5048476,2109,2460680
2025/02/12,小型臺指期貨,自營商,11940,13961091,11310,13220686,630,740405,3837,4478261,10101,11774762,-6264,-7296501
2025/02/12,小型臺指期貨,投信,0,0,0,0,0,0,170,198144,15,17483,155,180661
2025/02/12,小型臺指期貨,外資及陸資,66359,77555015,65492,76543951,867,1011064,7215,8409854,4271,4978162,2944,3431692
2025/02/13,小型臺指期貨,自營商,13652,15932098,13958,16283123,-306,-351025,3449,4040739,10008,11710597,-6559,-7669858
2025/02/13,小型臺指期貨,投信,124,145354,130,152215,-6,-6860,164,192043,15,17551,149,174492
2025/02/13,小型臺指期貨,外資及陸資,82533,96244797,80999,94458155,1534,1786642,8848,10353271,3945,4615902,4903,5737369
2025/02/14,小型臺指期貨,自營商,15280,17761336,18081,21021657,-2801,-3260321,2301,2670983,11959,13866942,-9658,-11195959
2025/02/14,小型臺指期貨,投信,0,0,0,0,0,0,164,190200,15,17385,149,172815
2025/02/14,小型臺指期貨,外資及陸資,82718,96181208,88422,102818624,-5704,-6637416,5619,6512872,6268,7265288,-649,-752416
2025/02/17,小型臺指期貨,自營商,19619,22930844,15592,18205213,4027,4725630,4761,5597973,11176,13130698,-6415,-7532725
2025/02/17,小型臺指期貨,投信,26,30548,24,28199,2,2349,164,192850,13,15289,151,177561
2025/02/17,小型臺指期貨,外資及陸資,77433,90241078,70037,81616973,7396,8624105,11241,13212376,3939,4629617,7302,8582759
2025/02/18,小型臺指期貨,自營商,10373,12216718,9443,11122265,930,1094453,5065,5990012,9809,11590836,-4744,-5600824
2025/02/18,小型臺指期貨,投信,21,24842,25,29569,-4,-4726,158,186849,11,13009,147,173840
2025/02/18,小型臺指期貨,外資及陸資,40564,47742600,40295,47430732,269,311868,11354,13423935,3783,4472553,7571,8951382
2025/02/19,小型臺指期貨,自營商,14540,17173001,15013,17729549,-473,-556548,2546,3005989,8056,9501977,-5510,-6495988
2025/02/19,小型臺指期貨,投信,4,4722,9,10622,-5,-5900,158,186519,16,18888,142,167631
2025/02/19,小型臺指期貨,外資及陸資,57162,67516239,58273,68825157,-1111,-1308917,3997,4718506,3262,3850829,735,867677
2025/02/20,小型臺指期貨,自營商,10172,11955892,11281,13252496,-1109,-1296604,3278,3859434,9815,11542922,-6537,-7683488
2025/02/20,小型臺指期貨,投信,0,0,1,1177,-1,-1177,158,185934,17,20006,141,165928
2025/02/20,小型臺指期貨,外資及陸資,61677,72511131,65390,76879028,-3713,-4367897,3212,3779956,5837,6869023,-2625,-3089067
2025/02/21,小型臺指期貨,自營商,10290,12158394,8063,9524618,2227,2633776,4533,5383526,8575,10170868,-4042,-4787342
2025/02/21,小型臺指期貨,投信,3,3561,0,0,3,3561,158,187570,14,16620,144,170950
2025/02/21,小型臺指期貨,外資及陸資,71221,84053956,67945,80156411,3276,3897545,4509,5352971,3649,4331926,860,1021045
2025/02/24,小型臺指期貨,自營商,7873,9275250,9316,10972992,-1443,-1697741,4271,5031968,9662,11372280,-5391,-6340312
2025/02/24,小型臺指期貨,投信,0,0,1,1178,-1,-1178,158,186092,15,17667,143,168425
2025/02/24,小型臺指期貨,外資及陸資,64931,76539202,76945,90700758,-12014,-14161556,2775,3268420,3293,3878850,-518,-610430
2025/02/25,小型臺指期貨,自營商,10319,12025466,10978,12797807,-659,-772341,4699,5475055,10591,12331495,-5892,-6856440
2025/02/25,小型臺指期貨,投信,0,0,0,0,0,0,158,184031,15,17471,143,166560
2025/02/25,小型臺指期貨,外資及陸資,83179,97018421,88971,103786501,-5792,-6768079,1989,2316728,3567,4155151,-1578,-1838423
2025/02/26,小型臺指期貨,自營商,12126,14090833,10813,12559576,1313,1531257,4009,4695022,8099,9476460,-4090,-4781438
2025/02/26,小型臺指期貨,投信,2,2342,0,0,2,2342,158,184994,13,15221,145,169773
2025/02/26,小型臺指期貨,外資及陸資,93096,108109081,92963,107907265,133,201816,3870,4531250,5307,6214339,-1437,-1683089
2025/02/27,小型臺指期貨,自營商,10795,12596970,13791,16079760,-2996,-3482789,3338,3872222,9943,11524930,-6605,-7652708
2025/02/27,小型臺指期貨,投信,2,2342,4,4638,-2,-2296,157,182034,16,18551,141,163483
2025/02/27,小型臺指期貨,外資及陸資,97739,114120468,100202,116971897,-2463,-2851429,496,575087,4233,4908804,-3737,-4333717
2025/03/03,小型臺指期貨,自營商,15525,17728878,16965,19358491,-1440,-1629613,5113,5812618,13212,15011445,-8099,-9198827
2025/03/03,小型臺指期貨,投信,0,0,4,4528,-4,-4528,153,173839,16,18179,137,155660
2025/03/03,小型臺指期貨,外資及陸資,108891,124647589,119402,136637355,-10511,-11989765,891,1012454,6965,7914645,-6074,-6902191
2025/03/04,小型臺指期貨,自營商,18717,21040011,17173,19320574,1544,1719438,3836,4335325,12292,13880830,-8456,-9545505
2025/03/04,小型臺指期貨,投信,1,1130,0,0,1,1130,153,172798,15,16941,138,155857
2025/03/04,小型臺指期貨,外資及陸資,136052,153093810,133936,150712165,2116,2381645,2339,2641788,6297,7112888,-3958,-4471100
2025/03/05,小型臺指期貨,自營商,19102,21687316,16139,18310641,2963,3376676,5424,6210496,11431,13079289,-6007,-6868793
2025/03/05,小型臺指期貨,投信,0,0,0,0,0,0,153,175124,15,17169,138,157955
2025/03/05,小型臺指期貨,外資及陸資,136445,154479249,134683,152417771,1762,2061478,3497,4002717,5365,6141886,-1868,-2139169
2025/03/06,小型臺指期貨,自營商,12522,14298310,14404,16448898,-1882,-2150588,2806,3193225,11751,13365083,-8945,-10171858
2025/03/06,小型臺指期貨,投信,0,0,2,2277,-2,-2277,153,174129,17,19348,136,154781
2025/03/06,小型臺指期貨,外資及陸資,111270,127062707,114431,130654651,-3161,-3591944,2811,3199209,7819,8899148,-5008,-5699939
2025/03/07,小型臺指期貨,自營商,11901,13439406,12271,13853081,-370,-413675,2803,3156761,12860,14473879,-10057,-11317118
2025/03/07,小型臺指期貨,投信,0,0,1,1126,-1,-1126,153,172301,18,20271,135,152030
2025/03/07,小型臺指期貨,外資及陸資,112934,127543680,114380,129167587,-1446,-1623907,2605,2933627,9059,10202230,-6454,-7268603
2025/03/10,小型臺指期貨,自營商,14701,16503309,14293,16040086,408,463224,3121,3503207,12346,13848082,-9225,-10344875
2025/03/10,小型臺指期貨,投信,0,0,0,0,0,0,153,171712,18,20201,135,151511
2025/03/10,小型臺指期貨,外資及陸資,133292,149651468,134296,150760715,-1004,-1109248,2748,3084081,5490,6161768,-2742,-3077687
2025/03/11,小型臺指期貨,自營商,20189,22197328,18503,20362774,1686,1834554,5371,5916181,12109,13327548,-6738,-7411367
2025/03/11,小型臺指期貨,投信,0,0,3,3306,-3,-3306,153,168507,21,23128,132,145379
2025/03/11,小型臺指期貨,外資及陸資,146229,161084278,149128,164310367,-2899,-3226090,2468,2718145,8109,8931155,-5641,-6213010
2025/03/12,小型臺指期貨,自營商,18257,20199969,17013,18819546,1244,1380423,6756,7507688,12389,13753336,-5633,-6245648
2025/03/12,小型臺指期貨,投信,2,2224,0,0,2,2224,153,170090,19,21122,134,148968
2025/03/12,小型臺指期貨,外資及陸資,133914,147889983,129997,143528200,3917,4361783,3160,3512921,4808,5344078,-1648,-1831157
2025/03/13,小型臺指期貨,自營商,15857,17633485,18469,20530319,-2612,-2896834,5783,6337266,13488,14769085,-7705,-8431819
2025/03/13,小型臺指期貨,投信,0,0,3,3289,-3,-3289,153,167711,22,24115,131,143596
2025/03/13,小型臺指期貨,外資及陸資,133177,148362181,131400,146378279,1777,1983902,6708,7352937,6695,7338397,13,14540
2025/03/14,小型臺指期貨,自營商,13345,14663561,13132,14424044,213,239517,5804,6371108,13315,14604958,-7511,-8233850
2025/03/14,小型臺指期貨,投信,111,121846,110,120764,1,1082,154,169067,22,24148,132,144919
2025/03/14,小型臺指期貨,外資及陸資,130715,143601921,129713,142499617,1002,1102304,6594,7240598,5780,6345938,814,894660
2025/03/17,小型臺指期貨,自營商,14750,16352493,14602,16185909,148,166583,7527,8335755,14543,16095140,-7016,-7759385
2025/03/17,小型臺指期貨,投信,48,53172,47,52065,1,1107,152,168385,19,21048,133,147337
2025/03/17,小型臺指期貨,外資及陸資,98732,109369686,94203,104365791,4529,5003895,5647,6255502,5068,5614199,579,641303
2025/03/18,小型臺指期貨,自營商,14117,15723584,13770,15333046,347,390538,7170,7968550,14451,16052697,-7281,-8084147
2025/03/18,小型臺指期貨,投信,24,26700,18,20005,6,6696,156,173542,17,18912,139,154630
2025/03/18,小型臺指期貨,外資及陸資,81293,90543435,78639,87577200,2654,2966235,7906,8786644,4486,4988185,3420,3798459
2025/03/19,小型臺指期貨,自營商,18170,20109122,18691,20683995,-521,-574874,2336,2573176,11859,13050162,-9523,-10476986
2025/03/19,小型臺指期貨,投信,0,0,0,0,0,0,156,171740,17,18715,139,153025
2025/03/19,小型臺指期貨,外資及陸資,83460,92456171,89552,99181656,-6092,-6725485,1337,1471908,4457,4906817,-3120,-3434909
2025/03/20,小型臺指期貨,自營商,11298,12565541,10052,11173054,1246,1392487,3670,4101727,11197,12504844,-7527,-8403117
2025/03/20,小型臺指期貨,投信,0,0,4,4451,-4,-4451,152,169974,17,19010,135,150964
2025/03/20,小型臺指期貨,外資及陸資,90840,100904417,83071,92276707,7769,8627710,7771,8690173,2915,3259712,4856,5430461
2025/03/21,小型臺指期貨,自營商,8281,9218237,9844,10952500,-1563,-1734263,2924,3240826,12257,13577383,-9333,-10336557
2025/03/21,小型臺指期貨,投信,4,4457,0,0,4,4457,156,173012,17,18854,139,154158
2025/03/21,小型臺指期貨,外資及陸資,96727,107714478,102549,114181561,-5822,-6467083,4232,4693648,4953,5493173,-721,-799525
2025/03/24,小型臺指期貨,自營商,9687,10764773,10248,11374584,-561,-609811,2171,2402443,11868,13127955,-9697,-10725512
2025/03/24,小型臺指期貨,投信,0,0,0,0,0,0,156,172778,17,18828,139,153950
2025/03/24,小型臺指期貨,外資及陸資,89766,99531574,91254,101172995,-1488,-1641421,2861,3168848,5506,6098370,-2645,-2929522
2025/03/25,小型臺指期貨,自營商,10688,11928480,9797,10929150,891,999330,2758,3071482,11334,12618112,-8576,-9546630
2025/03/25,小型臺指期貨,投信,3,3345,4,4452,-1,-1107,152,169488,14,15611,138,153877
2025/03/25,小型臺指期貨,外資及陸資,83535,93153506,76037,84798311,7498,8355195,3314,3695390,3197,3564932,117,130458
2025/03/26,小型臺指期貨,自營商,8554,9557254,9938,11094012,-1384,-1536759,1998,2224516,11494,12798068,-9496,-10573552
2025/03/26,小型臺指期貨,投信,3,3345,0,0,3,3345,155,172856,14,15613,141,157243
2025/03/26,小型臺指期貨,外資及陸資,65389,73041786,64552,72097065,837,944720,4280,4773177,3326,3709349,954,1063828
2025/03/27,小型臺指期貨,自營商,10455,11517554,11723,12912828,-1268,-1395274,2951,3239481,13885,15235285,-10934,-11995804
2025/03/27,小型臺指期貨,投信,0,0,2,2197,-2,-2197,155,170275,16,17577,139,152698
2025/03/27,小型臺指期貨,外資及陸資,81439,89790971,93008,102601064,-11569,-12810093,1695,1862181,5087,5588728,-3392,-3726547
2025/03/28,小型臺指期貨,自營商,13339,14472434,13390,14531952,-51,-59518,3579,3863199,14580,15727578,-11001,-11864379
2025/03/28,小型臺指期貨,投信,0,0,1,1080,-1,-1080,155,167392,17,18359,138,149033
2025/03/28,小型臺指期貨,外資及陸資,111670,121405104,113615,123526061,-1945,-2120956,527,569281,5880,6350692,-5353,-5781411
2025/03/31,小型臺指期貨,自營商,19711,20730530,20276,21309722,-565,-579192,3261,3386251,14384,14914444,-11123,-11528193
2025/03/31,小型臺指期貨,投信,4,4158,0,0,4,4158,159,165074,17,17649,142,147425
2025/03/31,小型臺指期貨,外資及陸資,150972,159384513,142569,150556186,8403,8828326,1711,1776566,3723,3865855,-2012,-2089289
2025/04/01,小型臺指期貨,自營商,17608,18498032,13691,14374737,3917,4123295,3853,4082094,10961,11587762,-7108,-7505668
2025/04/01,小型臺指期貨,投信,2,2120,0,0,2,2120,159,168437,15,15890,144,152547
2025/04/01,小型臺指期貨,外資及陸資,125094,131231245,123637,129677815,1457,1553429,2969,3145346,3002,3180374,-33,-35028
2025/04/02,小型臺指期貨,自營商,12448,13226794,10536,11193702,1912,2033092,4603,4902332,9985,10609473,-5382,-5707141
2025/04/02,小型臺指期貨,投信,0,0,3,3195,-3,-3195,156,166109,15,15972,141,150137
2025/04/02,小型臺指期貨,外資及陸資,119966,127434868,113734,120808792,6232,6626076,3456,3680254,3051,3249188,405,431066
2025/04/07,小型臺指期貨,自營商,9808,10205481,11143,11494464,-1335,-1288983,4831,4630413,11554,11053204,-6723,-6422791
2025/04/07,小型臺指期貨,投信,0,0,0,0,0,0,156,149503,15,14375,141,135128
2025/04/07,小型臺指期貨,外資及陸資,93727,100038081,98084,104603430,-4357,-4565349,2047,1961960,5502,5273311,-3455,-3311351
2025/04/08,小型臺指期貨,自營商,33548,30576389,33665,30719282,-117,-142893,5348,4865788,12253,11109423,-6905,-6243635
2025/04/08,小型臺指期貨,投信,0,0,0,0,0,0,156,141718,15,13627,141,128091
2025/04/08,小型臺指期貨,外資及陸資,392465,357668771,391330,356896542,1135,772228,7400,6722311,8937,8118211,-1537,-1395900
2025/04/09,小型臺指期貨,自營商,33558,30022151,36579,32698543,-3021,-2676392,4482,3847262,13528,11597694,-9046,-7750432
2025/04/09,小型臺指期貨,投信,4,3599,0,0,4,3599,160,137472,15,12888,145,124584
2025/04/09,小型臺指期貨,外資及陸資,368015,332456726,368029,332357780,-14,98946,9161,7871094,10684,9179487,-1523,-1308393
2025/04/10,小型臺指期貨,自營商,17883,16044390,16522,14792976,1361,1251414,4493,4241013,11955,11272325,-7462,-7031312
2025/04/10,小型臺指期貨,投信,0,0,0,0,0,0,160,151216,15,14177,145,137039
2025/04/10,小型臺指期貨,外資及陸資,242565,213816423,225810,198692716,16755,15123707,13443,12703348,3981,3762270,9462,8941078
2025/04/11,小型臺指期貨,自營商,26272,25013321,26722,25478890,-450,-465569,4725,4606033,12420,12100940,-7695,-7494907
2025/04/11,小型臺指期貨,投信,9,8676,0,0,9,8676,169,165138,15,14657,154,150481
2025/04/11,小型臺指期貨,外資及陸資,369299,351311198,364582,346785033,4717,4526165,12794,12495262,4571,4465668,8223,8029594
2025/04/14,小型臺指期貨,自營商,20166,19752906,21879,21415902,-1713,-1662996,2597,2522953,12529,12175972,-9932,-9653019
2025/04/14,小型臺指期貨,投信,152,148243,140,136653,12,11589,183,178254,17,16555,166,161699
2025/04/14,小型臺指期貨,外資及陸資,243968,238015601,247927,241812873,-3959,-3797273,11540,11243026,7407,7219437,4133,4023589
2025/04/15,小型臺指期貨,自營商,17693,17350748,15422,15118634,2271,2232114,3290,3246974,11515,11361556,-8225,-8114582
2025/04/15,小型臺指期貨,投信,38,37573,42,41551,-4,-3979,179,177016,17,16811,162,160205
2025/04/15,小型臺指期貨,外資及陸資,133861,131071081,128216,125513622,5645,5557459,13458,13313347,3795,3755079,9663,9558268
2025/04/16,小型臺指期貨,自營商,15761,15468770,18793,18416970,-3032,-2948200,1790,1724698,5569,5353948,-3779,-3629250
2025/04/16,小型臺指期貨,投信,4,3891,4,3904,0,-13,179,173174,17,16447,162,156727
2025/04/16,小型臺指期貨,外資及陸資,107226,105439761,114582,112646203,-7356,-7206442,2000,1931435,7176,6942073,-5176,-5010638
2025/04/17,小型臺指期貨,自營商,10970,10567066,10596,10198823,374,368243,2483,2397504,5937,5712968,-3454,-3315464
2025/04/17,小型臺指期貨,投信,4,3844,2,1937,2,1907,183,177208,19,18399,164,158809
2025/04/17,小型臺指期貨,外資及陸資,148152,142782189,145557,140274526,2595,2507663,3662,3541526,6361,6159043,-2699,-2617517
2025/04/18,小型臺指期貨,自營商,8551,8300429,8165,7912197,386,388233,2072,1996088,5120,4913166,-3048,-2917078
2025/04/18,小型臺指期貨,投信,0,0,4,3875,-4,-3875,179,173039,19,18367,160,154672
2025/04/18,小型臺指期貨,外資及陸資,110551,107204452,112783,109356635,-2232,-2152184,2809,2710637,7861,7598232,-5052,-4887595
2025/04/21,小型臺指期貨,自營商,5547,5317982,5292,5069359,255,248623,2096,1994691,4844,4588683,-2748,-2593992
2025/04/21,小型臺指期貨,投信,0,0,4,3833,-4,-3833,175,167116,19,18144,156,148972
2025/04/21,小型臺指期貨,外資及陸資,58817,56319691,59307,56780659,-490,-460968,3457,3296659,8953,8548446,-5496,-5251787
2025/04/22,小型臺指期貨,自營商,7656,7233463,9081,8572434,-1425,-1338971,2160,2022870,6510,6080372,-4350,-4057502
2025/04/22,小型臺指期貨,投信,2,1881,0,0,2,1881,177,166407,19,17863,158,148544
2025/04/22,小型臺指期貨,外資及陸資,104830,99152891,107638,101803997,-2808,-2651106,3589,3369205,7545,7091793,-3956,-3722588
2025/04/23,小型臺指期貨,自營商,15193,14632459,10391,10007892,4802,4624568,5280,5150829,4827,4678242,453,472587
2025/04/23,小型臺指期貨,投信,0,0,0,0,0,0,177,173088,19,18580,158,154508
2025/04/23,小型臺指期貨,外資及陸資,113643,109078660,106491,102204922,7152,6873737,8176,7987613,4796,4689339,3380,3298274
2025/04/24,小型臺指期貨,自營商,8037,7871161,8773,8575393,-736,-704232,5112,4965056,5271,5090649,-159,-125593
2025/04/24,小型臺指期貨,投信,4,3920,8,7789,-4,-3869,173,168329,19,18487,154,149842
2025/04/24,小型臺指期貨,外資及陸資,120090,117753555,122992,120582841,-2902,-2829286,6265,6089882,5993,5830162,272,259720
2025/04/25,小型臺指期貨,自營商,9865,9751883,9490,9386999,375,364885,5821,5772983,5660,5587108,161,185875
2025/04/25,小型臺指期貨,投信,0,0,0,0,0,0,173,171901,19,18879,154,153022
2025/04/25,小型臺指期貨,外資及陸資,117789,116421973,110171,108920753,7618,7501221,4396,4360906,4929,4897069,-533,-536163
2025/04/28,小型臺指期貨,自營商,5669,5646693,6601,6574508,-932,-927815,5384,5363941,6178,6130298,-794,-766357
2025/04/28,小型臺指期貨,投信,1,998,0,0,1,998,173,172697,18,17969,155,154728
2025/04/28,小型臺指期貨,外資及陸資,102784,102356452,104013,103589984,-1229,-1233533,3517,3503566,5279,5269196,-1762,-1765630
2025/04/29,小型臺指期貨,自營商,7311,7318047,7325,7333247,-14,-15200,5342,5370610,6153,6164661,-811,-794051
2025/04/29,小型臺指期貨,投信,0,0,0,0,0,0,173,174341,18,18140,155,156201
2025/04/29,小型臺指期貨,外資及陸資,87650,87763554,86765,86871929,885,891625,6127,6167277,7004,7057634,-877,-890357
2025/04/30,小型臺指期貨,自營商,9449,9517596,8284,8335668,1165,1181928,5471,5499783,5158,5159560,313,340223
2025/04/30,小型臺指期貨,投信,33,33256,0,0,33,33256,206,207586,18,18139,188,189447
2025/04/30,小型臺指期貨,外資及陸資,83958,84575920,81310,81902340,2648,2673580,6491,6533606,4865,4901722,1626,1631884
2025/05/02,小型臺指期貨,自營商,11142,11354056,9942,10109042,1200,1245013,6957,7171396,5444,5587764,1513,1583632
2025/05/02,小型臺指期貨,投信,4,4103,20,20677,-16,-16575,190,196479,18,18614,172,177865
2025/05/02,小型臺指期貨,外資及陸資,115963,117691205,111889,113513856,4074,4177349,9770,10093610,3576,3697867,6194,6395743
2025/05/05,小型臺指期貨,自營商,12832,13164677,14193,14557255,-1361,-1392578,6215,6326687,6298,6380643,-83,-53956
2025/05/05,小型臺指期貨,投信,0,0,1,1022,-1,-1022,190,194019,19,19402,171,174617
2025/05/05,小型臺指期貨,外資及陸資,125071,128695130,135320,139215038,-10249,-10519909,5257,5359178,9536,9736820,-4279,-4377642
2025/05/06,小型臺指期貨,自營商,10484,10643518,11841,12012580,-1357,-1369062,4756,4818178,6540,6594569,-1784,-1776391
2025/05/06,小型臺指期貨,投信,0,0,17,17301,-17,-17301,175,178019,21,21362,154,156657
2025/05/06,小型臺指期貨,外資及陸資,107805,109557264,108189,109948033,-384,-390768,6880,6987092,4482,4558167,2398,2428925
2025/05/07,小型臺指期貨,自營商,11473,11668913,10532,10704584,941,964329,5724,5806052,6348,6405875,-624,-599823
2025/05/07,小型臺指期貨,投信,0,0,1,1021,-1,-1021,174,177280,21,21396,153,155884
2025/05/07,小型臺指期貨,外資及陸資,118188,120160441,117843,119812236,345,348205,7847,7982854,5104,5199478,2743,2783376
2025/05/08,小型臺指期貨,自營商,11930,12215278,10322,10568561,1608,1646716,7720,7910753,6736,6868819,984,1041934
2025/05/08,小型臺指期貨,投信,0,0,0,0,0,0,174,179029,21,21607,153,157422
2025/05/08,小型臺指期貨,外資及陸資,122218,125164651,119456,122320395,2762,2844256,9896,10169447,4211,4330939,5685,5838508
2025/05/09,小型臺指期貨,自營商,11881,12276727,10769,11131025,1112,1145702,9336,9693480,7368,7620158,1968,2073322
2025/05/09,小型臺指期貨,投信,0,0,0,0,0,0,174,181352,21,21887,153,159465
2025/05/09,小型臺指期貨,外資及陸資,106834,110491162,106893,110510449,-59,-19287,10239,10662023,4492,4679866,5747,5982157
2025/05/12,小型臺指期貨,自營商,8569,8973451,9007,9430874,-438,-457423,9008,9453951,7760,8112584,1248,1341367
2025/05/12,小型臺指期貨,投信,1,1054,13,13692,-12,-12639,161,169638,20,21073,141,148565
2025/05/12,小型臺指期貨,外資及陸資,80421,84188710,84772,88731268,-4351,-4542558,9131,9609453,7821,8238332,1310,1371121
2025/05/13,小型臺指期貨,自營商,13510,14407335,12279,13093248,1231,1314087,9278,9867911,6749,7139963,2529,2727948
2025/05/13,小型臺指期貨,投信,3,3203,15,16014,-12,-12811,146,155892,17,18152,129,137740
2025/05/13,小型臺指期貨,外資及陸資,103128,110210032,100748,107670704,2380,2539327,8702,9278683,4909,5239407,3793,4039276
2025/05/14,小型臺指期貨,自營商,13798,14888214,13155,14198532,643,689681,9428,10223955,5968,6435126,3460,3788829
2025/05/14,小型臺指期貨,投信,3,3264,0,0,3,3264,146,158936,14,15240,132,143696
2025/05/14,小型臺指期貨,外資及陸資,87664,94638474,82370,88961442,5294,5677032,13436,14606263,4327,4709364,9109,9896899
2025/05/15,小型臺指期貨,自營商,6561,7122212,6378,6914059,183,208152,9293,10044977,5656,6070297,3637,3974680
2025/05/15,小型臺指期貨,投信,81,87387,80,86836,1,551,148,160021,15,16271,133,143750
2025/05/15,小型臺指期貨,外資及陸資,72353,78765734,73847,80392659,-1494,-1626925,11741,12718049,4246,4604984,7495,8113065
2025/05/16,小型臺指期貨,自營商,7166,7773147,6680,7250671,486,522477,10448,11359912,6410,6931343,4038,4428569
2025/05/16,小型臺指期貨,投信,15,16368,18,19525,-3,-3157,148,160992,18,19530,130,141462
2025/05/16,小型臺指期貨,外資及陸資,70601,76741440,71011,77186708,-410,-445268,10465,11400041,3128,3412533,7337,7987508
2025/05/19,小型臺指期貨,自營商,9703,10492185,10781,11644121,-1078,-1151936,9184,9860468,6390,6818994,2794,3041474
2025/05/19,小型臺指期貨,投信,0,0,1,1072,-1,-1072,148,158972,19,20365,129,138607
2025/05/19,小型臺指期貨,外資及陸資,78520,85215192,83845,91004305,-5325,-5789112,8456,9091742,6780,7291959,1676,1799783
2025/05/20,小型臺指期貨,自營商,9291,10021006,9869,10640219,-578,-619213,8244,8856857,5976,6377608,2268,2479249
2025/05/20,小型臺指期貨,投信,69,74048,65,70018,4,4030,152,163105,19,20386,133,142719
2025/05/20,小型臺指期貨,外資及陸資,77684,83902992,77555,83781752,129,121240,6906,7426881,4997,5375743,1909,2051138
2025/05/21,小型臺指期貨,自營商,11493,12417639,10647,11500978,846,916661,2348,2529018,4994,5384076,-2646,-2855058
2025/05/21,小型臺指期貨,投信,7,7565,4,4328,3,3237,154,166959,18,19515,136,147444
2025/05/21,小型臺指期貨,外資及陸資,71251,77016796,65923,71276497,5328,5740299,7344,7958635,466,505135,6878,7453500
2025/05/22,小型臺指期貨,自營商,5475,5890798,5832,6259391,-357,-368592,2678,2865953,5780,6176362,-3102,-3310409
2025/05/22,小型臺指期貨,投信,4,4292,0,0,4,4292,158,169842,18,19349,140,150493
2025/05/22,小型臺指期貨,外資及陸資,75711,81498429,82591,88917043,-6880,-7418614,4905,5267105,5392,5791899,-487,-524794
2025/05/23,小型臺指期貨,自營商,5337,5724068,5827,6242135,-490,-518067,2798,2991037,6350,6775722,-3552,-3784685
2025/05/23,小型臺指期貨,投信,0,0,2,2147,-2,-2147,158,169581,20,21466,138,148115
2025/05/23,小型臺指期貨,外資及陸資,82416,88488007,81765,87794086,651,693921,4281,4588955,3908,4191660,373,397295
2025/05/26,小型臺指期貨,自營商,9612,10245730,9497,10121779,115,123951,2950,3143288,6890,7324304,-3940,-4181016
2025/05/26,小型臺指期貨,投信,0,0,2,2138,-2,-2138,158,168910,22,23519,136,145391
2025/05/26,小型臺指期貨,外資及陸資,114127,121612395,116156,123767403,-2029,-2155008,4352,4645771,5857,6254257,-1505,-1608486
2025/05/27,小型臺指期貨,自營商,6268,6658267,7109,7547403,-841,-889137,2746,2902925,7673,8096216,-4927,-5193291
2025/05/27,小型臺指期貨,投信,0,0,1,1061,-1,-1061,158,167646,23,24404,135,143242
2025/05/27,小型臺指期貨,外資及陸資,59318,63115487,61586,65515426,-2268,-2399940,4463,4728941,8353,8854431,-3890,-4125490
2025/05/28,小型臺指期貨,自營商,9806,10432617,10837,11526200,-1031,-1093583,2332,2463367,8341,8812990,-6009,-6349623
2025/05/28,小型臺指期貨,投信,3,3187,4,4264,-1,-1076,156,165750,22,23375,134,142375
2025/05/28,小型臺指期貨,外資及陸資,86726,92396944,86148,91778076,578,618868,5135,5449005,3956,4197653,1179,1251352
2025/05/29,小型臺指期貨,自營商,8973,9574815,9339,9953174,-366,-378358,2852,3024218,9225,9780469,-6373,-6756251
2025/05/29,小型臺指期貨,投信,0,0,2,2131,-2,-2131,154,164141,22,23449,132,140692
2025/05/29,小型臺指期貨,外資及陸資,89977,96025686,92987,99212926,-3010,-3187240,6314,6722671,7971,8490750,-1657,-1768079
2025/06/02,小型臺指期貨,自營商,10107,10576333,10252,10720966,-145,-144633,3089,3212486,9798,10164469,-6709,-6951983
2025/06/02,小型臺指期貨,投信,0,0,3,3132,-3,-3132,154,160699,25,26088,129,134611
2025/06/02,小型臺指期貨,外資及陸資,106851,112199294,109053,114508511,-2202,-2309217,5631,5869352,6158,6419683,-527,-550331
2025/06/03,小型臺指期貨,自營商,10357,10861824,8249,8654979,2108,2206846,2215,2308480,7161,7461730,-4946,-5153250
2025/06/03,小型臺指期貨,投信,0,0,3,3146,-3,-3146,154,161500,28,29364,126,132136
2025/06/03,小型臺指期貨,外資及陸資,88785,93259673,81982,86105125,6803,7154547,9042,9475043,2957,3096029,6085,6379014
2025/06/04,小型臺指期貨,自營商,11771,12533933,10165,10843704,1606,1690229,3375,3599684,6335,6766584,-2960,-3166900
2025/06/04,小型臺指期貨,投信,11,11815,0,0,11,11815,154,165388,17,18257,137,147131
2025/06/04,小型臺指期貨,外資及陸資,76037,80932942,69360,73822058,6677,7110884,8831,9476560,1504,1612816,7327,7863744
2025/06/05,小型臺指期貨,自營商,6053,6511483,6723,7228928,-670,-717445,3649,3906518,7087,7601825,-3438,-3695307
2025/06/05,小型臺指期貨,投信,5,5387,0,0,5,5387,158,170277,16,17243,142,153034
2025/06/05,小型臺指期貨,外資及陸資,65291,70339271,66428,71563640,-1137,-1224369,7726,8319174,1698,1824510,6028,6494664
2025/06/06,小型臺指期貨,自營商,7442,8019177,7343,7906589,99,112588,3177,3405180,6439,6908136,-3262,-3502956
2025/06/06,小型臺指期貨,投信,1,1078,0,0,1,1078,158,170371,15,16175,143,154196
2025/06/06,小型臺指期貨,外資及陸資,78967,85267925,81526,88032924,-2559,-2764999,6459,6957922,3122,3359430,3337,3598492
2025/06/09,小型臺指期貨,自營商,6166,6665920,6248,6752579,-82,-86658,3253,3512397,6371,6882562,-3118,-3370165
2025/06/09,小型臺指期貨,投信,6,6514,0,0,6,6514,161,174838,12,13031,149,161807
2025/06/09,小型臺指期貨,外資及陸資,59394,64340426,60039,65031186,-645,-690760,7581,8225827,4763,5166597,2818,3059230
2025/06/10,小型臺指期貨,自營商,11247,12329464,10231,11241950,1016,1087515,4394,4824812,6463,7114246,-2069,-2289434
2025/06/10,小型臺指期貨,投信,0,0,0,0,0,0,161,178034,12,13270,149,164764
2025/06/10,小型臺指期貨,外資及陸資,72970,80161588,70055,76994808,2915,3166780,9581,10585383,3760,4153837,5821,6431546
2025/06/11,小型臺指期貨,自營商,9388,10412363,9138,10139935,250,272428,4550,5046339,6263,6962782,-1713,-1916443
2025/06/11,小型臺指期貨,投信,2,2235,0,0,2,2235,163,182104,12,13406,151,168698
2025/06/11,小型臺指期貨,外資及陸資,70276,78113569,68620,76268263,1656,1845306,9230,10302059,1622,1811273,7608,8490786
2025/06/12,小型臺指期貨,自營商,7660,8525485,8887,9866549,-1227,-1341065,3285,3625948,6594,7289113,-3309,-3663165
2025/06/12,小型臺指期貨,投信,1,1113,0,0,1,1113,164,182475,12,13352,152,169123
2025/06/12,小型臺指期貨,外資及陸資,70043,78197670,73208,81731975,-3165,-3534306,6916,7685213,2829,3142812,4087,4542401
2025/06/13,小型臺指期貨,自營商,13129,14419347,14905,16344345,-1776,-1924998,3026,3284070,7756,8432016,-4730,-5147946
2025/06/13,小型臺指期貨,投信,14,15330,12,12974,2,2357,166,182070,12,12970,154,169100
2025/06/13,小型臺指期貨,外資及陸資,94748,104537553,98446,108592438,-3698,-4054884,7791,8529650,7071,7740946,720,788704
2025/06/16,小型臺指期貨,自營商,11364,12417921,11871,12968328,-507,-550407,3062,3328062,8580,9358964,-5518,-6030902
2025/06/16,小型臺指期貨,投信,105,113866,88,96900,17,16966,183,199825,12,13015,171,186810
2025/06/16,小型臺指期貨,外資及陸資,82432,90541042,80086,87945665,2346,2595376,8107,8917497,5037,5534785,3070,3382712
2025/06/17,小型臺指期貨,自營商,12069,13271804,12442,13678862,-373,-407058,3888,4251883,9417,10324696,-5529,-6072813
2025/06/17,小型臺指期貨,投信,121,131748,71,78664,50,53084,233,254014,12,13075,221,240939
2025/06/17,小型臺指期貨,外資及陸資,73718,81480937,72972,80629772,746,851165,7815,8644602,3951,4340245,3864,4304357
2025/06/18,小型臺指期貨,自營商,15013,16545236,13890,15301961,1123,1243275,3560,3896702,5673,6206514,-2113,-2309812
2025/06/18,小型臺指期貨,投信,10,10926,8,8890,2,2036,235,257689,12,13159,223,244530
2025/06/18,小型臺指期貨,外資及陸資,77157,85094156,75726,83541004,1431,1553152,2904,3182787,1980,2171169,924,1011618
2025/06/19,小型臺指期貨,自營商,7227,7867470,8114,8823837,-887,-956367,3580,3881409,6789,7352395,-3209,-3470986
2025/06/19,小型臺指期貨,投信,15,16278,0,0,15,16278,250,271288,12,13022,238,258266
2025/06/19,小型臺指期貨,外資及陸資,72280,78767182,77999,85001438,-5719,-6234256,1085,1175951,6155,6677861,-5070,-5501910
2025/06/20,小型臺指期貨,自營商,7803,8421985,7967,8596703,-164,-174718,3669,3969266,7060,7628537,-3391,-3659271
2025/06/20,小型臺指期貨,投信,2,2165,11,11900,-9,-9735,243,263048,14,15155,229,247893
2025/06/20,小型臺指期貨,外資及陸資,75617,81618144,74310,80198111,1307,1420033,1730,1871326,5167,5592633,-3437,-3721307
2025/06/23,小型臺指期貨,自營商,10129,10861461,11001,11779417,-872,-917956,3848,4127886,8015,8587676,-4167,-4459790
2025/06/23,小型臺指期貨,投信,16,17172,0,0,16,17172,259,278062,14,15030,245,263032
2025/06/23,小型臺指期貨,外資及陸資,102372,109947388,103350,111012098,-978,-1064710,1803,1934246,6286,6747183,-4483,-4812937
2025/06/24,小型臺指期貨,自營商,11891,12923968,10590,11512003,1301,1411965,4255,4664529,7000,7674062,-2745,-3009533
2025/06/24,小型臺指期貨,投信,36,39479,0,0,36,39479,295,323895,14,15371,281,308524
2025/06/24,小型臺指期貨,外資及陸資,100394,108822428,96509,104604103,3885,4218325,3635,3988850,3636,3992019,-1,-3169
2025/06/25,小型臺指期貨,自營商,8226,9069660,7458,8220996,768,848664,4433,4897386,6382,7051144,-1949,-2153758
2025/06/25,小型臺指期貨,投信,19,21014,0,0,19,21014,311,344635,11,12190,300,332445
2025/06/25,小型臺指期貨,外資及陸資,67096,73952183,69048,76097770,-1952,-2145587,2001,2215272,4086,4527783,-2085,-2312511
2025/06/26,小型臺指期貨,自營商,5988,6632793,7062,7816406,-1074,-1183613,4294,4732848,7317,8065462,-3023,-3332614
2025/06/26,小型臺指期貨,投信,5,5529,4,4423,1,1106,316,349417,15,16586,301,332831
2025/06/26,小型臺指期貨,外資及陸資,67540,74846498,68424,75823503,-884,-977005,2068,2284456,5012,5541682,-2944,-3257226
2025/06/27,小型臺指期貨,自營商,8886,9807457,8839,9748151,47,59306,4768,5256683,7820,8618727,-3052,-3362044
2025/06/27,小型臺指期貨,投信,4,4425,0,0,4,4425,320,353952,15,16592,305,337360
2025/06/27,小型臺指期貨,外資及陸資,72903,80499571,72241,79773160,662,726411,2553,2821182,4840,5353359,-2287,-2532177
2025/06/30,小型臺指期貨,自營商,10402,11502920,10068,11133645,334,369275,5291,5838225,8193,9042867,-2902,-3204642
2025/06/30,小型臺指期貨,投信,46,50904,0,0,46,50904,365,404128,14,15501,351,388627
2025/06/30,小型臺指期貨,外資及陸資,68780,76100538,64887,71785490,3893,4315048,4204,4651819,2512,2781083,1692,1870736
2025/07/01,小型臺指期貨,自營商,13424,14970610,13570,15150469,-146,-179859,4907,5457036,8054,8974545,-3147,-3517509
2025/07/01,小型臺指期貨,投信,12,13457,0,0,12,13457,375,419100,12,13411,363,405689
2025/07/01,小型臺指期貨,外資及陸資,84813,94650902,83358,93038194,1455,1612709,5569,6221630,2240,2502903,3329,3718727
2025/07/02,小型臺指期貨,自營商,8440,9408825,6963,7757958,1477,1650867,4470,4976056,6483,7229427,-2013,-2253371
2025/07/02,小型臺指期貨,投信,3,3359,0,0,3,3359,378,423228,12,13436,366,409792
2025/07/02,小型臺指期貨,外資及陸資,61457,68551132,63838,71207053,-2381,-2655920,4175,4672438,3330,3726795,845,945643
2025/07/03,小型臺指期貨,自營商,8634,9720016,8102,9123263,532,596753,4082,4596049,5597,6323642,-1515,-1727593
2025/07/03,小型臺指期貨,投信,2,2268,0,0,2,2268,380,430920,12,13608,368,417312
2025/07/03,小型臺指期貨,外資及陸資,72651,81874969,65275,73545310,7376,8329659,4691,5316783,646,732355,4045,4584428
2025/07/04,小型臺指期貨,自營商,9384,10612869,11001,12421171,-1617,-1808302,3946,4398268,6978,7796401,-3032,-3398133
2025/07/04,小型臺指期貨,投信,9,10150,2,2244,7,7907,389,436380,14,15705,375,420675
2025/07/04,小型臺指期貨,外資及陸資,67011,75877945,74375,84211769,-7364,-8333824,1883,2110283,5707,6399440,-3824,-4289157
2025/07/07,小型臺指期貨,自營商,8152,9103735,8782,9802224,-630,-698489,4448,4939571,8046,8949574,-3598,-4010003
2025/07/07,小型臺指期貨,投信,7,7814,7,7817,0,-3,392,437629,17,18979,375,418650
2025/07/07,小型臺指期貨,外資及陸資,69409,77576482,68713,76799779,696,776703,2746,3063414,5737,6402207,-2991,-3338793
2025/07/08,小型臺指期貨,自營商,10441,11610865,11815,13130459,-1374,-1519594,4513,4994296,9386,10408431,-4873,-5414135
2025/07/08,小型臺指期貨,投信,13,14470,2,2226,11,12244,405,450725,19,21145,386,429580
2025/07/08,小型臺指期貨,外資及陸資,80241,89388803,80498,89662676,-257,-273873,3341,3715950,6298,7004270,-2957,-3288320
2025/07/09,小型臺指期貨,自營商,9047,10077798,8034,8950247,1013,1127550,4757,5304780,8198,9162072,-3441,-3857292
2025/07/09,小型臺指期貨,投信,3,3365,0,0,3,3365,407,456532,18,20191,389,436341
2025/07/09,小型臺指期貨,外資及陸資,66375,73981713,66252,73840060,123,141653,4908,5503073,4073,4566458,835,936615
2025/07/10,小型臺指期貨,自營商,11439,12851628,9972,11203180,1467,1648448,6098,6851215,8003,9007239,-1905,-2156024
2025/07/10,小型臺指期貨,投信,1,1131,0,0,1,1131,408,461183,18,20346,390,440837
2025/07/10,小型臺指期貨,外資及陸資,77209,86849837,75174,84553580,2035,2296257,5425,6128445,3410,3852423,2015,2276022
2025/07/11,小型臺指期貨,自營商,11004,12425809,9636,10883126,1368,1542683,6117,6916898,6961,7884888,-844,-967990
2025/07/11,小型臺指期貨,投信,67,75680,59,67172,8,8507,414,470676,16,18214,398,452462
2025/07/11,小型臺指期貨,外資及陸資,67012,75810689,65682,74284562,1330,1526127,6193,7044983,2625,2985560,3568,4059423
2025/07/14,小型臺指期貨,自營商,8840,9976547,9445,10632071,-605,-655524,7484,8397269,9485,10632246,-2001,-2234977
2025/07/14,小型臺指期貨,投信,162,181509,206,232108,-44,-50600,371,416604,17,19031,354,397573
2025/07/14,小型臺指期貨,外資及陸資,58122,65715145,64124,72510594,-6002,-6795450,3149,3542054,5782,6512421,-2633,-2970367
2025/07/15,小型臺指期貨,自營商,13349,15093573,11837,13397707,1512,1695866,6123,6943351,6517,7397588,-394,-454237
2025/07/15,小型臺指期貨,投信,114,129182,149,169848,-35,-40667,334,378667,15,17002,319,361665
2025/07/15,小型臺指期貨,外資及陸資,78259,88624493,73714,83497647,4545,5126846,5231,5952789,2984,3401925,2247,2550864
2025/07/16,小型臺指期貨,自營商,14511,16614264,13046,14941639,1465,1672625,5384,6158916,3244,3708267,2140,2450649
2025/07/16,小型臺指期貨,投信,18,20618,14,16115,4,4504,338,387297,15,17188,323,370109
2025/07/16,小型臺指期貨,外資及陸資,66792,76495732,61966,70961551,4826,5534182,5764,6603458,100,114503,5664,6488955
2025/07/17,小型臺指期貨,自營商,7379,8470013,6381,7317866,998,1152146,5880,6790508,2812,3244180,3068,3546328
2025/07/17,小型臺指期貨,投信,3,3469,0,0,3,3469,338,391015,12,13882,326,377133
2025/07/17,小型臺指期貨,外資及陸資,70836,81280142,73882,84750249,-3046,-3470107,4843,5601236,1943,2247403,2900,3353833
2025/07/18,小型臺指期貨,自營商,7347,8560553,8027,9349618,-680,-789065,5544,6437027,3135,3636666,2409,2800361
2025/07/18,小型臺指期貨,投信,0,0,4,4652,-4,-4652,334,388442,12,13956,322,374486
2025/07/18,小型臺指期貨,外資及陸資,70288,81928703,73609,85804558,-3321,-3875855,2744,3190499,3369,3916959,-625,-726460
2025/07/21,小型臺指期貨,自營商,4123,4786874,4357,5057948,-234,-271074,5460,6330623,3325,3852493,2135,2478130
2025/07/21,小型臺指期貨,投信,6,6965,10,11610,-4,-4645,331,384291,13,15093,318,369198
2025/07/21,小型臺指期貨,外資及陸資,46796,54356948,48297,56099261,-1501,-1742314,2890,3354600,5223,6062960,-2333,-2708360
2025/07/22,小型臺指期貨,自營商,7660,8889663,9218,10681188,-1558,-1791525,5269,6050024,4675,5366751,594,683273
2025/07/22,小型臺指期貨,投信,0,0,4,4671,-4,-4671,327,375985,13,14947,314,361038
2025/07/22,小型臺指期貨,外資及陸資,79371,92154548,80215,93130692,-844,-976144,2444,2809384,5994,6890254,-3550,-4080870
2025/07/23,小型臺指期貨,自營商,8171,9440130,7194,8308951,977,1131179,6138,7107059,4585,5306772,1553,1800287
2025/07/23,小型臺指期貨,投信,7,8119,0,0,7,8119,333,386014,12,13910,321,372104
2025/07/23,小型臺指期貨,外資及陸資,73824,85231935,74951,86545258,-1127,-1313323,3005,3482740,2767,3206313,238,276427
2025/07/24,小型臺指期貨,自營商,5997,6976773,5727,6658663,270,318110,5875,6836628,3465,4028757,2410,2807871
2025/07/24,小型臺指期貨,投信,4,4661,2,2331,2,2330,333,387995,10,11652,323,376343
2025/07/24,小型臺指期貨,外資及陸資,61133,71109191,61927,72032853,-794,-923662,3217,3747568,3795,4420084,-578,-672516
2025/07/25,小型臺指期貨,自營商,4355,5065170,5014,5828973,-659,-763803,5315,6165980,3664,4247235,1651,1918745
2025/07/25,小型臺指期貨,投信,0,0,7,8138,-7,-8138,326,378763,10,11619,316,367144
2025/07/25,小型臺指期貨,外資及陸資,46823,54464217,49142,57157491,-2319,-2693275,2613,3035103,5434,6311576,-2821,-3276473
2025/07/28,小型臺指期貨,自營商,6713,7831826,6334,7390122,379,441704,6071,7088911,4051,4728255,2020,2360656
2025/07/28,小型臺指期貨,投信,6,7011,1,1169,5,5842,329,384683,8,9354,321,375329
2025/07/28,小型臺指期貨,外資及陸資,64379,75119633,62772,73247221,1607,1872412,2601,3040469,3587,4192638,-986,-1152169
2025/07/29,小型臺指期貨,自營商,6974,8089717,8446,9789147,-1472,-1699430,5086,5881637,4494,5193136,592,688501
2025/07/29,小型臺指期貨,投信,1,1156,0,0,1,1156,330,381992,8,9260,322,372732
2025/07/29,小型臺指期貨,外資及陸資,73704,85572606,73295,85113274,409,459332,3268,3782221,4267,4937510,-999,-1155289
2025/07/30,小型臺指期貨,自營商,9826,11442672,9081,10577351,745,865321,5795,6759842,4386,5115416,1409,1644426
2025/07/30,小型臺指期貨,投信,0,0,4,4667,-4,-4667,326,380752,8,9344,318,371408
2025/07/30,小型臺指期貨,外資及陸資,80571,93808518,75253,87614043,5318,6194475,6608,7716953,1957,2284675,4651,5432278
2025/07/31,小型臺指期貨,自營商,9853,11545793,8842,10359709,1011,1186085,6726,7922314,4373,5149780,2353,2772534
2025/07/31,小型臺指期貨,投信,0,0,3,3535,-3,-3535,326,384419,11,12971,315,371448
2025/07/31,小型臺指期貨,外資及陸資,76991,90174654,73886,86500250,3105,3674404,4692,5531101,1188,1400476,3504,4130625
2025/08/01,小型臺指期貨,自營商,11131,12989615,13391,15625760,-2260,-2636145,5377,6270567,5349,6233766,28,36801
2025/08/01,小型臺指期貨,投信,25,29213,2,2336,23,26877,349,407370,11,12840,338,394530
2025/08/01,小型臺指期貨,外資及陸資,90831,106196490,100952,118134380,-10121,-11937890,3397,3964194,1855,2164292,1542,1799902
2025/08/04,小型臺指期貨,自營商,8367,9680517,8236,9531217,131,149300,5228,6075781,5554,6452035,-326,-376254
2025/08/04,小型臺指期貨,投信,0,0,2,2329,-2,-2329,349,406096,13,15127,336,390969
2025/08/04,小型臺指期貨,外資及陸資,93480,108176301,92820,107400600,660,775701,4993,5808580,2694,3132683,2299,2675897
2025/08/05,小型臺指期貨,自營商,7958,9327824,6239,7315305,1719,2012519,6576,7740489,5189,6108269,1387,1632220
2025/08/05,小型臺指期貨,投信,2,2358,25,29446,-23,-27088,324,381947,11,12967,313,368980
2025/08/05,小型臺指期貨,外資及陸資,61904,72590687,54830,64282970,7074,8307718,10640,12541287,786,925326,9854,11615961
2025/08/06,小型臺指期貨,自營商,7048,8264389,7376,8642389,-328,-378000,5654,6613195,4732,5531106,922,1082089
2025/08/06,小型臺指期貨,投信,1,1173,3,3510,-2,-2337,322,377014,11,12879,311,364135
2025/08/06,小型臺指期貨,外資及陸資,61768,72450029,66948,78521429,-5180,-6071400,5429,6355142,1274,1490557,4155,4864585
2025/08/07,小型臺指期貨,自營商,13929,16534506,11914,14155612,2015,2378894,7810,9357005,4632,5549052,3178,3807953
2025/08/07,小型臺指期貨,投信,0,0,3,3599,-3,-3599,322,386352,14,16798,308,369554
2025/08/07,小型臺指期貨,外資及陸資,88023,104313440,80039,94807922,7984,9505518,13555,16260415,756,906456,12799,15353959
2025/08/08,小型臺指期貨,自營商,7047,8456686,7224,8664157,-177,-207471,6777,8107923,3855,4607139,2922,3500784
2025/08/08,小型臺指期貨,投信,0,0,14,16781,-14,-16781,308,368876,14,16767,294,352109
2025/08/08,小型臺指期貨,外資及陸資,59456,71374674,66672,80036764,-7216,-8662090,6574,7870164,2154,2578638,4420,5291526
2025/08/11,小型臺指期貨,自營商,7650,9182552,7146,8576830,504,605722,7374,8895105,3884,4681405,3490,4213700
2025/08/11,小型臺指期貨,投信,3,3621,4,4828,-1,-1207,304,367050,11,13281,293,353769
2025/08/11,小型臺指期貨,外資及陸資,68330,82027573,65761,78928199,2569,3099374,8223,9925021,874,1054776,7349,8870245
2025/08/12,小型臺指期貨,自營商,6336,7646424,6284,7580746,52,65678,7068,8524842,3576,4307926,3492,4216916
2025/08/12,小型臺指期貨,投信,0,0,0,0,0,0,304,366958,11,13278,293,353680
2025/08/12,小型臺指期貨,外資及陸資,57755,69721738,58539,70667820,-784,-946082,7191,8676613,870,1049810,6321,7626803
2025/08/13,小型臺指期貨,自營商,11967,14519220,11238,13632132,729,887088,8080,9825850,4127,5014157,3953,4811693
2025/08/13,小型臺指期貨,投信,2,2434,23,27981,-21,-25547,282,343236,10,12168,272,331068
2025/08/13,小型臺指期貨,外資及陸資,76871,93288519,74796,90771067,2075,2517452,8954,10894486,568,690734,8386,10203752
2025/08/14,小型臺指期貨,自營商,6304,7660632,7192,8734718,-888,-1074086,6875,8331226,3954,4784819,2921,3546407
2025/08/14,小型臺指期貨,投信,12,14542,12,14583,0,-41,282,341918,10,12123,272,329795
2025/08/14,小型臺指期貨,外資及陸資,53750,65370259,57678,70144736,-3928,-4774477,5605,6793598,1415,1715034,4190,5078564
2025/08/15,小型臺指期貨,自營商,9518,11556164,9489,11518285,29,37879,7554,9173852,4741,5753555,2813,3420297
2025/08/15,小型臺指期貨,投信,0,0,10,12138,-10,-12138,272,330422,10,12147,262,318275
2025/08/15,小型臺指期貨,外資及陸資,60241,73117057,61552,74708187,-1311,-1591130,5597,6797392,2435,2957978,3162,3839414
2025/08/18,小型臺指期貨,自營商,11514,13999655,9844,11960835,1670,2038820,8645,10554322,4100,5001758,4545,5552564
2025/08/18,小型臺指期貨,投信,170,207372,218,266140,-48,-58768,225,274590,11,13422,214,261168
2025/08/18,小型臺指期貨,外資及陸資,67824,82414674,63650,77326448,4174,5088226,9995,12202828,2618,3196799,7377,9006029
2025/08/19,小型臺指期貨,自營商,9046,11020148,12499,15220277,-3453,-4200129,6487,7892913,5768,7007345,719,885568
2025/08/19,小型臺指期貨,投信,45,54666,51,62082,-6,-7416,222,269614,14,17002,208,252612
2025/08/19,小型臺指期貨,外資及陸資,49877,60803736,53722,65485596,-3845,-4681859,6447,7841782,2914,3545484,3533,4296298
2025/08/20,小型臺指期貨,自營商,18644,22275516,23178,27715428,-4534,-5439912,2079,2460148,9168,10843142,-7089,-8382994
2025/08/20,小型臺指期貨,投信,7,8330,11,13074,-4,-4745,218,257905,14,16563,204,241342
2025/08/20,小型臺指期貨,外資及陸資,82669,99028818,92752,111100788,-10083,-12071970,1654,1956620,3379,3997515,-1725,-2040895
2025/08/21,小型臺指期貨,自營商,9800,11651217,8230,9778320,1570,1872897,1747,2083719,6741,8034842,-4994,-5951123
2025/08/21,小型臺指期貨,投信,1,1193,0,0,1,1193,218,259987,13,15504,205,244483
2025/08/21,小型臺指期貨,外資及陸資,87909,104389103,80449,95527646,7460,8861458,8207,9787232,2085,2486579,6122,7300653
2025/08/22,小型臺指期貨,自營商,6715,8005697,7228,8610181,-513,-604485,2259,2683787,7485,8885876,-5226,-6202089
2025/08/22,小型臺指期貨,投信,0,0,2,2375,-2,-2375,218,258875,15,17813,203,241062
2025/08/22,小型臺指期貨,外資及陸資,77666,92561867,74455,88735955,3211,3825912,10870,12907888,1656,1966501,9214,10941387
2025/08/25,小型臺指期貨,自營商,8933,10756263,7007,8443996,1926,2312267,4246,5150309,7571,9178168,-3325,-4027859
2025/08/25,小型臺指期貨,投信,2,2425,0,0,2,2425,218,264380,13,15766,205,248614
2025/08/25,小型臺指期貨,外資及陸資,93222,112235456,89845,108191057,3377,4044399,8224,9973034,1333,1616567,6891,8356467
2025/08/26,小型臺指期貨,自營商,4556,5511684,5821,7038071,-1265,-1526387,4314,5233683,8900,10791045,-4586,-5557362
2025/08/26,小型臺指期貨,投信,0,0,5,6063,-5,-6063,213,258316,13,15766,200,242550
2025/08/26,小型臺指期貨,外資及陸資,59620,72094241,62931,76092040,-3311,-3997799,6191,7507837,2775,3365373,3416,4142464
2025/08/27,小型臺指期貨,自營商,6248,7623069,5254,6403001,994,1220068,4090,5001973,7947,9716052,-3857,-4714079
2025/08/27,小型臺指期貨,投信,0,0,6,7332,-6,-7332,207,253202,13,15902,194,237300
2025/08/27,小型臺指期貨,外資及陸資,57007,69475065,52609,64101406,4398,5373659,9189,11239508,1192,1458045,7997,9781463
2025/08/28,小型臺指期貨,自營商,7167,8727989,8078,9832954,-911,-1104965,2685,3251917,7460,9032468,-4775,-5780551
2025/08/28,小型臺指期貨,投信,0,0,7,8483,-7,-8483,200,242240,13,15746,187,226494
2025/08/28,小型臺指期貨,外資及陸資,68809,83809295,72935,88840955,-4126,-5031660,6316,7649858,2704,3275094,3612,4374764
2025/08/29,小型臺指期貨,自營商,7780,9471164,8016,9752569,-236,-281405,2730,3312101,7733,9379064,-5003,-6066963
2025/08/29,小型臺指期貨,投信,0,0,0,0,0,0,200,242680,13,15774,187,226906
2025/08/29,小型臺指期貨,外資及陸資,66938,81481570,65370,79564880,1568,1916690,7367,8938833,2045,2481375,5322,6457458
2025/09/01,小型臺指期貨,自營商,11745,14126445,12928,15545109,-1183,-1418663,1999,2399608,8201,9842072,-6202,-7442464
2025/09/01,小型臺指期貨,投信,0,0,3,3600,-3,-3600,200,240070,16,19206,184,220864
2025/09/01,小型臺指期貨,外資及陸資,98960,119115617,101912,122675752,-2952,-3560135,5635,6763949,3410,4093298,2225,2670651
2025/09/02,小型臺指期貨,自營商,9843,11844483,9881,11882019,-38,-37537,1853,2220811,8094,9698476,-6241,-7477665
2025/09/02,小型臺指期貨,投信,0,0,1,1207,-1,-1207,200,239720,17,20376,183,219344
2025/09/02,小型臺指期貨,外資及陸資,71771,86342730,70660,84981784,1111,1360946,5948,7129144,2476,2967661,3472,4161483
2025/09/03,小型臺指期貨,自營商,13758,16459181,13079,15634878,679,824303,2198,2637387,7411,8890668,-5213,-6253281
2025/09/03,小型臺指期貨,投信,1,1200,8,9602,-7,-8402,192,230371,16,19198,176,211173
2025/09/03,小型臺指期貨,外資及陸資,96782,115681088,98838,118105394,-2056,-2424306,6314,7575821,4529,5434137,1785,2141684
2025/09/04,小型臺指期貨,自營商,17273,20909796,17407,21068299,-134,-158503,2212,2668809,7308,8815741,-5096,-6146932
2025/09/04,小型臺指期貨,投信,3,3653,0,0,3,3653,195,235268,16,19304,179,215964
2025/09/04,小型臺指期貨,外資及陸資,97819,118281766,96752,116976729,1067,1305036,6784,8184899,4042,4876663,2742,3308236
2025/09/05,小型臺指期貨,自營商,13052,15861995,11479,13945605,1573,1916390,4102,5008427,7372,9000780,-3270,-3992353
2025/09/05,小型臺指期貨,投信,0,0,3,3648,-3,-3648,192,234470,16,19539,176,214931
2025/09/05,小型臺指期貨,外資及陸資,64554,78430664,57763,70171647,6791,8259017,11130,13591887,1228,1499613,9902,12092274
2025/09/08,小型臺指期貨,自營商,13088,16041776,12814,15704963,274,336813,4674,5736836,7283,8939583,-2609,-3202747
2025/09/08,小型臺指期貨,投信,6,7372,2,2458,4,4914,195,239421,15,18415,180,221006
2025/09/08,小型臺指期貨,外資及陸資,94987,116358930,95065,116431491,-78,-72561,11374,13964890,1625,1995094,9749,11969796
2025/09/09,小型臺指期貨,自營商,10040,12408868,9717,12011234,323,397634,6285,7789328,8006,9924720,-1721,-2135392
2025/09/09,小型臺指期貨,投信,4,4960,3,3717,1,1242,193,239348,12,14878,181,224470
2025/09/09,小型臺指期貨,外資及陸資,60282,74483187,55769,68909474,4513,5573713,9643,11958532,1361,1687733,8282,10270799
2025/09/10,小型臺指期貨,自營商,14907,18646176,14309,17902886,598,743290,7986,10044658,8391,10558621,-405,-513963
2025/09/10,小型臺指期貨,投信,2,2517,0,0,2,2517,193,242947,10,12583,183,230364
2025/09/10,小型臺指期貨,外資及陸資,76936,96145580,72345,90391563,4591,5754017,14326,18032918,1348,1696774,12978,16336144
2025/09/11,小型臺指期貨,自營商,14428,18272040,15662,19829759,-1234,-1557718,7823,9867188,9310,11742805,-1487,-1875617
2025/09/11,小型臺指期貨,投信,0,0,0,0,0,0,193,243498,10,12615,183,230883
2025/09/11,小型臺指期貨,外資及陸資,92414,117067253,91109,115418463,1305,1648790,10807,13634311,1375,1734720,9432,11899591
2025/09/12,小型臺指期貨,自營商,10037,12744671,9782,12422311,255,322360,5693,7248461,6286,8000043,-593,-751582
2025/09/12,小型臺指期貨,投信,38,48385,45,57272,-7,-8887,186,236781,10,12731,176,224050
2025/09/12,小型臺指期貨,外資及陸資,61637,78269014,61817,78487421,-180,-218407,11089,14115598,1812,2306506,9277,11809092
2025/09/15,小型臺指期貨,自營商,9748,12369655,11786,14950273,-2038,-2580618,6457,8185809,8687,11009890,-2230,-2824081
2025/09/15,小型臺指期貨,投信,79,100154,94,119106,-15,-18952,173,219316,12,15210,161,204106
2025/09/15,小型臺指期貨,外資及陸資,60528,76781939,63370,80396343,-2842,-3614404,9014,11424617,2612,3310495,6402,8114122
2025/09/16,小型臺指期貨,自營商,15171,19360928,13411,17114486,1760,2246442,6863,8794755,7302,9353504,-439,-558749
2025/09/16,小型臺指期貨,投信,57,73027,64,81980,-7,-8953,173,221740,19,24353,154,197387
2025/09/16,小型臺指期貨,外資及陸資,58571,74719266,59277,75611644,-706,-892378,10006,12821713,4141,5305707,5865,7516006
2025/09/17,小型臺指期貨,自營商,14826,18922035,16424,20965225,-1598,-2043190,5035,6412278,6019,7663193,-984,-1250915
2025/09/17,小型臺指期貨,投信,6,7655,12,15292,-6,-7637,170,216521,22,28020,148,188501
2025/09/17,小型臺指期貨,外資及陸資,57100,72897637,62370,79634733,-5270,-6737096,2260,2878369,4000,5094591,-1740,-2216222
2025/09/18,小型臺指期貨,自營商,15194,19411946,13092,16718299,2102,2693647,6557,8426733,5441,6989323,1116,1437410
2025/09/18,小型臺指期貨,投信,0,0,2,2571,-2,-2571,168,215981,22,28283,146,187698
2025/09/18,小型臺指期貨,外資及陸資,84647,108171951,82530,105471056,2117,2700895,4818,6193895,4119,5295358,699,898537
2025/09/19,小型臺指期貨,自營商,11937,15361335,14609,18792869,-2672,-3431534,6342,8138057,8030,10301246,-1688,-2163189
2025/09/19,小型臺指期貨,投信,0,0,9,11567,-9,-11567,159,204077,22,28237,137,175840
2025/09/19,小型臺指期貨,外資及陸資,99071,127504564,99738,128357551,-667,-852988,3101,3980085,3240,4158535,-139,-178450
2025/09/22,小型臺指期貨,自營商,6979,9004214,6383,8233570,596,770644,7089,9175449,8177,10581182,-1088,-1405733
2025/09/22,小型臺指期貨,投信,4,5179,0,0,4,5179,160,207144,19,24598,141,182546
2025/09/22,小型臺指期貨,外資及陸資,64092,82613267,62570,80639281,1522,1973986,5518,7143787,3690,4777245,1828,2366542
2025/09/23,小型臺指期貨,自營商,10782,14061809,9947,12972035,835,1089774,7860,10319667,8060,10579743,-200,-260076
2025/09/23,小型臺指期貨,投信,1,1313,0,0,1,1313,160,210104,18,23637,142,186467
2025/09/23,小型臺指期貨,外資及陸資,80901,105478486,78943,102893759,1958,2584727,5548,7285510,1609,2112860,3939,5172650
2025/09/24,小型臺指期貨,自營商,12249,16112797,13964,18346151,-1715,-2233355,6463,8476030,8421,11041902,-1958,-2565872
2025/09/24,小型臺指期貨,投信,0,0,4,5232,-4,-5232,156,204625,18,23611,138,181014
2025/09/24,小型臺指期貨,外資及陸資,99924,131457540,106158,139661952,-6234,-8204412,3070,4027081,5735,7522619,-2665,-3495538
2025/09/25,小型臺指期貨,自營商,7602,9954834,8154,10672448,-552,-717614,6186,8069665,8840,11530367,-2654,-3460702
2025/09/25,小型臺指期貨,投信,3,3925,4,5219,-1,-1294,156,203541,19,24790,137,178751
2025/09/25,小型臺指期貨,外資及陸資,74008,96910126,75570,98958477,-1562,-2048352,3287,4288895,3434,4480554,-147,-191659
2025/09/26,小型臺指期貨,自營商,16201,20864196,17823,22945642,-1622,-2081446,6387,8193464,10958,14057732,-4571,-5864268
2025/09/26,小型臺指期貨,投信,0,0,5,6461,-5,-6461,153,196299,21,26943,132,169356
2025/09/26,小型臺指期貨,外資及陸資,119434,154073210,124214,160242929,-4780,-6169719,2187,2806126,7209,9249522,-5022,-6443396
2025/09/30,小型臺指期貨,自營商,10549,13639392,9153,11836355,1396,1803037,7215,9361388,10381,13466835,-3166,-4105447
2025/09/30,小型臺指期貨,投信,1,1298,3,3892,-2,-2594,150,194648,20,25953,130,168695
2025/09/30,小型臺指期貨,外資及陸資,86176,111229908,81561,105280836,4615,5949072,3912,5076520,4006,5198406,-94,-121886
2025/10/01,小型臺指期貨,自營商,15133,19783726,14934,19524104,199,259622,7518,9788756,10372,13502972,-2854,-3714216
2025/10/01,小型臺指期貨,投信,0,0,0,0,0,0,150,195323,20,26043,130,169280
2025/10/01,小型臺指期貨,外資及陸資,86089,112479757,85272,111402441,817,1077316,4244,5526613,3457,4501570,787,1025043
2025/10/02,小型臺指期貨,自營商,13946,18371080,11332,14921611,2614,3449469,9551,12618042,9871,13037737,-320,-419695
2025/10/02,小型臺指期貨,投信,2,2642,0,0,2,2642,150,198180,18,23782,132,174398
2025/10/02,小型臺指期貨,外資及陸資,86986,114520003,84559,111329023,2427,3190979,7245,9572441,3654,4827693,3591,4744748
2025/10/03,小型臺指期貨,自營商,15533,20640900,14550,19329554,983,1311346,10089,13487412,9566,12784434,523,702978
2025/10/03,小型臺指期貨,投信,3,4001,12,16041,-9,-12041,141,188489,18,24062,123,164427
2025/10/03,小型臺指期貨,外資及陸資,95085,126188877,91816,121845017,3269,4343860,10010,13382060,3097,4140074,6913,9241986
2025/10/07,小型臺指期貨,自營商,13112,17741707,13915,18813897,-803,-1072189,9516,13000314,10658,14556597,-1142,-1556283
2025/10/07,小型臺指期貨,投信,5,6833,0,0,5,6833,142,193952,14,19122,128,174830
2025/10/07,小型臺指期貨,外資及陸資,88539,119581306,92350,124712490,-3811,-5131185,6396,8737283,3602,4919843,2794,3817440
2025/10/08,小型臺指期貨,自營商,12852,17415571,14597,19789489,-1745,-2373918,8477,11486283,11300,15312838,-2823,-3826555
2025/10/08,小型臺指期貨,投信,0,0,2,2709,-2,-2709,142,192362,16,21674,126,170688
2025/10/08,小型臺指期貨,外資及陸資,84067,113947985,92085,124841148,-8018,-10893163,3401,4608304,5298,7177352,-1897,-2569048
2025/10/09,小型臺指期貨,自營商,16648,22726060,14927,20369425,1721,2356635,6578,8992524,7610,10404081,-1032,-1411557
2025/10/09,小型臺指期貨,投信,48,65756,44,60173,4,5583,143,195579,13,17770,130,177809
2025/10/09,小型臺指期貨,外資及陸資,87871,119892184,83901,114491211,3970,5400973,5908,8078908,3713,5075411,2195,3003497
2025/10/13,小型臺指期貨,自營商,18753,25186620,21578,29002271,-2825,-3815651,4674,6289918,10371,13968573,-5697,-7678655
2025/10/13,小型臺指期貨,投信,82,110559,84,113090,-2,-2531,143,192799,15,20233,128,172566
2025/10/13,小型臺指期貨,外資及陸資,106246,143047475,109891,148001872,-3645,-4954397,4262,5741571,5818,7831166,-1556,-2089595
2025/10/14,小型臺指期貨,自營商,27110,36775764,27243,36939971,-133,-164207,2774,3708603,9833,13148006,-7059,-9439403
2025/10/14,小型臺指期貨,投信,25,33664,25,33608,0,56,143,191399,15,20078,128,171321
2025/10/14,小型臺指期貨,外資及陸資,141735,192218369,138470,187787889,3265,4430480,5505,7361246,3819,5105752,1686,2255494
2025/10/15,小型臺指期貨,自營商,33046,44491234,29107,39146773,3939,5344461,3575,4876233,4265,5816661,-690,-940428
2025/10/15,小型臺指期貨,投信,8,10868,3,4063,5,6805,146,199210,13,17738,133,181472
2025/10/15,小型臺指期貨,外資及陸資,130686,175591427,128685,172869384,2001,2722043,5909,8062527,1555,2121721,4354,5940806
2025/10/16,小型臺指期貨,自營商,16234,22374858,17624,24286255,-1390,-1911397,3660,5088839,5644,7847293,-1984,-2758454
2025/10/16,小型臺指期貨,投信,1,1391,0,0,1,1391,146,203071,12,16691,134,186380
2025/10/16,小型臺指期貨,外資及陸資,135616,186686755,138313,190342777,-2697,-3656022,4448,6186694,2660,3699762,1788,2486932
2025/10/17,小型臺指期貨,自營商,16739,23067696,19350,26655149,-2611,-3587454,1727,2357997,6717,9176704,-4990,-6818707
2025/10/17,小型臺指期貨,投信,0,0,5,6854,-5,-6854,141,192662,12,16397,129,176265
2025/10/17,小型臺指期貨,外資及陸資,135409,186717122,140006,193065585,-4597,-6348463,4241,5794925,1600,2186474,2641,3608451
2025/10/20,小型臺指期貨,自營商,14505,19958158,13222,18175585,1283,1782573,2846,3951177,6736,9353652,-3890,-5402475
2025/10/20,小型臺指期貨,投信,0,0,0,0,0,0,141,195849,12,16668,129,179181
2025/10/20,小型臺指期貨,外資及陸資,148457,203701358,145060,198958664,3397,4742694,6569,9124331,383,531988,6186,8592343
2025/10/21,小型臺指期貨,自營商,11317,15784824,9974,13908465,1343,1876359,3403,4734007,6015,8368239,-2612,-3634232
2025/10/21,小型臺指期貨,投信,2,2783,0,0,2,2783,141,196209,10,13916,131,182293
2025/10/21,小型臺指期貨,外資及陸資,93649,130553337,92347,128727965,1302,1825373,8539,11882492,1051,1462582,7488,10419910
2025/10/22,小型臺指期貨,自營商,12003,16634932,13371,18530520,-1368,-1895588,2080,2880211,6011,8325435,-3931,-5445224
2025/10/22,小型臺指期貨,投信,0,0,1,1386,-1,-1386,141,195341,11,15239,130,180102
2025/10/22,小型臺指期貨,外資及陸資,94938,131654332,100849,139868507,-5911,-8214175,5508,7630773,4085,5659360,1423,1971413
2025/10/23,小型臺指期貨,自營商,10869,14955496,11229,15450180,-360,-494684,2148,2958390,6334,8725284,-4186,-5766894
2025/10/23,小型臺指期貨,投信,0,0,2,2756,-2,-2756,141,194270,13,17911,128,176359
2025/10/23,小型臺指期貨,外資及陸資,110325,151824743,110743,152428875,-418,-604132,5521,7606844,4802,6616261,719,990583
2025/10/27,小型臺指期貨,自營商,12916,18111548,10852,15203032,2064,2908516,4310,6081106,6448,9095979,-2138,-3014873
2025/10/27,小型臺指期貨,投信,0,0,1,1411,-1,-1411,140,197533,13,18342,127,179191
2025/10/27,小型臺指期貨,外資及陸資,87630,122271636,85615,119503224,2015,2768412,6328,8928582,3250,4585642,3078,4342940
2025/10/28,小型臺指期貨,自營商,9492,13346552,10634,14951154,-1142,-1604602,2930,4102211,6287,8801643,-3357,-4699432
2025/10/28,小型臺指期貨,投信,0,0,3,4201,-3,-4201,140,196035,16,22404,124,173631
2025/10/28,小型臺指期貨,外資及陸資,72380,101772212,76613,107737017,-4233,-5964805,3916,5483418,5071,7100747,-1155,-1617329
2025/10/29,小型臺指期貨,自營商,11841,16741201,10478,14806978,1363,1934224,4847,6886312,6689,9501179,-1842,-2614867
2025/10/29,小型臺指期貨,投信,0,0,0,0,0,0,140,198898,16,22731,124,176167
2025/10/29,小型臺指期貨,外資及陸資,75738,106931430,70567,99614659,5171,7316771,7524,10689438,3173,4507916,4351,6181522
2025/10/30,小型臺指期貨,自營商,13705,19457955,13488,19140771,217,317184,3966,5631081,5587,7930869,-1621,-2299788
2025/10/30,小型臺指期貨,投信,0,0,0,0,0,0,140,198793,16,22719,124,176074
2025/10/30,小型臺指期貨,外資及陸資,111204,157861684,111373,158106520,-169,-244836,6788,9638642,2734,3882174,4054,5756468
2025/10/31,小型臺指期貨,自營商,13528,19239122,12524,17807420,1004,1431703,5375,7640995,6024,8561793,-649,-920798
2025/10/31,小型臺指期貨,投信,2,2843,4,5686,-2,-2843,136,193324,14,19901,122,173423
2025/10/31,小型臺指期貨,外資及陸資,90052,127893409,91132,129404315,-1080,-1510906,6995,9943545,3965,5636359,3030,4307186
2025/11/03,小型臺指期貨,自營商,13511,19163015,13572,19246420,-61,-83405,5513,7812826,6772,9597082,-1259,-1784256
2025/11/03,小型臺指期貨,投信,0,0,2,2834,-2,-2834,136,192719,16,22673,120,170046
2025/11/03,小型臺指期貨,外資及陸資,101497,143887420,106846,151449905,-5349,-7562485,5725,8112928,1939,2747906,3786,5365022
2025/11/04,小型臺指期貨,自營商,14352,20367566,15683,22235267,-1331,-1867701,3927,5521280,6672,9382414,-2745,-3861134
2025/11/04,小型臺指期貨,投信,0,0,3,4218,-3,-4218,136,191209,19,26713,117,164496
2025/11/04,小型臺指期貨,外資及陸資,103339,146643630,101739,144329707,1600,2313922,7938,11160659,2480,3487093,5458,7673566
2025/11/05,小型臺指期貨,自營商,20918,29046571,24523,34057657,-3605,-5011087,3048,4237990,9815,13650390,-6767,-9412400
2025/11/05,小型臺指期貨,投信,0,0,0,0,0,0,136,189094,19,26418,117,162676
2025/11/05,小型臺指期貨,外資及陸資,142873,198804184,145688,202659456,-2815,-3855273,4073,5663160,2258,3140126,1815,2523034
2025/11/06,小型臺指期貨,自營商,12126,16974873,12344,17275564,-218,-300692,3132,4390947,10397,14576664,-7265,-10185717
2025/11/06,小型臺指期貨,投信,10,14016,0,0,10,14016,146,204648,19,26632,127,178016
2025/11/06,小型臺指期貨,外資及陸資,97138,135914252,93364,130628742,3774,5285510,7398,10369823,1659,2325941,5739,8043882
2025/11/07,小型臺指期貨,自營商,14494,20144625,14918,20733542,-424,-588917,2500,3465376,10005,13870584,-7505,-10405208
2025/11/07,小型臺指期貨,投信,0,0,1,1386,-1,-1386,146,202363,20,27721,126,174642
2025/11/07,小型臺指期貨,外資及陸資,133610,185712938,137205,190749273,-3595,-5036335,4028,5583038,1807,2505145,2221,3077893
2025/11/10,小型臺指期貨,自營商,16949,23461937,16386,22676531,563,785406,4249,5952920,11291,15817484,-7042,-9864564
2025/11/10,小型臺指期貨,投信,0,0,10,14005,-10,-14005,136,190509,20,28016,116,162493
2025/11/10,小型臺指期貨,外資及陸資,140766,194311035,139117,191967069,1649,2343966,6094,8536538,2230,3123975,3864,5412563
2025/11/11,小型臺指期貨,自營商,13435,18802420,12553,17570364,882,1232056,3147,4371423,9544,13258802,-6397,-8887379
2025/11/11,小型臺指期貨,投信,2,2780,2,2779,0,1,138,191684,22,30558,116,161126
2025/11/11,小型臺指期貨,外資及陸資,94225,131867864,97911,137025096,-3686,-5157232,4846,6731126,4744,6589810,102,141316
2025/11/12,小型臺指期貨,自營商,11801,16472866,11080,15464293,721,1008573,3024,4241015,8982,12595314,-5958,-8354299
2025/11/12,小型臺指期貨,投信,3,4209,3,4206,0,3,135,189398,19,26656,116,162742
2025/11/12,小型臺指期貨,外資及陸資,94001,131118353,89743,125180339,4258,5938015,7695,10795649,3075,4314045,4620,6481604
2025/11/13,小型臺指期貨,自營商,14428,20189723,13583,19002817,845,1186906,4438,6207697,9651,13499658,-5213,-7291961
2025/11/13,小型臺指期貨,投信,3,4197,2,2798,1,1400,138,193049,21,29377,117,163672
2025/11/13,小型臺指期貨,外資及陸資,93950,131501081,96161,134599379,-2211,-3098298,6118,8558602,3709,5188729,2409,3369873
2025/11/14,小型臺指期貨,自營商,15340,21168176,18042,24904565,-2702,-3736389,4567,6257946,13329,18268968,-8762,-12011022
2025/11/14,小型臺指期貨,投信,73,100100,76,104146,-3,-4046,137,187785,23,31515,114,156270
2025/11/14,小型臺指期貨,外資及陸資,118032,163004301,125125,172868941,-7093,-9864641,4451,6099004,2340,3206930,2111,2892074
2025/11/17,小型臺指期貨,自營商,28937,39665660,25845,35409459,3092,4256202,2941,4037675,9151,12555703,-6210,-8518028
2025/11/17,小型臺指期貨,投信,57,78271,59,81053,-2,-2782,134,183943,22,30193,112,153750
2025/11/17,小型臺指期貨,外資及陸資,166877,228579952,162720,222875846,4157,5704106,7843,10775551,1526,2095595,6317,8679956
2025/11/18,小型臺指期貨,自營商,29324,39814508,33440,45377805,-4116,-5563297,2938,3939414,13366,17922574,-10428,-13983160
2025/11/18,小型臺指期貨,投信,28,37691,26,34943,2,2747,137,183731,23,30845,114,152886
2025/11/18,小型臺指期貨,外資及陸資,171336,232994725,173090,235387711,-1754,-2392985,8550,11463470,4120,5524669,4430,5938801
2025/11/19,小型臺指期貨,自營商,31923,42745773,30958,41473630,965,1272144,1137,1512636,14373,19119513,-13236,-17606877
2025/11/19,小型臺指期貨,投信,3,4027,0,0,3,4027,140,186242,23,30597,117,155645
2025/11/19,小型臺指期貨,外資及陸資,138310,185451180,138265,185379289,45,71892,1348,1793246,3940,5241500,-2592,-3448254
2025/11/20,小型臺指期貨,自營商,11862,16131978,10769,14626197,1093,1505782,2058,2828689,13382,18386766,-11324,-15558077
2025/11/20,小型臺指期貨,投信,5,6871,11,15070,-6,-8199,131,180020,20,27484,111,152536
2025/11/20,小型臺指期貨,外資及陸資,130898,177571111,119892,162663374,11006,14907736,5106,7016769,697,957861,4409,6058908
2025/11/21,小型臺指期貨,自營商,14832,19934466,18002,24144635,-3170,-4210169,1334,1766467,16366,21664376,-15032,-19897909
2025/11/21,小型臺指期貨,投信,0,0,4,5307,-4,-5307,128,169446,21,27800,107,141646
2025/11/21,小型臺指期貨,外資及陸資,159917,215332148,174265,234699134,-14348,-19366986,1115,1476055,5509,7293129,-4394,-5817074
2025/11/24,小型臺指期貨,自營商,16704,22162263,16449,21811386,255,350877,1325,1763405,16075,21387511,-14750,-19624106
2025/11/24,小型臺指期貨,投信,2,2661,1,1331,1,1330,127,168999,19,25283,108,143716
2025/11/24,小型臺指期貨,外資及陸資,164448,218094219,159801,211933628,4647,6160591,3946,5251003,3498,4654948,448,596055
2025/11/25,小型臺指期貨,自營商,12585,16889612,10102,13548830,2483,3340783,1960,2640037,14199,19117311,-12239,-16477274
2025/11/25,小型臺指期貨,投信,0,0,0,0,0,0,127,171025,19,25586,108,145439
2025/11/25,小型臺指期貨,外資及陸資,109654,147054467,105524,141529437,4130,5525031,1980,2666399,3445,4639335,-1465,-1972936
2025/11/26,小型臺指期貨,自營商,13996,18956958,13576,18370515,420,586444,2807,3837100,14703,20091835,-11896,-16254735
2025/11/26,小型臺指期貨,投信,2,2735,0,0,2,2735,127,173603,17,23238,110,150365
2025/11/26,小型臺指期貨,外資及陸資,121452,164313944,117978,159580793,3474,4733151,3917,5354377,1750,2392203,2167,2962174
2025/11/27,小型臺指期貨,自營商,10023,13766253,9244,12699112,779,1067141,3574,4929620,14488,19973764,-10914,-15044144
2025/11/27,小型臺指期貨,投信,1,1379,0,0,1,1379,127,175127,16,22063,111,153064
2025/11/27,小型臺指期貨,外資及陸資,103141,141599892,99259,136267311,3882,5332582,6684,9216947,477,657837,6207,8559110
2025/11/28,小型臺指期貨,自營商,7219,9992655,7237,10018728,-18,-26073,3903,5414565,14515,20125750,-10612,-14711185
2025/11/28,小型臺指期貨,投信,2,2773,0,0,2,2773,127,176130,14,19416,113,156714
2025/11/28,小型臺指期貨,外資及陸資,47497,65710159,47162,65231740,335,478419,6941,9626198,426,590928,6515,9035270
2025/12/01,小型臺指期貨,自營商,9612,13271937,10479,14459037,-867,-1187100,2468,3382892,14230,19496181,-11762,-16113289
2025/12/01,小型臺指期貨,投信,0,0,0,0,0,0,127,174028,14,19184,113,154844
2025/12/01,小型臺指期貨,外資及陸資,67473,93255861,72870,100697937,-5397,-7442077,3525,4830402,2508,3436937,1017,1393465
2025/12/02,小型臺指期貨,自營商,9829,13574512,10910,15063397,-1081,-1488885,2422,3338881,15247,21006141,-12825,-17667260
2025/12/02,小型臺指期貨,投信,1,1378,3,4134,-2,-2756,124,170866,13,17913,111,152953
2025/12/02,小型臺指期貨,外資及陸資,88904,122747032,87162,120350189,1742,2396843,3978,5481590,1219,1679995,2759,3801595
2025/12/03,小型臺指期貨,自營商,11294,15681679,10769,14954213,525,727466,3273,4545559,15342,21291693,-12069,-16746134
2025/12/03,小型臺指期貨,投信,2,2776,0,0,2,2776,124,172112,11,15268,113,156844
2025/12/03,小型臺指期貨,外資及陸資,85922,119266907,86102,119516836,-180,-249930,4639,6439133,2059,2858253,2580,3580880
2025/12/04,小型臺指期貨,自營商,8987,12473438,9643,13381477,-656,-908039,3334,4636853,16059,22318574,-12725,-17681721
2025/12/04,小型臺指期貨,投信,0,0,0,0,0,0,124,172348,11,15289,113,157059
2025/12/04,小型臺指期貨,外資及陸資,79382,110145046,79287,110000375,95,144671,4145,5761316,1470,2043582,2675,3717734
2025/12/05,小型臺指期貨,自營商,9999,13930278,9749,13580108,250,350170,4605,6455082,17101,23949475,-12496,-17494393
2025/12/05,小型臺指期貨,投信,3,4201,0,0,3,4201,124,173662,8,11204,116,162458
2025/12/05,小型臺指期貨,外資及陸資,75183,104650747,70161,97639646,5022,7011101,8607,12054318,690,966634,7917,11087684
2025/12/08,小型臺指期貨,自營商,10614,14935402,10151,14281868,463,653534,5456,7721327,17607,24898356,-12151,-17177029
2025/12/08,小型臺指期貨,投信,0,0,0,0,0,0,124,175361,8,11314,116,164047
2025/12/08,小型臺指期貨,外資及陸資,68491,96316902,68831,96777289,-340,-460387,8663,12251439,1122,1587000,7541,10664439
2025/12/09,小型臺指期貨,自營商,7610,10757249,7631,10787318,-21,-30070,4546,6419747,16825,23738728,-12279,-17318981
2025/12/09,小型臺指期貨,投信,0,0,0,0,0,0,124,174945,8,11287,116,163658
2025/12/09,小型臺指期貨,外資及陸資,54883,77554278,61284,86591181,-6401,-9036904,4422,6238986,3398,4794867,1024,1444119
2025/12/10,小型臺指期貨,自營商,9252,13101592,9561,13533350,-309,-431757,5499,7815122,17986,25539441,-12487,-17724319
2025/12/10,小型臺指期貨,投信,3,4260,0,0,3,4260,126,178920,7,9940,119,168980
2025/12/10,小型臺指期貨,外資及陸資,61790,87409945,57457,81265092,4333,6144854,7686,10914357,2211,3140084,5475,7774273
2025/12/11,小型臺指期貨,自營商,12670,17950672,14652,20758157,-1982,-2807486,2642,3716659,17017,23915251,-14375,-20198592
2025/12/11,小型臺指期貨,投信,0,0,0,0,0,0,126,177036,7,9835,119,167201
2025/12/11,小型臺指期貨,外資及陸資,92574,131194633,98664,139841872,-6090,-8647240,4410,6196521,5180,7279872,-770,-1083351
2025/12/12,小型臺指期貨,自營商,10327,14592483,10453,14768965,-126,-176482,2557,3622261,17057,24136505,-14500,-20514244
2025/12/12,小型臺指期貨,投信,7,9899,12,16996,-5,-7097,126,178227,12,17005,114,161222
2025/12/12,小型臺指期貨,外資及陸資,80233,113316161,76322,107795688,3911,5520474,5561,7866675,2263,3202730,3298,4663945
2025/12/15,小型臺指期貨,自營商,13132,18377236,16265,22775484,-3133,-4398247,2154,3012059,19264,26921162,-17110,-23909103
2025/12/15,小型臺指期貨,投信,93,130357,96,134090,-3,-3734,126,176284,15,21005,111,155279
2025/12/15,小型臺指期貨,外資及陸資,102261,142956866,104964,146799750,-2703,-3842884,5455,7615877,4860,6785508,595,830369
2025/12/16,小型臺指期貨,自營商,19529,27057012,22590,31299619,-3061,-4242607,1717,2379224,22075,30557353,-20358,-28178129
2025/12/16,小型臺指期貨,投信,24,33238,23,31738,1,1500,126,174640,14,19410,112,155230
2025/12/16,小型臺指期貨,外資及陸資,104938,145427888,104022,144170820,916,1257068,4743,6559090,3232,4473952,1511,2085138
2025/12/17,小型臺指期貨,自營商,20135,27902390,18796,26054930,1339,1847459,1055,1463344,12699,17583704,-11644,-16120360
2025/12/17,小型臺指期貨,投信,4,5554,14,19387,-10,-13833,117,161981,15,20767,102,141214
2025/12/17,小型臺指期貨,外資及陸資,88317,122327831,89588,124098420,-1271,-1770589,1771,2451865,5424,7509328,-3653,-5057463
2025/12/18,小型臺指期貨,自營商,13984,19343582,16792,23222714,-2808,-3879133,1563,2159524,15933,21990119,-14370,-19830595
2025/12/18,小型臺指期貨,投信,0,0,0,0,0,0,117,161448,15,20699,102,140749
2025/12/18,小型臺指期貨,外資及陸資,116335,160796227,116100,160461045,235,335182,3551,4900342,1557,2148740,1994,2751602
2025/12/19,小型臺指期貨,自營商,13459,18744505,12321,17157217,1138,1587288,2001,2796239,15221,21233380,-13220,-18437141
2025/12/19,小型臺指期貨,投信,3,4185,0,0,3,4185,117,163197,12,16738,105,146459
2025/12/19,小型臺指期貨,外資及陸資,100159,139402078,93927,130704936,6232,8697142,4109,5731548,842,1174550,3267,4556998
2025/12/22,小型臺指期貨,自營商,8759,12343582,8514,12007167,245,336415,2659,3774221,15638,22162051,-12979,-18387830
2025/12/22,小型臺指期貨,投信,2,2834,0,0,2,2834,117,165795,10,14171,107,151624
2025/12/22,小型臺指期貨,外資及陸資,74472,104839494,71708,100953614,2764,3885880,6824,9670253,793,1123880,6031,8546373
2025/12/23,小型臺指期貨,自營商,6654,9444141,5829,8273496,825,1170645,3016,4291454,15182,21571804,-12166,-17280350
2025/12/23,小型臺指期貨,投信,0,0,2,2841,-2,-2841,115,163386,10,14208,105,149178
2025/12/23,小型臺指期貨,外資及陸資,46545,66033850,46770,66349451,-225,-315602,6708,9530791,913,1297193,5795,8233598
2025/12/24,小型臺指期貨,自營商,7311,10406310,6684,9515598,627,890712,2897,4131296,14388,20483616,-11491,-16352320
2025/12/24,小型臺指期貨,投信,0,0,0,0,0,0,115,163685,10,14234,105,149451
2025/12/24,小型臺指期貨,外資及陸資,49045,69775077,48392,68849145,653,925932,3219,4582231,702,999205,2517,3583026
2025/12/26,小型臺指期貨,自營商,7161,10246783,7414,10604442,-253,-357659,3635,5220883,15343,22003653,-11708,-16782770
2025/12/26,小型臺指期貨,投信,5,7171,0,0,5,7171,120,172062,10,14339,110,157723
2025/12/26,小型臺指期貨,外資及陸資,43548,62262751,41227,58937550,2321,3325200,5282,7574544,444,636633,4838,6937911
2025/12/29,小型臺指期貨,自營商,9466,13642545,7740,11157931,1726,2484615,4750,6885820,14740,21335420,-9990,-14449600
2025/12/29,小型臺指期貨,投信,0,0,0,0,0,0,120,173640,10,14470,110,159170
2025/12/29,小型臺指期貨,外資及陸資,51094,73580448,50797,73150880,297,429567,5491,7946667,612,885647,4879,7061020
2025/12/30,小型臺指期貨,自營商,8006,11544198,8953,12909799,-947,-1365601,4079,5902272,15036,21716439,-10957,-15814167
2025/12/30,小型臺指期貨,投信,0,0,2,2887,-2,-2887,120,173250,12,17325,108,155925
2025/12/30,小型臺指期貨,外資及陸資,54034,77858553,58448,84224454,-4414,-6365901,4130,5963550,3665,5291454,465,672096
2025/12/31,小型臺指期貨,自營商,11599,16785181,9545,13811078,2054,2974104,5614,8160773,14388,20881806,-8774,-12721033
2025/12/31,小型臺指期貨,投信,1,1451,0,0,1,1451,120,174084,11,15958,109,158126
2025/12/31,小型臺指期貨,外資及陸資,58032,83911321,55228,79843183,2804,4068138,4740,6877776,1578,2289257,3162,4588519
2026/01/02,小型臺指期貨,自營商,14861,21741562,13923,20363616,938,1377946,6258,9238659,14277,21050874,-8019,-11812215
2026/01/02,小型臺指期貨,投信,2,2948,0,0,2,2948,120,176874,9,13266,111,163608
2026/01/02,小型臺指期貨,外資及陸資,66990,97857714,62806,91736125,4184,6121588,7487,11038424,141,207842,7346,10830582
2026/01/05,小型臺指期貨,自營商,23407,35136830,22597,33949467,810,1187363,6418,9740689,13665,20718229,-7247,-10977540
2026/01/05,小型臺指期貨,投信,5,7573,0,0,5,7573,123,186400,7,10608,116,175792
2026/01/05,小型臺指期貨,外資及陸資,119533,179078250,121387,181824047,-1854,-2745797,6587,9987125,1166,1767014,5421,8220111
2026/01/06,小型臺指期貨,自營商,14260,21682570,14186,21579648,74,102922,6744,10344742,13769,21098600,-7025,-10753858
2026/01/06,小型臺指期貨,投信,3,4596,0,0,3,4596,123,188356,4,6125,119,182231
2026/01/06,小型臺指期貨,外資及陸資,76410,116084207,80881,122871633,-4471,-6787426,4558,6986445,3622,5546701,936,1439744
2026/01/07,小型臺指期貨,自營商,12960,19812032,15516,23710972,-2556,-3898940,5538,8473551,14756,22538460,-9218,-14064909
2026/01/07,小型臺指期貨,投信,0,0,1,1526,-1,-1526,123,187673,5,7629,118,180044
2026/01/07,小型臺指期貨,外資及陸資,78060,119277059,77906,119048629,154,228430,4476,6835671,3842,5862349,634,973322
2026/01/08,小型臺指期貨,自營商,15503,23657285,14042,21418674,1461,2238611,5791,8843486,13811,21054244,-8020,-12210758
2026/01/08,小型臺指期貨,投信,0,0,0,0,0,0,123,187317,5,7615,118,179702
2026/01/08,小型臺指期貨,外資及陸資,82213,125335940,80340,122496912,1873,2839028,4708,7175944,2201,3352294,2507,3823650
2026/01/09,小型臺指期貨,自營商,20052,30454203,19390,29449533,662,1004670,5732,8751774,13135,20025047,-7403,-11273273
2026/01/09,小型臺指期貨,投信,0,0,7,10641,-7,-10641,123,187286,12,18272,111,169014
2026/01/09,小型臺指期貨,外資及陸資,101749,154582823,102897,156336696,-1148,-1753873,4595,7002652,3405,5184974,1190,1817678
2026/01/12,小型臺指期貨,自營商,13623,20897685,13897,21313573,-274,-415888,6633,10211351,14335,22033849,-7702,-11822498
2026/01/12,小型臺指期貨,投信,3,4605,0,0,3,4605,123,188805,9,13815,114,174990
2026/01/12,小型臺指期貨,外資及陸資,86322,132295891,87236,133706621,-914,-1410730,3930,6039798,3625,5564525,305,475273
2026/01/13,小型臺指期貨,自營商,18613,28750848,20356,31442991,-1743,-2692144,6089,9423756,15436,23855846,-9347,-14432090
2026/01/13,小型臺指期貨,投信,0,0,0,0,0,0,123,189851,9,13892,114,175959
2026/01/13,小型臺指期貨,外資及陸資,109501,168967651,110340,170310975,-839,-1343324,3749,5794316,4541,7008284,-792,-1213968
2026/01/14,小型臺指期貨,自營商,14929,23172508,18207,28249441,-3278,-5076933,5096,7927207,17947,27835374,-12851,-19908167
2026/01/14,小型臺指期貨,投信,2,3099,0,0,2,3099,123,190527,7,10843,116,179684
2026/01/14,小型臺指期貨,外資及陸資,91269,141481445,90538,140359596,731,1121849,4770,7397146,4570,7079497,200,317649
2026/01/15,小型臺指期貨,自營商,16729,25833684,18304,28256349,-1575,-2422665,4680,7286246,19138,29735151,-14458,-22448905
2026/01/15,小型臺指期貨,投信,0,0,0,0,0,0,123,190958,7,10868,116,180090
2026/01/15,小型臺指期貨,外資及陸資,101435,156431829,100424,154867509,1011,1564321,6090,9459350,1415,2196964,4675,7262386
2026/01/16,小型臺指期貨,自營商,23927,37525761,23430,36748040,497,777721,5369,8472637,19867,31290298,-14498,-22817661
2026/01/16,小型臺指期貨,投信,1,1574,0,0,1,1574,123,193577,6,9443,117,184134
2026/01/16,小型臺指期貨,外資及陸資,114048,178846654,112089,175768335,1959,3078319,7224,11378940,650,1023329,6574,10355611
2026/01/19,小型臺指期貨,自營商,17073,26939554,16364,25806519,709,1133035,6720,10677544,20486,32478449,-13766,-21800905
2026/01/19,小型臺指期貨,投信,88,139894,93,147291,-5,-7396,117,185803,5,7918,112,177885
2026/01/19,小型臺指期貨,外資及陸資,92167,145092266,91822,144517794,345,574472,8205,13014474,1286,2036750,6919,10977724
2026/01/20,小型臺指期貨,自營商,17356,27455529,18271,28899703,-915,-1444173,5589,8880757,20252,32115471,-14663,-23234714
2026/01/20,小型臺指期貨,投信,22,34995,35,55556,-13,-20561,119,189111,20,31763,99,157348
2026/01/20,小型臺指期貨,外資及陸資,80302,126879221,80414,127034487,-112,-155266,7745,12296617,1088,1723641,6657,10572976
2026/01/21,小型臺指期貨,自營商,31965,50305304,33049,52034171,-1084,-1728867,2530,3992814,9751,15354960,-7221,-11362146
2026/01/21,小型臺指期貨,投信,12,18898,15,23584,-3,-4686,116,182532,23,36192,93,146340
2026/01/21,小型臺指期貨,外資及陸資,130556,205416144,134823,212156085,-4267,-6739941,4184,6583802,5189,8165301,-1005,-1581499
2026/01/22,小型臺指期貨,自營商,19376,30816768,19347,30767042,29,49726,3572,5702712,10764,17158667,-7192,-11455955
2026/01/22,小型臺指期貨,投信,1,1593,0,0,1,1593,117,186399,23,36642,94,149757
2026/01/22,小型臺指期貨,外資及陸資,134054,213072337,131283,208649128,2771,4423208,5333,8496568,3492,5563861,1841,2932707
2026/01/23,小型臺指期貨,自營商,15937,25545277,14411,23090782,1526,2454495,4038,6505808,9809,15781200,-5771,-9275392
2026/01/23,小型臺指期貨,投信,1,1608,0,0,1,1608,117,188130,22,35375,95,152755
2026/01/23,小型臺指期貨,外資及陸資,98570,157911635,95789,153436854,2781,4474781,6352,10214188,1730,2782273,4622,7431915
2026/01/26,小型臺指期貨,自營商,10767,17320761,12540,20168763,-1773,-2848002,3632,5849535,11440,18397977,-7808,-12548442
2026/01/26,小型臺指期貨,投信,0,0,0,0,0,0,117,188078,22,35365,95,152713
2026/01/26,小型臺指期貨,外資及陸資,89193,143445567,91695,147450484,-2502,-4004917,5110,8214550,2990,4807074,2120,3407476
2026/01/27,小型臺指期貨,自營商,12830,20751893,12937,20914347,-107,-162454,4001,6512017,11916,19372025,-7915,-12860008
2026/01/27,小型臺指期貨,投信,0,0,2,3249,-2,-3249,115,186904,22,35756,93,151148
2026/01/27,小型臺指期貨,外資及陸資,85974,138921379,83250,134507192,2724,4414187,6632,10778895,1776,2886584,4856,7892311
2026/01/28,小型臺指期貨,自營商,12797,20948589,15351,25131207,-2554,-4182618,3408,5619772,13919,22920389,-10511,-17300617
2026/01/28,小型臺指期貨,投信,4,6585,0,0,4,6585,116,190965,19,31279,97,159686
2026/01/28,小型臺指期貨,外資及陸資,75200,122996909,74733,122204518,467,792391,6356,10463952,1039,1710593,5317,8753359
2026/01/29,小型臺指期貨,自營商,16177,26597669,20239,33244723,-4062,-6647055,2371,3894980,16566,27160084,-14195,-23265104
2026/01/29,小型臺指期貨,投信,0,0,2,3277,-2,-3277,116,190089,21,34413,95,155676
2026/01/29,小型臺指期貨,外資及陸資,114915,188821974,119957,197173773,-5042,-8351798,3979,6520575,3704,6070282,275,450293
2026/01/30,小型臺指期貨,自營商,22663,36637794,26294,42502711,-3631,-5864917,2284,3694394,20052,32353322,-17768,-28658928
2026/01/30,小型臺指期貨,投信,2,3225,3,4838,-1,-1613,118,190287,24,38702,94,151585
2026/01/30,小型臺指期貨,外資及陸資,156662,253307426,156600,253217210,62,90216,4177,6735882,3822,6164558,355,571324
2026/02/02,小型臺指期貨,自營商,33799,53894482,32548,51882875,1251,2011607,1768,2805515,18217,28813856,-16449,-26008341
2026/02/02,小型臺指期貨,投信,0,0,7,11067,-7,-11067,116,183373,29,45843,87,137530
2026/02/02,小型臺指期貨,外資及陸資,190997,304126558,189726,302122810,1271,2003748,4839,7649610,3140,4965544,1699,2684066
2026/02/03,小型臺指期貨,自營商,18421,29603539,17157,27567508,1264,2036031,2537,4106062,17689,28567735,-15152,-24461673
2026/02/03,小型臺指期貨,投信,1,1615,0,0,1,1615,116,187247,28,45198,88,142049
2026/02/03,小型臺指期貨,外資及陸資,122802,197171510,121847,195678299,955,1493211,5088,8213154,2367,3822653,2721,4390501
2026/02/04,小型臺指期貨,自營商,20478,33033631,22618,36478562,-2140,-3444931,2923,4751476,20053,32520525,-17130,-27769049
2026/02/04,小型臺指期貨,投信,2,3242,2,3241,0,1,114,184771,26,42141,88,142630
2026/02/04,小型臺指期貨,外資及陸資,136729,220236418,133009,214282301,3720,5954116,7912,12823818,1478,2397527,6434,10426291
2026/02/05,小型臺指期貨,自營商,21203,34085843,23357,37531078,-2154,-3445235,1707,2735700,20987,33501605,-19280,-30765905
2026/02/05,小型臺指期貨,投信,0,0,1,1595,-1,-1595,113,180246,26,41473,87,138773
2026/02/05,小型臺指期貨,外資及陸資,163307,262370757,168215,270281287,-4908,-7910530,5783,9224532,4280,6830813,1503,2393719
2026/02/06,小型臺指期貨,自營商,29886,47320879,28419,44990587,1467,2330292,2988,4768040,20939,33308777,-17951,-28540737
2026/02/06,小型臺指期貨,投信,2,3178,2,3179,0,0,115,182787,28,44505,87,138282
2026/02/06,小型臺指期貨,外資及陸資,206555,327348902,203547,322566211,3008,4782691,7391,11747647,2806,4464371,4585,7283276
2026/02/09,小型臺指期貨,自營商,19246,31203213,18909,30665796,337,537417,3266,5348925,21125,34507307,-17859,-29158382
2026/02/09,小型臺指期貨,投信,2,3261,2,3257,0,5,115,187743,28,45710,87,142033
2026/02/09,小型臺指期貨,外資及陸資,123005,199267591,117154,189867437,5851,9400154,7368,12028852,1752,2863086,5616,9165766
2026/02/10,小型臺指期貨,自營商,20753,34196756,20997,34595951,-244,-399195,3072,5138493,20495,34160989,-17423,-29022496
2026/02/10,小型臺指期貨,投信,84,140225,88,146451,-4,-6225,111,185455,28,46624,83,138831
2026/02/10,小型臺指期貨,外資及陸資,112759,185535826,109971,180901227,2788,4634600,9556,15923649,1488,2483449,8068,13440200
2026/02/11,小型臺指期貨,自營商,17946,30099809,19072,31988631,-1126,-1888822,2897,4911510,20887,35235880,-17990,-30324370
2026/02/11,小型臺指期貨,投信,53,89461,52,87792,1,1669,111,187801,27,45681,84,142120
2026/02/11,小型臺指期貨,外資及陸資,111475,186572768,111912,187278850,-437,-706082,9207,15523090,1538,2595883,7669,12927207
2026/02/23,小型臺指期貨,自營商,22899,39053838,26547,45275586,-3648,-6221749,2070,3530851,9674,16451529,-7604,-12920678
2026/02/23,小型臺指期貨,投信,0,0,0,0,0,0,111,188539,27,45861,84,142678
2026/02/23,小型臺指期貨,外資及陸資,120664,205151359,122259,207873977,-1595,-2722618,3773,6408695,5112,8683172,-1339,-2274477
2026/02/24,小型臺指期貨,自營商,17312,29805795,16295,28038752,1017,1767044,3143,5489018,9789,17066121,-6646,-11577103
2026/02/24,小型臺指期貨,投信,1,1742,0,0,1,1742,111,193345,26,45288,85,148057
2026/02/24,小型臺指期貨,外資及陸資,112231,192893095,108538,186568650,3693,6324445,7203,12546994,4766,8302129,2437,4244865
2026/02/25,小型臺指期貨,自營商,19871,35067417,22016,38885576,-2145,-3818159,2631,4684167,11612,20625081,-8981,-15940914
2026/02/25,小型臺指期貨,投信,0,0,1,1775,-1,-1775,110,195190,26,46136,84,149054
2026/02/25,小型臺指期貨,外資及陸資,130207,229645814,132604,233852819,-2397,-4207005,5512,9781229,5589,9918749,-77,-137520
2026/02/26,小型臺指期貨,自營商,11764,20936451,12056,21451432,-292,-514980,2767,4943180,12279,21884412,-9512,-16941232
2026/02/26,小型臺指期貨,投信,1,1781,0,0,1,1781,110,195861,25,44514,85,151347
2026/02/26,小型臺指期貨,外資及陸資,102468,182262018,101361,180306304,1107,1955715,5897,10500410,5030,8957166,867,1543244
2026/03/02,小型臺指期貨,自營商,23006,40609817,27267,48121003,-4261,-7511186,4088,7217239,17766,31330351,-13678,-24113112
2026/03/02,小型臺指期貨,投信,0,0,2,3525,-2,-3525,110,193809,27,47571,83,146238
2026/03/02,小型臺指期貨,外資及陸資,163584,288642787,165549,292160719,-1965,-3517931,6991,12318577,1968,3468108,5023,8850469
2026/03/03,小型臺指期貨,自營商,27964,48736458,30610,53296115,-2646,-4559658,4290,7377471,20741,35638945,-16451,-28261474
2026/03/03,小型臺指期貨,投信,0,0,3,5151,-3,-5151,109,187104,29,49780,80,137324
2026/03/03,小型臺指期貨,外資及陸資,214829,374826292,218213,380739974,-3384,-5913682,4415,7578841,2898,4976599,1517,2602242
2026/03/04,小型臺指期貨,自營商,46374,77345098,50795,84749021,-4421,-7403923,3161,5200871,25163,41380321,-22002,-36179450
2026/03/04,小型臺指期貨,投信,0,0,3,4935,-3,-4935,109,179147,32,52594,77,126553
2026/03/04,小型臺指期貨,外資及陸資,334904,558954973,333550,556741249,1354,2213724,6683,10985554,3824,6288600,2859,4696954
2026/03/05,小型臺指期貨,自營商,23619,39791649,21369,35982538,2250,3809111,3414,5753540,23248,39151189,-19834,-33397649
2026/03/05,小型臺指期貨,投信,3,5051,0,0,3,5051,110,185163,30,50499,80,134664
2026/03/05,小型臺指期貨,外資及陸資,235707,396333806,232086,390283455,3621,6050351,7642,12865009,1170,1972065,6472,10892944
2026/03/06,小型臺指期貨,自營商,20980,35106056,20589,34453382,391,652674,4272,7205900,23691,39939056,-19419,-32733156
2026/03/06,小型臺指期貨,投信,0,0,0,0,0,0,110,185367,30,50555,80,134812
2026/03/06,小型臺指期貨,外資及陸資,251211,419949325,249992,417905260,1219,2044064,8063,13588295,372,627986,7691,12960309
2026/03/09,小型臺指期貨,自營商,35872,57648365,33017,53328642,2855,4319723,6782,10817797,23482,37458817,-16700,-26641020
2026/03/09,小型臺指期貨,投信,2,3172,1,1600,1,1572,112,178651,31,49448,81,129203
2026/03/09,小型臺指期貨,外資及陸資,263707,427380401,267158,433152717,-3451,-5772316,5955,9499131,1973,3149223,3982,6349908
2026/03/10,小型臺指期貨,自營商,25642,41965891,25367,41494421,275,471470,6315,10334143,22672,37093862,-16357,-26759719
2026/03/10,小型臺指期貨,投信,1,1638,0,0,1,1638,112,183215,30,49076,82,134139
2026/03/10,小型臺指期貨,外資及陸資,233573,380887761,227576,371173630,5997,9714131,5189,8488909,1744,2854487,3445,5634422
2026/03/11,小型臺指期貨,自營商,26821,44919887,27186,45487020,-365,-567133,5248,8933808,22075,37542719,-16827,-28608911
2026/03/11,小型臺指期貨,投信,4,6783,0,0,4,6783,114,193823,28,47606,86,146217
2026/03/11,小型臺指期貨,外資及陸資,208766,348082633,205792,343141744,2974,4940889,7618,12953730,1042,1772525,6576,11181205
2026/03/12,小型臺指期貨,自營商,18843,31721333,19898,33512173,-1055,-1790839,4364,7323074,22355,37477676,-17991,-30154602
2026/03/12,小型臺指期貨,投信,0,0,4,6701,-4,-6701,114,191018,32,53619,82,137399
2026/03/12,小型臺指期貨,外資及陸資,173609,292428465,178051,299932601,-4442,-7504136,4169,6986414,2117,3550911,2052,3435503
2026/03/13,小型臺指期貨,自營商,27834,46184162,27601,45803850,233,380311,4951,8257021,22760,37922164,-17809,-29665143
2026/03/13,小型臺指期貨,投信,65,108651,69,114970,-4,-6319,112,186818,34,56617,78,130201
2026/03/13,小型臺指期貨,外資及陸資,195243,323547876,193735,321082871,1508,2465005,5280,8793716,1976,3295220,3304,5498496
2026/03/16,小型臺指期貨,自營商,28240,47032352,28601,47593273,-361,-560922,4415,7353126,22360,37212061,-17945,-29858935
2026/03/16,小型臺指期貨,投信,29,48426,28,46577,1,1849,113,188510,34,56549,79,131961
2026/03/16,小型臺指期貨,外資及陸資,218517,362902522,219380,364397713,-863,-1495192,4715,7846695,2305,3838825,2410,4007870
2026/03/17,小型臺指期貨,自營商,18207,30704213,16215,27329520,1992,3374693,4646,7865313,20757,35102316,-16111,-27237003
2026/03/17,小型臺指期貨,投信,52,88012,51,86402,1,1611,113,191625,33,55963,80,135662
2026/03/17,小型臺指期貨,外資及陸資,138941,233883039,136834,230332613,2107,3550426,5412,9157447,1134,1920994,4278,7236453
2026/03/18,小型臺指期貨,自營商,26679,45647711,25913,44347888,766,1299823,1773,3066269,5673,9803976,-3900,-6737707
2026/03/18,小型臺指期貨,投信,0,0,1,1712,-1,-1712,112,193525,33,57021,79,136504
2026/03/18,小型臺指期貨,外資及陸資,121664,207825690,120475,205745671,1189,2080019,4753,8212808,1368,2363767,3385,5849041
2026/03/19,小型臺指期貨,自營商,14782,25170229,17981,30653507,-3199,-5483278,2072,3482703,9189,15431935,-7117,-11949232
2026/03/19,小型臺指期貨,投信,0,0,3,5036,-3,-5036,112,187930,36,60406,76,127524
2026/03/19,小型臺指期貨,外資及陸資,140447,239199471,151968,258925337,-11521,-19725867,3103,5206723,2132,3578410,971,1628313
2026/03/20,小型臺指期貨,自營商,19406,32515176,17562,29390597,1844,3124579,2139,3594706,7430,12478768,-5291,-8884062
2026/03/20,小型臺指期貨,投信,0,0,1,1677,-1,-1677,112,187930,37,62084,75,125846
2026/03/20,小型臺指期貨,外資及陸資,203274,339433952,199148,332525088,4126,6908864,6182,10373465,929,1559420,5253,8814045
2026/03/23,小型臺指期貨,自營商,14930,24526726,13243,21751585,1687,2775141,4367,7112481,7875,12830217,-3508,-5717736
2026/03/23,小型臺指期貨,投信,0,0,3,4888,-3,-4888,112,182330,40,65118,72,117212
2026/03/23,小型臺指期貨,外資及陸資,198607,327085153,205025,337683613,-6418,-10598460,3255,5299190,4795,7807973,-1540,-2508783
2026/03/24,小型臺指期貨,自營商,22343,36992340,19932,32967368,2411,4024972,4945,8109517,6061,9942997,-1116,-1833480
2026/03/24,小型臺指期貨,投信,0,0,0,0,0,0,112,183574,40,65562,72,118012
2026/03/24,小型臺指期貨,外資及陸資,261917,432891360,257269,425273924,4648,7617436,5847,9583751,2176,3567968,3671,6015783
2026/03/25,小型臺指期貨,自營商,13533,22636455,13781,23031877,-248,-395422,3724,6265717,5330,8969137,-1606,-2703420
2026/03/25,小型臺指期貨,投信,4,6720,0,0,4,6720,116,195013,40,67246,76,127767
2026/03/25,小型臺指期貨,外資及陸資,177760,295983903,177562,295644853,198,339050,5280,8876574,1225,2060583,4055,6815991
2026/03/26,小型臺指期貨,自營商,12739,21481486,11627,19603526,1112,1877960,4658,7795023,5286,8851216,-628,-1056193
2026/03/26,小型臺指期貨,投信,0,0,4,6698,-4,-6698,114,190614,42,70226,72,120388
2026/03/26,小型臺指期貨,外資及陸資,159803,269396587,160839,271094889,-1036,-1698302,4536,7584639,1602,2679699,2934,4904940
2026/03/27,小型臺指期貨,自營商,12147,20076314,12682,20966265,-535,-889951,5225,8661594,6302,10452925,-1077,-1791331
2026/03/27,小型臺指期貨,投信,2,3279,2,3314,0,-35,116,192131,44,72877,72,119254
2026/03/27,小型臺指期貨,外資及陸資,152029,251249888,155122,256339991,-3093,-5090103,2129,3526345,2521,4176633,-392,-650288
2026/03/30,小型臺指期貨,自營商,12524,20346472,11817,19214286,707,1132186,5972,9705642,6142,9987154,-170,-281512
2026/03/30,小型臺指期貨,投信,0,0,5,8119,-5,-8119,116,188384,49,79576,67,108808
2026/03/30,小型臺指期貨,外資及陸資,169032,274935925,168179,273587207,853,1348718,2901,4711935,2644,4294515,257,417420
2026/03/31,小型臺指期貨,自營商,14296,23052739,14895,24023737,-599,-970999,6276,10036617,7069,11319159,-793,-1282542
2026/03/31,小型臺指期貨,投信,3,4836,6,9586,-3,-4750,119,190126,55,87874,64,102252
2026/03/31,小型臺指期貨,外資及陸資,178307,287866191,179483,289811581,-1176,-1945390,3266,5219417,4185,6687187,-919,-1467770
2026/04/01,小型臺指期貨,自營商,17216,28292264,14516,23804966,2700,4487298,7523,12571695,5997,10024869,1526,2546826
2026/04/01,小型臺指期貨,投信,12,20029,2,3324,10,16705,118,196995,44,73456,74,123539
2026/04/01,小型臺指期貨,外資及陸資,164162,268066408,154463,252187970,9699,15878439,6264,10459312,1761,2940218,4503,7519094
2026/04/02,小型臺指期貨,自營商,14712,24463246,16715,27798830,-2003,-3335584,5123,8337132,6210,10111422,-1087,-1774290
2026/04/02,小型臺指期貨,投信,0,0,6,9754,-6,-9754,118,191780,50,81263,68,110517
2026/04/02,小型臺指期貨,外資及陸資,180894,301065450,186596,310554499,-5702,-9489049,2944,4786278,4199,6825192,-1255,-2038914
2026/04/07,小型臺指期貨,自營商,12446,20509130,11397,18770124,1049,1739006,5843,9704830,5383,8942062,460,762768
2026/04/07,小型臺指期貨,投信,5,8295,0,0,5,8295,118,195744,45,74648,73,121096
2026/04/07,小型臺指期貨,外資及陸資,155104,254600079,149804,245893421,5300,8706658,5009,8311248,964,1599245,4045,6712003
2026/04/08,小型臺指期貨,自營商,21662,37049827,21184,36159211,478,890616,7714,13523055,6754,11834711,960,1688344
2026/04/08,小型臺指期貨,投信,2,3497,0,0,2,3497,120,210096,45,78786,75,131310
2026/04/08,小型臺指期貨,外資及陸資,175407,296030372,173710,293004336,1697,3026036,6924,12125193,1188,2080226,5736,10044967
2026/04/09,小型臺指期貨,自營商,13855,24287470,14896,26112198,-1041,-1824728,5749,10051841,5614,9819198,135,232643
2026/04/09,小型臺指期貨,投信,22,38585,22,38439,0,146,121,211439,46,80325,75,131114
2026/04/09,小型臺指期貨,外資及陸資,121767,213418221,127346,223172301,-5579,-9754080,4682,8178470,4516,7886279,166,292191
2026/04/10,小型臺指期貨,自營商,13497,23837984,13352,23570261,145,267724,5227,9319604,7426,13223533,-2199,-3903929
2026/04/10,小型臺指期貨,投信,5,8918,6,10652,-1,-1734,119,211810,45,80030,74,131780
2026/04/10,小型臺指期貨,外資及陸資,105774,186132583,103818,182653485,1956,3479098,4949,8806727,2827,5029065,2122,3777662
2026/04/13,小型臺指期貨,自營商,14121,25127867,13814,24591601,307,536267,4678,8325759,5417,9645076,-739,-1319317
2026/04/13,小型臺指期貨,投信,70,124785,69,122302,1,2483,120,213672,45,79785,75,133887
2026/04/13,小型臺指期貨,外資及陸資,90204,160399191,91264,162276244,-1060,-1877053,4643,8248467,3656,6483893,987,1764574
2026/04/14,小型臺指期貨,自營商,16760,30289508,16215,29307489,545,982019,5124,9370824,5458,9997281,-334,-626457
2026/04/14,小型臺指期貨,投信,67,122133,64,116932,3,5200,120,219867,42,76963,78,142904
2026/04/14,小型臺指期貨,外資及陸資,94349,169809803,93306,167921618,1043,1888185,4229,7727987,2186,3981120,2043,3746867
2026/04/15,小型臺指期貨,自營商,20073,37008386,18984,35034732,1089,1973654,2361,4375703,6216,11507525,-3855,-7131822
2026/04/15,小型臺指期貨,投信,5,9284,2,3703,3,5581,121,223759,40,73970,81,149789
2026/04/15,小型臺指期貨,外資及陸資,81274,149606535,83828,154339545,-2554,-4733010,2620,4845086,3144,5814224,-524,-969138
2026/04/16,小型臺指期貨,自營商,12535,23360624,12713,23686730,-178,-326106,3033,5721898,6990,13175596,-3957,-7453698
2026/04/16,小型臺指期貨,投信,2,3765,0,0,2,3765,121,227776,38,71533,83,156243
2026/04/16,小型臺指期貨,外資及陸資,89535,166725351,90917,169276371,-1382,-2551020,3088,5813332,1662,3129403,1426,2683929
2026/04/17,小型臺指期貨,自營商,12718,23678459,14659,27292740,-1941,-3614281,2313,4297582,8421,15630172,-6108,-11332590
2026/04/17,小型臺指期貨,投信,0,0,1,1854,-1,-1854,121,224322,39,72302,82,152020
2026/04/17,小型臺指期貨,外資及陸資,111748,207868391,114016,212111529,-2268,-4243139,3059,5671133,3994,7405693,-935,-1734560
2026/04/20,小型臺指期貨,自營商,14243,26757222,13416,25192485,827,1564737,2550,4757313,8141,15176975,-5591,-10419662
2026/04/20,小型臺指期貨,投信,0,0,5,9332,-5,-9332,116,215992,39,72618,77,143374
2026/04/20,小型臺指期貨,外資及陸資,110819,208265062,111210,209033599,-391,-768537,4469,8321612,2467,4594926,2002,3726686
2026/04/21,小型臺指期貨,自營商,13590,25682534,13034,24616895,556,1065639,3751,7146948,8782,16726249,-5031,-9579301
2026/04/21,小型臺指期貨,投信,0,0,0,0,0,0,116,220678,39,74194,77,146484
2026/04/21,小型臺指期貨,外資及陸資,114394,215769666,112278,211768183,2116,4001483,5109,9719729,1028,1957133,4081,7762596
2026/04/22,小型臺指期貨,自營商,13849,26357421,13748,26168273,101,189148,3627,6943433,8908,17045005,-5281,-10101572
2026/04/22,小型臺指期貨,投信,0,0,0,0,0,0,116,221653,39,74521,77,147132
2026/04/22,小型臺指期貨,外資及陸資,122242,232358860,124992,237582458,-2750,-5223598,3843,7343779,2509,4795530,1334,2548249
2026/04/23,小型臺指期貨,自營商,20373,38986088,19766,37789218,607,1196871,2275,4321762,7022,13325423,-4747,-9003661
2026/04/23,小型臺指期貨,投信,0,0,1,1891,-1,-1891,116,219536,40,75702,76,143834
2026/04/23,小型臺指期貨,外資及陸資,180118,344002789,182400,348343432,-2282,-4340643,2260,4278078,3124,5914349,-864,-1636271
2026/04/24,小型臺指期貨,自營商,19779,38167085,17530,33753408,2249,4413677,4293,8436643,6887,13533041,-2594,-5096398
2026/04/24,小型臺指期貨,投信,3,5879,0,0,3,5879,116,227488,37,72561,79,154927
2026/04/24,小型臺指期貨,外資及陸資,181478,348542430,177018,339959460,4460,8582970,5258,10312734,1591,3121595,3667,7191139
2026/04/27,小型臺指期貨,自營商,16347,32641469,16997,33938471,-650,-1297002,3298,6599207,6752,13502268,-3454,-6903061
2026/04/27,小型臺指期貨,投信,0,0,0,0,0,0,116,231542,37,73854,79,157688
2026/04/27,小型臺指期貨,外資及陸資,160194,319342926,163661,326162477,-3467,-6819551,3406,6799621,3316,6620587,90,179034
2026/04/28,小型臺指期貨,自營商,11134,22235641,10849,21651261,285,584380,3188,6350770,6409,12760738,-3221,-6409968
2026/04/28,小型臺指期貨,投信,0,0,3,5959,-3,-5959,116,230451,40,79466,76,150985
2026/04/28,小型臺指期貨,外資及陸資,123242,245779882,125025,249294228,-1783,-3514347,3451,6856809,5228,10388636,-1777,-3531827
2026/04/29,小型臺指期貨,自營商,12268,24218734,12793,25252061,-525,-1033327,2818,5578432,6002,11877186,-3184,-6298754
2026/04/29,小型臺指期貨,投信,0,0,1,1973,-1,-1973,116,228978,41,80932,75,148046
2026/04/29,小型臺指期貨,外資及陸資,138718,273517136,139977,275992061,-1259,-2474925,3688,7280687,2059,4067035,1629,3213652
2026/04/30,小型臺指期貨,自營商,10077,19931143,9818,19408019,259,523124,3067,6048255,5991,11812198,-2924,-5763943
2026/04/30,小型臺指期貨,投信,4,7869,1,1967,3,5902,120,236052,42,82618,78,153434
2026/04/30,小型臺指期貨,外資及陸資,151184,298676479,148223,292813245,2961,5863234,6430,12649097,1896,3732533,4534,8916564
2026/05/04,小型臺指期貨,自營商,16052,32390937,14241,28729094,1811,3661843,4065,8361101,6494,13352024,-2429,-4990923
2026/05/04,小型臺指期貨,投信,2,4107,6,12319,-4,-8212,114,234019,40,82112,74,151907
2026/05/04,小型臺指期貨,外資及陸資,138250,277672881,133006,267129984,5244,10542897,6908,14183663,2317,4758661,4591,9425002
2026/05/05,小型臺指期貨,自營商,10207,20884266,11516,23559588,-1309,-2675321,2747,5652463,6417,13192610,-3670,-7540147
2026/05/05,小型臺指期貨,投信,2,4092,3,6154,-1,-2062,115,235946,42,86171,73,149775
2026/05/05,小型臺指期貨,外資及陸資,121914,249273378,128313,262306865,-6399,-13033487,4570,9378539,2404,4935138,2166,4443401
2026/05/06,小型臺指期貨,自營商,15731,32619853,16755,34734181,-1024,-2114328,2544,5297982,6965,14493174,-4421,-9195192
2026/05/06,小型臺指期貨,投信,2,4153,0,0,2,4153,115,238706,40,83028,75,155678
2026/05/06,小型臺指期貨,外資及陸資,147206,304807237,149350,309250904,-2144,-4443667,3624,7525008,3604,7484786,20,40222
2026/05/07,小型臺指期貨,自營商,13985,29445014,14071,29624837,-86,-179823,2894,6148948,7408,15730772,-4514,-9581824
2026/05/07,小型臺指期貨,投信,0,0,2,4235,-2,-4235,113,239289,40,84704,73,154585
2026/05/07,小型臺指期貨,外資及陸資,135408,284673088,135478,284768945,-70,-95857,4457,9441702,4399,9319582,58,122120
2026/05/08,小型臺指期貨,自營商,15081,31738619,16013,33699130,-932,-1960511,2404,5062863,7663,16125469,-5259,-11062606
2026/05/08,小型臺指期貨,投信,0,0,2,4195,-2,-4195,113,236910,42,88055,71,148855
2026/05/08,小型臺指期貨,外資及陸資,147119,309434620,149672,314851283,-2553,-5416663,3950,8283721,2424,5087600,1526,3196121
2026/05/11,小型臺指期貨,自營商,10507,22109269,10509,22105554,-2,3715,2601,5479972,7929,16695501,-5328,-11215529
2026/05/11,小型臺指期貨,投信,0,0,0,0,0,0,113,237125,42,88135,71,148990
2026/05/11,小型臺指期貨,外資及陸資,103182,216860588,104179,218950292,-997,-2089704,3676,7715342,2990,6279020,686,1436322
2026/05/12,小型臺指期貨,自營商,14754,31035809,15284,32138396,-530,-1102587,2573,5387436,8016,16773746,-5443,-11386310
2026/05/12,小型臺指期貨,投信,0,0,0,0,0,0,113,235628,42,87578,71,148050
2026/05/12,小型臺指期貨,外資及陸資,133942,281453372,132138,277641155,1804,3812217,4811,10033172,2321,4844994,2490,5188178
2026/05/13,小型臺指期貨,自營商,20578,42533051,21479,44398221,-901,-1865170,2412,5021126,7820,16268774,-5408,-11247648
2026/05/13,小型臺指期貨,投信,0,0,2,4146,-2,-4146,113,234181,44,91186,69,142995
2026/05/13,小型臺指期貨,外資及陸資,163299,337086675,162066,334525008,1233,2561667,5636,11681653,1821,3779031,3815,7902622
2026/05/14,小型臺指期貨,自營商,19881,41515797,18747,39133471,1134,2382326,2677,5593216,6661,13922101,-3984,-8328885
2026/05/14,小型臺指期貨,投信,2,4164,0,0,2,4164,115,239407,44,91599,71,147808
2026/05/14,小型臺指期貨,外資及陸資,136090,283480535,136362,284062181,-272,-581646,5453,11353546,1949,4062384,3504,7291162
2026/05/15,小型臺指期貨,自營商,22532,47201432,23565,49322941,-1033,-2121509,2614,5384114,8252,16995878,-5638,-11611764
2026/05/15,小型臺指期貨,投信,20,41244,24,49268,-4,-8024,113,231817,46,94295,67,137522
2026/05/15,小型臺指期貨,外資及陸資,158178,331126036,157583,329878024,595,1248012,6257,12831040,2051,4211694,4206,8619346
2026/05/18,小型臺指期貨,自營商,17546,35757278,18070,36824236,-524,-1066958,2827,5791812,8975,18396511,-6148,-12604699
2026/05/18,小型臺指期貨,投信,61,125151,73,149060,-12,-23909,102,208737,47,95873,55,112864
2026/05/18,小型臺指期貨,外資及陸資,161116,327864012,161292,328232422,-176,-368410,6519,13305276,2396,4896320,4123,8408956
2026/05/19,小型臺指期貨,自營商,20242,41365332,22194,45338122,-1952,-3972790,3312,6691282,11765,23785683,-8453,-17094401
2026/05/19,小型臺指期貨,投信,68,137198,121,244652,-53,-107454,104,210051,102,206035,2,4016
2026/05/19,小型臺指期貨,外資及陸資,171681,350332119,172685,352410142,-1004,-2078024,4824,9715951,2099,4237074,2725,5478877
2026/05/20,小型臺指期貨,自營商,25096,50411788,24271,48768970,825,1642818,1737,3502149,10339,20791137,-8602,-17288988
2026/05/20,小型臺指期貨,投信,2,4023,4,8023,-2,-4000,103,206639,103,206639,0,0
2026/05/20,小型臺指期貨,外資及陸資,163975,329279581,161569,324419205,2406,4860376,3109,6237319,3147,6315947,-38,-78628
2026/05/21,小型臺指期貨,自營商,12278,25216125,11028,22645467,1250,2570658,2866,5961213,10281,21371191,-7415,-15409978
2026/05/21,小型臺指期貨,投信,7,14534,2,4151,5,10384,101,209590,96,199214,5,10376
2026/05/21,小型臺指期貨,外資及陸資,117843,241772643,114430,234836692,3413,6935951,5019,10415092,1585,3290906,3434,7124186
2026/05/22,小型臺指期貨,自營商,15967,33447167,15390,32208164,577,1239003,3382,7196230,10312,21929282,-6930,-14733052
2026/05/22,小型臺指期貨,投信,4,8496,0,0,4,8496,101,214398,92,195293,9,19105
2026/05/22,小型臺指期貨,外資及陸資,146874,306675139,147686,308281665,-812,-1606526,4546,9650076,1754,3725405,2792,5924671
2026/05/25,小型臺指期貨,自營商,12068,26074384,13538,29289080,-1470,-3214696,3355,7376313,11755,25827253,-8400,-18450940
2026/05/25,小型臺指期貨,投信,6,13166,0,0,6,13166,101,221544,86,188641,15,32903
2026/05/25,小型臺指期貨,外資及陸資,116049,250478629,118087,254821240,-2038,-4342610,4160,9124901,3650,8008923,510,1115978
2026/05/26,小型臺指期貨,自營商,8619,18961088,11125,24465850,-2506,-5504762,2360,5192321,13321,29262510,-10961,-24070189
2026/05/26,小型臺指期貨,投信,0,0,0,0,0,0,101,221513,86,188615,15,32898
2026/05/26,小型臺指期貨,外資及陸資,89406,196597029,92430,203248670,-3024,-6651641,2648,5807594,5455,11966892,-2807,-6159298
2026/05/27,小型臺指期貨,自營商,17833,39812653,16641,37106747,1192,2705906,2863,6430516,12737,28578192,-9874,-22147676
2026/05/27,小型臺指期貨,投信,3,6719,9,20129,-6,-13409,92,206052,83,185895,9,20157
2026/05/27,小型臺指期貨,外資及陸資,139857,311973095,135764,302759174,4093,9213921,3876,8681143,2536,5682944,1340,2998199
2026/05/28,小型臺指期貨,自營商,19085,42652809,20718,46269729,-1633,-3616920,2172,4779769,12593,27659873,-10421,-22880104
2026/05/28,小型臺指期貨,投信,0,0,4,8768,-4,-8768,92,201659,87,190700,5,10959
2026/05/28,小型臺指期貨,外資及陸資,219717,491338063,226357,506121974,-6640,-14783911,3112,6821406,3472,7613991,-360,-792585
2026/05/29,小型臺指期貨,自營商,14318,32077873,13227,29639360,1091,2438514,3491,7928321,12825,29109839,-9334,-21181518
2026/05/29,小型臺指期貨,投信,7,15868,0,0,7,15868,92,208449,80,181260,12,27189
2026/05/29,小型臺指期貨,外資及陸資,150033,335550517,145500,325453732,4533,10096785,3432,7776083,3110,7049546,322,726537
2026/06/01,小型臺指期貨,自營商,14227,32504630,15427,35246696,-1200,-2742066,3188,7364111,13734,31681885,-10546,-24317774
2026/06/01,小型臺指期貨,投信,1,2303,2,4603,-1,-2300,90,207185,79,181862,11,25323
2026/06/01,小型臺指期貨,外資及陸資,163406,372770377,165712,378029933,-2306,-5259556,3298,7592255,5547,12773568,-2249,-5181313
2026/06/02,小型臺指期貨,自營商,16075,37021358,16830,38736533,-755,-1715175,2374,5499493,13679,31606921,-11305,-26107428
2026/06/02,小型臺指期貨,投信,0,0,0,0,0,0,90,207464,79,182107,11,25357
2026/06/02,小型臺指期貨,外資及陸資,179620,413109001,180744,415713923,-1124,-2604921,2292,5283495,5602,12918053,-3310,-7634558
2026/06/03,小型臺指期貨,自營商,10921,25499760,10483,24466912,438,1032848,2414,5686300,13027,30602514,-10613,-24916214
2026/06/03,小型臺指期貨,投信,3,7030,0,0,3,7030,90,210857,76,178057,14,32800
2026/06/03,小型臺指期貨,外資及陸資,119299,278222834,116589,271889723,2710,6333111,2827,6623469,3254,7628756,-427,-1005287
2026/06/04,小型臺指期貨,自營商,11493,26726473,13217,30733208,-1724,-4006735,2544,5923681,14916,34636943,-12372,-28713262
2026/06/04,小型臺指期貨,投信,0,0,2,4631,-2,-4631,90,208395,78,180609,12,27786
2026/06/04,小型臺指期貨,外資及陸資,128760,299495832,131895,306816284,-3135,-7320452,2145,4967032,5707,13221537,-3562,-8254505
2026/06/05,小型臺指期貨,自營商,18058,41171857,19583,44619949,-1525,-3448092,1724,3933870,16296,36962085,-14572,-33028215
2026/06/05,小型臺指期貨,投信,0,0,4,9055,-4,-9055,90,203517,82,185427,8,18090
2026/06/05,小型臺指期貨,外資及陸資,203050,462970692,203355,463646698,-305,-676007,1993,4506933,3044,6892960,-1051,-2386027
2026/06/08,小型臺指期貨,自營商,23215,50435598,22526,49079457,689,1356141,2048,4448878,15895,34333081,-13847,-29884203
2026/06/08,小型臺指期貨,投信,0,0,9,19402,-9,-19402,90,193874,91,196028,-1,-2154
2026/06/08,小型臺指期貨,外資及陸資,274666,599320877,269700,588944750,4966,10376127,5026,10826828,1168,2522445,3858,8304383
2026/06/09,小型臺指期貨,自營商,13207,29122962,13694,30212035,-487,-1089073,2281,5131938,16291,36478593,-14010,-31346655
2026/06/09,小型臺指期貨,投信,5,11181,0,0,5,11181,90,201047,86,192111,4,8936
2026/06/09,小型臺指期貨,外資及陸資,178622,393407139,174249,383759461,4373,9647678,4833,10796667,1079,2415613,3754,8381054
2026/06/10,小型臺指期貨,自營商,28239,61936446,28985,63572191,-746,-1635745,1834,4017216,15467,33634690,-13633,-29617474
2026/06/10,小型臺指期貨,投信,4,8703,8,17365,-4,-8662,92,199493,92,199488,0,5
2026/06/10,小型臺指期貨,外資及陸資,287476,630967094,284447,624485305,3029,6481790,7823,16963030,1125,2445578,6698,14517452
2026/06/11,小型臺指期貨,自營商,25339,54545230,26896,57921339,-1557,-3376110,1831,3994598,17051,36937939,-15220,-32943341
2026/06/11,小型臺指期貨,投信,92,198740,92,199001,0,-261,92,198815,92,199134,0,-319
2026/06/11,小型臺指期貨,外資及陸資,308138,663351644,309879,667268342,-1741,-3916698,5855,12652731,925,2004047,4930,10648684
2026/06/12,小型臺指期貨,自營商,19511,42961809,20085,44256247,-574,-1294438,2133,4755684,17675,39173616,-15542,-34417932
2026/06/12,小型臺指期貨,投信,7,15509,0,0,7,15509,95,210042,88,195052,7,14990
2026/06/12,小型臺指期貨,外資及陸資,214759,471594633,214179,470400154,580,1194479,7045,15578229,1311,2905986,5734,12672243
2026/06/15,小型臺指期貨,自營商,13035,29375518,13923,31424285,-888,-2048767,2536,5832705,18965,43371125,-16429,-37538420
2026/06/15,小型臺指期貨,投信,80,183277,75,170959,5,12318,94,215153,82,187862,12,27291
2026/06/15,小型臺指期貨,外資及陸資,170706,382593493,168983,378778097,1723,3815396,5113,11669093,2194,5018008,2919,6651085
2026/06/16,小型臺指期貨,自營商,12944,29743621,13126,30159201,-182,-415579,2129,4922121,19301,44285930,-17172,-39363809
2026/06/16,小型臺指期貨,投信,18,41276,18,41198,0,78,94,215443,82,187940,12,27503
2026/06/16,小型臺指期貨,外資及陸資,117941,270607419,119782,274844139,-1841,-4236720,6659,15244504,5726,13124818,933,2119686
2026/06/17,小型臺指期貨,自營商,20100,45752928,19469,44343604,631,1409324,1631,3796958,9712,22444257,-8081,-18647299
2026/06/17,小型臺指期貨,投信,2,4601,0,0,2,4601,95,218552,81,186345,14,32207
2026/06/17,小型臺指期貨,外資及陸資,113401,258191963,113693,258872586,-292,-680623,2848,6552871,5193,11951722,-2345,-5398851
2026/06/18,小型臺指期貨,自營商,10852,25194782,10955,25409995,-103,-215213,2325,5478832,10201,23949172,-7876,-18470340
2026/06/18,小型臺指期貨,投信,5,11682,0,0,5,11682,99,231422,80,187008,19,44414
2026/06/18,小型臺指期貨,外資及陸資,145807,337913814,145984,338328598,-177,-414784,3728,8716541,1543,3611893,2185,5104648
2026/06/22,小型臺指期貨,自營商,10467,25021194,9086,21689332,1381,3331861,3471,8450468,9970,24241241,-6499,-15790773
2026/06/22,小型臺指期貨,投信,6,14535,3,7268,3,7267,97,234876,75,181605,22,53271
2026/06/22,小型臺指期貨,外資及陸資,117394,279313094,116167,276360974,1227,2952120,4827,11690862,1446,3505946,3381,8184916
2026/06/23,小型臺指期貨,自營商,10529,25513989,12080,29243033,-1551,-3729044,2356,5636541,10358,24696943,-8002,-19060402
2026/06/23,小型臺指期貨,投信,1,2371,3,7115,-2,-4744,98,232441,78,185004,20,47437
2026/06/23,小型臺指期貨,外資及陸資,148205,359129880,154780,375057098,-6575,-15927218,3332,7903950,6885,16337403,-3553,-8433453
2026/06/24,小型臺指期貨,自營商,14024,32619829,16081,37426898,-2057,-4807069,1852,4341191,11222,26170283,-9370,-21829092
2026/06/24,小型臺指期貨,投信,3,6973,4,9279,-1,-2307,101,234355,82,190269,19,44086
2026/06/24,小型臺指期貨,外資及陸資,204424,474766565,208413,484055507,-3989,-9288942,3327,7720591,2445,5684368,882,2036223
2026/06/25,小型臺指期貨,自營商,11735,27110312,10217,23596314,1518,3513998,2071,4861268,10169,23794748,-8098,-18933480
2026/06/25,小型臺指期貨,投信,0,0,0,0,0,0,101,234961,82,190761,19,44200
2026/06/25,小型臺指期貨,外資及陸資,210002,483597815,209430,482244950,572,1352865,3812,8869238,2197,5119693,1615,3749545
2026/06/26,小型臺指期貨,自營商,19584,44647087,17977,40959044,1607,3688043,2072,4640489,8879,19865312,-6807,-15224823
2026/06/26,小型臺指期貨,投信,0,0,6,13354,-6,-13354,101,224483,88,195589,13,28894
2026/06/26,小型臺指期貨,外資及陸資,236708,540075954,238402,544078398,-1694,-4002444,3006,6682362,3274,7286942,-268,-604580
2026/06/29,小型臺指期貨,自營商,13609,30610721,13065,29382173,544,1228548,2497,5725611,8310,19051125,-5813,-13325514
2026/06/29,小型臺指期貨,投信,2,4556,0,0,2,4556,101,230058,86,195891,15,34167
2026/06/29,小型臺指期貨,外資及陸資,206850,464780588,202132,454136748,4718,10643841,5834,13290822,1302,2974951,4532,10315871
2026/06/30,小型臺指期貨,自營商,12702,29336931,12185,28164688,517,1172243,2945,6922589,8606,20239677,-5661,-13317088
2026/06/30,小型臺指期貨,投信,13,30431,1,2341,12,28090,107,250268,80,187116,27,63152
2026/06/30,小型臺指期貨,外資及陸資,166205,382946606,168429,388053959,-2224,-5107353,4826,11290297,2041,4780897,2785,6509400
2026/07/01,小型臺指期貨,自營商,9473,22349327,10688,25220991,-1215,-2871665,2929,6952725,9607,22795416,-6678,-15842691
2026/07/01,小型臺指期貨,投信,6,14174,0,0,6,14174,112,264438,79,186523,33,77915
2026/07/01,小型臺指期貨,外資及陸資,132158,311342225,132126,311261147,32,81078,5602,13229493,2470,5839239,3132,7390254
2026/07/02,小型臺指期貨,自營商,13337,31150287,14427,33701036,-1090,-2550750,2819,6605230,10847,25398141,-8028,-18792911
2026/07/02,小型臺指期貨,投信,1,2331,1,2330,0,1,113,263324,80,186424,33,76900
2026/07/02,小型臺指期貨,外資及陸資,167521,391202944,170177,397513707,-2656,-6310763,3297,7685327,2879,6717665,418,967662
2026/07/03,小型臺指期貨,自營商,16066,37295944,15869,36829980,197,465964,2145,5075467,10054,23746390,-7909,-18670923
2026/07/03,小型臺指期貨,投信,1,2351,0,0,1,2351,114,267900,80,188000,34,79900
2026/07/03,小型臺指期貨,外資及陸資,210224,487152669,208012,482049414,2212,5103255,3637,8550162,1071,2524094,2566,6026068
2026/07/06,小型臺指期貨,自營商,9340,22031480,8407,19828043,933,2203437,2897,6828220,10007,23587893,-7110,-16759673
2026/07/06,小型臺指期貨,投信,2,4725,2,4701,0,24,114,267209,80,187496,34,79713
2026/07/06,小型臺指期貨,外資及陸資,116155,273565162,116430,274241959,-275,-676797,3756,8806937,1853,4352735,1903,4454202
2026/07/07,小型臺指期貨,自營商,11945,27892475,13011,30339627,-1066,-2447152,2173,5001230,11034,25368574,-8861,-20367344
2026/07/07,小型臺指期貨,投信,6,13751,4,9147,2,4604,120,274227,84,191919,36,82308
2026/07/07,小型臺指期貨,外資及陸資,165393,386278804,165367,386282770,26,-3966,4269,9757751,2639,6048051,1630,3709700
2026/07/08,小型臺指期貨,自營商,13781,31435996,13579,30968442,202,467554,2488,5700844,11060,25339309,-8572,-19638465
2026/07/08,小型臺指期貨,投信,3,6864,1,2279,2,4586,123,280297,85,193643,38,86654
2026/07/08,小型臺指期貨,外資及陸資,177462,404249541,179230,408281546,-1768,-4032005,3337,7606704,3756,8574551,-419,-967847
2026/07/09,小型臺指期貨,自營商,15076,34372421,15718,35851265,-642,-1478844,2592,5954544,11486,26376717,-8894,-20422173
2026/07/09,小型臺指期貨,投信,5,11400,0,0,5,11400,128,292241,85,194004,43,98237
2026/07/09,小型臺指期貨,外資及陸資,215479,490147200,210993,479980578,4486,10166623,6111,13952620,1831,4191333,4280,9761287
2026/07/13,小型臺指期貨,自營商,14469,33304931,14069,32400246,400,904685,2937,6732225,11336,26025678,-8399,-19293453
2026/07/13,小型臺指期貨,投信,16,36775,8,18250,8,18524,135,307943,84,191373,51,116570
2026/07/13,小型臺指期貨,外資及陸資,155707,358029286,153055,351885710,2652,6143576,8947,20397702,1917,4384370,7030,16013332
2026/07/14,小型臺指期貨,自營商,15178,34158567,17751,40001979,-2573,-5843413,2533,5707743,14507,32736835,-11974,-27029092
2026/07/14,小型臺指期貨,投信,198,445587,201,451761,-3,-6174,135,304729,87,196381,48,108348
2026/07/14,小型臺指期貨,外資及陸資,184440,414786307,186373,419154483,-1933,-4368176,7667,17199363,2629,5928783,5038,11270580
2026/07/15,小型臺指期貨,自營商,19811,45066867,18003,40954788,1808,4112079,1150,2667512,9570,22129885,-8420,-19462373
2026/07/15,小型臺指期貨,投信,4,9215,2,4604,2,4610,133,306339,83,191174,50,115165
2026/07/15,小型臺指期貨,外資及陸資,119458,271048188,114183,259089690,5275,11958498,2522,5809974,1961,4519389,561,1290585
2026/07/16,小型臺指期貨,自營商,10426,23852860,11567,26491413,-1141,-2638553,1571,3611061,11067,25390876,-9496,-21779815
2026/07/16,小型臺指期貨,投信,0,0,1,2285,-1,-2285,133,303845,84,191902,49,111943
2026/07/16,小型臺指期貨,外資及陸資,155869,356375446,165077,377442731,-9208,-21067284,2094,4784869,3595,8217725,-1501,-3432856
2026/07/17,小型臺指期貨,自營商,15490,34248276,15532,34305866,-42,-57590,1486,3181998,11067,23706616,-9581,-20524618
2026/07/17,小型臺指期貨,投信,0,0,11,23416,-11,-23416,133,283317,95,202369,38,80948
2026/07/17,小型臺指期貨,外資及陸資,192655,426332284,196937,435952107,-4282,-9619823,2145,4570490,4378,9334682,-2233,-4764192
2026/07/20,小型臺指期貨,自營商,13286,28605569,13092,28183738,194,421831,1240,2662998,10614,22743709,-9374,-20080711
2026/07/20,小型臺指期貨,投信,0,0,9,19198,-9,-19198,128,273037,99,211177,29,61860
2026/07/20,小型臺指期貨,外資及陸資,217718,468249545,211684,455211511,6034,13038033,3681,7852024,4788,10221808,-1107,-2369784
2026/07/21,小型臺指期貨,自營商,8526,18628826,7859,17158310,667,1470516,1755,3918635,10434,23251545,-8679,-19332910
2026/07/21,小型臺指期貨,投信,6,13311,0,0,6,13311,128,284000,93,206344,35,77656
2026/07/21,小型臺指期貨,外資及陸資,135075,294181449,130849,284943660,4226,9237789,6697,14859802,3543,7867481,3154,6992321
2026/07/22,小型臺指期貨,自營商,8549,19223414,7885,17727933,664,1495481,1766,3964709,9733,21822866,-7967,-17858157
2026/07/22,小型臺指期貨,投信,0,0,3,6697,-3,-6697,128,285728,96,214296,32,71432
2026/07/22,小型臺指期貨,外資及陸資,121452,272496417,118833,266612730,2619,5883687,3005,6707998,2582,5768840,423,939158
2026/07/23,小型臺指期貨,自營商,6645,14900808,7191,16128380,-546,-1227572,1846,4168207,10379,23402443,-8533,-19234236
2026/07/23,小型臺指期貨,投信,0,0,0,0,0,0,128,287437,96,215578,32,71859
2026/07/23,小型臺指期貨,外資及陸資,125095,280203854,124665,279273037,430,930817,3046,6840246,2193,4930136,853,1910110
2026/07/24,小型臺指期貨,自營商,10386,22958861,11178,24708219,-792,-1749358,1385,3045699,10638,23390693,-9253,-20344994
2026/07/24,小型臺指期貨,投信,0,0,4,8745,-4,-8745,128,280410,100,219070,28,61340
2026/07/24,小型臺指期貨,外資及陸資,162332,358935803,166260,367665647,-3928,-8729845,1053,2306827,4278,9377867,-3225,-7071040
2026/07/27,小型臺指期貨,自營商,8510,18610407,8800,19247291,-290,-636884,1507,3314940,10980,24165290,-9473,-20850350
2026/07/27,小型臺指期貨,投信,0,0,0,0,0,0,128,280832,100,219400,28,61432
2026/07/27,小型臺指期貨,外資及陸資,156998,342966856,158825,346956919,-1827,-3990062,1718,3770014,2894,6355987,-1176,-2585973
2026/07/28,小型臺指期貨,自營商,13479,28728256,12465,26585207,1014,2143049,2430,5058817,10907,22752621,-8477,-17693804
2026/07/28,小型臺指期貨,投信,2,4155,9,18724,-7,-14570,130,270225,109,226573,21,43652
2026/07/28,小型臺指期貨,外資及陸資,166168,355276368,172043,367977141,-5875,-12700773,653,1357673,3753,7809380,-3100,-6451707
2026/07/29,小型臺指期貨,自營商,18123,37119771,17588,35986736,535,1133036,3045,6154039,9319,18864209,-6274,-12710170
2026/07/29,小型臺指期貨,投信,0,0,10,20172,-10,-20172,130,262132,119,239952,11,22180
2026/07/29,小型臺指期貨,外資及陸資,239588,491618252,237224,486760222,2364,4858030,3797,7656570,4528,9138152,-731,-1481582
2026/07/30,小型臺指期貨,自營商,19195,38950433,18848,38184543,347,765890,3118,6299437,9288,18779504,-6170,-12480067
2026/07/30,小型臺指期貨,投信,0,0,0,0,0,0,130,261859,119,239702,11,22157
2026/07/30,小型臺指期貨,外資及陸資,255032,516150437,252211,510424712,2821,5725725,5960,12005661,3897,7856489,2063,4149172
2026/07/31,小型臺指期貨,自營商,13898,29761102,13989,29909324,-91,-148222,3664,8031841,9904,21716350,-6240,-13684509
2026/07/31,小型臺指期貨,投信,25,54764,5,10950,20,43814,130,284258,99,216449,31,67809
2026/07/31,小型臺指期貨,外資及陸資,172045,363827351,164674,348266198,7371,15561153,1845,4034771,3023,6613337,-1178,-2578566
