日期,商品名稱,身份別,多方交易口數,多方交易契約金額(千元),空方交易口數,空方交易契約金額(千元),多空交易口數淨額,多空交易契約金額淨額(千元),多方未平倉口數,多方未平倉契約金額(千元),空方未平倉口數,空方未平倉契約金額(千元),多空未平倉口數淨額,多空未平倉契約金額淨額(千元)
2023/08/01,臺股期貨,自營商,8417,28867839,8513,29193007,-96,-325169,5091,17477964,10419,35781685,-5328,-18303721
2023/08/01,臺股期貨,投信,154,529152,291,999797,-137,-470646,11488,39465323,11605,39870138,-117,-404815
2023/08/01,臺股期貨,外資及陸資,57411,196901916,53300,182807282,4111,14094634,32670,112238320,32344,111118122,326,1120198
2023/08/02,臺股期貨,自營商,17362,58973177,17381,58981592,-19,-8415,5782,19439736,11368,38223538,-5586,-18783802
2023/08/02,臺股期貨,投信,276,929110,518,1744526,-242,-815416,11646,39174744,12005,40384820,-359,-1210076
2023/08/02,臺股期貨,外資及陸資,69726,237001420,74356,252898720,-4630,-15897301,29816,100297216,35143,118218214,-5327,-17920998
2023/08/04,臺股期貨,自營商,11108,37263417,10302,34561198,806,2702219,5868,19732814,10810,36353896,-4942,-16621082
2023/08/04,臺股期貨,投信,303,1019519,182,611139,121,408380,11866,39922094,12104,40725118,-238,-803024
2023/08/04,臺股期貨,外資及陸資,71549,240001723,67606,226788758,3943,13212965,32140,108134574,33524,112791790,-1384,-4657216
2023/08/07,臺股期貨,自營商,11089,37470830,11675,39466928,-586,-1996098,4722,16043515,10310,35037502,-5588,-18993987
2023/08/07,臺股期貨,投信,518,1757529,30,101994,488,1655536,11971,40698400,11721,39851400,250,847000
2023/08/07,臺股期貨,外資及陸資,69648,235256316,66274,223885893,3374,11370423,33501,113898833,31511,107133450,1990,6765383
2023/08/08,臺股期貨,自營商,13518,45667829,12406,41899240,1112,3768589,5591,18834630,10125,34107596,-4534,-15272966
2023/08/08,臺股期貨,投信,287,967449,40,134783,247,832666,12222,41190854,11725,39517940,497,1672914
2023/08/08,臺股期貨,外資及陸資,69811,235933035,72164,243981491,-2353,-8048456,30522,102867498,30889,104104497,-367,-1236999
2023/08/09,臺股期貨,自營商,13100,44099775,13889,46753814,-789,-2654038,4259,14346699,9582,32280397,-5323,-17933698
2023/08/09,臺股期貨,投信,183,616390,114,383846,69,232544,12304,41469690,11738,39564103,566,1905587
2023/08/09,臺股期貨,外資及陸資,63793,214724345,61529,207128268,2264,7596077,30897,104137023,29000,97743502,1897,6393521
2023/08/10,臺股期貨,自營商,14479,48330751,12198,40730230,2281,7600521,5473,18223681,8938,29759111,-3465,-11535430
2023/08/10,臺股期貨,投信,665,2214866,469,1562277,196,652590,12832,42743804,12070,40207500,762,2536304
2023/08/10,臺股期貨,外資及陸資,73453,245444649,78406,261987707,-4953,-16543057,25413,84651983,29287,97557057,-3874,-12905074
2023/08/11,臺股期貨,自營商,12729,42446515,14397,48026859,-1668,-5580344,4838,16075037,9711,32271984,-4873,-16196947
2023/08/11,臺股期貨,投信,76,252528,116,387071,-40,-134543,12891,42860257,12169,40461841,722,2398416
2023/08/11,臺股期貨,外資及陸資,79880,266528022,77113,257298614,2767,9229408,26627,88526860,27742,92233046,-1115,-3706186
2023/08/14,臺股期貨,自營商,23283,76482716,20279,66591489,3004,9891227,8245,26990888,10114,33102192,-1869,-6111304
2023/08/14,臺股期貨,投信,14842,48545737,14530,47524481,312,1021256,13375,43778865,12341,40395223,1034,3383642
2023/08/14,臺股期貨,外資及陸資,102480,336810244,111698,367161999,-9218,-30351755,22520,73709724,33728,110416017,-11208,-36706293
2023/08/15,臺股期貨,自營商,15037,49479921,18106,59585491,-3069,-10105570,4916,16127615,9958,32675046,-5042,-16547431
2023/08/15,臺股期貨,投信,9662,31799017,10955,36046344,-1293,-4247327,11978,39289225,12237,40138202,-259,-848977
2023/08/15,臺股期貨,外資及陸資,80489,264811398,72861,239730599,7628,25080799,24599,80709417,28181,92479416,-3582,-11769999
2023/08/16,臺股期貨,自營商,19050,62308907,17201,56254222,1849,6054685,4133,13530537,8447,27656479,-4314,-14125942
2023/08/16,臺股期貨,投信,804,2632053,454,1486051,350,1146002,12296,40264482,12246,40100752,50,163730
2023/08/16,臺股期貨,外資及陸資,62488,204405952,64585,211265330,-2097,-6859378,20187,66103932,22557,73864463,-2370,-7760531
2023/08/17,臺股期貨,自營商,12189,39904865,11433,37442467,756,2462397,4859,15988326,8507,27994008,-3648,-12005682
2023/08/17,臺股期貨,投信,262,862365,25,82292,237,780073,12521,41209115,12234,40264541,287,944574
2023/08/17,臺股期貨,外資及陸資,76553,250567377,73220,239737811,3333,10829566,24315,80024853,23369,76911312,946,3113541
2023/08/18,臺股期貨,自營商,11897,39085036,11882,39040136,15,44901,4898,16015823,8655,28302856,-3757,-12287033
2023/08/18,臺股期貨,投信,59,193007,218,713042,-159,-520034,12490,40849794,12362,40431157,128,418637
2023/08/18,臺股期貨,外資及陸資,72546,238453031,74266,244096059,-1720,-5643028,23770,77741413,24544,80273040,-774,-2531627
2023/08/21,臺股期貨,自營商,7623,24958905,8258,27032586,-635,-2073681,4692,15338004,9164,29958344,-4472,-14620340
2023/08/21,臺股期貨,投信,92,300737,9,29420,83,271317,12574,41111950,12363,40422065,211,689885
2023/08/21,臺股期貨,外資及陸資,61701,201922682,65780,215301898,-4079,-13379216,21534,70406514,27621,90308938,-6087,-19902424
2023/08/22,臺股期貨,自營商,7893,25921863,7596,24950382,297,971481,4907,16091853,9212,30211335,-4305,-14119482
2023/08/22,臺股期貨,投信,25,82003,41,134467,-16,-52464,12549,41160720,12354,40521120,195,639600
2023/08/22,臺股期貨,外資及陸資,54828,180019639,53820,176725151,1008,3294488,21044,69023498,26120,85673012,-5076,-16649514
2023/08/23,臺股期貨,自營商,9753,32140497,10544,34751866,-791,-2611369,4641,15364270,9746,32269570,-5105,-16905300
2023/08/23,臺股期貨,投信,444,1470026,99,327540,345,1142486,12564,41606942,12024,39818678,540,1788264
2023/08/23,臺股期貨,外資及陸資,60017,197686209,57947,190870531,2070,6815678,22951,76003145,25957,85958156,-3006,-9955011
2023/08/24,臺股期貨,自營商,10365,34632511,9549,31905319,816,2727192,4767,15969753,9211,30862611,-4444,-14892858
2023/08/24,臺股期貨,投信,738,2469594,0,0,738,2469594,12877,43153402,11599,38870569,1278,4282833
2023/08/24,臺股期貨,外資及陸資,69309,231405065,69234,231135683,75,269382,21831,73158690,23469,78648134,-1638,-5489444
2023/08/25,臺股期貨,自營商,12327,40829856,10800,35730172,1527,5099684,5935,19494726,9257,30407589,-3322,-10912863
2023/08/25,臺股期貨,投信,997,3275410,831,2732024,166,543386,13682,44948106,12238,40204278,1444,4743828
2023/08/25,臺股期貨,外資及陸資,68671,227463289,77135,255600679,-8464,-28137391,16965,55732952,28801,94616403,-11836,-38883451
2023/08/28,臺股期貨,自營商,8320,27417825,8859,29198195,-539,-1780371,4797,15819385,8660,28560226,-3863,-12740841
2023/08/28,臺股期貨,投信,672,2216842,303,998441,369,1218401,14059,46372206,12246,40392206,1813,5980000
2023/08/28,臺股期貨,外資及陸資,68404,225337311,64858,213647138,3546,11690173,18812,62048669,27102,89392481,-8290,-27343812
2023/08/29,臺股期貨,自營商,8746,28934060,8545,28267363,201,666697,4277,14215885,7946,26414243,-3669,-12198358
2023/08/29,臺股期貨,投信,469,1556485,326,1079105,143,477380,13875,46131600,11919,39628291,1956,6503309
2023/08/29,臺股期貨,外資及陸資,49169,162582612,47252,156266698,1917,6315913,20580,68422976,25436,84568605,-4856,-16145629
2023/08/30,臺股期貨,自營商,10652,35589077,10046,33555486,606,2033592,4586,15333773,7641,25551544,-3055,-10217771
2023/08/30,臺股期貨,投信,582,1946612,909,3040198,-327,-1093587,13120,43881152,11491,38432799,1629,5448353
2023/08/30,臺股期貨,外資及陸資,50089,167298072,51927,173463895,-1838,-6165823,19316,64602811,26010,86991902,-6694,-22389091
2023/08/31,臺股期貨,自營商,9137,30448649,7726,25747178,1411,4701470,5782,19215672,7535,25042065,-1753,-5826393
2023/08/31,臺股期貨,投信,110,365833,786,2614196,-676,-2248363,12604,41895696,11651,38727924,953,3167772
2023/08/31,臺股期貨,外資及陸資,51503,171684926,53260,177534857,-1757,-5849931,17908,59525079,26359,87616440,-8451,-28091361
2023/09/01,臺股期貨,自營商,8401,27972542,9623,32047752,-1222,-4075209,4271,14219648,7249,24136662,-2978,-9917014
2023/09/01,臺股期貨,投信,384,1278745,377,1256946,7,21799,12609,41990492,11649,38793500,960,3196992
2023/09/01,臺股期貨,外資及陸資,49276,164025774,46938,156248748,2338,7777026,20616,68654333,26722,88988743,-6106,-20334410
2023/09/04,臺股期貨,自營商,9866,32893239,9520,31766368,346,1126871,5111,17146022,7695,25817144,-2584,-8671122
2023/09/04,臺股期貨,投信,614,2059793,356,1190303,258,869489,12653,42458407,11435,38371286,1218,4087121
2023/09/04,臺股期貨,外資及陸資,57779,192594876,55165,183877606,2614,8717270,22171,74395498,25661,86106996,-3490,-11711498
2023/09/05,臺股期貨,自營商,6333,21207235,5031,16847234,1302,4360001,6274,21016427,7567,25348872,-1293,-4332445
2023/09/05,臺股期貨,投信,216,723686,296,990682,-80,-266996,12568,42107827,11430,38295072,1138,3812755
2023/09/05,臺股期貨,外資及陸資,29254,97956038,31994,107135668,-2740,-9179630,19662,65874359,25892,86747576,-6230,-20873217
2023/09/06,臺股期貨,自營商,9289,31098816,9821,32875774,-532,-1776958,5879,19648042,7620,25467868,-1741,-5819826
2023/09/06,臺股期貨,投信,144,481483,260,870092,-116,-388609,12458,41642111,11436,38225974,1022,3416137
2023/09/06,臺股期貨,外資及陸資,46994,157340964,45896,153662589,1098,3678375,20040,66985137,25172,84139126,-5132,-17153989
2023/09/07,臺股期貨,自營商,9302,30916929,9497,31560330,-195,-643401,6050,20038715,7907,26189712,-1857,-6150997
2023/09/07,臺股期貨,投信,334,1106785,567,1880450,-233,-773665,12498,41400875,11709,38787233,789,2613642
2023/09/07,臺股期貨,外資及陸資,52586,174860507,50568,168138702,2018,6721805,21270,70457829,24380,80760532,-3110,-10302703
2023/09/08,臺股期貨,自營商,9160,30275452,9606,31751117,-446,-1475666,5823,19285545,8249,27321451,-2426,-8035906
2023/09/08,臺股期貨,投信,687,2275625,303,1001848,384,1273777,12891,42700148,11718,38814703,1173,3885445
2023/09/08,臺股期貨,外資及陸資,48948,161752392,49725,164306779,-777,-2554387,22299,73862524,26186,86737882,-3887,-12875358
2023/09/11,臺股期貨,自營商,11989,39464869,11790,38800889,199,663980,5769,18949545,8014,26323068,-2245,-7373523
2023/09/11,臺股期貨,投信,954,3133497,727,2386322,227,747175,13386,43973010,11986,39374010,1400,4599000
2023/09/11,臺股期貨,外資及陸資,60917,200662609,63631,209588854,-2714,-8926245,21306,69989419,27907,91673801,-6601,-21684382
2023/09/12,臺股期貨,自營商,11703,38621166,13195,43546208,-1492,-4925042,4220,13982216,7953,26352903,-3733,-12370687
2023/09/12,臺股期貨,投信,862,2855469,624,2060972,238,794497,13356,44261778,11718,38833452,1638,5428326
2023/09/12,臺股期貨,外資及陸資,56882,187634113,51398,169535908,5484,18098205,24702,81860888,25825,85582721,-1123,-3721833
2023/09/13,臺股期貨,自營商,11373,37696087,10843,35943366,530,1752721,4650,15415574,7804,25873231,-3154,-10457657
2023/09/13,臺股期貨,投信,739,2450233,294,973640,445,1476593,13789,45721556,11706,38814755,2083,6906801
2023/09/13,臺股期貨,外資及陸資,47956,158955308,47500,157443969,456,1511338,24905,82578358,25572,84790515,-667,-2212157
2023/09/14,臺股期貨,自營商,9865,32994295,10911,36513998,-1046,-3519704,4189,14101432,8163,27482282,-3974,-13380850
2023/09/14,臺股期貨,投信,844,2841657,368,1235304,476,1606353,13859,46666006,11300,38049360,2559,8616646
2023/09/14,臺股期貨,外資及陸資,54886,183460521,52280,174765818,2606,8694703,31689,106700231,29753,100182710,1936,6517521
2023/09/15,臺股期貨,自營商,11540,38896343,9483,31972015,2057,6924328,5775,19522234,7926,26794807,-2151,-7272573
2023/09/15,臺股期貨,投信,374,1264429,985,3325515,-611,-2061086,13140,44423797,11191,37834549,1949,6589248
2023/09/15,臺股期貨,外資及陸資,52382,176570699,55786,188031327,-3404,-11460627,29206,98740944,30675,103705876,-1469,-4964932
2023/09/18,臺股期貨,自營商,17005,57031924,14771,49523148,2234,7508777,8393,28052168,8903,29765514,-510,-1713346
2023/09/18,臺股期貨,投信,14805,49591770,14410,48264936,395,1326834,13804,46160649,11460,38323045,2344,7837604
2023/09/18,臺股期貨,外資及陸資,86680,290585379,92022,308544115,-5342,-17958736,26792,89591532,33603,112360685,-6811,-22769153
2023/09/19,臺股期貨,自營商,16268,54278625,15870,52937922,398,1340703,8770,29131559,8895,29553884,-125,-422325
2023/09/19,臺股期貨,投信,10275,34264118,10610,35381045,-335,-1116927,13581,45145924,11572,38467450,2009,6678474
2023/09/19,臺股期貨,外資及陸資,69092,230529193,70680,235835140,-1588,-5305947,25366,84307922,33765,112218714,-8399,-27910792
2023/09/20,臺股期貨,自營商,17729,58826616,18602,61730971,-873,-2904355,3048,10097423,4514,14953667,-1466,-4856244
2023/09/20,臺股期貨,投信,428,1418794,203,672692,225,746102,13857,45908241,11623,38506999,2234,7401242
2023/09/20,臺股期貨,外資及陸資,55284,183485974,54640,181335491,644,2150483,22161,73419397,28326,93844038,-6165,-20424641
2023/09/21,臺股期貨,自營商,11093,36371331,10269,33679970,824,2691361,4592,14979787,5434,17726281,-842,-2746494
2023/09/21,臺股期貨,投信,673,2195568,264,861451,409,1334117,14288,46610314,11645,37988319,2643,8621995
2023/09/21,臺股期貨,外資及陸資,60095,197324513,65616,215355115,-5521,-18030602,22686,74006418,35889,117077225,-13203,-43070807
2023/09/22,臺股期貨,自營商,8075,26316211,7994,26042287,81,273924,4940,16146956,5748,18787490,-808,-2640534
2023/09/22,臺股期貨,投信,378,1235178,187,610237,191,624941,14478,47325686,11644,38061907,2834,9263779
2023/09/22,臺股期貨,外資及陸資,54264,176767142,51685,168385719,2579,8381423,21558,70468693,32171,105160433,-10613,-34691740
2023/09/25,臺股期貨,自營商,6880,22588061,8262,27133515,-1382,-4545454,3934,12953316,6009,19786136,-2075,-6832820
2023/09/25,臺股期貨,投信,530,1745187,169,556485,361,1188702,14560,47946080,11365,37424945,3195,10521135
2023/09/25,臺股期貨,外資及陸資,48013,157569139,42439,139276722,5574,18292417,22773,74991293,27810,91578054,-5037,-16586761
2023/09/26,臺股期貨,自營商,12523,40959390,10761,35182449,1762,5776941,4925,16060176,5339,17409983,-414,-1349807
2023/09/26,臺股期貨,投信,94,306482,515,1678831,-421,-1372349,14413,47000793,11639,37954779,2774,9046014
2023/09/26,臺股期貨,外資及陸資,53163,173897236,54259,177496070,-1096,-3598834,21111,68843075,27227,88787365,-6116,-19944290
2023/09/27,臺股期貨,自營商,10139,33022540,9972,32473883,167,548657,5193,16940102,5497,17931263,-304,-991161
2023/09/27,臺股期貨,投信,128,417607,119,387236,9,30371,14430,47073546,11647,37994843,2783,9078703
2023/09/27,臺股期貨,外資及陸資,50761,165308144,52900,172283684,-2139,-6975539,19878,64846062,28127,91755907,-8249,-26909845
2023/09/28,臺股期貨,自營商,8919,29166467,8462,27667778,457,1498690,5517,18059181,5345,17495630,172,563551
2023/09/28,臺股期貨,投信,317,1037698,88,287531,229,750167,14421,47205701,11409,37346221,3012,9859480
2023/09/28,臺股期貨,外資及陸資,56892,185978577,58731,192023700,-1839,-6045123,18970,62096492,29054,95105396,-10084,-33008904
2023/10/02,臺股期貨,自營商,8502,28081918,9401,31050836,-899,-2968918,5323,17624827,6281,20796472,-958,-3171645
2023/10/02,臺股期貨,投信,543,1798075,0,0,543,1798075,14626,48429611,11071,36658295,3555,11771316
2023/10/02,臺股期貨,外資及陸資,56715,187119842,53643,176970389,3072,10149454,21184,70144461,28196,93362451,-7012,-23217990
2023/10/03,臺股期貨,自營商,12020,39664715,10268,33884499,1752,5780216,6452,21176808,5685,18658687,767,2518121
2023/10/03,臺股期貨,投信,39,128041,259,850490,-220,-722449,14571,47824936,11236,36878799,3335,10946137
2023/10/03,臺股期貨,外資及陸資,56757,187333041,59590,196669993,-2833,-9336951,19886,65270520,29723,97557402,-9837,-32286882
2023/10/04,臺股期貨,自營商,14504,47215060,15452,50287471,-948,-3072411,5810,18877600,6124,19896946,-314,-1019346
2023/10/04,臺股期貨,投信,243,789837,689,2238845,-446,-1449009,14461,46983789,11572,37597428,2889,9386361
2023/10/04,臺股期貨,外資及陸資,71712,233506831,69244,225457183,2468,8049648,22047,71632301,30518,99154201,-8471,-27521900
2023/10/05,臺股期貨,自營商,9454,30962265,10182,33384994,-728,-2422729,5789,19054413,6822,22453791,-1033,-3399378
2023/10/05,臺股期貨,投信,427,1405783,147,479393,280,926390,14531,47827333,11362,37396887,3169,10430446
2023/10/05,臺股期貨,外資及陸資,65552,214659512,61217,200439901,4335,14219611,25429,83699092,28023,92235864,-2594,-8536772
2023/10/06,臺股期貨,自營商,7647,25205559,7400,24406442,247,799117,5970,19735246,6885,22759158,-915,-3023912
2023/10/06,臺股期貨,投信,315,1039041,145,479299,170,559741,14470,47832032,11131,36794634,3339,11037398
2023/10/06,臺股期貨,外資及陸資,51819,170849605,53281,175614750,-1462,-4765145,24742,81789210,28800,95202225,-4058,-13413015
2023/10/11,臺股期貨,自營商,14821,49395385,14701,49005982,120,389403,5599,18716980,5968,19950349,-369,-1233369
2023/10/11,臺股期貨,投信,460,1537465,10,33425,450,1504040,14645,48955324,10856,36289437,3789,12665887
2023/10/11,臺股期貨,外資及陸資,69282,230687177,69256,230598577,26,88601,25556,85431756,29588,98907904,-4032,-13476148
2023/10/12,臺股期貨,自營商,8654,29014170,9003,30205401,-349,-1191231,6061,20423901,6727,22668956,-666,-2245055
2023/10/12,臺股期貨,投信,223,751399,198,667162,25,84237,14449,48687374,10635,35835696,3814,12851678
2023/10/12,臺股期貨,外資及陸資,51726,173393557,50307,168581545,1419,4812013,31391,105782064,32268,108732358,-877,-2950294
2023/10/13,臺股期貨,自營商,11812,39631844,10535,35346955,1277,4284888,6723,22552102,6075,20382887,648,2169215
2023/10/13,臺股期貨,投信,232,779139,328,1101257,-96,-322118,14462,48508984,10744,36038085,3718,12470899
2023/10/13,臺股期貨,外資及陸資,55764,187089552,55355,185745726,409,1343826,32482,108974620,32950,110527255,-468,-1552635
2023/10/16,臺股期貨,自營商,15488,51629254,15700,52323916,-212,-694662,8056,26830225,7533,25088834,523,1741391
2023/10/16,臺股期貨,投信,13111,43646208,13611,45309907,-500,-1663698,14137,47091823,10919,36377233,3218,10714590
2023/10/16,臺股期貨,外資及陸資,92748,309121931,93714,312381778,-966,-3259847,31454,104783640,32874,109506622,-1420,-4722982
2023/10/17,臺股期貨,自營商,13971,46685260,15416,51497214,-1445,-4811954,6050,20150346,7025,23407551,-975,-3257205
2023/10/17,臺股期貨,投信,9545,31866169,9411,31412484,134,453685,14384,47956675,11032,36789398,3352,11167277
2023/10/17,臺股期貨,外資及陸資,73899,246968476,73706,246347457,193,621019,30089,100315746,31315,104388760,-1226,-4073014
2023/10/18,臺股期貨,自營商,23795,78789845,22597,74839492,1198,3950353,3490,11495278,5104,16809608,-1614,-5314330
2023/10/18,臺股期貨,投信,815,2689924,1183,3900055,-368,-1210130,12699,41825426,11322,37290139,1377,4535287
2023/10/18,臺股期貨,外資及陸資,70241,232733097,76732,254206757,-6491,-21473660,23137,76204431,31303,103099918,-8166,-26895487
2023/10/19,臺股期貨,自營商,7413,24371402,7922,26048580,-509,-1677178,3431,11295939,5810,19126430,-2379,-7830491
2023/10/19,臺股期貨,投信,230,757181,1,3292,229,753890,12929,42564854,11323,37277581,1606,5287273
2023/10/19,臺股期貨,外資及陸資,61166,201093895,58306,191682772,2860,9411123,23404,77050991,28710,94519339,-5306,-17468348
2023/10/20,臺股期貨,自營商,11943,39180400,12120,39751080,-177,-570680,4818,15817364,7301,23966588,-2483,-8149224
2023/10/20,臺股期貨,投信,574,1884546,333,1091801,241,792746,13176,43254173,11329,37190841,1847,6063332
2023/10/20,臺股期貨,外資及陸資,87907,288770125,87191,286379249,716,2390877,22875,75094357,27454,90126369,-4579,-15032012
2023/10/23,臺股期貨,自營商,8314,27133564,7970,26008937,344,1124627,5554,18057824,7885,25634384,-2331,-7576560
2023/10/23,臺股期貨,投信,296,963100,254,826337,42,136763,13368,43462042,11479,37320525,1889,6141517
2023/10/23,臺股期貨,外資及陸資,60209,196664035,65046,212459013,-4837,-15794978,23304,75766253,33783,109836360,-10479,-34070107
2023/10/24,臺股期貨,自營商,10999,35762850,11001,35776952,-2,-14101,5741,18754257,8142,26594844,-2401,-7840587
2023/10/24,臺股期貨,投信,505,1647327,0,0,505,1647327,13765,44964749,11371,37144509,2394,7820240
2023/10/24,臺股期貨,外資及陸資,81231,264072604,82649,268647021,-1418,-4574417,22825,74560314,34722,113423499,-11897,-38863185
2023/10/25,臺股期貨,自營商,10712,35134185,10733,35194581,-21,-60396,5769,18874561,8283,27096428,-2514,-8221867
2023/10/25,臺股期貨,投信,269,880866,69,226240,200,654626,13844,45292030,11250,36805500,2594,8486530
2023/10/25,臺股期貨,外資及陸資,64098,210155668,60376,197947255,3722,12208414,22014,72021097,30191,98773313,-8177,-26752216
2023/10/26,臺股期貨,自營商,12596,40677034,11736,37916174,860,2760860,6249,20079765,8204,26358821,-1955,-6279056
2023/10/26,臺股期貨,投信,304,976902,714,2295365,-410,-1318463,13760,44213632,11576,37196003,2184,7017629
2023/10/26,臺股期貨,外資及陸資,77856,251852606,82051,265367225,-4195,-13514618,23165,74434019,35549,114227376,-12384,-39793357
2023/10/27,臺股期貨,自營商,9125,29464510,8958,28915278,167,549232,5116,16527015,6840,22092777,-1724,-5565762
2023/10/27,臺股期貨,投信,172,555635,13,41997,159,513639,13814,44624746,11471,37055918,2343,7568828
2023/10/27,臺股期貨,外資及陸資,70058,226063067,66813,215589048,3245,10474019,21160,68355324,30302,97887914,-9142,-29532590
2023/10/30,臺股期貨,自營商,8595,27759542,8160,26363006,435,1396536,5782,18688018,7086,22898969,-1304,-4210951
2023/10/30,臺股期貨,投信,48,155329,5,16154,43,139175,13845,44747040,11459,37035488,2386,7711552
2023/10/30,臺股期貨,外資及陸資,63436,204923081,66784,215721621,-3348,-10798540,20899,67545991,33382,107892910,-12483,-40346919
2023/10/31,臺股期貨,自營商,11106,35777320,10307,33193378,799,2583942,6121,19584199,6758,21619407,-637,-2035208
2023/10/31,臺股期貨,投信,113,363113,391,1250724,-278,-887610,13853,44321288,11745,37576953,2108,6744335
2023/10/31,臺股期貨,外資及陸資,67774,218499481,70588,227574618,-2814,-9075137,22035,70499305,37332,119442614,-15297,-48943309
2023/11/01,臺股期貨,自營商,9952,31948316,10266,32963700,-314,-1015384,5697,18287995,6725,21584558,-1028,-3296563
2023/11/01,臺股期貨,投信,795,2553202,11,35312,784,2517890,14326,45986460,11434,36703140,2892,9283320
2023/11/01,臺股期貨,外資及陸資,63517,203905673,61616,197796544,1901,6109129,22643,72684537,36039,115687865,-13396,-43003328
2023/11/02,臺股期貨,自營商,8463,27553753,9713,31625077,-1250,-4071325,6640,21765827,8886,29122527,-2246,-7356700
2023/11/02,臺股期貨,投信,762,2496745,33,108147,729,2388599,14555,47708379,10934,35839465,3621,11868914
2023/11/02,臺股期貨,外資及陸資,61688,200538463,55024,178843784,6664,21694679,27055,88681081,30959,101478563,-3904,-12797482
2023/11/03,臺股期貨,自營商,8758,28858507,9295,30639258,-537,-1780751,6831,22561923,9516,31424216,-2685,-8862293
2023/11/03,臺股期貨,投信,442,1457062,97,320362,345,1136700,14624,48300147,10658,35201242,3966,13098905
2023/11/03,臺股期貨,外資及陸資,54772,180491583,51202,168701633,3570,11789950,28107,92831732,27445,90644922,662,2186810
2023/11/06,臺股期貨,自營商,9552,31777756,10658,35474595,-1106,-3696838,6737,22463225,10426,34759120,-3689,-12295895
2023/11/06,臺股期貨,投信,1104,3682801,74,246732,1030,3436069,15628,52113129,10632,35453467,4996,16659662
2023/11/06,臺股期貨,外資及陸資,62650,208534653,58582,194996813,4068,13537840,32334,107820478,26662,88904424,5672,18916054
2023/11/07,臺股期貨,自營商,7253,24174819,7593,25312789,-340,-1137970,6633,22163529,10597,35404190,-3964,-13240661
2023/11/07,臺股期貨,投信,558,1864235,195,650875,363,1213360,15981,53402068,10622,35494475,5359,17907593
2023/11/07,臺股期貨,外資及陸資,47897,159667995,45630,152104168,2267,7563827,35981,120232917,28039,93692745,7942,26540172
2023/11/08,臺股期貨,自營商,11283,37767532,9790,32782266,1493,4985266,6473,21686398,8820,29543435,-2347,-7857037
2023/11/08,臺股期貨,投信,231,774047,50,167496,181,606551,16160,54142418,10619,35577898,5541,18564520
2023/11/08,臺股期貨,外資及陸資,50769,169991592,53243,178255978,-2474,-8264386,36402,121960058,30934,103639689,5468,18320369
2023/11/09,臺股期貨,自營商,6866,22985460,6796,22756389,70,229071,6351,21291613,8619,28888599,-2268,-7596986
2023/11/09,臺股期貨,投信,428,1435110,550,1844128,-122,-409018,15688,52595476,10269,34427807,5419,18167669
2023/11/09,臺股期貨,外資及陸資,45698,153016770,46081,154286531,-383,-1269762,39350,131922104,34265,114874006,5085,17048098
2023/11/10,臺股期貨,自營商,13326,44514370,12649,42271486,677,2242884,7174,24007776,8751,29284710,-1577,-5276934
2023/11/10,臺股期貨,投信,549,1834043,1154,3857701,-605,-2023658,15241,51003542,10427,34893220,4814,16110322
2023/11/10,臺股期貨,外資及陸資,69096,230965768,65460,218801804,3636,12163965,41170,137787214,32449,108597873,8721,29189341
2023/11/13,臺股期貨,自營商,17045,57605853,16484,55683063,561,1922789,5660,19102096,6749,22774824,-1089,-3672728
2023/11/13,臺股期貨,投信,14618,49350106,14492,48917305,126,432801,15104,50989248,10154,34278782,4950,16710466
2023/11/13,臺股期貨,外資及陸資,84199,284347047,89788,303259568,-5589,-18912521,38773,130889372,35641,120314986,3132,10574386
2023/11/14,臺股期貨,自營商,10926,37015985,13912,47148910,-2986,-10132925,4827,16363971,9359,31741822,-4532,-15377851
2023/11/14,臺股期貨,投信,9458,32086491,9849,33405365,-391,-1318874,14604,49559754,10045,34088592,4559,15471162
2023/11/14,臺股期貨,外資及陸資,66340,224796905,64234,217656408,2106,7140497,42849,145368642,37611,127597266,5238,17771376
2023/11/15,臺股期貨,自營商,19034,65201645,19750,67646177,-716,-2444532,2100,7206938,7907,27129701,-5807,-19922763
2023/11/15,臺股期貨,投信,497,1704979,1162,3986229,-665,-2281250,13707,47039683,9813,33676253,3894,13363430
2023/11/15,臺股期貨,外資及陸資,70633,242013615,71336,244428244,-703,-2414629,37533,128805752,31943,109621989,5590,19183763
2023/11/16,臺股期貨,自營商,7208,24763124,7095,24380564,113,382560,2878,9892678,8527,29304383,-5649,-19411705
2023/11/16,臺股期貨,投信,751,2580187,58,199360,693,2380827,14406,49516303,9819,33749867,4587,15766436
2023/11/16,臺股期貨,外資及陸資,58243,200171367,58365,200557361,-122,-385994,38964,133927170,33495,115129054,5469,18798116
2023/11/17,臺股期貨,自營商,7101,24424543,6554,22546031,547,1878512,3461,11918958,8561,29476068,-5100,-17557110
2023/11/17,臺股期貨,投信,624,2148951,61,210051,563,1938901,14979,51584680,9829,33849110,5150,17735570
2023/11/17,臺股期貨,外資及陸資,54884,188776876,56456,194165922,-1572,-5389046,41507,142941774,37610,129521318,3897,13420456
2023/11/20,臺股期貨,自營商,5924,20380930,5349,18405354,575,1975576,3791,13041931,8357,28744073,-4566,-15702142
2023/11/20,臺股期貨,投信,647,2226250,112,385359,535,1840891,15614,53715283,9929,34157746,5685,19557537
2023/11/20,臺股期貨,外資及陸資,46012,158345614,48032,165288355,-2020,-6942741,43223,148695919,41346,142238662,1877,6457257
2023/11/21,臺股期貨,自營商,7368,25571922,7682,26649720,-314,-1077798,4257,14824120,9111,31719136,-4854,-16895016
2023/11/21,臺股期貨,投信,1021,3555258,20,69620,1001,3485638,16559,57661750,9873,34379761,6686,23281989
2023/11/21,臺股期貨,外資及陸資,44517,154407432,43949,152485573,568,1921859,46815,163019576,44365,154488265,2450,8531311
2023/11/22,臺股期貨,自營商,9488,32878416,7456,25820320,2032,7058096,5497,19007562,8086,27952217,-2589,-8944655
2023/11/22,臺股期貨,投信,778,2690654,444,1535641,334,1155014,17052,58962406,10032,34688650,7020,24273756
2023/11/22,臺股期貨,外資及陸資,41196,142708409,48702,168733695,-7506,-26025286,42965,148564509,49313,170514589,-6348,-21950080
2023/11/23,臺股期貨,自營商,6594,22783126,6723,23233963,-129,-450837,5310,18377168,7904,27347244,-2594,-8970076
2023/11/23,臺股期貨,投信,575,1989892,16,55237,559,1934655,17609,60941227,10030,34711824,7579,26229403
2023/11/23,臺股期貨,外資及陸資,55160,190616537,51251,177099371,3909,13517167,44857,155241666,47296,163682420,-2439,-8440754
2023/11/24,臺股期貨,自營商,5134,17774574,4044,14003735,1090,3770839,6047,20914157,7504,25945687,-1457,-5031530
2023/11/24,臺股期貨,投信,195,674307,73,252463,122,421844,17725,61303685,10024,34669006,7701,26634679
2023/11/24,臺股期貨,外資及陸資,29521,102207437,31322,108443451,-1801,-6236014,43674,151050866,47914,165715360,-4240,-14664494
2023/11/27,臺股期貨,自營商,6804,23475508,8282,28565953,-1478,-5090445,4388,15070311,7366,25290903,-2978,-10220592
2023/11/27,臺股期貨,投信,159,545892,684,2348276,-525,-1802384,17515,60153516,10339,35508262,7176,24645254
2023/11/27,臺股期貨,外資及陸資,47722,164694531,44844,154750794,2878,9943737,44389,152450078,45745,157107134,-1356,-4657056
2023/11/28,臺股期貨,自營商,8066,27916197,8000,27672189,66,244009,5187,18009320,8093,28092027,-2906,-10082707
2023/11/28,臺股期貨,投信,621,2155540,261,906758,360,1248781,17606,61128032,10070,34963040,7536,26164992
2023/11/28,臺股期貨,外資及陸資,49375,170686416,48168,166606962,1207,4079454,45868,159253912,46017,159771024,-149,-517112
2023/11/29,臺股期貨,自營商,8678,30142607,7582,26352609,1096,3789998,5772,20016478,7582,26285755,-1810,-6269277
2023/11/29,臺股期貨,投信,641,2223244,447,1550355,194,672889,18100,62767180,10370,35961086,7730,26806094
2023/11/29,臺股期貨,外資及陸資,46567,161818063,50895,176817817,-4328,-14999754,42886,148720320,47364,164249350,-4478,-15529030
2023/11/30,臺股期貨,自營商,6535,22696127,7296,25348881,-761,-2652754,5532,19243774,8101,28173577,-2569,-8929803
2023/11/30,臺股期貨,投信,1072,3728934,1,3481,1071,3725453,19141,66583883,10340,35968724,8801,30615159
2023/11/30,臺股期貨,外資及陸資,52040,180817246,51170,177810128,870,3007119,43608,151695040,47216,164246114,-3608,-12551074
2023/12/01,臺股期貨,自營商,7923,27527452,8172,28403905,-249,-876453,4956,17269515,7781,27107397,-2825,-9837882
2023/12/01,臺股期貨,投信,431,1502151,402,1398897,29,103254,19168,66796646,10338,36025862,8830,30770784
2023/12/01,臺股期貨,外資及陸資,58126,202011924,55346,192371130,2780,9640794,47034,163903501,47866,166802075,-832,-2898574
2023/12/04,臺股期貨,自營商,8829,30778764,7691,26818650,1138,3960114,6008,20929168,7682,26752971,-1674,-5823803
2023/12/04,臺股期貨,投信,672,2340779,1009,3515415,-337,-1174636,18627,64889017,10134,35302802,8493,29586215
2023/12/04,臺股期貨,外資及陸資,53077,185053065,56598,197320554,-3521,-12267489,43522,151613222,47875,166777184,-4353,-15163962
2023/12/05,臺股期貨,自營商,8305,28725083,8390,29034504,-85,-309421,6577,22767960,8175,28291696,-1598,-5523736
2023/12/05,臺股期貨,投信,866,2997883,810,2802561,56,195321,18696,64721813,10147,35126885,8549,29594928
2023/12/05,臺股期貨,外資及陸資,52420,181391237,53975,186752572,-1555,-5361335,42689,147780777,48595,168225854,-5906,-20445077
2023/12/06,臺股期貨,自營商,9427,32753632,9392,32632107,35,121524,6344,22048135,7915,27500298,-1571,-5452163
2023/12/06,臺股期貨,投信,381,1324333,1266,4401842,-885,-3077509,17804,61876022,10140,35240556,7664,26635466
2023/12/06,臺股期貨,外資及陸資,49196,170874171,49648,172440528,-452,-1566357,41941,145762360,48290,167827836,-6349,-22065476
2023/12/07,臺股期貨,自營商,7687,26633886,6991,24232659,696,2401228,6552,22631698,7421,25625964,-869,-2994266
2023/12/07,臺股期貨,投信,495,1710510,736,2542138,-241,-831629,17723,61218805,10300,35578260,7423,25640545
2023/12/07,臺股期貨,外資及陸資,49834,172805683,50816,176173455,-982,-3367772,42262,145981784,49582,171265617,-7320,-25283833
2023/12/08,臺股期貨,自營商,9117,31709385,10566,36742735,-1449,-5033350,6165,21422190,8473,29435784,-2308,-8013594
2023/12/08,臺股期貨,投信,681,2366911,200,694994,481,1671917,18394,63919055,10490,36452750,7904,27466305
2023/12/08,臺股期貨,外資及陸資,61175,212747741,59423,206650636,1752,6097106,43228,150217034,48796,169563637,-5568,-19346603
2023/12/11,臺股期貨,自營商,7992,27794524,6840,23792007,1152,4002517,6787,23642174,8014,27909443,-1227,-4267269
2023/12/11,臺股期貨,投信,793,2762209,78,271706,715,2490503,18857,65690182,10238,35665097,8619,30025085
2023/12/11,臺股期貨,外資及陸資,47251,164317574,49564,172360166,-2313,-8042592,42934,149564704,50815,177017038,-7881,-27452334
2023/12/12,臺股期貨,自營商,7556,26410061,6776,23678289,780,2731773,7717,26950509,8251,28808582,-534,-1858073
2023/12/12,臺股期貨,投信,660,2304522,1038,3624967,-378,-1320445,18473,64515070,10232,35734237,8241,28780833
2023/12/12,臺股期貨,外資及陸資,41323,144401145,42938,150044666,-1615,-5643522,42295,147711125,51791,180872357,-9496,-33161232
2023/12/13,臺股期貨,自營商,8346,29146913,8943,31237666,-597,-2090753,7577,26454332,8711,30406429,-1134,-3952097
2023/12/13,臺股期貨,投信,1498,5229092,1211,4227294,287,1001798,18410,64276674,9882,34502015,8528,29774659
2023/12/13,臺股期貨,外資及陸資,43513,151996937,43319,151299819,194,697118,41451,144721983,51610,180189131,-10159,-35467148
2023/12/14,臺股期貨,自營商,13070,46004132,12418,43695452,652,2308680,10161,35883985,10745,37946609,-584,-2062624
2023/12/14,臺股期貨,投信,2331,8223998,2057,7255274,274,968724,18413,65042361,9611,33951819,8802,31090542
2023/12/14,臺股期貨,外資及陸資,65573,230679792,64769,227934359,804,2745433,44737,158033353,54092,191063310,-9355,-33029957
2023/12/15,臺股期貨,自營商,11638,41213861,12701,44991813,-1063,-3777952,8134,28748820,9791,34597800,-1657,-5848980
2023/12/15,臺股期貨,投信,3236,11458071,4422,15661408,-1186,-4203337,17221,60867529,9605,33949833,7616,26917696
2023/12/15,臺股期貨,外資及陸資,73519,260418300,72417,256493654,1102,3924646,48603,171788117,56856,200954019,-8253,-29165902
2023/12/18,臺股期貨,自營商,13306,46948872,12409,43788342,897,3160530,8471,29906835,9315,32879982,-844,-2973147
2023/12/18,臺股期貨,投信,14241,50243244,13492,47595911,749,2647333,17971,63441697,9606,33912334,8365,29529363
2023/12/18,臺股期貨,外資及陸資,88849,313515740,92700,327099279,-3851,-13583539,47532,167803739,59632,210515182,-12100,-42711443
2023/12/19,臺股期貨,自營商,17079,60000802,14609,51315560,2470,8685242,9989,35101130,8030,28208244,1959,6892886
2023/12/19,臺股期貨,投信,8727,30624210,9256,32481048,-529,-1856838,17658,62030309,9822,34502722,7836,27527587
2023/12/19,臺股期貨,外資及陸資,67265,236337011,71440,251016094,-4175,-14679083,46099,161957515,63322,222464035,-17223,-60506520
2023/12/20,臺股期貨,自營商,13054,45986814,15695,55291605,-2641,-9304791,3478,12286087,4964,17524538,-1486,-5238451
2023/12/20,臺股期貨,投信,985,3478037,827,2918201,158,559837,18005,63604463,10011,35364859,7994,28239604
2023/12/20,臺股期貨,外資及陸資,48884,172203753,44556,156966127,4328,15237626,43429,153415330,54894,193915639,-11465,-40500309
2023/12/21,臺股期貨,自營商,8654,30342124,8168,28612625,486,1729500,4606,16147304,5588,19579422,-982,-3432118
2023/12/21,臺股期貨,投信,650,2278647,323,1132120,327,1146528,18550,65032590,10229,35860828,8321,29171762
2023/12/21,臺股期貨,外資及陸資,48071,168444823,54178,189950027,-6107,-21505204,42386,148595376,59949,210166535,-17563,-61571159
2023/12/22,臺股期貨,自營商,5484,19259690,5425,19058168,59,201522,4887,17162744,5791,20327437,-904,-3164693
2023/12/22,臺股期貨,投信,757,2658877,544,1911084,213,747794,18763,65895656,10229,35924248,8534,29971408
2023/12/22,臺股期貨,外資及陸資,43880,154143458,42067,147762060,1813,6381398,40704,142950881,56454,198263810,-15750,-55312929
2023/12/25,臺股期貨,自營商,5194,18294680,5226,18407244,-32,-112564,4864,17142494,5764,20303681,-900,-3161187
2023/12/25,臺股期貨,投信,840,2960886,604,2129290,236,831596,18883,66551245,10113,35642257,8770,30908988
2023/12/25,臺股期貨,外資及陸資,28621,100816316,27159,95664927,1462,5151390,41657,146814590,55945,197169858,-14288,-50355268
2023/12/26,臺股期貨,自營商,5613,19860187,6827,24161663,-1214,-4301476,4135,14665026,6330,22438570,-2195,-7773544
2023/12/26,臺股期貨,投信,803,2848069,732,2593945,71,254124,18853,66867820,10012,35510562,8841,31357258
2023/12/26,臺股期貨,外資及陸資,24053,85112243,21660,76660665,2393,8451578,44855,159089048,56750,201277052,-11895,-42188004
2023/12/27,臺股期貨,自營商,8873,31576934,7606,27072879,1267,4504055,4833,17261227,5799,20702114,-966,-3440887
2023/12/27,臺股期貨,投信,1588,5672474,492,1757229,1096,3915245,20133,71911049,10196,36418073,9937,35492976
2023/12/27,臺股期貨,外資及陸資,35300,125668417,35641,126885686,-341,-1217269,49284,176029635,61519,219730007,-12235,-43700372
2023/12/28,臺股期貨,自營商,6241,22280130,5744,20507820,497,1772310,6129,21898650,6654,23764029,-525,-1865379
2023/12/28,臺股期貨,投信,1231,4399299,900,3216170,331,1183128,21264,75980525,10996,39290907,10268,36689618
2023/12/28,臺股期貨,外資及陸資,37249,133004653,38632,137929791,-1383,-4925138,49043,175235981,62661,223895587,-13618,-48659606
2023/12/29,臺股期貨,自營商,6077,21700413,4519,16141062,1558,5559352,7628,27260938,6642,23727131,986,3533807
2023/12/29,臺股期貨,投信,1069,3820993,1147,4099885,-78,-278892,21445,76644430,11255,40225370,10190,36419060
2023/12/29,臺股期貨,外資及陸資,30491,108911482,33585,119940644,-3094,-11029162,48247,172431495,64959,232159203,-16712,-59727708
2024/01/02,臺股期貨,自營商,9555,34052898,9119,32493044,436,1559854,8514,30309181,7073,25167149,1441,5142032
2024/01/02,臺股期貨,投信,297,1057393,458,1630299,-161,-572906,21605,76913800,11576,41210560,10029,35703240
2024/01/02,臺股期貨,外資及陸資,47732,170145520,48449,172680269,-717,-2534749,48357,172147870,65786,234194020,-17429,-62046150
2024/01/03,臺股期貨,自營商,13803,48641206,14680,51700696,-877,-3059490,8386,29425911,7791,27326381,595,2099530
2024/01/03,臺股期貨,投信,537,1884547,1755,6158867,-1218,-4274320,20764,72860876,11953,41943077,8811,30917799
2024/01/03,臺股期貨,外資及陸資,58026,204489716,63357,223331352,-5331,-18841636,45453,159492638,69488,243829744,-24035,-84337106
2024/01/04,臺股期貨,自營商,6402,22459145,7938,27850863,-1536,-5391717,6904,24230686,7863,27582648,-959,-3351962
2024/01/04,臺股期貨,投信,385,1351382,433,1519258,-48,-167876,20484,71898840,11721,41140710,8763,30758130
2024/01/04,臺股期貨,外資及陸資,48994,171909131,45431,159400303,3563,12508828,44327,155582441,64797,227430188,-20470,-71847747
2024/01/05,臺股期貨,自營商,9259,32500623,8174,28691632,1085,3808991,8027,28120058,7841,27457050,186,663008
2024/01/05,臺股期貨,投信,497,1741578,759,2659191,-262,-917613,19898,69714633,11397,39930529,8501,29784104
2024/01/05,臺股期貨,外資及陸資,50697,178023797,49911,175252083,786,2771714,44663,156478285,64345,225431834,-19682,-68953549
2024/01/08,臺股期貨,自營商,11601,40838114,11596,40820560,5,17553,7895,27776311,7476,26288419,419,1487892
2024/01/08,臺股期貨,投信,309,1087916,90,316793,219,771123,20016,70436290,11296,39750624,8720,30685666
2024/01/08,臺股期貨,外資及陸資,64604,227310456,63713,224175011,891,3135445,47101,165742207,65892,231860043,-18791,-66117836
2024/01/09,臺股期貨,自營商,11891,41938756,11778,41515041,113,423714,7906,27738146,7382,25886034,524,1852112
2024/01/09,臺股期貨,投信,824,2893159,349,1226584,475,1666575,20487,71897064,11292,39628145,9195,32268919
2024/01/09,臺股期貨,外資及陸資,58922,207705452,64391,227067920,-5469,-19362468,45273,158873348,69533,244003240,-24260,-85129892
2024/01/10,臺股期貨,自營商,11495,40202155,12121,42388537,-626,-2186382,7788,27190621,7873,27472453,-85,-281832
2024/01/10,臺股期貨,投信,850,2968151,1616,5646060,-766,-2677909,19390,67709854,10961,38275812,8429,29434042
2024/01/10,臺股期貨,外資及陸資,56070,196104598,56365,197132852,-295,-1028254,44597,155726160,69152,241466339,-24555,-85740179
2024/01/11,臺股期貨,自營商,9506,33323564,8747,30668627,759,2654937,8346,29323922,7668,26929796,678,2394126
2024/01/11,臺股期貨,投信,813,2856681,161,565747,652,2290934,20183,70923049,11102,39012428,9081,31910621
2024/01/11,臺股期貨,外資及陸資,59080,207052276,59834,209683737,-754,-2631462,46322,162771296,71631,251702808,-25309,-88931512
2024/01/12,臺股期貨,自營商,11418,39960862,11078,38775346,340,1185516,8726,30513813,7441,26007586,1285,4506227
2024/01/12,臺股期貨,投信,357,1249741,934,3267239,-577,-2017498,19763,69118994,11259,39377002,8504,29741992
2024/01/12,臺股期貨,外資及陸資,85249,298395191,86345,302205664,-1096,-3810474,45689,159776432,72093,252116626,-26404,-92340194
2024/01/15,臺股期貨,自營商,15924,55933290,16508,57980355,-584,-2047065,8619,30254052,7924,27803334,695,2450718
2024/01/15,臺股期貨,投信,15534,54661177,16573,58308377,-1039,-3647200,18285,64194978,10825,38004410,7460,26190568
2024/01/15,臺股期貨,外資及陸資,121557,426981220,116921,410693691,4636,16287529,48717,171033964,70485,247449653,-21768,-76415689
2024/01/16,臺股期貨,自營商,16769,58373125,19385,67468938,-2616,-9095813,6233,21616378,7696,26693528,-1463,-5077150
2024/01/16,臺股期貨,投信,9506,33078713,13038,45316080,-3532,-12237367,14649,50863232,10721,37227235,3928,13635997
2024/01/16,臺股期貨,外資及陸資,92888,323289188,88383,307687780,4505,15601407,48205,167329518,65453,227147797,-17248,-59818279
2024/01/17,臺股期貨,自營商,23625,81608938,20082,69398439,3543,12210498,4654,16041065,6395,22034440,-1741,-5993375
2024/01/17,臺股期貨,投信,376,1296602,1512,5211054,-1136,-3914452,13684,47168748,10854,37413738,2830,9755010
2024/01/17,臺股期貨,外資及陸資,73441,254055420,76351,264151433,-2910,-10096012,37896,130627405,52428,180716355,-14532,-50088950
2024/01/18,臺股期貨,自營商,8028,27693288,8411,29016634,-383,-1323346,5170,17866864,7320,25289417,-2150,-7422553
2024/01/18,臺股期貨,投信,988,3415158,668,2306579,320,1108579,13600,47007040,10450,36119380,3150,10887660
2024/01/18,臺股期貨,外資及陸資,59815,206280772,58941,203260843,874,3019929,35651,123223337,49301,170398878,-13650,-47175541
2024/01/19,臺股期貨,自營商,13158,46152660,11948,41902859,1210,4249801,5798,20486505,6762,23886648,-964,-3400143
2024/01/19,臺股期貨,投信,812,2869227,271,957058,541,1912169,13515,47772822,9824,34725875,3691,13046947
2024/01/19,臺股期貨,外資及陸資,90353,316490262,81594,285947579,8759,30542683,41546,146854714,44159,156083715,-2613,-9229001
2024/01/22,臺股期貨,自營商,9586,34051259,7644,27156298,1942,6894961,7277,25918665,6456,22985909,821,2932756
2024/01/22,臺股期貨,投信,401,1427872,11,39186,390,1388686,13744,48969872,9663,34429269,4081,14540603
2024/01/22,臺股期貨,外資及陸資,63657,226121713,67898,241153361,-4241,-15031648,37860,134892793,44714,159305198,-6854,-24412405
2024/01/23,臺股期貨,自營商,6509,23215020,8356,29805261,-1847,-6590241,5599,19997973,6762,24148172,-1163,-4150199
2024/01/23,臺股期貨,投信,12,42879,198,707533,-186,-664654,13655,48797508,9760,34878336,3895,13919172
2024/01/23,臺股期貨,外資及陸資,55269,197113548,49862,177817052,5407,19296495,40947,146325644,42394,151487570,-1447,-5161926
2024/01/24,臺股期貨,自營商,7154,25612790,7692,27547514,-538,-1934724,4760,17024636,6775,24231685,-2015,-7207049
2024/01/24,臺股期貨,投信,1,3580,669,2394495,-668,-2390916,12987,46483070,9760,34932992,3227,11550078
2024/01/24,臺股期貨,外資及陸資,45446,162743966,44482,159276337,964,3467630,39877,142724821,40360,144443336,-483,-1718515
2024/01/25,臺股期貨,自營商,8228,29595204,7912,28457741,316,1137464,4939,17764691,6740,24241023,-1801,-6476332
2024/01/25,臺股期貨,投信,158,568758,205,737865,-47,-169107,12782,46007531,9602,34561439,3180,11446092
2024/01/25,臺股期貨,外資及陸資,57962,208540991,54091,194616007,3871,13924984,43935,158136553,40547,145931209,3388,12205344
2024/01/26,臺股期貨,自營商,6213,22373239,7158,25770487,-945,-3397248,4702,16915143,7445,26781904,-2743,-9866761
2024/01/26,臺股期貨,投信,103,370799,182,655150,-79,-284351,12703,45728259,9602,34565280,3101,11162979
2024/01/26,臺股期貨,外資及陸資,50335,181304052,49305,177613007,1030,3691044,44162,158971591,39731,143010694,4431,15960897
2024/01/29,臺股期貨,自營商,7859,28384087,7163,25873736,696,2510352,5511,19961148,7520,27236960,-2009,-7275812
2024/01/29,臺股期貨,投信,463,1678421,533,1931502,-70,-253081,12222,44299861,9191,33313699,3031,10986162
2024/01/29,臺股期貨,外資及陸資,49101,177267923,50157,181107319,-1056,-3839397,45172,163726695,41797,151482693,3375,12244002
2024/01/30,臺股期貨,自營商,6995,25318593,6869,24862827,126,455766,5261,19010699,7105,25672922,-1844,-6662223
2024/01/30,臺股期貨,投信,173,626269,49,177203,124,449066,12328,44580514,9173,33171403,3155,11409111
2024/01/30,臺股期貨,外資及陸資,45104,163301773,47606,172354290,-2502,-9052517,42133,152357587,41259,149185098,874,3172489
2024/01/31,臺股期貨,自營商,9505,34144821,10163,36512657,-658,-2367836,4579,16403048,7177,25706040,-2598,-9302992
2024/01/31,臺股期貨,投信,130,465868,416,1490924,-286,-1025057,12212,43770250,9343,33487181,2869,10283069
2024/01/31,臺股期貨,外資及陸資,49725,178723799,52121,187325675,-2396,-8601876,40253,144272403,41779,149729878,-1526,-5457475
2024/02/01,臺股期貨,自營商,8805,31592870,8688,31179429,117,413441,4801,17258315,7298,26232280,-2497,-8973965
2024/02/01,臺股期貨,投信,134,480984,11,39449,123,441535,12331,44354607,9339,33592383,2992,10762224
2024/02/01,臺股期貨,外資及陸資,67736,243190199,69731,250312285,-1995,-7122086,40052,144064496,43573,156716204,-3521,-12651708
2024/02/02,臺股期貨,自營商,6499,23456062,6009,21687288,490,1768775,5098,18426731,7114,25711315,-2016,-7284584
2024/02/02,臺股期貨,投信,197,712557,132,477401,65,235156,12233,44244314,9176,33187757,3057,11056557
2024/02/02,臺股期貨,外資及陸資,49141,177322164,50915,183722895,-1774,-6400730,38991,141020128,45127,163198936,-6136,-22178808
2024/02/05,臺股期貨,自營商,8149,29392119,7666,27660306,483,1731813,5569,20130161,7144,25821622,-1575,-5691461
2024/02/05,臺股期貨,投信,242,875238,6,21705,236,853532,12462,45075054,9169,33164273,3293,11910781
2024/02/05,臺股期貨,外資及陸資,58771,212021670,58129,209652420,642,2369249,38219,138235685,43713,158093140,-5494,-19857455
2024/02/15,臺股期貨,自營商,13525,50155366,14681,54482465,-1156,-4327099,6509,24273933,9293,34670530,-2784,-10396597
2024/02/15,臺股期貨,投信,255,951684,2,7457,253,944227,12656,47247379,9110,34009452,3546,13237927
2024/02/15,臺股期貨,外資及陸資,74975,277694053,72178,267162898,2797,10531155,44064,164481185,46717,174369158,-2653,-9887973
2024/02/16,臺股期貨,自營商,9374,35016325,8778,32784288,596,2232037,6155,22928797,8341,31071205,-2186,-8142408
2024/02/16,臺股期貨,投信,1151,4299467,707,2639883,444,1659584,12500,46595961,8510,31723485,3990,14872476
2024/02/16,臺股期貨,外資及陸資,51913,193942653,55971,209098342,-4058,-15155689,42342,157820862,49045,182797586,-6703,-24976724
2024/02/19,臺股期貨,自營商,11077,41335932,11879,44322719,-802,-2986788,6292,23483613,9389,35045293,-3097,-11561680
2024/02/19,臺股期貨,投信,11079,41349872,10927,40781092,152,568780,12652,47244091,8510,31777558,4142,15466533
2024/02/19,臺股期貨,外資及陸資,78928,294535130,75701,282496824,3227,12038306,47254,176451245,50725,189402190,-3471,-12950945
2024/02/20,臺股期貨,自營商,11805,44146267,12911,48282146,-1106,-4135879,4995,18723173,9205,34520069,-4210,-15796896
2024/02/20,臺股期貨,投信,9464,35439184,9393,35168094,71,271090,12616,47335191,8403,31528002,4213,15807189
2024/02/20,臺股期貨,外資及陸資,73614,275294811,68325,255524376,5289,19770435,51463,193069629,48721,182768171,2742,10301458
2024/02/21,臺股期貨,自營商,14112,52852592,13296,49772309,816,3080283,1774,6623575,7797,29136287,-6023,-22512712
2024/02/21,臺股期貨,投信,116,433815,104,388879,12,44937,12662,47338153,8437,31542568,4225,15795585
2024/02/21,臺股期貨,外資及陸資,52577,196916214,58230,218097530,-5653,-21181316,39203,146564216,36782,137505307,2421,9058909
2024/02/22,臺股期貨,自營商,7190,27047969,7635,28719813,-445,-1671844,2756,10400615,9102,34365313,-6346,-23964698
2024/02/22,臺股期貨,投信,225,849826,170,636329,55,213498,12712,48015766,8432,31849350,4280,16166416
2024/02/22,臺股期貨,外資及陸資,49974,187809408,49310,185338325,664,2471083,38764,146419094,35679,134758299,3085,11660795
2024/02/23,臺股期貨,自營商,8223,31155856,7716,29231287,507,1924569,2824,10674204,8660,32740975,-5836,-22066771
2024/02/23,臺股期貨,投信,525,1987151,31,117338,494,1869813,13019,49243066,8245,31185888,4774,18057178
2024/02/23,臺股期貨,外資及陸資,50900,192909477,49839,188900420,1061,4009057,38778,146673731,34632,130984161,4146,15689570
2024/02/26,臺股期貨,自營商,6266,23717790,6766,25613097,-500,-1895307,2820,10689164,9166,34750445,-6346,-24061281
2024/02/26,臺股期貨,投信,123,466524,622,2360170,-499,-1893645,12462,47265874,8187,31051654,4275,16214220
2024/02/26,臺股期貨,外資及陸資,43653,165192934,41648,157602545,2005,7590389,41051,155698054,34900,132361039,6151,23337015
2024/02/27,臺股期貨,自營商,10644,40202009,10730,40521060,-86,-319051,2924,11029540,9379,35382254,-6455,-24352714
2024/02/27,臺股期貨,投信,1239,4677066,171,645218,1068,4031849,13653,51526422,8310,31361940,5343,20164482
2024/02/27,臺股期貨,外資及陸資,58201,219959967,60541,228772821,-2340,-8812855,39266,148189790,35467,133845216,3799,14344574
2024/02/29,臺股期貨,自營商,8900,33653703,8840,33427784,60,225919,3159,11970772,9528,36117937,-6369,-24147165
2024/02/29,臺股期貨,投信,485,1839035,96,363967,389,1475068,13936,52848099,8204,31111209,5732,21736890
2024/02/29,臺股期貨,外資及陸資,46205,174641988,46383,175333296,-178,-691309,38077,144395494,34455,130652791,3622,13742703
2024/03/01,臺股期貨,自營商,7931,30077550,7971,30227771,-40,-150221,2870,10876319,9312,35298380,-6442,-24422061
2024/03/01,臺股期貨,投信,1633,6192195,34,128933,1599,6063262,15550,58968710,8219,31168092,7331,27800618
2024/03/01,臺股期貨,外資及陸資,49669,188392094,54784,207769585,-5115,-19377491,34097,129302542,35590,134957204,-1493,-5654662
2024/03/04,臺股期貨,自營商,12259,47016220,12461,47808682,-202,-792462,3603,13906207,10205,39395074,-6602,-25488867
2024/03/04,臺股期貨,投信,1003,3872264,1326,5120083,-323,-1247820,14951,57743752,7941,30669730,7010,27074022
2024/03/04,臺股期貨,外資及陸資,68524,262647920,63040,241808592,5484,20839328,37873,146272744,33886,130867091,3987,15405653
2024/03/05,臺股期貨,自營商,10540,40852126,10046,38920815,494,1931311,4044,15676737,10093,39117427,-6049,-23440690
2024/03/05,臺股期貨,投信,466,1806929,790,3066769,-324,-1259840,14518,56300804,7832,30372496,6686,25928308
2024/03/05,臺股期貨,外資及陸資,55959,216863217,56614,219402933,-655,-2539716,36859,142938968,33528,130014355,3331,12924613
2024/03/06,臺股期貨,自營商,13111,50845988,12158,47126539,953,3719449,4590,17898615,9646,37608351,-5056,-19709736
2024/03/06,臺股期貨,投信,281,1096104,778,3031765,-497,-1935661,13962,54471347,7773,30325582,6189,24145765
2024/03/06,臺股期貨,外資及陸資,57447,222624414,57457,222678355,-10,-53941,36614,142845369,33281,129835225,3333,13010144
2024/03/07,臺股期貨,自營商,14355,56461856,14661,57675826,-306,-1213970,5406,21290957,10763,42384188,-5357,-21093231
2024/03/07,臺股期貨,投信,719,2831921,984,3881336,-265,-1049415,13647,53774639,7723,30431709,5924,23342930
2024/03/07,臺股期貨,外資及陸資,86506,340336128,86784,341424042,-278,-1087915,35643,140445844,32588,128400864,3055,12044980
2024/03/08,臺股期貨,自營商,19361,76841770,18248,72430520,1113,4411250,6102,24144806,10316,40809532,-4214,-16664726
2024/03/08,臺股期貨,投信,47,186548,1129,4469182,-1082,-4282633,12653,50090696,7811,30922187,4842,19168509
2024/03/08,臺股期貨,外資及陸資,111407,442259765,116029,460465776,-4622,-18206011,33868,134073438,35434,140264359,-1566,-6190921
2024/03/11,臺股期貨,自營商,14529,57523320,14549,57600824,-20,-77504,6541,25782948,10821,42642031,-4280,-16859083
2024/03/11,臺股期貨,投信,0,0,280,1104287,-280,-1104287,12440,49053408,7878,31064530,4562,17988878
2024/03/11,臺股期貨,外資及陸資,96643,382736230,99334,393313751,-2691,-10577522,31415,123874118,37972,149722497,-6557,-25848379
2024/03/12,臺股期貨,自營商,10908,43229342,10230,40523306,678,2706036,7399,29515170,10998,43861603,-3599,-14346433
2024/03/12,臺股期貨,投信,269,1072993,287,1145129,-18,-72136,12261,48931199,7717,30797004,4544,18134195
2024/03/12,臺股期貨,外資及陸資,64587,255548257,66143,261737027,-1556,-6188769,33196,132473940,41305,164827900,-8109,-32353960
2024/03/13,臺股期貨,自營商,16613,66315122,15596,62242457,1017,4072665,8131,32395705,10648,42409544,-2517,-10013839
2024/03/13,臺股期貨,投信,179,713461,168,669761,11,43701,12275,48923240,7720,30768832,4555,18154408
2024/03/13,臺股期貨,外資及陸資,82179,328015223,83202,332109572,-1023,-4094349,31577,125849019,40709,162238974,-9132,-36389955
2024/03/14,臺股期貨,自營商,10807,43003754,10954,43597838,-147,-594084,8500,33888838,11105,44259167,-2605,-10370329
2024/03/14,臺股期貨,投信,0,0,152,606211,-152,-606211,12126,48358488,7723,30799324,4403,17559164
2024/03/14,臺股期貨,外資及陸資,67138,267199290,66600,265040512,538,2158777,34695,138363385,43293,172645844,-8598,-34282459
2024/03/15,臺股期貨,自營商,15073,59774626,13433,53259225,1640,6515401,11314,44640355,12239,48285288,-925,-3644933
2024/03/15,臺股期貨,投信,389,1539982,973,3843396,-584,-2303414,11703,46176677,7884,31107710,3819,15068967
2024/03/15,臺股期貨,外資及陸資,72969,289389904,76069,301707104,-3100,-12317201,35722,140977090,47420,187116968,-11698,-46139878
2024/03/18,臺股期貨,自營商,11071,43858957,11935,47297222,-864,-3438265,9350,37235999,11283,44931914,-1933,-7695915
2024/03/18,臺股期貨,投信,10419,41344639,10449,41452021,-30,-107383,11707,46653230,7918,31554458,3789,15098772
2024/03/18,臺股期貨,外資及陸資,86649,343252683,85345,338105746,1304,5146937,36973,147333886,47377,188761901,-10404,-41428015
2024/03/19,臺股期貨,自營商,16474,65433876,16806,66755691,-332,-1321815,8946,35541914,11019,43783360,-2073,-8241446
2024/03/19,臺股期貨,投信,9783,38894806,8773,34865770,1010,4029036,12573,50002821,7774,30917025,4799,19085796
2024/03/19,臺股期貨,外資及陸資,94205,374083160,94771,376355537,-566,-2272377,36846,146511232,47822,190116903,-10976,-43605671
2024/03/20,臺股期貨,自營商,21478,85295680,18174,72179354,3304,13116327,975,3859114,7225,28632453,-6250,-24773339
2024/03/20,臺股期貨,投信,191,757624,164,650819,27,106805,12670,50256822,7807,30967246,4863,19289576
2024/03/20,臺股期貨,外資及陸資,75514,299988478,78272,310945232,-2758,-10956754,31381,124475630,36169,143461929,-4788,-18986299
2024/03/21,臺股期貨,自營商,10080,40513403,10127,40674980,-47,-161577,1773,7175716,8062,32641724,-6289,-25466008
2024/03/21,臺股期貨,投信,356,1442053,222,887549,134,554504,12702,51468504,7705,31220660,4997,20247844
2024/03/21,臺股期貨,外資及陸資,73898,296326117,66649,267364463,7249,28961654,35218,142703061,31086,125954539,4132,16748522
2024/03/22,臺股期貨,自營商,9419,38086144,8679,35092622,740,2993522,2358,9539136,7891,31920952,-5533,-22381816
2024/03/22,臺股期貨,投信,296,1197238,52,210494,244,986744,12852,52024896,7611,30809328,5241,21215568
2024/03/22,臺股期貨,外資及陸資,64884,262430796,73035,295415350,-8151,-32984554,27557,111552207,32999,133575431,-5442,-22023224
2024/03/25,臺股期貨,自營商,6264,25358610,6964,28193635,-700,-2835025,1979,8002352,8257,33387729,-6278,-25385377
2024/03/25,臺股期貨,投信,9,36422,74,299387,-65,-262965,12784,51721507,7608,30780446,5176,20941061
2024/03/25,臺股期貨,外資及陸資,47737,193236376,47481,192203732,256,1032645,27927,112989187,33113,133964618,-5186,-20975431
2024/03/26,臺股期貨,自營商,16504,66794569,16524,66891683,-20,-97114,1977,7977052,8278,33402372,-6301,-25425320
2024/03/26,臺股期貨,投信,49,197798,633,2555842,-584,-2358044,12406,50083022,7814,31545118,4592,18537904
2024/03/26,臺股期貨,外資及陸資,87254,353086092,88564,358351160,-1310,-5265068,28565,115319317,35041,141457192,-6476,-26137875
2024/03/27,臺股期貨,自營商,8485,34297690,9641,38976604,-1156,-4678914,2082,8431476,9530,38597252,-7448,-30165776
2024/03/27,臺股期貨,投信,353,1430021,103,417103,250,1012918,12550,50847580,7708,31229733,4842,19617847
2024/03/27,臺股期貨,外資及陸資,53167,214826750,50043,202212605,3124,12614145,30377,123077863,33717,136604659,-3340,-13526796
2024/03/28,臺股期貨,自營商,10119,40884981,8606,34771858,1513,6113123,2494,10073645,8421,34011563,-5927,-23937918
2024/03/28,臺股期貨,投信,188,761107,32,128806,156,632301,12578,50820151,7580,30626232,4998,20193919
2024/03/28,臺股期貨,外資及陸資,61920,250212600,64318,259929746,-2398,-9717146,31614,127736432,37343,150878126,-5729,-23141694
2024/03/29,臺股期貨,自營商,7223,29253473,8586,34775944,-1363,-5522471,2574,10436826,9791,39695993,-7217,-29259167
2024/03/29,臺股期貨,投信,1335,5413005,14,56778,1321,5356227,13882,56299839,7563,30672503,6319,25627336
2024/03/29,臺股期貨,外資及陸資,53476,216515192,48501,196358618,4975,20156574,33086,134187490,33840,137239156,-754,-3051666
2024/04/01,臺股期貨,自營商,8629,35077010,7355,29905354,1274,5171656,2613,10603653,8543,34661973,-5930,-24058320
2024/04/01,臺股期貨,投信,617,2503609,26,105594,591,2398015,14499,58845641,7589,30800715,6910,28044926
2024/04/01,臺股期貨,外資及陸資,43644,177409435,47213,191899361,-3569,-14489926,31147,126417568,35470,143956612,-4323,-17539044
2024/04/02,臺股期貨,自營商,10149,41449360,12862,52536754,-2713,-11087393,3236,13279745,11858,48654673,-8622,-35374928
2024/04/02,臺股期貨,投信,1109,4549525,65,266110,1044,4283415,15403,63216993,7449,30572186,7954,32644807
2024/04/02,臺股期貨,外資及陸資,65089,265745873,58188,237559490,6901,28186384,36527,149918152,33215,136319381,3312,13598771
2024/04/03,臺股期貨,自營商,14049,57293700,12181,49683846,1868,7609853,2283,9291633,9055,36845504,-6772,-27553871
2024/04/03,臺股期貨,投信,166,675856,390,1588355,-224,-912498,15474,62982275,7744,31519629,7730,31462646
2024/04/03,臺股期貨,外資及陸資,64390,262635731,73429,299519505,-9039,-36883775,29520,120156296,36986,150539882,-7466,-30383586
2024/04/08,臺股期貨,自營商,8523,34849206,9151,37419740,-628,-2570533,2613,10686713,10089,41249652,-7476,-30562939
2024/04/08,臺股期貨,投信,320,1310320,48,196462,272,1113857,15555,63610617,7553,30887310,8002,32723307
2024/04/08,臺股期貨,外資及陸資,57470,234976003,55835,228273867,1635,6702136,30242,123678395,36096,147612143,-5854,-23933748
2024/04/09,臺股期貨,自營商,12532,51868341,14345,59297073,-1813,-7428732,3013,12576019,12271,51206933,-9258,-38630914
2024/04/09,臺股期貨,投信,390,1627676,31,129028,359,1498647,15608,65144670,7247,30247661,8361,34897009
2024/04/09,臺股期貨,外資及陸資,77325,319415896,68153,281693970,9172,37721926,37704,157381340,32540,135817390,5164,21563950
2024/04/10,臺股期貨,自營商,11227,46782095,9171,38215435,2056,8566660,2777,11579808,9991,41651909,-7214,-30072101
2024/04/10,臺股期貨,投信,4,16679,59,246020,-55,-229340,15554,64853958,7248,30221429,8306,34632529
2024/04/10,臺股期貨,外資及陸資,57810,240896643,64685,269519213,-6875,-28622570,35077,146275533,36787,153390214,-1710,-7114681
2024/04/11,臺股期貨,自營商,10987,45547500,9793,40615524,1194,4931976,3211,13329710,9199,38177985,-5988,-24848275
2024/04/11,臺股期貨,投信,373,1548851,128,531152,245,1017700,15920,66075072,7369,30584643,8551,35490429
2024/04/11,臺股期貨,外資及陸資,67720,280741111,76706,317975835,-8986,-37234724,31607,131208248,44571,184996434,-12964,-53788186
2024/04/12,臺股期貨,自營商,11501,47686997,10608,44019227,893,3667769,4275,17749836,9368,38907425,-5093,-21157589
2024/04/12,臺股期貨,投信,1789,7443433,1607,6672732,182,770701,16074,66735412,7341,30469867,8733,36265545
2024/04/12,臺股期貨,外資及陸資,74926,310710527,73971,306689419,955,4021108,31789,132030160,43798,181836463,-12009,-49806303
2024/04/15,臺股期貨,自營商,16656,68540355,15948,65590886,708,2949469,4252,17458547,8685,35638240,-4433,-18179693
2024/04/15,臺股期貨,投信,12181,50073504,12087,49653949,94,419555,16344,67110888,7517,30865664,8827,36245224
2024/04/15,臺股期貨,外資及陸資,98949,406936833,103854,427243985,-4905,-20307153,30125,123669144,47928,196715806,-17803,-73046662
2024/04/16,臺股期貨,自營商,26904,108271835,25993,104619230,911,3652605,5707,22794452,9017,35993916,-3310,-13199464
2024/04/16,臺股期貨,投信,9234,36850842,8855,35335770,379,1515072,17167,68596686,7961,31814843,9206,36781843
2024/04/16,臺股期貨,外資及陸資,146955,591573309,147546,594147078,-591,-2573769,32980,131734150,51366,205185816,-18386,-73451666
2024/04/17,臺股期貨,自營商,20932,84046303,21468,86203167,-536,-2156865,4119,16620731,6769,27303268,-2650,-10682537
2024/04/17,臺股期貨,投信,1244,5022884,217,877991,1027,4144892,16880,68158064,7812,31543294,9068,36614770
2024/04/17,臺股期貨,外資及陸資,104069,417277259,101789,408234665,2280,9042593,24880,100460414,42832,172936009,-17952,-72475595
2024/04/18,臺股期貨,自營商,10322,41674629,9991,40333083,331,1341546,4825,19628190,7153,29086298,-2328,-9458108
2024/04/18,臺股期貨,投信,335,1362453,289,1175536,46,186918,16823,68479704,7709,31380255,9114,37099449
2024/04/18,臺股期貨,外資及陸資,89931,362601123,87395,352346926,2536,10254197,24891,101321214,39591,161146304,-14700,-59825090
2024/04/19,臺股期貨,自營商,27068,106699529,26339,103843926,729,2855603,5228,20435485,6666,26038105,-1438,-5602620
2024/04/19,臺股期貨,投信,1330,5204957,645,2524989,685,2679968,18038,70561048,8239,32229320,9799,38331728
2024/04/19,臺股期貨,外資及陸資,170784,674936988,173531,686330550,-2747,-11393562,21289,83277609,41066,160623583,-19777,-77345974
2024/04/22,臺股期貨,自營商,11177,43792061,12616,49400741,-1439,-5608680,4297,16767857,7152,27896179,-2855,-11128322
2024/04/22,臺股期貨,投信,487,1902128,122,476568,365,1425560,18246,71261578,8082,31565059,10164,39696519
2024/04/22,臺股期貨,外資及陸資,111699,437894460,109061,427538140,2638,10356320,19216,75049268,35616,139083977,-16400,-64034709
2024/04/23,臺股期貨,自營商,6561,25775775,8597,33782563,-2036,-8006788,3486,13706995,8555,33633887,-5069,-19926892
2024/04/23,臺股期貨,投信,535,2105027,0,0,535,2105027,18626,73311936,7917,31161312,10709,42150624
2024/04/23,臺股期貨,外資及陸資,75861,297954803,71966,282619890,3895,15334913,22071,86870283,34576,136071750,-12505,-49201467
2024/04/24,臺股期貨,自營商,10904,43709989,9455,37866734,1449,5843255,4259,17163069,7851,31624144,-3592,-14461075
2024/04/24,臺股期貨,投信,683,2753549,16,64126,667,2689423,18865,76101410,7489,30210626,11376,45890784
2024/04/24,臺股期貨,外資及陸資,67136,268295026,68571,274084591,-1435,-5789565,23526,94900732,36859,148666230,-13333,-53765498
2024/04/25,臺股期貨,自營商,7958,31745097,7677,30615005,281,1130091,4189,16636838,7465,29633073,-3276,-12996235
2024/04/25,臺股期貨,投信,309,1234538,339,1347454,-30,-112916,18952,75353152,7606,30241456,11346,45111696
2024/04/25,臺股期貨,外資及陸資,75573,301683310,79417,317002165,-3844,-15318855,20704,82316535,37864,150520382,-17160,-68203847
2024/04/26,臺股期貨,自營商,12576,50427350,13084,52483616,-508,-2056266,4127,16633375,7878,31739798,-3751,-15106423
2024/04/26,臺股期貨,投信,871,3513447,149,594588,722,2918859,19549,78884125,7481,30187331,12068,48696794
2024/04/26,臺股期貨,外資及陸資,102562,410862493,99290,397747684,3272,13114809,23378,94329859,37266,150346722,-13888,-56016863
2024/04/29,臺股期貨,自營商,9652,39357486,9274,37857681,378,1499805,4764,19556543,8195,33634036,-3431,-14077493
2024/04/29,臺股期貨,投信,654,2676568,105,430916,549,2245652,19757,81201270,7140,29345400,12617,51855870
2024/04/29,臺股期貨,外資及陸資,71228,290152307,72381,294790651,-1153,-4638343,25304,103993965,40345,165787884,-15041,-61793919
2024/04/30,臺股期貨,自營商,7177,29418050,7562,30998548,-385,-1580498,4528,18460817,8296,33826063,-3768,-15365246
2024/04/30,臺股期貨,投信,214,873927,141,575908,73,298019,19742,80598689,7052,28790495,12690,51808194
2024/04/30,臺股期貨,外資及陸資,57065,233997981,55769,228698766,1296,5299216,24376,99513168,38111,155561949,-13735,-56048781
2024/05/02,臺股期貨,自營商,9405,38249865,8940,36361751,465,1888114,5155,20894075,8375,33947530,-3220,-13053455
2024/05/02,臺股期貨,投信,662,2687906,537,2179394,125,508511,20155,81797052,7340,29788656,12815,52008396
2024/05/02,臺股期貨,外資及陸資,67347,274056672,71153,289540519,-3806,-15483846,21007,85251523,38548,156413726,-17541,-71162203
2024/05/03,臺股期貨,自營商,9932,40544021,9051,36918527,881,3625494,5671,23089205,8021,32654196,-2350,-9564991
2024/05/03,臺股期貨,投信,221,901163,151,613872,70,287291,20371,83040344,7486,30515930,12885,52524414
2024/05/03,臺股期貨,外資及陸資,76474,312022422,78380,319924760,-1906,-7902338,20366,83017063,39823,162304447,-19457,-79287384
2024/05/06,臺股期貨,自營商,9656,39761910,9251,38088129,405,1673781,6185,25452558,8116,33395303,-1931,-7942745
2024/05/06,臺股期貨,投信,377,1553351,151,622563,226,930787,20414,84109754,7303,30089799,13111,54019955
2024/05/06,臺股期貨,外資及陸資,72775,299480507,72076,296680844,699,2799663,23474,96714275,42232,173972415,-18758,-77258140
2024/05/07,臺股期貨,自營商,8561,35357453,9080,37508177,-519,-2150724,5676,23408594,8166,33680100,-2490,-10271506
2024/05/07,臺股期貨,投信,266,1097915,7,28890,259,1069026,20529,84776550,7159,29563792,13370,55212758
2024/05/07,臺股期貨,外資及陸資,52625,217467879,53092,219389870,-467,-1921990,22214,91732384,41439,171096728,-19225,-79364344
2024/05/08,臺股期貨,自營商,7807,32257321,9333,38572183,-1526,-6314862,5193,21492613,9189,38044994,-3996,-16552381
2024/05/08,臺股期貨,投信,173,716884,39,161393,134,555491,20669,85668861,7165,29697464,13504,55971397
2024/05/08,臺股期貨,外資及陸資,47608,196710147,43986,181745830,3622,14964317,23782,98568441,39385,163212721,-15603,-64644280
2024/05/09,臺股期貨,自營商,9076,37546359,8698,35983070,378,1563289,5428,22350416,8963,36913650,-3535,-14563234
2024/05/09,臺股期貨,投信,122,504669,332,1369962,-210,-865293,20580,84838992,7286,30035806,13294,54803186
2024/05/09,臺股期貨,外資及陸資,54960,227468915,56573,234162722,-1613,-6693808,22185,91455018,39401,162401590,-17216,-70946572
2024/05/10,臺股期貨,自營商,11004,45558890,11859,49121597,-855,-3562707,5080,21112309,9271,38550367,-4191,-17438058
2024/05/10,臺股期貨,投信,4022,16664878,4064,16833042,-42,-168164,20569,85615620,7317,30456274,13252,55159346
2024/05/10,臺股期貨,外資及陸資,69014,285654353,66669,275923842,2345,9730511,24387,101507167,39256,163367079,-14869,-61859912
2024/05/13,臺股期貨,自營商,14433,60327789,13490,56400111,943,3927678,4949,20636838,8511,35517559,-3562,-14880721
2024/05/13,臺股期貨,投信,13844,57837957,13609,56855705,235,982251,20614,86096341,7127,29766191,13487,56330150
2024/05/13,臺股期貨,外資及陸資,90020,376350732,90550,378563365,-530,-2212633,26439,110422556,40956,171011359,-14517,-60588803
2024/05/14,臺股期貨,自營商,12758,53455737,14149,59277945,-1391,-5822207,4966,20828647,9834,41289485,-4868,-20460838
2024/05/14,臺股期貨,投信,9319,39088047,10149,42570829,-830,-3482782,19868,83481317,7214,30311767,12654,53169550
2024/05/14,臺股期貨,外資及陸資,76980,322413980,72507,303685478,4473,18728502,27521,115633278,37565,157789763,-10044,-42156485
2024/05/15,臺股期貨,自營商,23478,99450014,24695,104653427,-1217,-5203413,1681,7108866,9544,40521585,-7863,-33412719
2024/05/15,臺股期貨,投信,248,1053523,361,1531886,-113,-478362,19751,83914099,7210,30632406,12541,53281693
2024/05/15,臺股期貨,外資及陸資,74212,314383958,72356,306495384,1856,7888575,25226,107174395,28707,121923232,-3481,-14748837
2024/05/16,臺股期貨,自營商,10035,42953040,9194,39368247,841,3584793,2357,10048410,9387,40095962,-7030,-30047552
2024/05/16,臺股期貨,投信,222,948985,1273,5438294,-1051,-4489309,18644,79691914,7154,30579058,11490,49112856
2024/05/16,臺股期貨,外資及陸資,68028,291314087,72254,309401059,-4226,-18086972,25563,109264755,34051,145502573,-8488,-36237818
2024/05/17,臺股期貨,自營商,6215,26526603,6259,26715068,-44,-188465,2162,9197528,9044,38561558,-6882,-29364030
2024/05/17,臺股期貨,投信,187,798061,1072,4575279,-885,-3777219,17914,76439038,7309,31187503,10605,45251535
2024/05/17,臺股期貨,外資及陸資,51036,217942907,51475,219836495,-439,-1893588,25401,108383306,35049,149502049,-9648,-41118743
2024/05/20,臺股期貨,自營商,9486,40442593,9133,38933602,353,1508991,2625,11153712,9142,38914029,-6517,-27760317
2024/05/20,臺股期貨,投信,189,805401,618,2632710,-429,-1827309,17485,74482603,7309,31134878,10176,43347725
2024/05/20,臺股期貨,外資及陸資,66156,282202687,65762,280571991,394,1630696,27123,115535406,36377,154897724,-9254,-39362318
2024/05/21,臺股期貨,自營商,6363,27073609,7179,30552961,-816,-3479352,2477,10512440,9890,42064899,-7413,-31552459
2024/05/21,臺股期貨,投信,212,902183,121,514879,91,387304,17579,74823256,7312,31122797,10267,43700459
2024/05/21,臺股期貨,外資及陸資,50336,214296950,49317,209971296,1019,4325654,28549,121511796,36784,156496273,-8235,-34984477
2024/05/22,臺股期貨,自營商,9107,39064507,8675,37204895,432,1859612,3062,13173756,9999,43125390,-6937,-29951634
2024/05/22,臺股期貨,投信,730,3152237,106,457460,624,2694777,18034,77838351,7143,30830617,10891,47007734
2024/05/22,臺股期貨,外資及陸資,56372,241662114,53800,230574768,2572,11087346,33971,146622387,39634,170993275,-5663,-24370888
2024/05/23,臺股期貨,自營商,7664,33065417,7047,30398938,617,2666479,2828,12180195,9109,39327447,-6281,-27147252
2024/05/23,臺股期貨,投信,153,660178,72,311242,81,348935,17970,77648370,6998,30238358,10972,47410012
2024/05/23,臺股期貨,外資及陸資,57972,250200989,61051,263433256,-3079,-13232267,31634,136686950,40359,174316712,-8725,-37629762
2024/05/24,臺股期貨,自營商,7706,33186504,7810,33637368,-104,-450864,2754,11838145,9068,39082829,-6314,-27244684
2024/05/24,臺股期貨,投信,55,237252,118,509109,-63,-271857,17977,77545587,7068,30488525,10909,47057062
2024/05/24,臺股期貨,外資及陸資,66443,286251907,66120,284891885,323,1360022,32700,141051263,41102,177219911,-8402,-36168648
2024/05/27,臺股期貨,自營商,8833,38446369,8639,37624563,194,821806,3260,14209175,9380,40994018,-6120,-26784843
2024/05/27,臺股期貨,投信,458,2002499,246,1067204,212,935295,18147,79374978,7026,30731724,11121,48643254
2024/05/27,臺股期貨,外資及陸資,57371,249592182,58266,253526903,-895,-3934720,33291,145611136,42588,186196423,-9297,-40585287
2024/05/28,臺股期貨,自營商,5704,24995423,6011,26342574,-307,-1347152,3368,14732250,9800,42988053,-6432,-28255803
2024/05/28,臺股期貨,投信,802,3518468,77,338222,725,3180246,18659,81916742,6813,29910433,11846,52006309
2024/05/28,臺股期貨,外資及陸資,39149,171588874,40012,175370190,-863,-3781316,33583,147432167,43743,191951446,-10160,-44519279
2024/05/29,臺股期貨,自營商,10488,45789500,9097,39706277,1391,6083223,3464,15018474,8395,36450563,-4931,-21432089
2024/05/29,臺股期貨,投信,105,456518,487,2118234,-382,-1661716,18430,80096780,6966,30274236,11464,49822544
2024/05/29,臺股期貨,外資及陸資,53588,234134249,58893,257291836,-5305,-23157587,31788,138145942,47253,205262869,-15465,-67116927
2024/05/30,臺股期貨,自營商,9211,39605389,9075,39023532,136,581857,3843,16411369,8632,36901712,-4789,-20490343
2024/05/30,臺股期貨,投信,216,924809,600,2576065,-384,-1651255,18424,78836296,7344,31424976,11080,47411320
2024/05/30,臺股期貨,外資及陸資,71274,306726533,69591,299482605,1683,7243928,32711,139964195,47123,201537249,-14412,-61573054
2024/05/31,臺股期貨,自營商,11838,50740538,11122,47675962,716,3064575,4470,18994356,8470,36026438,-4000,-17032082
2024/05/31,臺股期貨,投信,171,728264,120,511158,51,217106,18557,79008283,7426,31616938,11131,47391345
2024/05/31,臺股期貨,外資及陸資,91535,392711673,91182,391220475,353,1491197,36210,154159380,50269,213923076,-14059,-59763696
2024/06/03,臺股期貨,自營商,14215,61021062,15126,64966786,-911,-3945724,4855,20985068,9728,42091531,-4873,-21106463
2024/06/03,臺股期貨,投信,1393,6031068,138,597180,1255,5433887,19562,84723022,7176,31079256,12386,53643766
2024/06/03,臺股期貨,外資及陸資,92437,396520165,94046,403538026,-1609,-7017860,36324,157309929,53023,229550096,-16699,-72240167
2024/06/04,臺股期貨,自營商,12983,55659122,12913,55326327,70,332795,4230,18017050,9210,39243846,-4980,-21226796
2024/06/04,臺股期貨,投信,454,1936480,668,2850988,-214,-914509,19556,83413787,7384,31495714,12172,51918073
2024/06/04,臺股期貨,外資及陸資,79551,341333157,81957,351751629,-2406,-10418472,31942,136236082,51031,217579795,-19089,-81343713
2024/06/05,臺股期貨,自營商,12717,54243843,14609,62347711,-1892,-8103868,2858,12234206,9688,41539177,-6830,-29304971
2024/06/05,臺股期貨,投信,228,977531,161,689095,67,288437,19567,83980602,7328,31451776,12239,52528826
2024/06/05,臺股期貨,外資及陸資,85268,363729399,82625,352439683,2643,11289717,33794,145034384,50240,215537451,-16446,-70503067
2024/06/06,臺股期貨,自營商,11396,49621533,12561,54734843,-1165,-5113310,2972,12957677,10962,47904850,-7990,-34947173
2024/06/06,臺股期貨,投信,601,2628364,854,3742936,-253,-1114572,19053,83347686,7067,30915298,11986,52432388
2024/06/06,臺股期貨,外資及陸資,87251,380050429,82362,358656297,4889,21394131,35182,153899533,45710,199867886,-10528,-45968353
2024/06/07,臺股期貨,自營商,7801,34057372,6505,28396916,1296,5660456,3008,13127147,9683,42350434,-6675,-29223287
2024/06/07,臺股期貨,投信,10,43582,547,2390900,-537,-2347318,18520,81093714,7071,30962495,11449,50131219
2024/06/07,臺股期貨,外資及陸資,60785,265490333,60863,265833054,-78,-342721,34704,151952388,45310,198304929,-10606,-46352541
2024/06/11,臺股期貨,自營商,11086,48426694,9940,43403541,1146,5023153,2903,12620729,8503,37024120,-5600,-24403391
2024/06/11,臺股期貨,投信,214,935381,138,601897,76,333484,18525,80770311,7000,30521400,11525,50248911
2024/06/11,臺股期貨,外資及陸資,72553,317055966,76703,335198982,-4150,-18143016,29587,128994119,45437,198012418,-15850,-69018299
2024/06/12,臺股期貨,自營商,11971,52302224,13213,57788886,-1242,-5486662,3319,14586657,10108,44510844,-6789,-29924187
2024/06/12,臺股期貨,投信,582,2565078,245,1072738,337,1492340,18847,83096945,6985,30798262,11862,52298683
2024/06/12,臺股期貨,外資及陸資,69512,303885686,64801,283241278,4711,20644407,33007,145514110,44146,194538995,-11139,-49024885
2024/06/13,臺股期貨,自營商,15897,70801200,15214,67823134,683,2978066,4367,19419955,10457,46633099,-6090,-27213144
2024/06/13,臺股期貨,投信,507,2255651,89,396829,418,1858822,19048,85045676,6768,30218721,12280,54826955
2024/06/13,臺股期貨,外資及陸資,86930,387365298,89896,400502024,-2966,-13136726,32985,147226980,46303,206548880,-13318,-59321900
2024/06/14,臺股期貨,自營商,12698,56669513,13475,60169143,-777,-3499631,4327,19382634,11206,50369891,-6879,-30987257
2024/06/14,臺股期貨,投信,5050,22564049,4881,21827731,169,736318,19117,85967664,6668,29952916,12449,56014748
2024/06/14,臺股期貨,外資及陸資,70950,316916115,70487,314828053,463,2088062,34494,155150304,47349,212835151,-12855,-57684847
2024/06/17,臺股期貨,自營商,13300,59726103,13530,60648110,-230,-922007,3302,14795746,10195,45699884,-6893,-30904138
2024/06/17,臺股期貨,投信,12707,56899790,12723,57175996,-16,-276206,19094,85491188,6661,29823287,12433,55667901
2024/06/17,臺股期貨,外資及陸資,92572,415492012,92909,416846572,-337,-1354560,34943,156622106,48135,215631189,-13192,-59009083
2024/06/18,臺股期貨,自營商,17277,78347732,17821,80811244,-544,-2463513,3289,14935704,10766,48895756,-7477,-33960052
2024/06/18,臺股期貨,投信,8014,36353388,7516,34179245,498,2174143,19505,88451292,6574,29812452,12931,58638840
2024/06/18,臺股期貨,外資及陸資,90213,409238901,89959,407964891,254,1274009,37294,169365596,50232,227992008,-12938,-58626412
2024/06/19,臺股期貨,自營商,25982,119764504,28213,129973822,-2231,-10209318,2006,9269974,9870,45659896,-7864,-36389922
2024/06/19,臺股期貨,投信,894,4121052,514,2378211,380,1742842,19636,90855772,6298,29140846,13338,61714926
2024/06/19,臺股期貨,外資及陸資,93440,430138493,89248,410839423,4192,19299070,31922,147701561,43518,201340125,-11596,-53638564
2024/06/20,臺股期貨,自營商,7062,32788013,6766,31413055,296,1374958,2393,11183606,9913,46342602,-7520,-35158996
2024/06/20,臺股期貨,投信,674,3141904,82,382891,592,2759013,20104,93994242,6174,28865920,13930,65128322
2024/06/20,臺股期貨,外資及陸資,53461,248149380,58393,271074082,-4932,-22924702,33023,154393858,49551,231662220,-16528,-77268362
2024/06/21,臺股期貨,自營商,9932,46052324,9292,43091826,640,2960497,2277,10568120,9288,43109230,-7011,-32541110
2024/06/21,臺股期貨,投信,81,375982,788,3659082,-707,-3283099,19453,90289154,6230,28915922,13223,61373232
2024/06/21,臺股期貨,外資及陸資,81307,377050959,83263,386153171,-1956,-9102212,31601,146672112,51749,240185111,-20148,-93512999
2024/06/24,臺股期貨,自營商,14173,64856081,13333,60991525,840,3864556,2559,11644149,8727,39713446,-6168,-28069297
2024/06/24,臺股期貨,投信,413,1879845,654,2978695,-241,-1098849,19573,89072808,6591,29994323,12982,59078485
2024/06/24,臺股期貨,外資及陸資,99781,456950293,99386,455168625,395,1781668,29547,134461090,50694,230693309,-21147,-96232219
2024/06/25,臺股期貨,自營商,13498,61154433,11739,53201565,1759,7952867,3852,17523309,8309,37800380,-4457,-20277071
2024/06/25,臺股期貨,投信,470,2134007,87,395453,383,1738554,19950,90760530,6585,29957799,13365,60802731
2024/06/25,臺股期貨,外資及陸資,90288,409318449,92254,418182777,-1966,-8864328,29114,132449948,52227,237597411,-23113,-105147463
2024/06/26,臺股期貨,自營商,11409,52108684,12760,58320013,-1351,-6211328,3205,14662331,8818,40343011,-5613,-25680680
2024/06/26,臺股期貨,投信,770,3522380,35,159968,735,3362412,20597,94235394,6497,29725074,14100,64510320
2024/06/26,臺股期貨,外資及陸資,76531,349312785,77944,355843994,-1413,-6531208,28735,131465975,54387,248826867,-25652,-117360892
2024/06/27,臺股期貨,自營商,8722,39666436,8468,38514147,254,1152289,3393,15470068,8648,39429503,-5255,-23959435
2024/06/27,臺股期貨,投信,245,1117150,153,697366,92,419784,20693,94347664,6501,29640659,14192,64707005
2024/06/27,臺股期貨,外資及陸資,71101,323183152,69830,317420661,1271,5762491,28227,128696363,52629,239954911,-24402,-111258548
2024/06/28,臺股期貨,自營商,10299,47253136,10442,47927718,-143,-674582,3835,17625825,9225,42397581,-5390,-24771756
2024/06/28,臺股期貨,投信,1144,5260403,10,45962,1134,5214442,21735,99894060,6409,29455764,15326,70438296
2024/06/28,臺股期貨,外資及陸資,76208,349540485,78315,359194885,-2107,-9654400,29422,135220983,55931,257057630,-26509,-121836647
2024/07/01,臺股期貨,自營商,9090,41876903,9572,44104224,-482,-2227321,3660,16833228,9475,43575158,-5815,-26741930
2024/07/01,臺股期貨,投信,784,3604820,25,114963,759,3489858,22494,103440908,6409,29472427,16085,73968481
2024/07/01,臺股期貨,外資及陸資,66608,306751858,66014,304064881,594,2686978,30864,141932698,56808,261241114,-25944,-119308416
2024/07/02,臺股期貨,自營商,11568,52886656,11816,54015844,-248,-1129188,3855,17610883,9959,45490071,-6104,-27879188
2024/07/02,臺股期貨,投信,368,1680406,332,1515323,36,165083,22652,103451684,6531,29827077,16121,73624607
2024/07/02,臺股期貨,外資及陸資,76871,351566880,75881,347044108,990,4522772,30164,137762377,55139,251827873,-24975,-114065496
2024/07/03,臺股期貨,自營商,10291,47408620,11298,52064490,-1007,-4655870,3905,18105929,11014,51068667,-7109,-32962738
2024/07/03,臺股期貨,投信,1649,7639305,5,23160,1644,7616145,24097,111728150,6332,29358951,17765,82369199
2024/07/03,臺股期貨,外資及陸資,61512,283075330,61997,285290862,-485,-2215532,29317,135928681,54777,253977730,-25460,-118049049
2024/07/04,臺股期貨,自營商,9454,44413870,10084,47398539,-630,-2984669,3797,17939308,11542,54529391,-7745,-36590083
2024/07/04,臺股期貨,投信,1172,5520308,248,1170248,924,4350060,24702,116697188,6013,28406615,18689,88290573
2024/07/04,臺股期貨,外資及陸資,63424,297694487,64545,302984022,-1121,-5289535,29853,141030617,55479,262095319,-25626,-121064702
2024/07/05,臺股期貨,自營商,6389,30166852,5364,25324915,1025,4841938,4195,19780109,10925,51509461,-6730,-31729352
2024/07/05,臺股期貨,投信,516,2431819,46,216811,470,2215008,25173,118670557,6014,28351199,19159,90319358
2024/07/05,臺股期貨,外資及陸資,37938,179166868,40810,192751413,-2872,-13584545,27560,129924929,56058,264274278,-28498,-134349349
2024/07/08,臺股期貨,自營商,11363,54014310,11442,54414985,-79,-400675,4936,23605572,11742,56154013,-6806,-32548441
2024/07/08,臺股期貨,投信,851,4067745,147,703578,704,3364167,25670,122748782,5807,27767898,19863,94980884
2024/07/08,臺股期貨,外資及陸資,73354,348262671,73572,349283143,-218,-1020472,28109,134411543,57541,275152343,-29432,-140740800
2024/07/09,臺股期貨,自營商,15756,75205455,14350,68511884,1406,6693571,6255,29879989,11749,56124998,-5494,-26245009
2024/07/09,臺股期貨,投信,1702,8126294,135,648141,1567,7478153,27226,130036821,5796,27682855,21430,102353966
2024/07/09,臺股期貨,外資及陸資,85034,406103204,90387,431653450,-5353,-25550247,24335,116231266,59120,282374685,-34785,-166143419
2024/07/10,臺股期貨,自營商,10737,51242541,12187,58180017,-1450,-6937476,5306,25470494,12195,58545085,-6889,-33074591
2024/07/10,臺股期貨,投信,613,2939182,76,364549,537,2574633,27760,133259064,5793,27808501,21967,105450563
2024/07/10,臺股期貨,外資及陸資,71193,339652183,69469,331401292,1724,8250891,24821,119146910,58449,280575972,-33628,-161429062
2024/07/11,臺股期貨,自營商,11395,55276573,11483,55721769,-88,-445196,4590,22371643,11645,56763384,-7055,-34391741
2024/07/11,臺股期貨,投信,861,4193029,147,715727,714,3477302,28304,137958913,5623,27407497,22681,110551416
2024/07/11,臺股期貨,外資及陸資,68614,332687050,70235,340543419,-1621,-7856368,23678,115406475,58927,287217268,-35249,-171810793
2024/07/12,臺股期貨,自營商,16661,80017898,14630,70231937,2031,9785961,6937,33045794,11921,56790870,-4984,-23745076
2024/07/12,臺股期貨,投信,3928,18759325,3719,17751462,209,1007863,28809,137213868,5919,28191240,22890,109022628
2024/07/12,臺股期貨,外資及陸資,109565,526443821,113148,543745047,-3583,-17301225,24467,116539123,64796,308623928,-40329,-192084805
2024/07/15,臺股期貨,自營商,18130,86728593,18951,90677460,-821,-3948867,5911,28201880,11736,55997723,-5825,-27795843
2024/07/15,臺股期貨,投信,14947,71334418,17042,81321338,-2095,-9986920,26713,127435747,5918,28232107,20795,99203640
2024/07/15,臺股期貨,外資及陸資,122577,586525335,118466,566881320,4111,19644015,24346,116146613,60564,288923909,-36218,-172777296
2024/07/16,臺股期貨,自營商,20522,98389089,20701,99280844,-179,-891754,6002,28807804,12031,57749858,-6029,-28942054
2024/07/16,臺股期貨,投信,13869,66560136,13448,64546627,421,2013509,27054,129837530,5838,28017730,21216,101819800
2024/07/16,臺股期貨,外資及陸資,111908,536311728,112840,540850273,-932,-4538545,24334,116784664,61468,294995883,-37134,-178211219
2024/07/17,臺股期貨,自營商,24610,117490686,21306,101808698,3304,15681988,5769,27443099,7643,36363373,-1874,-8920274
2024/07/17,臺股期貨,投信,306,1455669,619,2951945,-313,-1496276,26862,127750300,5959,28339812,20903,99410488
2024/07/17,臺股期貨,外資及陸資,95190,454801508,99826,476835847,-4636,-22034339,18890,89844515,53732,255551729,-34842,-165707214
2024/07/18,臺股期貨,自營商,11834,55283484,11374,53147145,460,2136339,7618,35640126,9045,42324682,-1427,-6684556
2024/07/18,臺股期貨,投信,764,3577429,149,697440,615,2879989,27606,129124304,6088,28476011,21518,100648293
2024/07/18,臺股期貨,外資及陸資,103487,483752955,109511,511850037,-6024,-28097082,18237,85308870,61270,286596731,-43033,-201287861
2024/07/19,臺股期貨,自營商,14799,68302300,14592,67381548,207,920752,8015,36731684,9168,42021788,-1153,-5290104
2024/07/19,臺股期貨,投信,334,1530675,272,1246900,62,283776,27901,127825641,6321,28959029,21580,98866612
2024/07/19,臺股期貨,外資及陸資,145968,674961380,140172,647951840,5796,27009540,18832,86285824,56069,256892395,-37237,-170606571
2024/07/22,臺股期貨,自營商,18277,82359553,17894,80592275,383,1767278,10425,46662524,11175,50023444,-750,-3360920
2024/07/22,臺股期貨,投信,579,2592665,462,2069016,117,523648,28235,126345978,6538,29256242,21697,97089736
2024/07/22,臺股期貨,外資及陸資,137916,623135943,140918,636868223,-3002,-13732280,17956,80357516,58195,260428471,-40239,-180070955
2024/07/23,臺股期貨,自營商,10157,46118346,11726,53224466,-1569,-7106120,8027,36668773,10369,47371300,-2342,-10702527
2024/07/23,臺股期貨,投信,1008,4603646,235,1073424,773,3530222,28590,130570530,6120,27950040,22470,102620490
2024/07/23,臺股期貨,外資及陸資,78720,356910374,72846,330290069,5874,26620305,20659,94357573,53484,244274304,-32825,-149916731
2024/07/26,臺股期貨,自營商,14635,64985818,13763,61139652,872,3846166,8964,39627965,10405,46003544,-1441,-6375579
2024/07/26,臺股期貨,投信,813,3593894,431,1905638,382,1688256,29366,129774227,6514,28786669,22852,100987558
2024/07/26,臺股期貨,外資及陸資,88282,393861698,92868,414292560,-4586,-20430863,18517,81841444,55928,247177558,-37411,-165336114
2024/07/29,臺股期貨,自營商,9518,42456344,10126,45176585,-608,-2720241,8386,37339784,10433,46460220,-2047,-9120436
2024/07/29,臺股期貨,投信,277,1233062,335,1491484,-58,-258421,29165,129819248,6371,28358595,22794,101460653
2024/07/29,臺股期貨,外資及陸資,80322,358107158,79250,353358030,1072,4749128,18143,80766713,54440,242338855,-36297,-161572142
2024/07/30,臺股期貨,自營商,13899,61277208,13855,61104878,44,172331,8737,38896049,10788,48032816,-2051,-9136767
2024/07/30,臺股期貨,投信,467,2077025,325,1436882,142,640143,29249,130169750,6313,28095375,22936,102074375
2024/07/30,臺股期貨,外資及陸資,88805,391449428,91541,403673533,-2736,-12224106,18307,81482531,57340,255202957,-39033,-173720426
2024/07/31,臺股期貨,自營商,12349,54660159,12937,57293326,-588,-2633167,7614,33945155,10313,45984714,-2699,-12039559
2024/07/31,臺股期貨,投信,164,730073,151,672378,13,57695,29258,130397054,6309,28117951,22949,102279103
2024/07/31,臺股期貨,外資及陸資,95626,423017020,93722,414743123,1904,8273897,19315,86090628,56444,251573655,-37129,-165483027
2024/08/01,臺股期貨,自營商,9717,43861663,9359,42266396,358,1595266,7351,33321617,9859,44696766,-2508,-11375149
2024/08/01,臺股期貨,投信,1874,8489285,87,393873,1787,8095412,30787,139526684,6051,27423132,24736,112103552
2024/08/01,臺股期貨,外資及陸資,83125,375097271,87550,395078423,-4425,-19981152,19247,87233252,60589,274600781,-41342,-187367529
2024/08/02,臺股期貨,自營商,18134,79697971,15603,68475472,2531,11222498,9234,39761215,9362,40325885,-128,-564670
2024/08/02,臺股期貨,投信,274,1183340,1094,4727447,-820,-3544107,30550,131523860,6634,28560697,23916,102963163
2024/08/02,臺股期貨,外資及陸資,117004,515754714,118002,520553199,-998,-4798485,18688,80460576,63788,274630781,-45100,-194170205
2024/08/05,臺股期貨,自營商,24318,98687803,22235,89888455,2083,8799348,8385,32504461,6718,26049979,1667,6454482
2024/08/05,臺股期貨,投信,742,2879203,1359,5314713,-617,-2435510,31151,120703895,7852,30424930,23299,90278965
2024/08/05,臺股期貨,外資及陸資,173448,710174278,169433,693811208,4015,16363070,18818,72920854,58264,225774044,-39446,-152853190
2024/08/06,臺股期貨,自營商,18815,75501722,21900,87961699,-3085,-12459977,7438,30412304,8576,35073941,-1138,-4661637
2024/08/06,臺股期貨,投信,2557,10480167,616,2455319,1941,8024848,33294,136205754,8054,32948914,25240,103256840
2024/08/06,臺股期貨,外資及陸資,187824,752132634,185445,743332664,2379,8799970,21454,87748608,56979,233061169,-35525,-145312561
2024/08/07,臺股期貨,自營商,16778,69906798,17947,74802634,-1169,-4895836,5879,24855598,8210,34712983,-2331,-9857385
2024/08/07,臺股期貨,投信,1842,7800333,243,1030043,1599,6770289,34251,144826928,7412,31340901,26839,113486027
2024/08/07,臺股期貨,外資及陸資,149124,616984810,147935,612388601,1189,4596210,24475,103485499,56407,238503115,-31932,-135017616
2024/08/08,臺股期貨,自營商,12033,50346868,11147,46705234,886,3641634,6174,25549894,7518,31118513,-1344,-5568619
2024/08/08,臺股期貨,投信,237,983227,368,1524895,-131,-541668,34459,142646476,7751,32085984,26708,110560492
2024/08/08,臺股期貨,外資及陸資,122580,514369058,122432,513823843,148,545216,24700,102236769,56509,233901203,-31809,-131664434
2024/08/09,臺股期貨,自營商,12905,54962619,13772,58661258,-867,-3698639,6125,26288729,8264,35496471,-2139,-9207742
2024/08/09,臺股期貨,投信,1642,7052497,376,1611133,1266,5441364,35696,153371434,7722,33178213,27974,120193221
2024/08/09,臺股期貨,外資及陸資,125415,532630484,125612,533492093,-197,-861609,25921,111347616,57927,248815257,-32006,-137467641
2024/08/12,臺股期貨,自營商,10312,44699289,10252,44471928,60,227361,6097,26412624,7858,34055541,-1761,-7642917
2024/08/12,臺股期貨,投信,896,3885587,865,3756664,31,128923,36161,156765167,8155,35353332,28006,121411835
2024/08/12,臺股期貨,外資及陸資,93987,406743679,96693,418605770,-2706,-11862091,23616,102360740,58328,252807828,-34712,-150447088
2024/08/13,臺股期貨,自營商,7652,33281799,8498,36986797,-846,-3704999,5782,25159329,8250,35910868,-2468,-10751539
2024/08/13,臺股期貨,投信,696,3029951,254,1105175,442,1924776,36123,157286716,7675,33418283,28448,123868433
2024/08/13,臺股期貨,外資及陸資,69301,301581654,70469,306716229,-1168,-5134576,23221,101086277,59115,257343954,-35894,-156257677
2024/08/14,臺股期貨,自營商,12120,53274545,11963,52622339,157,652206,7025,30874512,9342,41083854,-2317,-10209342
2024/08/14,臺股期貨,投信,727,3197544,725,3189743,2,7801,36725,161560454,8275,36403122,28450,125157332
2024/08/14,臺股期貨,外資及陸資,72405,317997348,69684,306064030,2721,11933318,25718,113108140,58927,259144843,-33209,-146036703
2024/08/15,臺股期貨,自營商,9975,43814747,9175,40323945,800,3490802,7157,31230153,8421,36768759,-1264,-5538606
2024/08/15,臺股期貨,投信,212,927537,1742,7636322,-1530,-6708784,35495,155040458,8575,37455158,26920,117585300
2024/08/15,臺股期貨,外資及陸資,76197,334709355,76140,334569019,57,140336,26406,115304291,59558,260052867,-33152,-144748576
2024/08/16,臺股期貨,自營商,10959,48815058,12126,53966191,-1167,-5151132,6465,28898070,8259,36924902,-1794,-8026832
2024/08/16,臺股期貨,投信,4911,21941604,4356,19485707,555,2455897,35337,158033869,7862,35166152,27475,122867717
2024/08/16,臺股期貨,外資及陸資,83016,369497045,84816,377570914,-1800,-8073869,26696,119361127,61648,275643572,-34952,-156282445
2024/08/19,臺股期貨,自營商,11738,52498877,11011,49277974,727,3220903,7669,34257654,8466,37834155,-797,-3576501
2024/08/19,臺股期貨,投信,21208,94926534,21111,94586411,97,340123,35132,156946287,7560,33773432,27572,123172855
2024/08/19,臺股期貨,外資及陸資,99995,447275725,99698,445872290,297,1403435,27959,124932418,62614,279724133,-34655,-154791715
2024/08/20,臺股期貨,自營商,15395,69119426,14972,67181784,423,1937642,6572,29467392,6748,30241655,-176,-774263
2024/08/20,臺股期貨,投信,16801,75332845,16924,75957571,-123,-624727,35378,158523038,7929,35527068,27449,122995970
2024/08/20,臺股期貨,外資及陸資,77743,349029761,78726,353423304,-983,-4393543,26344,118092251,61982,277805322,-35638,-159713071
2024/08/21,臺股期貨,自營商,14274,63609690,13121,58482415,1153,5127275,4825,21424638,6197,27516777,-1372,-6092139
2024/08/21,臺股期貨,投信,1265,5624516,2178,9684042,-913,-4059526,35021,155507248,8485,37676794,26536,117830454
2024/08/21,臺股期貨,外資及陸資,60616,270259550,62894,280389115,-2278,-10129565,19282,85619789,56283,249918990,-37001,-164299201
2024/08/22,臺股期貨,自營商,6664,29510661,6060,26839647,604,2671014,5217,23058249,5997,26505322,-780,-3447073
2024/08/22,臺股期貨,投信,294,1299455,734,3243539,-440,-1944085,35053,154934260,8957,39589930,26096,115344330
2024/08/22,臺股期貨,外資及陸資,64301,284793973,60389,267547322,3912,17246652,21587,95414401,54677,241672062,-33090,-146257661
2024/08/23,臺股期貨,自營商,8318,36638930,7221,31818150,1097,4820781,6271,27745466,5889,26053831,382,1691635
2024/08/23,臺股期貨,投信,206,911207,99,437252,107,473955,35062,155135325,8859,39197527,26203,115937798
2024/08/23,臺股期貨,外資及陸資,73404,323328406,75174,331272794,-1770,-7944388,19671,87036067,54531,241277394,-34860,-154241327
2024/08/26,臺股期貨,自營商,8703,38801532,9085,40517488,-382,-1715955,6034,26801191,6016,26718995,18,82196
2024/08/26,臺股期貨,投信,940,4174820,351,1558628,589,2616192,35940,159645480,9148,40635406,26792,119010074
2024/08/26,臺股期貨,外資及陸資,76949,342995500,78329,349213601,-1380,-6218101,20892,92801809,57881,257106751,-36989,-164304942
2024/08/27,臺股期貨,自營商,7214,31895067,6294,27845859,920,4049208,6771,29996805,5843,25883490,928,4113315
2024/08/27,臺股期貨,投信,556,2463972,1069,4735590,-513,-2271618,34902,154629821,8623,38203321,26279,116426500
2024/08/27,臺股期貨,外資及陸資,53689,237493171,54202,239775596,-513,-2282425,19479,86299007,56981,252448009,-37502,-166149002
2024/08/28,臺股期貨,自營商,9522,42281125,10429,46366477,-907,-4085352,5814,26050276,5887,26375234,-73,-324958
2024/08/28,臺股期貨,投信,616,2758439,0,0,616,2758439,35315,158246515,8420,37730014,26895,120516501
2024/08/28,臺股期貨,外資及陸資,63276,281010260,63027,279964458,249,1045802,19696,88257339,56939,255142866,-37243,-166885527
2024/08/29,臺股期貨,自營商,7803,34618581,7593,33699588,210,918994,6254,27725402,6126,27157032,128,568370
2024/08/29,臺股期貨,投信,229,1015327,1408,6239938,-1179,-5224611,33940,150469596,8224,36460278,25716,114009318
2024/08/29,臺股期貨,外資及陸資,75960,337593567,75688,336455284,272,1138283,18526,82132900,55497,246039987,-36971,-163907087
2024/08/30,臺股期貨,自營商,5479,24446989,6314,28185513,-835,-3738525,5504,24566126,6190,27626595,-686,-3060469
2024/08/30,臺股期貨,投信,186,830092,101,450486,85,379606,33911,151365140,8110,36199792,25801,115165348
2024/08/30,臺股期貨,外資及陸資,65400,291977999,67983,303504733,-2583,-11526734,19235,85857039,58789,262410037,-39554,-176552998
2024/09/02,臺股期貨,自營商,6930,30863401,6178,27516505,752,3346896,6149,27315773,6049,26871396,100,444377
2024/09/02,臺股期貨,投信,0,0,654,2905787,-654,-2905787,33326,148047422,8179,36334384,25147,111713038
2024/09/02,臺股期貨,外資及陸資,64355,286609307,64496,287305606,-141,-696299,20011,88896554,60463,268600506,-40452,-179703952
2024/09/03,臺股期貨,自營商,6743,29888702,6556,29069472,187,819230,6111,26949474,5771,25448440,340,1501034
2024/09/03,臺股期貨,投信,258,1139278,1326,5852501,-1068,-4713223,32023,141227835,7944,35034633,24079,106193202
2024/09/03,臺股期貨,外資及陸資,46923,208078035,43714,193893875,3209,14184160,20736,91450159,57979,255698755,-37243,-164248596
2024/09/04,臺股期貨,自營商,17303,73782793,16286,69429277,1017,4353517,5874,24600944,4671,19564606,1203,5036338
2024/09/04,臺股期貨,投信,240,1006469,1893,7946346,-1653,-6939877,31222,130757736,8796,36837664,22426,93920072
2024/09/04,臺股期貨,外資及陸資,125714,537052116,119486,510561970,6228,26490147,18873,79042156,49790,208522119,-30917,-129479963
2024/09/05,臺股期貨,自營商,8581,36461946,9503,40374150,-922,-3912205,4244,17980516,4273,18104347,-29,-123831
2024/09/05,臺股期貨,投信,203,860216,149,629166,54,231050,31225,132287835,8745,37049081,22480,95238754
2024/09/05,臺股期貨,外資及陸資,88569,376218965,84722,359875907,3847,16343058,21179,89728735,46848,198478044,-25669,-108749309
2024/09/06,臺股期貨,自營商,8537,36306333,8694,37023941,-157,-717608,4474,19073192,4769,20330792,-295,-1257600
2024/09/06,臺股期貨,投信,834,3555745,173,737503,661,2818243,32025,136528980,8884,37874263,23141,98654717
2024/09/06,臺股期貨,外資及陸資,84204,358500171,87221,371361477,-3017,-12861306,19885,84772938,47416,202142885,-27531,-117369947
2024/09/09,臺股期貨,自營商,13246,55601062,11754,49368888,1492,6232174,5568,23477208,4400,18552000,1168,4925208
2024/09/09,臺股期貨,投信,492,2075569,328,1384444,164,691125,32120,135437089,8815,37169321,23305,98267768
2024/09/09,臺股期貨,外資及陸資,117414,492754797,117922,495218445,-508,-2463649,18504,78022810,46601,196495997,-28097,-118473187
2024/09/10,臺股期貨,自營商,9239,39038045,10011,42294452,-772,-3256407,5799,24360720,5368,22550358,431,1810362
2024/09/10,臺股期貨,投信,740,3109166,45,189396,695,2919770,32506,136557623,8506,35733698,24000,100823925
2024/09/10,臺股期貨,外資及陸資,82603,349206176,81412,344268514,1191,4937662,17832,74910814,44797,188189592,-26965,-113278778
2024/09/11,臺股期貨,自營商,9972,41931264,9973,41955628,-1,-24364,6042,25384461,5620,23610999,422,1773462
2024/09/11,臺股期貨,投信,442,1857010,88,369440,354,1487570,32713,137433978,8359,35117837,24354,102316141
2024/09/11,臺股期貨,外資及陸資,78281,329113035,78906,331791476,-625,-2678441,17981,75543059,45708,192030758,-27727,-116487699
2024/09/12,臺股期貨,自營商,13152,56508524,13031,55960397,121,548127,6065,26327593,5506,23901537,559,2426056
2024/09/12,臺股期貨,投信,2151,9336742,1899,8240412,252,1096331,32785,142309813,8179,35501767,24606,106808046
2024/09/12,臺股期貨,外資及陸資,108080,462593934,110865,474674728,-2785,-12080794,21256,92275720,51626,224103449,-30370,-131827729
2024/09/13,臺股期貨,自營商,8281,36005633,7833,34063830,448,1941803,6421,28020301,5403,23577410,1018,4442891
2024/09/13,臺股期貨,投信,15462,67257963,15371,66839160,91,418802,32814,143200532,8117,35423188,24697,107777344
2024/09/13,臺股期貨,外資及陸資,87514,380324758,88951,386609975,-1437,-6285216,23199,101243524,54979,239926258,-31780,-138682734
2024/09/16,臺股期貨,自營商,9621,41987320,9875,43103353,-254,-1116033,5659,24700034,5281,23051045,378,1648989
2024/09/16,臺股期貨,投信,22660,98950493,22955,100185314,-295,-1234821,32393,141452020,7991,34894749,24402,106557271
2024/09/16,臺股期貨,外資及陸資,77495,338208306,77970,340338553,-475,-2130246,23854,104127827,56130,245046554,-32276,-140918727
2024/09/18,臺股期貨,自營商,16687,72512024,14489,62997626,2198,9514397,3850,16704825,3436,14909217,414,1795608
2024/09/18,臺股期貨,投信,1197,5204574,768,3341383,429,1863191,32809,142351689,7978,34614946,24831,107736743
2024/09/18,臺股期貨,外資及陸資,59691,259470217,61023,265273209,-1332,-5802992,16733,72601193,47210,204834946,-30477,-132233753
2024/09/19,臺股期貨,自營商,6740,29465956,7746,33924081,-1006,-4458125,3650,16114376,4251,18767495,-601,-2653119
2024/09/19,臺股期貨,投信,1491,6581738,74,321591,1417,6260147,33661,148613315,7413,32728395,26248,115884920
2024/09/19,臺股期貨,外資及陸資,76483,333755673,76306,333149386,177,606287,19102,84335437,49366,217951099,-30264,-133615662
2024/09/20,臺股期貨,自營商,6467,28812431,7522,33526515,-1055,-4714084,3343,14853525,5026,22330878,-1683,-7477353
2024/09/20,臺股期貨,投信,610,2714159,1291,5740096,-681,-3025937,32717,145368174,7150,31768880,25567,113599294
2024/09/20,臺股期貨,外資及陸資,60685,270286168,61579,274260908,-894,-3974741,21336,94800334,53281,236738683,-31945,-141938349
2024/09/23,臺股期貨,自營商,5962,26561607,6054,26990787,-92,-429180,3762,16807648,5569,24880229,-1807,-8072581
2024/09/23,臺股期貨,投信,337,1506364,380,1698018,-43,-191654,32610,145688436,7086,31657414,25524,114031022
2024/09/23,臺股期貨,外資及陸資,45135,200939012,48969,218030806,-3834,-17091794,19303,86238532,55165,246456470,-35862,-160217938
2024/09/24,臺股期貨,自營商,8760,39092322,8733,39013576,27,78746,3534,15898061,5344,24039345,-1810,-8141284
2024/09/24,臺股期貨,投信,598,2688490,841,3783571,-243,-1095080,32005,143977693,6724,30248586,25281,113729107
2024/09/24,臺股期貨,外資及陸資,57169,255052023,53167,237233934,4002,17818089,20374,91656344,52123,234482228,-31749,-142825884
2024/09/25,臺股期貨,自營商,9398,42794908,9500,43265543,-102,-470635,3697,16853455,5639,25705554,-1942,-8852099
2024/09/25,臺股期貨,投信,392,1787749,156,711099,236,1076650,32020,145959968,6503,29643275,25517,116316693
2024/09/25,臺股期貨,外資及陸資,59379,270130603,61928,281753415,-2549,-11622811,21780,99284747,56070,255592413,-34290,-156307666
2024/09/26,臺股期貨,自營商,6461,29673451,5960,27381234,501,2292217,4288,19689801,5820,26723536,-1532,-7033735
2024/09/26,臺股期貨,投信,389,1786418,274,1257590,115,528828,31924,146575854,6292,28889089,25632,117686765
2024/09/26,臺股期貨,外資及陸資,55902,256606224,58611,269039060,-2709,-12432836,21230,97480011,58311,267734636,-37081,-170254625
2024/09/27,臺股期貨,自營商,7801,36043189,7829,36199457,-28,-156268,4353,19932459,5761,26377066,-1408,-6444607
2024/09/27,臺股期貨,投信,50,228970,398,1822727,-348,-1593757,31526,144338638,6242,28578373,25284,115760265
2024/09/27,臺股期貨,外資及陸資,78490,363123167,77609,359024878,881,4098289,24136,110508715,60373,276418281,-36237,-165909566
2024/09/30,臺股期貨,自營商,9739,44099882,9395,42522339,344,1577544,4702,20999999,5526,24677660,-824,-3677661
2024/09/30,臺股期貨,投信,133,594813,686,3065198,-553,-2470385,31315,139827738,6584,29398877,24731,110428861
2024/09/30,臺股期貨,外資及陸資,83806,380223548,83324,378176158,482,2047389,22229,99261681,59431,265382046,-37202,-166120365
2024/10/01,臺股期貨,自營商,6236,27820351,6049,27010080,187,810271,4879,21852022,5638,25250201,-759,-3398179
2024/10/01,臺股期貨,投信,260,1164252,101,451458,159,712794,31556,141314079,6666,29851681,24890,111462398
2024/10/01,臺股期貨,外資及陸資,64563,287826201,66060,294513958,-1497,-6687757,21752,97412920,61231,274211573,-39479,-176798653
2024/10/04,臺股期貨,自營商,10661,47468901,11085,49407110,-424,-1938209,4371,19487514,5502,24528604,-1131,-5041090
2024/10/04,臺股期貨,投信,181,807809,440,1962145,-259,-1154336,31397,139955267,6766,30160122,24631,109795145
2024/10/04,臺股期貨,外資及陸資,86271,383612257,83879,373019043,2392,10593214,22503,100315842,59503,265251440,-37000,-164935598
2024/10/07,臺股期貨,自營商,9653,43683172,8788,39761582,865,3921589,5420,24684619,5773,26292172,-353,-1607553
2024/10/07,臺股期貨,投信,750,3413277,106,476968,644,2936310,31762,144625128,6487,29537906,25275,115087222
2024/10/07,臺股期貨,外資及陸資,72375,326784821,77357,349334777,-4982,-22549956,21579,98269055,63725,290182965,-42146,-191913910
2024/10/08,臺股期貨,自營商,8977,40491586,8653,39050379,324,1441206,5228,23615221,5220,23579808,8,35413
2024/10/08,臺股期貨,投信,164,741874,31,139979,133,601895,31884,143975534,6476,29243026,25408,114732508
2024/10/08,臺股期貨,外資及陸資,63921,288511438,62865,283751824,1056,4759614,19156,86516018,60246,272070965,-41090,-185554947
2024/10/09,臺股期貨,自營商,8227,37438832,8955,40753644,-728,-3314812,4737,21513073,5357,24327397,-620,-2814324
2024/10/09,臺股期貨,投信,342,1553177,228,1034308,114,518869,31862,144647360,6340,28782332,25522,115865028
2024/10/09,臺股期貨,外資及陸資,55930,254341210,55521,252479403,409,1861807,20073,91143773,60523,274787203,-40450,-183643430
2024/10/11,臺股期貨,自營商,8400,38458928,8435,38627048,-35,-168120,4949,22688990,5642,25870097,-693,-3181107
2024/10/11,臺股期貨,投信,737,3386289,697,3196951,40,189339,31732,145407708,6170,28272174,25562,117135534
2024/10/11,臺股期貨,外資及陸資,61523,281207869,62991,287980938,-1468,-6773069,23024,105569775,64873,297329084,-41849,-191759309
2024/10/14,臺股期貨,自營商,9853,45265577,10599,48723615,-746,-3458038,4249,19568423,5600,25797407,-1351,-6228984
2024/10/14,臺股期貨,投信,19546,90072510,19576,90061703,-30,10807,31574,145464986,6042,27837777,25532,117627209
2024/10/14,臺股期貨,外資及陸資,84195,386873226,81417,374271491,2778,12601735,24855,114527707,63926,294429398,-39071,-179901691
2024/10/15,臺股期貨,自營商,11016,51226182,11767,54768209,-751,-3542027,4294,19975068,6558,30513984,-2264,-10538916
2024/10/15,臺股期貨,投信,14771,69017910,14707,68613933,64,403977,31465,146517184,5869,27335454,25596,119181730
2024/10/15,臺股期貨,外資及陸資,74351,345788316,74429,346186555,-78,-398239,26468,123197441,65517,304884892,-39049,-181687451
2024/10/16,臺股期貨,自營商,19422,89536104,17680,81497004,1742,8039100,3490,16100638,4962,22891516,-1472,-6790878
2024/10/16,臺股期貨,投信,521,2412278,1269,5866048,-748,-3453771,28686,132305569,6046,27885361,22640,104420208
2024/10/16,臺股期貨,外資及陸資,80622,371619982,82366,379703151,-1744,-8083169,21018,96939904,53335,245996614,-32317,-149056710
2024/10/17,臺股期貨,自營商,5362,24822528,6014,27857481,-652,-3034953,3636,16916877,5855,27238207,-2219,-10321330
2024/10/17,臺股期貨,投信,632,2939623,131,607709,501,2331914,29078,135247594,5937,27614174,23141,107633420
2024/10/17,臺股期貨,外資及陸資,55615,257468780,57536,266360898,-1921,-8892117,17962,83545749,52378,243627850,-34416,-160082101
2024/10/18,臺股期貨,自營商,8764,41570742,10907,51733199,-2143,-10162456,3987,18868924,8363,39574943,-4376,-20706019
2024/10/18,臺股期貨,投信,595,2813434,179,848735,416,1964698,29339,138814545,5782,27356955,23557,111457590
2024/10/18,臺股期貨,外資及陸資,91110,432320896,85313,404790772,5797,27530124,22163,104862874,50922,240938475,-28759,-136075601
2024/10/21,臺股期貨,自營商,5856,27756632,4517,21436712,1339,6319921,4824,22749207,7924,37367074,-3100,-14617867
2024/10/21,臺股期貨,投信,263,1247605,996,4696250,-733,-3448645,28568,134692406,5744,27081811,22824,107610595
2024/10/21,臺股期貨,外資及陸資,45545,216248828,50089,237809606,-4544,-21560778,19482,91854366,53061,250179025,-33579,-158324659
2024/10/22,臺股期貨,自營商,7852,36922000,6900,32467133,952,4454867,5436,25687510,7578,35810616,-2142,-10123106
2024/10/22,臺股期貨,投信,325,1533101,182,857011,143,676090,28732,135735714,5765,27235013,22967,108500701
2024/10/22,臺股期貨,外資及陸資,58692,276104911,58844,276848462,-152,-743551,17230,81398916,52135,246305995,-34905,-164907079
2024/10/23,臺股期貨,自營商,7552,35424272,6307,29587314,1245,5836958,6106,28594575,7000,32784025,-894,-4189450
2024/10/23,臺股期貨,投信,250,1170667,682,3194090,-432,-2023423,28289,132443440,5754,26939077,22535,105504363
2024/10/23,臺股期貨,外資及陸資,51811,243339055,52623,247160111,-812,-3821056,16406,76810857,52501,245810831,-36095,-168999974
2024/10/24,臺股期貨,自營商,7526,35101065,6977,32547276,549,2553788,6714,31283636,7092,33048504,-378,-1764868
2024/10/24,臺股期貨,投信,0,0,475,2212436,-475,-2212436,27953,130205074,5893,27449594,22060,102755480
2024/10/24,臺股期貨,外資及陸資,65637,306203395,65119,303792030,518,2411365,15510,72246899,51021,237668871,-35511,-165421972
2024/10/25,臺股期貨,自營商,4639,21671394,4932,23044713,-293,-1373319,6286,29524109,6955,32667793,-669,-3143684
2024/10/25,臺股期貨,投信,386,1808390,43,201641,343,1606749,28197,132390554,5794,27203989,22403,105186565
2024/10/25,臺股期貨,外資及陸資,45837,214031108,47911,223735773,-2074,-9704664,15950,74889704,53442,250933431,-37492,-176043727
2024/10/28,臺股期貨,自營商,7747,36342761,7361,34519335,386,1823426,6841,31919607,7084,33054827,-243,-1135220
2024/10/28,臺股期貨,投信,183,854714,286,1334141,-103,-479428,28137,131242223,5837,27226103,22300,104016120
2024/10/28,臺股期貨,外資及陸資,63714,299035367,64919,304793994,-1205,-5758627,14951,69738919,55293,257924608,-40342,-188185689
2024/10/29,臺股期貨,自營商,11725,53763195,10757,49357804,968,4405391,7913,36377191,7172,32973062,741,3404129
2024/10/29,臺股期貨,投信,661,3035326,306,1406947,355,1628378,28785,132290103,6130,28172254,22655,104117849
2024/10/29,臺股期貨,外資及陸資,76941,353679971,77695,357157753,-754,-3477782,14455,66433555,55329,254295804,-40874,-187862249
2024/10/30,臺股期貨,自營商,5950,27383502,7057,32478992,-1107,-5095490,6996,32056049,7393,33875173,-397,-1819124
2024/10/30,臺股期貨,投信,810,3720167,646,2965644,164,754523,28952,132608067,6133,28090367,22819,104517700
2024/10/30,臺股期貨,外資及陸資,55633,255970544,53813,247644348,1820,8326196,15606,71480225,54381,249096958,-38775,-177616733
2024/11/01,臺股期貨,自營商,8385,37889665,8085,36615011,300,1274653,6778,30882988,6890,31385665,-112,-502677
2024/11/01,臺股期貨,投信,937,4260283,74,335485,863,3924798,29781,135609416,6099,27771187,23682,107838229
2024/11/01,臺股期貨,外資及陸資,73662,333782768,74328,336711245,-666,-2928477,14375,65457906,53651,244333356,-39276,-178875450
2024/11/04,臺股期貨,自營商,5597,25619417,6052,27711006,-455,-2091589,6649,30636813,7164,33013338,-515,-2376525
2024/11/04,臺股期貨,投信,827,3805192,26,118780,801,3686412,30423,140164846,5940,27366768,24483,112798078
2024/11/04,臺股期貨,外資及陸資,56783,259817873,56722,259593727,61,224147,14602,67274342,53719,247496040,-39117,-180221698
2024/11/05,臺股期貨,自營商,7337,33748502,7278,33507349,59,241153,6758,31281887,7227,33451399,-469,-2169512
2024/11/05,臺股期貨,投信,987,4565824,318,1469788,669,3096035,31330,144977934,6178,28588077,25152,116389857
2024/11/05,臺股期貨,外資及陸資,58849,270653359,60594,278707244,-1745,-8053885,13110,60666151,54416,251819620,-41306,-191153469
2024/11/06,臺股期貨,自營商,9942,46224546,8556,39803068,1386,6421478,7722,36024609,6864,32022990,858,4001619
2024/11/06,臺股期貨,投信,585,2727229,202,942031,383,1785198,31831,148455045,6296,29363285,25535,119091760
2024/11/06,臺股期貨,外資及陸資,73933,343612621,77185,358749508,-3252,-15136886,12109,56475005,56734,264613226,-44625,-208138221
2024/11/07,臺股期貨,自營商,7255,33871287,7362,34387840,-107,-516553,7683,36162164,6977,32838251,706,3323913
2024/11/07,臺股期貨,投信,479,2250841,314,1477204,165,773637,31814,149686904,6114,28766370,25700,120920534
2024/11/07,臺股期貨,外資及陸資,76754,357749502,78214,364648103,-1460,-6898600,12193,57369703,58139,273566213,-45946,-216196510
2024/11/08,臺股期貨,自營商,6115,28952129,6795,32162362,-680,-3210233,6838,32524950,6949,33049899,-111,-524949
2024/11/08,臺股期貨,投信,149,708272,469,2226650,-320,-1518378,31398,149292702,6018,28614386,25380,120678316
2024/11/08,臺股期貨,外資及陸資,53427,252762242,52124,246592958,1303,6169285,13436,63886595,56264,267541721,-42828,-203655126
2024/11/11,臺股期貨,自營商,9631,45301031,7327,34489419,2304,10811612,8806,41529246,6556,30918753,2250,10610493
2024/11/11,臺股期貨,投信,300,1414269,102,479253,198,935016,31617,149057219,6039,28470262,25578,120586957
2024/11/11,臺股期貨,外資及陸資,61405,289096703,67137,316075161,-5732,-26978458,10275,48442251,61973,292190541,-51698,-243748290
2024/11/12,臺股期貨,自營商,11422,52853157,10991,50820253,431,2032904,8355,38241749,5686,26028345,2669,12213404
2024/11/12,臺股期貨,投信,443,2030280,764,3500191,-321,-1469911,31348,143420219,6091,27866325,25257,115553894
2024/11/12,臺股期貨,外資及陸資,71877,332711526,69555,321964986,2322,10746540,10642,48691074,60147,275211703,-49505,-226520629
2024/11/13,臺股期貨,自營商,9555,43672514,10315,47156556,-760,-3484042,7581,34563277,5741,26174412,1840,8388865
2024/11/13,臺股期貨,投信,345,1574376,7,31929,338,1542448,31551,143787077,5956,27142683,25595,116644394
2024/11/13,臺股期貨,外資及陸資,73472,335650653,69059,315542302,4413,20108351,12477,56864210,57271,261030627,-44794,-204166417
2024/11/14,臺股期貨,自營商,11137,50717098,10262,46745377,875,3971720,8288,37628664,5529,25105948,2759,12522716
2024/11/14,臺股期貨,投信,764,3471279,215,976508,549,2494771,32111,145736260,5967,27080633,26144,118655627
2024/11/14,臺股期貨,外資及陸資,77549,353465336,79946,364459358,-2397,-10994022,11433,51892207,58681,266354169,-47248,-214461962
2024/11/15,臺股期貨,自營商,6533,29785119,7828,35707514,-1295,-5922395,6754,30765336,5289,24092914,1465,6672422
2024/11/15,臺股期貨,投信,2119,9675160,2267,10338901,-148,-663741,31926,145357238,5930,26996110,25996,118361128
2024/11/15,臺股期貨,外資及陸資,65317,297745299,63416,289099830,1901,8645469,14280,65025876,59464,270777703,-45184,-205751827
2024/11/18,臺股期貨,自營商,11143,50452050,11173,50595673,-30,-143623,6647,30028518,5060,22871181,1587,7157337
2024/11/18,臺股期貨,投信,19216,86984111,18765,84856298,451,2127813,32550,147081557,6103,27576747,26447,119504810
2024/11/18,臺股期貨,外資及陸資,89921,407099228,91285,413373027,-1364,-6273799,14451,65293941,61034,275761600,-46583,-210467659
2024/11/19,臺股期貨,自營商,13283,60418359,16553,75311126,-3270,-14892767,4159,19025737,5950,27236693,-1791,-8210956
2024/11/19,臺股期貨,投信,16997,77798494,16424,75089955,573,2708539,32961,150928212,5941,27203463,27020,123724749
2024/11/19,臺股期貨,外資及陸資,88169,400520599,85050,386590796,3119,13929803,17897,81904707,59266,271270796,-41369,-189366089
2024/11/20,臺股期貨,自營商,17870,81527144,14924,68106779,2946,13420364,4424,20161810,5437,24782113,-1013,-4620303
2024/11/20,臺股期貨,投信,402,1833520,718,3273885,-316,-1440364,32730,149111334,6026,27453251,26704,121658083
2024/11/20,臺股期貨,外資及陸資,63038,287598186,69264,316065108,-6226,-28466922,12239,55758662,54124,246582950,-41885,-190824288
2024/11/21,臺股期貨,自營商,6190,28012524,6412,29023307,-222,-1010783,4403,19886466,5675,25635560,-1272,-5749094
2024/11/21,臺股期貨,投信,733,3312882,593,2680417,140,632465,32949,148764735,6105,27564075,26844,121200660
2024/11/21,臺股期貨,外資及陸資,60354,273305657,59832,270913663,522,2391994,11141,50302089,54848,247642514,-43707,-197340425
2024/11/22,臺股期貨,自營商,7395,33758933,9172,41904797,-1777,-8145864,3704,17069176,6973,32130817,-3269,-15061641
2024/11/22,臺股期貨,投信,507,2334211,430,1979081,77,355129,32900,151550560,5979,27541666,26921,124008894
2024/11/22,臺股期貨,外資及陸資,80639,367160181,77033,350778100,3606,16382081,12771,58828740,50973,234805759,-38202,-175977019
2024/11/25,臺股期貨,自營商,5819,26898837,5353,24769316,466,2129521,4306,19869339,7050,32529137,-2744,-12659798
2024/11/25,臺股期貨,投信,143,659587,382,1763740,-239,-1104153,32661,150645596,5979,27577540,26682,123068056
2024/11/25,臺股期貨,外資及陸資,49832,230252178,56378,260507713,-6546,-30255536,12115,55879784,58458,269637348,-46343,-213757564
2024/11/26,臺股期貨,自營商,7995,36407030,6624,30184281,1371,6222749,4672,21158247,6067,27478230,-1395,-6319983
2024/11/26,臺股期貨,投信,116,527813,981,4450779,-865,-3922966,31976,144748957,6159,27880561,25817,116868396
2024/11/26,臺股期貨,外資及陸資,56883,259383389,57343,261512273,-460,-2128883,11634,52665694,60096,272050443,-48462,-219384749
2024/11/27,臺股期貨,自營商,8354,37674975,7861,35442551,493,2232425,5046,22567369,5765,25785939,-719,-3218570
2024/11/27,臺股期貨,投信,294,1317748,375,1678648,-81,-360900,32025,143164560,6289,28114346,25736,115050214
2024/11/27,臺股期貨,外資及陸資,55947,252513428,52729,238098473,3218,14414955,12975,58004929,58313,260693251,-45338,-202688322
2024/11/28,臺股期貨,自營商,7319,32608283,7736,34490959,-417,-1882676,4926,22010523,5899,26359859,-973,-4349336
2024/11/28,臺股期貨,投信,1369,6107390,124,553188,1245,5554202,33293,148686538,6312,28189392,26981,120497146
2024/11/28,臺股期貨,外資及陸資,63329,282154529,65340,291187893,-2011,-9033364,12212,54540786,59472,265613826,-47260,-211073040
2024/11/29,臺股期貨,自營商,6580,29254483,6291,28029083,289,1225401,5169,23072115,5882,26256295,-713,-3184180
2024/11/29,臺股期貨,投信,359,1599921,188,839276,171,760645,33503,149470284,6351,28334351,27152,121135933
2024/11/29,臺股期貨,外資及陸資,51468,229072783,49237,219095980,2231,9976803,12597,56202633,57456,256346974,-44859,-200144341
2024/12/02,臺股期貨,自營商,5741,25922743,7339,33182450,-1598,-7259707,4821,22016651,7147,32635119,-2326,-10618468
2024/12/02,臺股期貨,投信,862,3932009,431,1964476,431,1967533,33681,153733556,6098,27833711,27583,125899845
2024/12/02,臺股期貨,外資及陸資,56146,253138342,51166,230715390,4980,22422952,15865,72416517,53374,243632310,-37509,-171215793
2024/12/03,臺股期貨,自營商,7071,32611636,7982,36810491,-911,-4198855,4330,20026942,7554,34928354,-3224,-14901412
2024/12/03,臺股期貨,投信,861,3977484,288,1330308,573,2647176,33985,157085467,5829,26942804,28156,130142663
2024/12/03,臺股期貨,外資及陸資,48854,225102889,50382,232137603,-1528,-7034714,14441,66753107,53276,246267183,-38835,-179514076
2024/12/04,臺股期貨,自營商,8029,37165813,6821,31570964,1208,5594849,4611,21489379,6622,30853486,-2011,-9364107
2024/12/04,臺股期貨,投信,172,800769,672,3119608,-500,-2318840,33393,155517880,5737,26718356,27656,128799524
2024/12/04,臺股期貨,外資及陸資,47736,220611727,48546,224415292,-810,-3803565,13991,65163666,52778,245815366,-38787,-180651700
2024/12/05,臺股期貨,自營商,4842,22540325,4365,20327030,477,2213295,4733,22026596,6283,29232616,-1550,-7206020
2024/12/05,臺股期貨,投信,177,824109,494,2298101,-317,-1473992,33089,153877086,5750,26739800,27339,127137286
2024/12/05,臺股期貨,外資及陸資,39081,181946844,38502,179258318,579,2688526,14579,67804103,52787,245503221,-38208,-177699118
2024/12/06,臺股期貨,自營商,4656,21659383,4930,22947119,-274,-1287736,4622,21444470,6440,29870579,-1818,-8426109
2024/12/06,臺股期貨,投信,95,441000,625,2899072,-530,-2458072,32563,150962068,5754,26675544,26809,124286524
2024/12/06,臺股期貨,外資及陸資,43837,204095506,41812,194693167,2025,9402340,15880,73625788,52063,241388295,-36183,-167762507
2024/12/09,臺股期貨,自營商,4113,19112940,3941,18316129,172,796811,4970,23131496,6636,30875350,-1666,-7743854
2024/12/09,臺股期貨,投信,46,213933,383,1779644,-337,-1565711,32232,149878800,5760,26784000,26472,123094800
2024/12/09,臺股期貨,外資及陸資,38983,181170416,40469,188077176,-1486,-6906760,15082,70140715,52660,244900583,-37578,-174759868
2024/12/10,臺股期貨,自營商,8319,38612421,7523,34961865,796,3650556,6029,27852769,6913,31932254,-884,-4079485
2024/12/10,臺股期貨,投信,235,1084932,610,2816149,-375,-1731216,31951,147473036,5854,27019722,26097,120453314
2024/12/10,臺股期貨,外資及陸資,55457,257678970,54924,255130608,533,2548362,18172,83889400,55562,256493531,-37390,-172604131
2024/12/11,臺股期貨,自營商,8875,40715206,7688,35291533,1187,5423673,7099,32468053,6848,31316883,251,1151170
2024/12/11,臺股期貨,投信,316,1445730,474,2168604,-158,-722874,31808,145343475,5869,26818053,25939,118525422
2024/12/11,臺股期貨,外資及陸資,47540,218311508,49825,228806351,-2285,-10494843,19117,87369629,59085,270035418,-39968,-182665789
2024/12/12,臺股期貨,自營商,6218,28699290,6682,30848058,-464,-2148768,6724,31108128,6928,32045352,-204,-937224
2024/12/12,臺股期貨,投信,571,2639113,239,1104496,332,1534617,32098,148338727,5827,26929551,26271,121409176
2024/12/12,臺股期貨,外資及陸資,46792,215734234,46324,213587792,468,2146442,20878,96509665,60293,278701095,-39415,-182191430
2024/12/13,臺股期貨,自營商,8244,37931183,7879,36248064,365,1683118,7839,36078327,7670,35287185,169,791142
2024/12/13,臺股期貨,投信,235,1082014,255,1173171,-20,-91157,32036,147265182,5785,26592801,26251,120672381
2024/12/13,臺股期貨,外資及陸資,56506,259866429,58186,267616469,-1680,-7750040,19380,89129076,61541,282992038,-42161,-193862962
2024/12/16,臺股期貨,自營商,11967,55294424,12515,57855825,-548,-2561401,6335,29142601,6780,31184237,-445,-2041636
2024/12/16,臺股期貨,投信,21255,98148635,21271,98080117,-16,68518,32019,147243556,5784,26598624,26235,120644932
2024/12/16,臺股期貨,外資及陸資,89116,411680485,88061,406981729,1055,4698757,18780,86355710,59850,275207743,-41070,-188852033
2024/12/17,臺股期貨,自營商,10375,47940387,11549,53384985,-1174,-5444598,5341,24646434,7098,32765710,-1757,-8119276
2024/12/17,臺股期貨,投信,15664,72471496,15580,71972861,84,498635,32052,148043101,5729,26462816,26323,121580285
2024/12/17,臺股期貨,外資及陸資,76096,351622292,75041,346856304,1055,4765988,22263,102730862,62025,286278359,-39762,-183547497
2024/12/18,臺股期貨,自營商,13040,60054008,13971,64391997,-931,-4337989,3537,16403930,5340,24767276,-1803,-8363346
2024/12/18,臺股期貨,投信,1204,5560498,1204,5544333,0,16165,32052,148586662,5729,26558498,26323,122028164
2024/12/18,臺股期貨,外資及陸資,65144,299943616,63427,292112414,1717,7831203,16620,77047273,51338,237994243,-34718,-160946970
2024/12/19,臺股期貨,自營商,7777,35701644,6891,31622051,886,4079593,4832,22092410,5755,26318660,-923,-4226250
2024/12/19,臺股期貨,投信,172,786520,1421,6495097,-1249,-5708577,30892,141188797,5818,26590587,25074,114598210
2024/12/19,臺股期貨,外資及陸資,64790,297522229,66503,305603996,-1713,-8081767,13025,59529875,51628,235962100,-38603,-176432225
2024/12/20,臺股期貨,自營商,6921,31473714,7082,32210612,-161,-736898,4695,21260016,5765,26113595,-1070,-4853579
2024/12/20,臺股期貨,投信,749,3392058,491,2226589,258,1165469,31455,142371621,6123,27713923,25332,114657698
2024/12/20,臺股期貨,外資及陸資,62677,285528739,60637,276268245,2040,9260495,11760,53228734,48323,218721602,-36563,-165492868
2024/12/23,臺股期貨,自營商,6743,30991873,9713,44656781,-2970,-13664908,3172,14746873,7400,34398169,-4228,-19651296
2024/12/23,臺股期貨,投信,669,3106840,82,379769,587,2727071,31798,147752587,5879,27317361,25919,120435226
2024/12/23,臺股期貨,外資及陸資,65601,300564476,63028,288823604,2573,11740871,13465,62566797,46411,215654447,-32946,-153087650
2024/12/24,臺股期貨,自營商,6220,28960977,4935,22993438,1285,5967539,3540,16436560,6499,30174859,-2959,-13738299
2024/12/24,臺股期貨,投信,489,2271176,661,3066557,-172,-795382,31601,146634960,5854,27163731,25747,119471229
2024/12/24,臺股期貨,外資及陸資,43426,202168537,46043,214363432,-2617,-12194895,12255,56865845,48305,224147004,-36050,-167281159
2024/12/25,臺股期貨,自營商,5251,24474785,4865,22679363,386,1795423,3455,16128124,6037,28180828,-2582,-12052704
2024/12/25,臺股期貨,投信,401,1870703,301,1404063,100,466640,31632,147569606,5785,26988182,25847,120581424
2024/12/25,臺股期貨,外資及陸資,22322,104018339,23145,107849118,-823,-3830779,12625,58898718,49498,230920138,-36873,-172021420
2024/12/26,臺股期貨,自營商,2583,12055300,2116,9878352,467,2176948,3724,17384245,5861,27361680,-2137,-9977435
2024/12/26,臺股期貨,投信,307,1431756,256,1193950,51,237806,31684,147812197,5786,26992847,25898,120819350
2024/12/26,臺股期貨,外資及陸資,14618,68212745,16274,75942253,-1656,-7729508,12820,59808582,51503,240274121,-38683,-180465539
2024/12/27,臺股期貨,自營商,3493,16268958,4295,20011238,-802,-3742279,3070,14362830,5988,28008845,-2918,-13646015
2024/12/27,臺股期貨,投信,244,1140271,99,462686,145,677585,31807,148678641,5764,26943242,26043,121735399
2024/12/27,臺股期貨,外資及陸資,35025,163090549,32966,153523866,2059,9566683,13611,63624353,50076,234078011,-36465,-170453658
2024/12/30,臺股期貨,自營商,4887,22707047,3801,17664273,1086,5042774,3705,17184023,5524,25622129,-1819,-8438106
2024/12/30,臺股期貨,投信,22,101973,397,1839963,-375,-1737990,31519,146065350,5851,27114704,25668,118950646
2024/12/30,臺股期貨,外資及陸資,39394,182981004,41725,193848224,-2331,-10867220,12554,58178836,51807,240088174,-39253,-181909338
2024/12/31,臺股期貨,自營商,6831,31462786,5913,27262639,918,4200146,4516,20828860,5404,24930904,-888,-4102044
2024/12/31,臺股期貨,投信,367,1692768,541,2492769,-174,-800001,31352,144495098,5858,26998350,25494,117496748
2024/12/31,臺股期貨,外資及陸資,43674,201208345,45000,207284011,-1326,-6075665,10700,49317033,52464,241802508,-41764,-192485475
2025/01/02,臺股期貨,自營商,11870,54326275,10063,46060116,1807,8266158,6301,28809032,5365,24539798,936,4269234
2025/01/02,臺股期貨,投信,222,1012369,265,1210788,-43,-198418,31482,143828665,6031,27553227,25451,116275438
2025/01/02,臺股期貨,外資及陸資,53954,247269702,55016,252113746,-1062,-4844043,9023,41227315,52279,238858361,-43256,-197631046
2025/01/03,臺股期貨,自營商,7072,32496382,8779,40333622,-1707,-7837240,5069,23320118,5829,26811410,-760,-3491292
2025/01/03,臺股期貨,投信,260,1194939,35,161395,225,1033544,31595,145191663,5919,27200173,25676,117991490
2025/01/03,臺股期貨,外資及陸資,60097,275760992,57188,262405622,2909,13355370,9809,45082603,49783,228792830,-39974,-183710227
2025/01/06,臺股期貨,自營商,8007,37433140,10190,47670476,-2183,-10237336,3769,17819557,6686,31584476,-2917,-13764919
2025/01/06,臺股期貨,投信,880,4144692,38,178465,842,3966227,31853,150384384,5335,25187602,26518,125196782
2025/01/06,臺股期貨,外資及陸資,55329,258198837,51375,239680019,3954,18518818,15770,74464784,48632,229621317,-32862,-155156533
2025/01/07,臺股期貨,自營商,8691,41406223,9125,43511063,-434,-2104841,3644,17333617,7002,33271533,-3358,-15937916
2025/01/07,臺股期貨,投信,197,939628,912,4329461,-715,-3389833,31059,147480556,5256,24957590,25803,122522966
2025/01/07,臺股期貨,外資及陸資,57051,272065205,54535,260027780,2516,12037425,18069,85816364,48415,229919800,-30346,-144103436
2025/01/08,臺股期貨,自營商,10592,49994034,8590,40540991,2002,9453042,4990,23432397,6447,30262894,-1457,-6830497
2025/01/08,臺股期貨,投信,26,122166,484,2270178,-458,-2148013,30748,144201997,5403,25338989,25345,118863008
2025/01/08,臺股期貨,外資及陸資,53004,250333626,59294,280091900,-6290,-29758274,17576,82451777,55028,258105756,-37452,-175653979
2025/01/09,臺股期貨,自營商,8788,40925211,7585,35327532,1203,5597679,5623,26017430,5917,27377683,-294,-1360253
2025/01/09,臺股期貨,投信,68,315935,476,2201705,-408,-1885770,30444,140646241,5507,25441239,24937,115205002
2025/01/09,臺股期貨,外資及陸資,59239,276121880,61268,285594592,-2029,-9472712,16753,77437592,57753,266876557,-41000,-189438965
2025/01/10,臺股期貨,自營商,7205,33243244,7252,33468957,-47,-225714,5867,27103295,6271,28968457,-404,-1865162
2025/01/10,臺股期貨,投信,1069,4935716,759,3495844,310,1439872,30753,141832849,5506,25392041,25247,116440808
2025/01/10,臺股期貨,外資及陸資,46848,216170275,47796,220592144,-948,-4421869,15158,69976105,57106,263486739,-41948,-193510634
2025/01/13,臺股期貨,自營商,19728,89588662,18487,83926795,1241,5661868,7129,32230230,6247,28237861,882,3992369
2025/01/13,臺股期貨,投信,15525,70200917,14848,66994196,677,3206721,31640,142857590,5716,25823784,25924,117033806
2025/01/13,臺股期貨,外資及陸資,121016,549957078,122218,555721928,-1202,-5764850,15340,69337734,58699,265097103,-43359,-195759369
2025/01/14,臺股期貨,自營商,12933,58528073,12693,57457769,240,1070304,6889,31430684,5698,26002468,1191,5428216
2025/01/14,臺股期貨,投信,21634,98378346,21214,96242534,420,2135813,31998,146062244,5654,25808805,26344,120253439
2025/01/14,臺股期貨,外資及陸資,81449,367958184,80736,364999490,713,2958694,13324,60767585,55758,254351052,-42434,-193583467
2025/01/15,臺股期貨,自營商,13306,60268958,12430,56335493,876,3933465,6324,28494992,5167,23284323,1157,5210669
2025/01/15,臺股期貨,投信,460,2080610,546,2464206,-86,-383596,32008,144132024,5750,25892250,26258,118239774
2025/01/15,臺股期貨,外資及陸資,61620,279364158,62535,283506790,-915,-4142632,11383,51257895,50800,228771481,-39417,-177513586
2025/01/16,臺股期貨,自營商,7229,33291696,8859,40797342,-1630,-7505646,5678,26172989,6161,28396705,-483,-2223716
2025/01/16,臺股期貨,投信,852,3926815,2553,11791382,-1701,-7864567,30145,138878015,5588,25743916,24557,113134099
2025/01/16,臺股期貨,外資及陸資,61341,281880651,58516,268948798,2825,12931853,15832,72938916,52043,239774956,-36211,-166836040
2025/01/17,臺股期貨,自營商,8201,38070316,8778,40787785,-577,-2717469,5339,24773771,6398,29683301,-1059,-4909530
2025/01/17,臺股期貨,投信,131,607513,234,1083991,-103,-476478,30055,139383068,5601,25975198,24454,113407870
2025/01/17,臺股期貨,外資及陸資,75987,353512494,73140,340136842,2847,13375652,14223,65961427,46086,213740144,-31863,-147778717
2025/01/20,臺股期貨,自營商,6139,28644906,5128,23926847,1011,4718058,5565,25982781,5615,26216819,-50,-234038
2025/01/20,臺股期貨,投信,273,1274565,345,1610585,-72,-336019,29833,139278344,5451,25448539,24382,113829805
2025/01/20,臺股期貨,外資及陸資,40513,188961229,43371,202292089,-2858,-13330860,14167,66140498,48888,228237589,-34721,-162097091
2025/01/21,臺股期貨,自營商,5624,26231988,6177,28824933,-553,-2592944,4878,22789056,5601,26168729,-723,-3379673
2025/01/21,臺股期貨,投信,225,1051027,127,592486,98,458541,29858,139502548,5378,25127092,24480,114375456
2025/01/21,臺股期貨,外資及陸資,44760,208809447,43804,204357224,956,4452223,15049,70312890,48744,227736209,-33695,-157423319
2025/01/22,臺股期貨,自營商,7920,37387567,7919,37358519,1,29048,4831,22889281,5579,26434750,-748,-3545469
2025/01/22,臺股期貨,投信,291,1377690,263,1245418,28,132272,29747,140935337,5239,24821334,24508,116114003
2025/01/22,臺股期貨,外資及陸資,47124,222122282,46027,216949740,1097,5172543,17476,82800149,49602,235001607,-32126,-152201458
2025/02/03,臺股期貨,自營商,12786,58226247,10904,49648001,1882,8578246,6526,29495847,5613,25370687,913,4125160
2025/02/03,臺股期貨,投信,936,4233264,976,4418922,-40,-185658,30512,137889830,6044,27314045,24468,110575785
2025/02/03,臺股期貨,外資及陸資,58765,269541687,62293,285689917,-3528,-16148229,14961,67614689,51451,232520491,-36490,-164905802
2025/02/04,臺股期貨,自營商,7077,32290861,7778,35482223,-701,-3191362,6218,28389734,5999,27391541,219,998193
2025/02/04,臺股期貨,投信,643,2933083,436,1989936,207,943147,30681,140058765,6006,27417390,24675,112641375
2025/02/04,臺股期貨,外資及陸資,57984,264383397,55827,254594408,2157,9788989,14919,68108470,48984,223615973,-34065,-155507503
2025/02/05,臺股期貨,自營商,8718,40354850,9731,45023671,-1013,-4668821,5627,26043906,6485,30014110,-858,-3970204
2025/02/05,臺股期貨,投信,797,3693073,506,2342722,291,1350350,30503,141149582,5537,25621914,24966,115527668
2025/02/05,臺股期貨,外資及陸資,44638,206249749,43828,202542153,810,3707596,17410,80565790,49218,227754535,-31808,-147188745
2025/02/06,臺股期貨,自營商,4926,22924046,5409,25179674,-483,-2255628,5310,24745324,6632,30903731,-1322,-6158407
2025/02/06,臺股期貨,投信,149,694364,426,1984405,-277,-1290040,30182,140617938,5493,25591887,24689,115026051
2025/02/06,臺股期貨,外資及陸資,34826,161964793,34274,159408666,552,2556127,18422,85831492,49418,230242848,-30996,-144411356
2025/02/07,臺股期貨,自營商,4026,18821955,4995,23347635,-969,-4525681,4791,22454725,7059,33079595,-2268,-10624870
2025/02/07,臺股期貨,投信,166,777900,236,1105598,-70,-327698,30069,140891306,5450,25536520,24619,115354786
2025/02/07,臺股期貨,外資及陸資,30661,143150933,29699,138674963,962,4475970,19299,90430421,49161,230352149,-29862,-139921728
2025/02/10,臺股期貨,自營商,9612,44778276,7513,35013118,2099,9765158,6472,30083537,6642,30872278,-170,-788741
2025/02/10,臺股期貨,投信,191,886985,792,3682088,-601,-2795102,29654,137808069,5636,26191619,24018,111616450
2025/02/10,臺股期貨,外資及陸資,50897,237342076,51709,241106997,-812,-3764922,17762,82547054,48723,226430426,-30961,-143883372
2025/02/11,臺股期貨,自營商,6529,30540039,6410,29987614,119,552426,6660,31088594,6715,31342411,-55,-253817
2025/02/11,臺股期貨,投信,149,697341,374,1745428,-225,-1048087,29370,137064228,5577,26026744,23793,111037484
2025/02/11,臺股期貨,外資及陸資,34569,161684025,35192,164594328,-623,-2910304,18347,85625521,49686,231880441,-31339,-146254920
2025/02/12,臺股期貨,自營商,8209,38385999,8216,38440222,-7,-54223,6529,30446954,6581,30687698,-52,-240744
2025/02/12,臺股期貨,投信,1181,5510820,327,1525282,854,3985538,30225,140915595,5578,26005752,24647,114909843
2025/02/12,臺股期貨,外資及陸資,37500,175329481,37383,174796844,117,532637,19289,89933506,50503,235462929,-31214,-145529423
2025/02/13,臺股期貨,自營商,6969,32530312,7113,33207578,-144,-677266,5940,27807121,6143,28756157,-203,-949036
2025/02/13,臺股期貨,投信,213,997631,311,1455779,-98,-458149,30125,140992405,5576,26096795,24549,114895610
2025/02/13,臺股期貨,外資及陸資,45464,212113960,45903,214187761,-439,-2073801,20320,95108294,51784,242369292,-31464,-147260998
2025/02/14,臺股期貨,自營商,10518,48885552,9449,43902586,1069,4982966,8556,39682077,7616,35316343,940,4365734
2025/02/14,臺股期貨,投信,941,4361159,590,2735208,351,1625951,30534,141557612,5634,26119504,24900,115438108
2025/02/14,臺股期貨,外資及陸資,54064,251294534,57468,267161424,-3404,-15866890,20681,95893044,55988,259594419,-35307,-163701375
2025/02/17,臺股期貨,自營商,14767,69169330,17302,81028299,-2535,-11858969,4986,23440245,6366,29931050,-1380,-6490805
2025/02/17,臺股期貨,投信,19852,93191104,20686,97086802,-834,-3895698,29663,139503212,5597,26322186,24066,113181026
2025/02/17,臺股期貨,外資及陸資,81683,382010024,76325,357031327,5358,24978697,24347,114500239,53831,253144161,-29484,-138643922
2025/02/18,臺股期貨,自營商,9320,43943812,9162,43194564,158,749248,4945,23381303,6359,30072941,-1414,-6691638
2025/02/18,臺股期貨,投信,14323,67563930,14852,70037651,-529,-2473720,29102,137663933,5565,26324563,23537,111339370
2025/02/18,臺股期貨,外資及陸資,50433,237645398,49861,234998852,572,2646546,26481,125254374,55393,261999646,-28912,-136745272
2025/02/19,臺股期貨,自營商,11539,54511298,11750,55512156,-211,-1000858,2781,13125601,5330,25162997,-2549,-12037396
2025/02/19,臺股期貨,投信,249,1176549,814,3844282,-565,-2667733,28611,135101142,5639,26627358,22972,108473784
2025/02/19,臺股期貨,外資及陸資,48975,231403993,47213,223077597,1762,8326396,22762,107482344,47513,224343563,-24751,-116861219
2025/02/20,臺股期貨,自營商,6644,31216297,6156,28936204,488,2280093,3285,15458826,5352,25189385,-2067,-9730559
2025/02/20,臺股期貨,投信,1129,5314529,180,846812,949,4467717,29625,139450800,5704,26849869,23921,112600931
2025/02/20,臺股期貨,外資及陸資,38068,179021668,37599,176809853,469,2211815,22965,108100957,47498,223568470,-24533,-115467513
2025/02/21,臺股期貨,自營商,6312,29815115,7060,33382845,-748,-3567730,2771,13154362,5646,26805833,-2875,-13651471
2025/02/21,臺股期貨,投信,1057,5016788,338,1604686,719,3412102,30265,143716379,5625,26710875,24640,117005504
2025/02/21,臺股期貨,外資及陸資,39870,188275549,40870,192973846,-1000,-4698297,22973,109089698,48228,228999586,-25255,-119909888
2025/02/24,臺股期貨,自營商,7240,34100982,5760,27142222,1480,6958760,3974,18719572,5393,25405159,-1419,-6685587
2025/02/24,臺股期貨,投信,118,555742,1450,6826088,-1332,-6270346,29059,136902761,5751,27094111,23308,109808650
2025/02/24,臺股期貨,外資及陸資,39786,187576636,42833,201900151,-3047,-14323514,18917,89122215,50596,238353164,-31679,-149230949
2025/02/25,臺股期貨,自營商,9519,44351007,8772,40884854,747,3466153,4471,20830766,5190,24179284,-719,-3348518
2025/02/25,臺股期貨,投信,482,2245314,749,3489155,-267,-1243842,28893,134612487,5852,27264468,23041,107348019
2025/02/25,臺股期貨,外資及陸資,49740,231942345,51893,241992379,-2153,-10050034,17957,83662578,53289,248261612,-35332,-164599034
2025/02/26,臺股期貨,自營商,9363,43480479,9523,44277488,-160,-797009,4122,19305563,5132,24032013,-1010,-4726450
2025/02/26,臺股期貨,投信,679,3179540,188,880146,491,2299394,29275,137106535,5743,26896766,23532,110209769
2025/02/26,臺股期貨,外資及陸資,56133,260778809,55812,259230297,321,1548512,18945,88728331,53958,252696379,-35013,-163968048
2025/02/27,臺股期貨,自營商,8104,37755213,7483,34873063,621,2882150,4259,19754238,4744,22000932,-485,-2246694
2025/02/27,臺股期貨,投信,1397,6474416,171,793636,1226,5680780,30626,142037263,5868,27214610,24758,114822653
2025/02/27,臺股期貨,外資及陸資,55539,259169449,56952,265753851,-1413,-6584402,15670,72675571,52389,242962059,-36719,-170286488
2025/03/03,臺股期貨,自營商,14373,65503754,12319,56192484,2054,9311270,6299,28630450,4795,21794414,1504,6836036
2025/03/03,臺股期貨,投信,1745,7932236,195,885896,1550,7046340,32299,146792495,5991,27227897,26308,119564598
2025/03/03,臺股期貨,外資及陸資,68001,310877289,75472,344830066,-7471,-33952777,13402,60911158,59957,272487733,-46555,-211576575
2025/03/04,臺股期貨,自營商,14216,63915880,14936,67243556,-720,-3327676,6258,28273778,5071,22909435,1187,5364343
2025/03/04,臺股期貨,投信,968,4374031,133,596921,835,3777110,33062,149360891,5919,26739674,27143,122621217
2025/03/04,臺股期貨,外資及陸資,86613,389727538,84081,378387285,2532,11340253,14069,63560308,58092,262430915,-44023,-198870607
2025/03/05,臺股期貨,自營商,12002,54447152,13918,63238502,-1916,-8791350,5736,26266328,6480,29667115,-744,-3400787
2025/03/05,臺股期貨,投信,442,2023442,50,229059,392,1794382,33324,152570602,5789,26504358,27535,126066244
2025/03/05,臺股期貨,外資及陸資,80984,367053120,78186,354287795,2798,12765325,15016,68751506,55930,256064839,-40914,-187313333
2025/03/06,臺股期貨,自營商,9432,43062765,8511,38859569,921,4203196,6310,28723884,5974,27191220,336,1532664
2025/03/06,臺股期貨,投信,252,1147888,151,687246,101,460642,33485,152437114,5849,26626988,27636,125810126
2025/03/06,臺股期貨,外資及陸資,62356,284762574,61812,282327544,544,2435030,14238,64817718,54723,249104418,-40485,-184286700
2025/03/07,臺股期貨,自營商,8435,38080189,7891,35636959,544,2443231,6257,28184146,5179,23324251,1078,4859895
2025/03/07,臺股期貨,投信,52,234589,627,2826579,-575,-2591989,33065,148944599,6004,27045642,27061,121898957
2025/03/07,臺股期貨,外資及陸資,62102,280446698,62075,280318741,27,127957,14205,63988681,54663,246218945,-40458,-182230264
2025/03/10,臺股期貨,自營商,11120,49918259,9926,44569499,1194,5348761,6904,30992584,4810,21588431,2094,9404153
2025/03/10,臺股期貨,投信,313,1405808,115,516449,198,889359,33344,149687885,6085,27316798,27259,122371087
2025/03/10,臺股期貨,外資及陸資,73563,330329387,74552,334782994,-989,-4453607,13920,62490396,56546,253830419,-42626,-191340023
2025/03/11,臺股期貨,自營商,15064,66164130,13895,61122408,1169,5041722,7508,33073478,4496,19801729,3012,13271749
2025/03/11,臺股期貨,投信,1144,5041448,404,1778583,740,3262866,34420,151633871,6421,28287082,27999,123346789
2025/03/11,臺股期貨,外資及陸資,83183,366264995,86254,379709098,-3071,-13444103,13327,58711388,59024,260006979,-45697,-201295591
2025/03/12,臺股期貨,自營商,11400,50416511,12841,56899533,-1441,-6483022,7830,34806057,6235,27712111,1595,7093946
2025/03/12,臺股期貨,投信,1251,5557025,187,831302,1064,4725723,35628,158430373,6565,29193209,29063,129237164
2025/03/12,臺股期貨,外資及陸資,73955,326841041,71846,317438785,2109,9402256,13337,59304537,56746,252301744,-43409,-192997207
2025/03/13,臺股期貨,自營商,10329,45901354,10822,48126283,-493,-2224930,7161,31390563,6204,27191296,957,4199267
2025/03/13,臺股期貨,投信,1313,5799996,594,2610701,719,3189295,36603,160489421,6821,29907348,29782,130582073
2025/03/13,臺股期貨,外資及陸資,70563,314267026,68797,306457652,1766,7809373,15760,69100145,57492,252052565,-41732,-182952420
2025/03/14,臺股期貨,自營商,11109,48811946,10618,46666040,491,2145906,7133,31320469,5676,24919026,1457,6401443
2025/03/14,臺股期貨,投信,618,2713814,459,2014493,159,699321,36997,162505029,7056,30992668,29941,131512361
2025/03/14,臺股期貨,外資及陸資,72778,319830068,73044,320989847,-266,-1159779,16230,71282659,58107,255193858,-41877,-183911199
2025/03/17,臺股期貨,自營商,11361,50377655,12931,57352311,-1570,-6974656,6526,28910731,6727,29797519,-201,-886788
2025/03/17,臺股期貨,投信,19518,86649311,19186,85177141,332,1472170,37341,165461260,7068,31318991,30273,134142269
2025/03/17,臺股期貨,外資及陸資,87477,387908310,86557,383852587,920,4055723,18785,83238694,58347,258515395,-39562,-175276701
2025/03/18,臺股期貨,自營商,12209,54370385,13195,58767720,-986,-4397335,6811,30285845,7798,34672390,-987,-4386545
2025/03/18,臺股期貨,投信,21913,97486731,22102,98293227,-189,-806497,37083,165003741,6999,31141761,30084,133861980
2025/03/18,臺股期貨,外資及陸資,74427,331411241,74270,330727378,157,683863,21709,96573796,60909,270942345,-39200,-174368549
2025/03/19,臺股期貨,自營商,14441,63902405,12265,54307231,2176,9595174,4870,21444570,4530,19946465,340,1498105
2025/03/19,臺股期貨,投信,2575,11378897,3056,13494132,-481,-2115235,36504,160749014,6913,30442087,29591,130306927
2025/03/19,臺股期貨,外資及陸資,57741,255665190,58588,259380030,-847,-3714840,15254,67172607,51650,227429935,-36396,-160257328
2025/03/20,臺股期貨,自營商,6462,28777582,8209,36559088,-1747,-7781506,4034,18037146,5642,25225846,-1608,-7188700
2025/03/20,臺股期貨,投信,527,2357892,453,2026463,74,331429,36372,162691956,6707,30000411,29665,132691545
2025/03/20,臺股期貨,外資及陸資,51261,227917335,48468,215513422,2793,12403912,17545,78478858,50707,226786201,-33162,-148307343
2025/03/21,臺股期貨,自營商,6934,30861853,5700,25380937,1234,5480916,4546,20159776,4940,21904857,-394,-1745081
2025/03/21,臺股期貨,投信,74,328461,420,1863723,-346,-1535263,36134,160297651,6815,30232703,29319,130064948
2025/03/21,臺股期貨,外資及陸資,53584,238641620,55526,247261349,-1942,-8619728,14590,64724614,50178,222571670,-35588,-157847056
2025/03/24,臺股期貨,自營商,6690,29708908,6345,28186157,345,1522751,4534,20078978,4665,20657160,-131,-578182
2025/03/24,臺股期貨,投信,0,0,55,243669,-55,-243669,36083,159854907,6819,30209534,29264,129645373
2025/03/24,臺股期貨,外資及陸資,45621,202330188,46203,204918679,-582,-2588491,14104,62484504,50165,222212175,-36061,-159727671
2025/03/25,臺股期貨,自營商,6963,31071582,8479,37836764,-1516,-6765181,3718,16573536,5410,24117149,-1692,-7543613
2025/03/25,臺股期貨,投信,184,820758,24,107048,160,713710,36176,161352195,6752,30115270,29424,131236925
2025/03/25,臺股期貨,外資及陸資,45557,203238224,42861,191194578,2696,12043646,15641,69762765,47521,211921228,-31880,-142158463
2025/03/26,臺股期貨,自營商,7126,31819840,6425,28702400,701,3117441,3382,15076518,4474,19943964,-1092,-4867446
2025/03/26,臺股期貨,投信,16,71406,134,598039,-118,-526633,36059,160851987,6753,30123782,29306,130728205
2025/03/26,臺股期貨,外資及陸資,36665,163808573,37801,168861720,-1136,-5053147,15683,69959706,48699,217203584,-33016,-147243878
2025/03/27,臺股期貨,自營商,8175,35986383,8002,35218263,173,768120,4514,19826684,5473,24036977,-959,-4210293
2025/03/27,臺股期貨,投信,33,145053,275,1208662,-242,-1063609,36020,158279084,6956,30566055,29064,127713029
2025/03/27,臺股期貨,外資及陸資,50458,222409154,51545,227223744,-1087,-4814590,14125,62069551,50539,222046071,-36414,-159976520
2025/03/28,臺股期貨,自營商,10678,46298887,9884,42852700,794,3446186,5161,22284779,5326,22995244,-165,-710465
2025/03/28,臺股期貨,投信,457,1973872,645,2782107,-188,-808235,36354,157042009,7478,32303464,28876,124738545
2025/03/28,臺股期貨,外資及陸資,63800,277262076,64087,278528798,-287,-1266722,13875,59939812,50572,218429250,-36697,-158489438
2025/03/31,臺股期貨,自營商,14637,61445471,15339,64325248,-702,-2879777,4763,19768659,5738,23819152,-975,-4050493
2025/03/31,臺股期貨,投信,791,3285884,502,2087517,289,1198368,37126,154176853,7961,33060441,29165,121116412
2025/03/31,臺股期貨,外資及陸資,89257,376307053,83367,351584927,5890,24722126,18157,75404957,47470,197094951,-29313,-121689994
2025/04/01,臺股期貨,自營商,10622,44676753,10747,45274276,-125,-597523,4499,19049290,5726,24251224,-1227,-5201934
2025/04/01,臺股期貨,投信,1056,4477994,15,63567,1041,4414427,37940,160766956,7734,32772052,30206,127994904
2025/04/01,臺股期貨,外資及陸資,76794,322581800,77079,323647617,-285,-1065817,17363,73576004,46748,198045297,-29385,-124469293
2025/04/02,臺股期貨,自營商,9844,41844180,10230,43490052,-386,-1645872,4980,21198873,6571,27976002,-1591,-6777129
2025/04/02,臺股期貨,投信,29,123343,435,1852326,-406,-1728983,37531,159852035,7731,32927875,29800,126924160
2025/04/02,臺股期貨,外資及陸資,69877,296959911,66429,282297216,3448,14662695,19514,83117028,43799,186507788,-24285,-103390760
2025/04/07,臺股期貨,自營商,3754,15669647,4036,16757335,-282,-1087689,4603,17633143,6455,24733459,-1852,-7100316
2025/04/07,臺股期貨,投信,0,0,0,0,0,0,37531,143871335,7731,29636015,29800,114235320
2025/04/07,臺股期貨,外資及陸資,45852,195276895,46277,197490415,-425,-2213520,18576,71212423,43727,167586907,-25151,-96374484
2025/04/08,臺股期貨,自營商,23510,85929223,20747,75749095,2763,10180128,5590,20287997,4658,16907756,932,3380241
2025/04/08,臺股期貨,投信,2677,9789012,4821,17342986,-2144,-7553973,38117,138509483,10461,38013182,27656,100496301
2025/04/08,臺股期貨,外資及陸資,207161,755307972,211985,773798916,-4824,-18490944,18277,66411195,48354,175642777,-30077,-109231582
2025/04/09,臺股期貨,自營商,24998,89406894,23271,83049493,1727,6357401,6784,23291087,4426,15196079,2358,8095008
2025/04/09,臺股期貨,投信,818,2831949,1149,4031307,-331,-1199358,38173,131192954,10848,37282403,27325,93910551
2025/04/09,臺股期貨,外資及陸資,192271,693750300,190001,686101810,2270,7648490,19331,66435972,47202,162167189,-27871,-95731217
2025/04/10,臺股期貨,自營商,8439,30484558,9804,35314410,-1365,-4829852,6539,24698816,5543,20917661,996,3781155
2025/04/10,臺股期貨,投信,0,0,20,75596,-20,-75596,38153,144233601,10848,41009776,27305,103223825
2025/04/10,臺股期貨,外資及陸資,112967,397206739,109379,384281718,3588,12925020,23058,87138800,45708,172730236,-22650,-85591436
2025/04/11,臺股期貨,自營商,17100,65356996,19592,74945771,-2492,-9588775,5202,20298290,6679,26053401,-1477,-5755111
2025/04/11,臺股期貨,投信,6911,26691898,1585,6160376,5326,20531522,40309,157545388,7678,30010231,32631,127535157
2025/04/11,臺股期貨,外資及陸資,175483,668797728,178095,678887405,-2612,-10089676,24440,95466604,47988,187453981,-23548,-91987377
2025/04/14,臺股期貨,自營商,17810,69762163,17488,68583232,322,1178931,6752,26289113,7715,30024101,-963,-3734988
2025/04/14,臺股期貨,投信,21871,85596204,21569,84508106,302,1088098,41504,161760255,8571,33401245,32933,128359010
2025/04/14,臺股期貨,外資及陸資,158101,618066909,158328,618800810,-227,-733902,22815,88875634,46698,181899308,-23883,-93023674
2025/04/15,臺股期貨,自營商,12944,50906053,13671,53758561,-727,-2852507,6706,26508255,8264,32654660,-1558,-6146405
2025/04/15,臺股期貨,投信,25194,99482673,24448,96622412,746,2860261,42950,169898527,9271,36674444,33679,133224083
2025/04/15,臺股期貨,外資及陸資,97411,382492149,96132,377385051,1279,5107098,27727,109680698,50125,198214119,-22398,-88533421
2025/04/16,臺股期貨,自營商,15112,59159071,13946,54630408,1166,4528663,4663,18017076,3492,13472452,1171,4544624
2025/04/16,臺股期貨,投信,4517,17545196,4801,18663940,-284,-1118744,44921,173835286,11518,44572356,33403,129262930
2025/04/16,臺股期貨,外資及陸資,67741,265834782,68713,269742976,-972,-3908194,16129,62381031,44854,173497888,-28725,-111116857
2025/04/17,臺股期貨,自營商,7740,29825947,7914,30506027,-174,-680080,4595,17769370,3586,13847190,1009,3922180
2025/04/17,臺股期貨,投信,1213,4696232,61,235014,1152,4461219,46079,178482399,11524,44637062,34555,133845337
2025/04/17,臺股期貨,外資及陸資,79173,305259630,80259,309468248,-1086,-4208618,15129,58563043,44999,174217815,-29870,-115654772
2025/04/18,臺股期貨,自營商,5873,22771935,5868,22775021,5,-3087,4484,17308699,3475,13392906,1009,3915793
2025/04/18,臺股期貨,投信,154,595301,153,591338,1,3963,46229,178758297,11673,45137156,34556,133621141
2025/04/18,臺股期貨,外資及陸資,61305,237833716,60459,234481807,846,3351909,16261,62840005,45323,175172945,-29062,-112332940
2025/04/21,臺股期貨,自營商,4199,16077657,4623,17707306,-424,-1629650,4583,17475606,4009,15270282,574,2205324
2025/04/21,臺股期貨,投信,126,481026,816,3113747,-690,-2632721,45876,175237145,12010,45875798,33866,129361347
2025/04/21,臺股期貨,外資及陸資,33902,129829234,31353,120071635,2549,9757599,18650,71201495,45220,172648621,-26570,-101447126
2025/04/22,臺股期貨,自營商,7245,27377758,6627,25063868,618,2313890,5090,19107890,3816,14305389,1274,4802501
2025/04/22,臺股期貨,投信,684,2576699,4331,16294217,-3647,-13717518,41910,157606746,11691,43965175,30219,113641571
2025/04/22,臺股期貨,外資及陸資,58570,221484070,58004,219406843,566,2077227,20010,75209373,47141,177187768,-27131,-101978395
2025/04/23,臺股期貨,自營商,9013,34772727,9801,37814509,-788,-3041781,5169,20178015,4618,18015827,551,2162188
2025/04/23,臺股期貨,投信,3004,11750108,107,418002,2897,11332106,43496,170138954,10380,40602408,33116,129536546
2025/04/23,臺股期貨,外資及陸資,66333,254953937,67051,257900456,-718,-2946519,21290,83232340,49035,191696784,-27745,-108464444
2025/04/24,臺股期貨,自營商,6502,25447778,6330,24785480,172,662298,4998,19415050,4306,16714657,692,2700393
2025/04/24,臺股期貨,投信,835,3254340,678,2639226,157,615114,43225,168231700,9952,38733184,33273,129498516
2025/04/24,臺股期貨,外資及陸資,70216,275323389,69752,273480909,464,1842480,18921,73597799,46279,180014354,-27358,-106416555
2025/04/25,臺股期貨,自營商,6007,23811592,6851,27134766,-844,-3323174,4995,19812056,5129,20338507,-134,-526451
2025/04/25,臺股期貨,投信,1807,7188442,936,3721007,871,3467435,42775,170013515,8631,34304773,34144,135708742
2025/04/25,臺股期貨,外資及陸資,64632,255758407,63235,250258952,1397,5499455,20681,82154352,44379,176280975,-23698,-94126623
2025/04/28,臺股期貨,自營商,4946,19730971,4557,18178140,389,1552831,5153,20533579,4890,19479610,263,1053969
2025/04/28,臺股期貨,投信,488,1950386,626,2500170,-138,-549784,42526,169806318,8520,34020360,34006,135785958
2025/04/28,臺股期貨,外資及陸資,51909,206856448,52981,211161177,-1072,-4304728,19042,75989564,43812,174832838,-24770,-98843274
2025/04/29,臺股期貨,自營商,5831,23395971,5566,22323819,265,1072152,5481,22049939,4952,19914604,529,2135335
2025/04/29,臺股期貨,投信,533,2148274,103,414068,430,1734206,42764,172381684,8328,33570014,34436,138811670
2025/04/29,臺股期貨,外資及陸資,49437,198147086,50033,200533215,-596,-2386129,19183,77280368,44549,179468356,-25366,-102187988
2025/04/30,臺股期貨,自營商,6278,25295652,7142,28779700,-864,-3484048,4941,19872136,5224,21009195,-283,-1137059
2025/04/30,臺股期貨,投信,237,954949,307,1237446,-70,-282498,42969,173199445,8603,34676814,34366,138522631
2025/04/30,臺股期貨,外資及陸資,49837,200826849,47287,190554329,2550,10272521,18881,76058189,41611,167615118,-22730,-91556929
2025/05/02,臺股期貨,自營商,5643,23054982,6965,28472181,-1322,-5417199,4977,20531753,6582,27167585,-1605,-6635832
2025/05/02,臺股期貨,投信,1144,4732978,154,635386,990,4097592,43453,179738989,8097,33492233,35356,146246756
2025/05/02,臺股期貨,外資及陸資,65387,265866366,65720,267258706,-333,-1392341,20118,83162014,43031,177869167,-22913,-94707153
2025/05/05,臺股期貨,自營商,11156,45718331,9877,40524464,1279,5193867,5599,22802620,5938,24194185,-339,-1391565
2025/05/05,臺股期貨,投信,1641,6710160,1162,4741632,479,1968528,44767,182855288,8932,36483419,35835,146371869
2025/05/05,臺股期貨,外資及陸資,74275,305510359,77474,318606710,-3199,-13096350,17950,73260981,44109,180017517,-26159,-106756536
2025/05/06,臺股期貨,自營商,8777,35685666,7539,30645661,1238,5040005,6549,26560996,5607,22746292,942,3814704
2025/05/06,臺股期貨,投信,1386,5642257,832,3386617,554,2255639,45993,187145517,9604,39078259,36389,148067258
2025/05/06,臺股期貨,外資及陸資,62315,253392940,65502,266371348,-3187,-12978408,18527,75319728,49684,201979887,-31157,-126660159
2025/05/07,臺股期貨,自營商,8532,34738871,8586,34960541,-54,-221670,6160,25013475,5266,21390936,894,3622539
2025/05/07,臺股期貨,投信,1201,4897798,1177,4794451,24,103348,47116,192016546,10703,43618296,36413,148398250
2025/05/07,臺股期貨,外資及陸資,65157,265062126,64643,263037623,514,2024503,19556,79630943,50199,204387125,-30643,-124756182
2025/05/08,臺股期貨,自營商,6931,28444664,7844,32205768,-913,-3761104,6370,26115997,6398,26256059,-28,-140062
2025/05/08,臺股期貨,投信,1309,5387999,29,119175,1280,5268824,48222,198462161,10529,43332246,37693,155129915
2025/05/08,臺股期貨,外資及陸資,65519,268552519,64978,266329865,541,2222655,21531,88542523,51551,211957835,-30020,-123415312
2025/05/09,臺股期貨,自營商,6652,27512457,7574,31388848,-922,-3876391,6757,28058947,7725,32130483,-968,-4071536
2025/05/09,臺股期貨,投信,1489,6197558,10,41683,1479,6155874,49093,204668427,9921,41359779,39172,163308648
2025/05/09,臺股期貨,外資及陸資,59249,245230981,62568,258914057,-3319,-13683076,20668,86096228,53939,224658683,-33271,-138562455
2025/05/12,臺股期貨,自營商,6119,25665325,6203,26058906,-84,-393581,6867,28808191,7947,33412702,-1080,-4604511
2025/05/12,臺股期貨,投信,1996,8408102,319,1343499,1677,7064603,50802,214109349,9953,41947002,40849,172162347
2025/05/12,臺股期貨,外資及陸資,46068,193032557,49471,207354163,-3403,-14321607,20937,88164083,57684,242851806,-36747,-154687723
2025/05/13,臺股期貨,自營商,8121,34711256,9964,42576850,-1843,-7865594,6164,26197076,9116,38848602,-2952,-12651526
2025/05/13,臺股期貨,投信,1444,6166302,50,213453,1394,5952849,51991,222051825,9748,41633398,42243,180418427
2025/05/13,臺股期貨,外資及陸資,60508,258747030,60265,257712822,243,1034209,19749,84266526,56262,240020758,-36513,-155754232
2025/05/14,臺股期貨,自營商,9889,42800647,10625,45914073,-736,-3113426,5423,23503573,9123,39642593,-3700,-16139020
2025/05/14,臺股期貨,投信,1130,4911290,185,800591,945,4110699,52736,229627809,9548,41573636,43188,188054173
2025/05/14,臺股期貨,外資及陸資,52767,228027381,52756,228008471,11,18910,20967,91207122,57250,248998805,-36283,-157791683
2025/05/15,臺股期貨,自營商,5335,23199735,4945,21490318,390,1709417,4779,20644226,8106,35089552,-3327,-14445326
2025/05/15,臺股期貨,投信,840,3633857,972,4221229,-132,-587371,52652,228435743,9596,41635109,43056,186800634
2025/05/15,臺股期貨,外資及陸資,44352,193127178,45218,196898331,-866,-3771154,20419,88501311,57627,249751343,-37208,-161250032
2025/05/16,臺股期貨,自營商,6446,28041192,6288,27357105,158,684087,4644,20173616,7808,33987119,-3164,-13813503
2025/05/16,臺股期貨,投信,4724,20493332,4730,20637511,-6,-144179,52834,230464222,9784,42700122,43050,187764100
2025/05/16,臺股期貨,外資及陸資,50540,219863769,50548,219812366,-8,51404,20970,91367562,58177,253474781,-37207,-162107219
2025/05/19,臺股期貨,自營商,10776,46588988,10401,44922765,375,1666223,4797,20571757,7617,32707741,-2820,-12135984
2025/05/19,臺股期貨,投信,30006,129059769,30597,132021728,-591,-2961959,52569,225823923,10110,43446351,42459,182377572
2025/05/19,臺股期貨,外資及陸資,87647,379210048,88069,380698341,-422,-1488293,23408,100526568,61121,262335289,-37713,-161808721
2025/05/20,臺股期貨,自營商,10032,43311901,9978,43048249,54,263652,4254,18235171,7068,30340446,-2814,-12105275
2025/05/20,臺股期貨,投信,26936,115816173,26187,112887599,749,2928573,53323,228860942,10115,43411792,43208,185449150
2025/05/20,臺股期貨,外資及陸資,79159,341645533,79310,342087307,-151,-441774,31993,137474771,69837,299740627,-37844,-162265856
2025/05/21,臺股期貨,自營商,10978,47528281,12411,53746243,-1433,-6217963,2812,12147623,4283,18519036,-1471,-6371413
2025/05/21,臺股期貨,投信,2385,10334914,1507,6535572,878,3799342,55130,239076758,11031,47837035,44099,191239723
2025/05/21,臺股期貨,外資及陸資,50667,219149915,48364,209209382,2303,9940533,21562,93452316,60408,261816238,-38846,-168363922
2025/05/22,臺股期貨,自營商,5885,25309848,5360,23042708,525,2267140,3741,16039447,4706,20176397,-965,-4136950
2025/05/22,臺股期貨,投信,419,1801494,1396,5999806,-977,-4198312,54661,235031368,11539,49615392,43122,185415976
2025/05/22,臺股期貨,外資及陸資,44974,193645684,46640,200838111,-1666,-7192427,22266,95681198,62922,270391278,-40656,-174710080
2025/05/23,臺股期貨,自營商,5671,24350925,5354,22992054,317,1358871,4111,17600436,4769,20412533,-658,-2812097
2025/05/23,臺股期貨,投信,68,291989,963,4126439,-895,-3834450,53893,231373428,11666,50084471,42227,181288957
2025/05/23,臺股期貨,外資及陸資,44531,191311497,44044,189241009,487,2070488,21597,92661534,61714,264787001,-40117,-172125467
2025/05/26,臺股期貨,自營商,8644,36881247,6530,27869821,2114,9011426,5784,24667484,4202,17906682,1582,6760802
2025/05/26,臺股期貨,投信,972,4157589,1390,5947705,-418,-1790115,54270,232069374,12461,53285728,41809,178783646
2025/05/26,臺股期貨,外資及陸資,62662,267277431,64276,274246893,-1614,-6969461,22250,95080116,64007,273497906,-41757,-178417790
2025/05/27,臺股期貨,自營商,6882,29227033,5646,24009801,1236,5217232,7182,30406813,4329,18318069,2853,12088744
2025/05/27,臺股期貨,投信,442,1875469,1357,5753858,-915,-3878389,54182,229959244,13288,56396930,40894,173562314
2025/05/27,臺股期貨,外資及陸資,35381,150539227,36963,157238159,-1582,-6698931,22307,94611274,65814,279080703,-43507,-184469429
2025/05/28,臺股期貨,自營商,7630,32501116,7923,33767993,-293,-1266878,7170,30393755,4595,19475102,2575,10918653
2025/05/28,臺股期貨,投信,747,3174657,545,2313826,202,860830,54393,231170250,13297,56512250,41096,174658000
2025/05/28,臺股期貨,外資及陸資,49030,209002774,47712,203341870,1318,5660903,22262,94549116,65466,277962676,-43204,-183413560
2025/05/29,臺股期貨,自營商,6680,28523627,6052,25864815,628,2658812,7570,32189452,4371,18581043,3199,13608409
2025/05/29,臺股期貨,投信,386,1646007,1662,7094147,-1276,-5448140,53104,226403594,13284,56635006,39820,169768588
2025/05/29,臺股期貨,外資及陸資,51810,221200208,55491,236895558,-3681,-15695350,21510,91641038,68524,291870935,-47014,-200229897
2025/06/02,臺股期貨,自營商,8570,35855350,7981,33401746,589,2453604,8751,36433579,4959,20636424,3792,15797155
2025/06/02,臺股期貨,投信,648,2704262,2748,11462950,-2100,-8758688,51504,214977696,13784,57534416,37720,157443280
2025/06/02,臺股期貨,外資及陸資,62369,261801627,59801,251004624,2568,10797003,21144,88188408,66537,277438109,-45393,-189249701
2025/06/03,臺股期貨,自營商,6646,27935866,7854,33056887,-1208,-5121021,7268,30389742,4584,19174266,2684,11215476
2025/06/03,臺股期貨,投信,754,3163555,2009,8436427,-1255,-5272872,50113,210214012,13648,57250630,36465,152963382
2025/06/03,臺股期貨,外資及陸資,52778,221855977,47065,197817407,5713,24038570,22652,94952162,62122,260295792,-39470,-165343630
2025/06/04,臺股期貨,自營商,7552,32242864,8152,34788856,-600,-2545992,6770,28973877,4699,20132595,2071,8841282
2025/06/04,臺股期貨,投信,1854,7967935,326,1401335,1528,6566599,51121,219605592,13128,56395262,37993,163210330
2025/06/04,臺股期貨,外資及陸資,46139,196800554,45456,193906586,683,2893968,25042,107507715,62207,266934142,-37165,-159426427
2025/06/05,臺股期貨,自營商,4744,20431702,5065,21828981,-321,-1397278,6776,29096374,5074,21816027,1702,7280347
2025/06/05,臺股期貨,投信,1508,6498403,109,470076,1399,6028327,52445,226079906,13053,56268872,39392,169811034
2025/06/05,臺股期貨,外資及陸資,37841,163125352,37740,162663745,101,461607,23708,102129449,60806,261803203,-37098,-159673754
2025/06/06,臺股期貨,自營商,4566,19700214,4375,18879226,191,820988,6896,29631211,5027,21623771,1869,8007440
2025/06/06,臺股期貨,投信,12,51723,1318,5685742,-1306,-5634019,51296,221249907,13210,56977372,38086,164272535
2025/06/06,臺股期貨,外資及陸資,44960,194255125,46323,200124706,-1363,-5869581,22585,97341159,61126,263322692,-38541,-165981533
2025/06/09,臺股期貨,自營商,4781,20715894,4514,19562586,267,1153307,6919,29940349,4841,20970249,2078,8970100
2025/06/09,臺股期貨,投信,567,2462312,323,1402256,244,1060056,51335,222988973,13005,56491119,38330,166497854
2025/06/09,臺股期貨,外資及陸資,35637,154480771,35647,154505304,-10,-24533,22939,99562103,61526,266904090,-38587,-167341987
2025/06/10,臺股期貨,自營商,7504,33059229,9695,42718244,-2191,-9659015,5523,24291316,5643,24899710,-120,-608394
2025/06/10,臺股期貨,投信,1327,5870841,211,931054,1116,4939787,52188,230837962,12742,56359071,39446,174478891
2025/06/10,臺股期貨,外資及陸資,48193,212091519,46806,206079623,1387,6011896,25901,114468046,63032,278410861,-37131,-163942815
2025/06/11,臺股期貨,自營商,6842,30441285,6899,30684646,-57,-243362,5286,23502464,5468,24373737,-182,-871273
2025/06/11,臺股期貨,投信,1532,6816996,1454,6490186,78,326810,51944,232103367,12420,55500241,39524,176603126
2025/06/11,臺股期貨,外資及陸資,45978,204543963,44658,198634215,1320,5909748,25829,115279451,61559,274650615,-35730,-159371164
2025/06/12,臺股期貨,自營商,6751,30007494,6073,27038130,678,2969364,6345,28062615,5788,25693054,557,2369561
2025/06/12,臺股期貨,投信,1768,7837093,1310,5825790,458,2011303,52263,232546328,12281,54655359,39982,177890969
2025/06/12,臺股期貨,外資及陸資,43496,194163330,46583,207821222,-3087,-13657891,22900,101767866,61876,274805963,-38976,-173038097
2025/06/13,臺股期貨,自營商,14613,64130480,11620,51089894,2993,13040586,8415,36614210,4961,21684729,3454,14929481
2025/06/13,臺股期貨,投信,3814,16557596,4437,19524483,-623,-2966887,52445,229829867,13086,57413851,39359,172416016
2025/06/13,臺股期貨,外資及陸資,73260,322936499,76166,335257052,-2906,-12320552,23361,102158326,65361,285577552,-42000,-183419226
2025/06/16,臺股期貨,自營商,13817,60361426,13468,58928725,349,1432702,8483,36940051,4508,19739830,3975,17200221
2025/06/16,臺股期貨,投信,30759,133491417,33328,145980393,-2569,-12488976,50018,218414531,13228,57855787,36790,160558744
2025/06/16,臺股期貨,外資及陸資,95679,419400771,94737,413962511,942,5438260,23505,102591812,64541,281181648,-41036,-178589836
2025/06/17,臺股期貨,自營商,13524,59532941,12476,54947095,1048,4585846,9090,39703826,4139,18152228,4951,21551598
2025/06/17,臺股期貨,投信,28403,124038833,27879,122812018,524,1226815,51048,222486322,13734,59877095,37314,162609227
2025/06/17,臺股期貨,外資及陸資,82308,363243693,82693,363825602,-385,-581909,29056,127357821,70457,307300568,-41401,-179942747
2025/06/18,臺股期貨,自營商,12186,53747916,13359,58990259,-1173,-5242343,8189,35880265,2889,12642757,5300,23237508
2025/06/18,臺股期貨,投信,1723,7578180,713,3134375,1010,4443805,52201,228964026,13877,60867297,38324,168096729
2025/06/18,臺股期貨,外資及陸資,54819,241392132,55862,246157771,-1043,-4765639,21552,94498343,66602,292021031,-45050,-197522688
2025/06/19,臺股期貨,自營商,5430,23637492,4843,21074297,587,2563195,9059,39285583,3183,13785387,5876,25500196
2025/06/19,臺股期貨,投信,1303,5672840,2033,8824150,-730,-3151310,51361,222937557,13767,59757040,37594,163180517
2025/06/19,臺股期貨,外資及陸資,46549,202817745,46772,203822253,-223,-1004508,18676,81034192,64062,277966781,-45386,-196932589
2025/06/20,臺股期貨,自營商,5994,25875863,5783,24958403,211,917460,9464,40947217,3376,14580996,6088,26366221
2025/06/20,臺股期貨,投信,474,2051987,616,2664415,-142,-612428,51439,222730870,13987,60563710,37452,162167160
2025/06/20,臺股期貨,外資及陸資,43345,187218145,42330,182799892,1015,4418253,19103,82686654,63564,275136603,-44461,-192449949
2025/06/23,臺股期貨,自營商,8323,35620358,7384,31644536,939,3975822,10280,44113700,3287,14078322,6993,30035378
2025/06/23,臺股期貨,投信,1604,6884353,423,1814384,1181,5069969,52925,227281120,14292,61375565,38633,165905555
2025/06/23,臺股期貨,外資及陸資,67563,289975698,66854,286936836,709,3038861,20591,88397458,64388,276405151,-43797,-188007693
2025/06/24,臺股期貨,自營商,7792,33915079,9294,40482898,-1502,-6567819,9066,39778622,3612,15829916,5454,23948706
2025/06/24,臺股期貨,投信,1729,7586887,228,999535,1501,6587351,53877,236617009,13743,60356507,40134,176260502
2025/06/24,臺股期貨,外資及陸資,60031,260649008,59823,259873631,208,775377,22222,97564175,65715,288497459,-43493,-190933284
2025/06/25,臺股期貨,自營商,7754,34204237,7484,33035272,270,1168965,9530,42197178,3813,16864389,5717,25332789
2025/06/25,臺股期貨,投信,1733,7678332,22,97516,1711,7580816,55278,245025263,13433,59543116,41845,185482147
2025/06/25,臺股期貨,外資及陸資,39978,176334472,42346,186782987,-2368,-10448515,22530,99830364,68346,302823145,-45816,-202992781
2025/06/26,臺股期貨,自營商,7190,31846486,5692,25230439,1498,6616047,10874,48028065,3659,16145353,7215,31882712
2025/06/26,臺股期貨,投信,755,3339634,628,2779107,127,560527,55757,246613211,13785,60971055,41972,185642156
2025/06/26,臺股期貨,外資及陸資,41658,184693246,44526,197369567,-2868,-12676320,23956,105918878,72744,321580660,-48788,-215661782
2025/06/27,臺股期貨,自營商,8939,39452755,6875,30360223,2064,9092532,12922,57081548,3623,15986916,9299,41094632
2025/06/27,臺股期貨,投信,2296,10153082,220,973291,2076,9179791,57968,256473619,13920,61587648,44048,194885971
2025/06/27,臺股期貨,外資及陸資,43693,193004202,47648,210469414,-3955,-17465212,22618,100027700,75299,332946901,-52681,-232919201
2025/06/30,臺股期貨,自營商,6505,28775400,7131,31559123,-626,-2783723,12338,54532672,3618,15978129,8720,38554543
2025/06/30,臺股期貨,投信,1385,6130005,72,318734,1313,5811270,59274,262512691,13913,61617894,45361,200894797
2025/06/30,臺股期貨,外資及陸資,42172,186684362,41559,183952809,613,2731553,23601,104480242,75602,334603495,-52001,-230123253
2025/07/01,臺股期貨,自營商,10183,45530296,12080,54076552,-1897,-8546256,10814,48219228,3999,17837479,6815,30381749
2025/07/01,臺股期貨,投信,1583,7086389,96,429065,1487,6657324,60622,271004589,13774,61575290,46848,209429299
2025/07/01,臺股期貨,外資及陸資,55057,246044324,55461,247850037,-404,-1805714,25313,113115842,77830,347686059,-52517,-234570217
2025/07/02,臺股期貨,自營商,6500,29004779,5840,26061858,660,2942921,11348,50701779,3886,17365246,7462,33336533
2025/07/02,臺股期貨,投信,1152,5156931,346,1546896,806,3610036,61428,275111441,13774,61688236,47654,213423205
2025/07/02,臺股期貨,外資及陸資,38458,171636407,40876,182442460,-2418,-10806053,21867,97888606,76813,343764228,-54946,-245875622
2025/07/03,臺股期貨,自營商,5507,24878803,7126,32218093,-1619,-7339290,10912,49372394,5077,22989546,5835,26382848
2025/07/03,臺股期貨,投信,1417,6426302,34,154214,1383,6272088,62494,283472784,13457,61040952,49037,222431832
2025/07/03,臺股期貨,外資及陸資,43868,197923596,41453,187036861,2415,10886736,22377,101455145,73534,333289894,-51157,-231834749
2025/07/04,臺股期貨,自營商,6737,30432025,5115,23110931,1622,7321095,11492,51442071,4060,18170248,7432,33271823
2025/07/04,臺股期貨,投信,231,1036899,757,3397126,-526,-2360227,62185,279036532,13674,61357973,48511,217678559
2025/07/04,臺股期貨,外資及陸資,37772,170937078,41661,188531111,-3889,-17594033,20056,89947045,75267,337464721,-55211,-247517676
2025/07/07,臺股期貨,自營商,5949,26577072,6211,27739184,-262,-1162112,11178,49795713,4028,17933828,7150,31861885
2025/07/07,臺股期貨,投信,361,1611506,955,4263473,-594,-2651967,61619,275165547,13702,61187651,47917,213977896
2025/07/07,臺股期貨,外資及陸資,41457,185347230,42965,192091417,-1508,-6744187,18162,81055699,74950,334434752,-56788,-253379053
2025/07/08,臺股期貨,自營商,7880,35050776,7221,32136980,659,2913795,11338,50340160,3550,15757072,7788,34583088
2025/07/08,臺股期貨,投信,2272,10115993,950,4228194,1322,5887799,63182,281260647,13943,62068659,49239,219191988
2025/07/08,臺股期貨,外資及陸資,50348,224367627,51041,227403484,-693,-3035857,18043,80264848,75573,336107370,-57530,-255842522
2025/07/09,臺股期貨,自營商,6155,27454535,6914,30860332,-759,-3405797,10906,48800676,3990,17852657,6916,30948019
2025/07/09,臺股期貨,投信,990,4432450,10,44811,980,4387639,63952,286933886,13733,61617224,50219,225316662
2025/07/09,臺股期貨,外資及陸資,39644,176846102,40044,178626309,-400,-1780206,16670,74738129,75381,337900392,-58711,-263162263
2025/07/10,臺股期貨,自營商,7117,32009307,8099,36470223,-982,-4460916,10478,47208126,4576,20625315,5902,26582811
2025/07/10,臺股期貨,投信,393,1772151,234,1056974,159,715177,63963,289191794,13585,61423219,50378,227768575
2025/07/10,臺股期貨,外資及陸資,47338,213109877,45303,203896284,2035,9213592,16897,76326592,73265,330870650,-56368,-254544058
2025/07/11,臺股期貨,自營商,7943,35925585,8177,37018301,-234,-1092716,10507,47639824,4874,22124395,5633,25515429
2025/07/11,臺股期貨,投信,5271,23829395,3676,16699238,1595,7130157,65376,297542108,13403,61029220,51973,236512888
2025/07/11,臺股期貨,外資及陸資,48480,219494103,49656,224697305,-1176,-5203202,16583,75349210,74075,336646144,-57492,-261296934
2025/07/14,臺股期貨,自營商,10699,48213133,9635,43420700,1064,4792433,11210,50341388,4504,20228523,6706,30112865
2025/07/14,臺股期貨,投信,34777,156003162,35439,159715700,-662,-3712538,64969,291948127,13658,61385407,51311,230562720
2025/07/14,臺股期貨,外資及陸資,82083,370402530,84264,379505118,-2181,-9102588,15888,71309821,75761,340143065,-59873,-268833244
2025/07/15,臺股期貨,自營商,12506,56688978,13447,60996277,-941,-4307299,10213,46371046,4478,20337022,5735,26034024
2025/07/15,臺股期貨,投信,37460,169798442,37298,169772207,162,26235,64883,294220383,13410,60806223,51473,233414160
2025/07/15,臺股期貨,外資及陸資,86440,392189738,82102,371966753,4338,20222985,20444,92852584,75796,343783424,-55352,-250930840
2025/07/16,臺股期貨,自營商,10378,47584808,12963,59488175,-2585,-11903367,7231,33126535,3440,15744420,3791,17382115
2025/07/16,臺股期貨,投信,2930,13440921,2539,11687302,391,1753619,64811,297054737,12947,59341280,51864,237713457
2025/07/16,臺股期貨,外資及陸資,53709,246128431,51413,235553004,2296,10575427,16792,76943740,70188,321633501,-53396,-244689761
2025/07/17,臺股期貨,自營商,6469,29723378,6602,30341761,-133,-618383,7292,33722777,3673,16971662,3619,16751115
2025/07/17,臺股期貨,投信,835,3863214,2280,10531808,-1445,-6668594,62923,291169890,12504,57861010,50419,233308880
2025/07/17,臺股期貨,外資及陸資,49039,225204027,47934,220056768,1105,5147259,18670,86373632,70887,327957746,-52217,-241584114
2025/07/18,臺股期貨,自營商,7478,34846110,7585,35351583,-107,-505473,7088,32953443,3591,16679908,3497,16273535
2025/07/18,臺股期貨,投信,350,1629436,5214,24271220,-4864,-22641784,57751,268657652,12196,56735792,45555,211921860
2025/07/18,臺股期貨,外資及陸資,46747,217928572,42494,198127510,4253,19801061,19259,89573404,67269,312873138,-48010,-223299734
2025/07/21,臺股期貨,自營商,5021,23322405,4221,19607827,800,3714578,7659,35552004,3350,15534350,4309,20017654
2025/07/21,臺股期貨,投信,149,691930,2051,9524350,-1902,-8832420,55902,259608888,12249,56884356,43653,202724532
2025/07/21,臺股期貨,外資及陸資,32468,150854869,30902,143587285,1566,7267584,18223,84609882,64779,300780007,-46556,-216170125
2025/07/22,臺股期貨,自營商,8675,40223088,9471,43934195,-796,-3711107,7446,34229196,3939,18091932,3507,16137264
2025/07/22,臺股期貨,投信,227,1044651,2262,10408161,-2035,-9363510,53693,246944846,12075,55535340,41618,191409506
2025/07/22,臺股期貨,外資及陸資,48983,227325726,46915,217770383,2068,9555343,20179,92789581,64773,297850497,-44594,-205060916
2025/07/23,臺股期貨,自營商,8443,39051542,8229,38067346,214,984196,7496,34740752,3770,17458640,3726,17282112
2025/07/23,臺股期貨,投信,556,2578731,1318,6111852,-762,-3533121,52452,243209434,11596,53768333,40856,189441101
2025/07/23,臺股期貨,外資及陸資,44481,205520172,46597,215298251,-2116,-9778080,19143,88746159,66984,310541801,-47841,-221795642
2025/07/24,臺股期貨,自營商,5290,24617901,4607,21443473,683,3174428,7541,35125704,3269,15213191,4272,19912513
2025/07/24,臺股期貨,投信,353,1645641,725,3379253,-372,-1733612,51768,241269941,11284,52590210,40484,188679731
2025/07/24,臺股期貨,外資及陸資,36912,171787224,37024,172302330,-112,-515107,19288,89876678,67218,313216387,-47930,-223339709
2025/07/25,臺股期貨,自營商,5795,26961184,5622,26152689,173,808495,7725,35879833,3253,15093093,4472,20786740
2025/07/25,臺股期貨,投信,26,121095,1300,6044550,-1274,-5923455,50482,234610047,11272,52385493,39210,182224554
2025/07/25,臺股期貨,外資及陸資,31609,147074784,30988,144187261,621,2887523,20113,93455027,67530,313771036,-47417,-220316009
2025/07/28,臺股期貨,自營商,5554,25935465,5323,24856388,231,1079077,7774,36340977,3071,14339656,4703,22001321
2025/07/28,臺股期貨,投信,128,598534,1778,8314462,-1650,-7715928,48754,228022458,11194,52354338,37560,175668120
2025/07/28,臺股期貨,外資及陸資,41070,191746428,38713,180725052,2357,11021376,21261,99420280,66240,309738644,-44979,-210318364
2025/07/29,臺股期貨,自營商,7152,33173354,8260,38300337,-1108,-5126983,6998,32385570,3414,15785005,3584,16600565
2025/07/29,臺股期貨,投信,187,865610,3087,14286742,-2900,-13421132,45773,211938145,11113,51455413,34660,160482732
2025/07/29,臺股期貨,外資及陸資,50872,236169307,46656,216676880,4216,19492427,21498,99523849,62374,288743958,-40876,-189220109
2025/07/30,臺股期貨,自營商,8318,38785957,8502,39643750,-184,-857793,7003,32696004,3617,16875282,3386,15820722
2025/07/30,臺股期貨,投信,417,1948386,1962,9166701,-1545,-7218314,44056,205820821,10941,51114164,33115,154706657
2025/07/30,臺股期貨,外資及陸資,49646,231310057,46720,217633692,2926,13676365,22950,107201063,60781,283891039,-37831,-176689976
2025/07/31,臺股期貨,自營商,7518,35264115,8203,38495994,-685,-3231879,6481,30554089,3764,17732066,2717,12822023
2025/07/31,臺股期貨,投信,418,1970827,1239,5839353,-821,-3868526,43027,202949754,10733,50625414,32294,152324340
2025/07/31,臺股期貨,外資及陸資,49271,230947093,46296,216917280,2975,14029813,26613,125507643,60257,284156261,-33644,-158648618
2025/08/01,臺股期貨,自營商,11389,53218169,9378,43800581,2011,9417587,8083,37721563,3434,16012454,4649,21709109
2025/08/01,臺股期貨,投信,611,2855848,1219,5694529,-608,-2838681,42435,198128975,10749,50187081,31686,147941894
2025/08/01,臺股期貨,外資及陸資,56209,262827617,59850,280071020,-3641,-17243403,19393,90526943,58930,275086971,-39537,-184560028
2025/08/04,臺股期貨,自營商,7492,34683197,7727,35814861,-235,-1131664,8404,39083932,4001,18597841,4403,20486091
2025/08/04,臺股期貨,投信,1626,7572930,589,2740085,1037,4832844,43629,203066771,10906,50760886,32723,152305885
2025/08/04,臺股期貨,外資及陸資,55337,256264665,54886,254148936,451,2115728,19178,89240970,58258,271077450,-39080,-181836480
2025/08/05,臺股期貨,自營商,5161,24229398,6632,31154284,-1471,-6924887,7895,37192722,4953,23332131,2942,13860591
2025/08/05,臺股期貨,投信,514,2423872,352,1658646,162,765226,43526,205242451,10641,50176571,32885,155065880
2025/08/05,臺股期貨,外資及陸資,37418,175604251,33887,158983861,3531,16620390,22761,107305144,58090,273834517,-35329,-166529373
2025/08/06,臺股期貨,自營商,6928,32492184,5829,27336245,1099,5155939,8112,37963780,4094,19151318,4018,18812462
2025/08/06,臺股期貨,投信,256,1199256,1500,7024323,-1244,-5825067,42405,198599537,10764,50412118,31641,148187419
2025/08/06,臺股期貨,外資及陸資,40641,190646197,41571,195019749,-930,-4373552,20044,93852849,56424,264184143,-36380,-170331294
2025/08/07,臺股期貨,自營商,9540,45438911,11319,53932694,-1779,-8493782,7451,35719959,5274,25289399,2177,10430560
2025/08/07,臺股期貨,投信,778,3734062,239,1146675,539,2587387,42441,203691283,10261,49246643,32180,154444640
2025/08/07,臺股期貨,外資及陸資,54888,260666470,53429,253761425,1459,6905045,24437,117250906,59226,284145365,-34789,-166894459
2025/08/08,臺股期貨,自營商,7103,34088898,6086,29211450,1017,4877447,7496,35875486,4321,20677033,3175,15198453
2025/08/08,臺股期貨,投信,20,96001,634,3039980,-614,-2943978,41816,200323683,10250,49103650,31566,151220033
2025/08/08,臺股期貨,外資及陸資,40659,195227385,43471,208728733,-2812,-13501348,21099,101046091,58689,281058032,-37590,-180011941
2025/08/11,臺股期貨,自營商,6756,32475048,6754,32477316,2,-2267,7688,37099877,4525,21830707,3163,15269170
2025/08/11,臺股期貨,投信,252,1216565,1672,8070467,-1420,-6853902,40172,194014649,10026,48421570,30146,145593079
2025/08/11,臺股期貨,外資及陸資,42453,204009841,40561,194846305,1892,9163536,21672,104636029,57247,276389972,-35575,-171753943
2025/08/12,臺股期貨,自營商,6118,29542160,5528,26693871,590,2848289,7613,36732490,3862,18620782,3751,18111708
2025/08/12,臺股期貨,投信,471,2275108,745,3597590,-274,-1322482,39651,191450845,9779,47216924,29872,144233921
2025/08/12,臺股期貨,外資及陸資,39502,190788992,39229,189456262,273,1332729,21633,104412763,56935,274808209,-35302,-170395446
2025/08/13,臺股期貨,自營商,9707,47150168,10320,50125388,-613,-2975220,7490,36437939,4322,21016228,3168,15421711
2025/08/13,臺股期貨,投信,321,1562728,859,4179617,-538,-2616889,38802,188911376,9468,46095905,29334,142815471
2025/08/13,臺股期貨,外資及陸資,48615,236056975,47061,228508078,1554,7548897,22724,110597332,56294,273982670,-33570,-163385338
2025/08/14,臺股期貨,自營商,6215,30202334,5270,25610347,945,4591986,7748,37557995,3612,17495327,4136,20062668
2025/08/14,臺股期貨,投信,211,1022997,917,4450852,-706,-3427855,38098,184788474,9470,45933288,28628,138855186
2025/08/14,臺股期貨,外資及陸資,35397,172162819,36076,175462131,-679,-3299312,21900,106192506,56279,272895229,-34379,-166702723
2025/08/15,臺股期貨,自營商,8786,42672829,8580,41681987,206,990842,7991,38823844,3638,17659575,4353,21164269
2025/08/15,臺股期貨,投信,3712,18028641,6702,32586997,-2990,-14558356,34690,168553148,9052,43987289,25638,124565859
2025/08/15,臺股期貨,外資及陸資,50971,247573119,50826,246827523,145,745597,20968,101852957,55175,268043594,-34207,-166190637
2025/08/18,臺股期貨,自營商,9508,46272107,10341,50354211,-833,-4082104,7404,36158807,4007,19553007,3397,16605800
2025/08/18,臺股期貨,投信,22242,108503281,22260,108659920,-18,-156639,34564,168746705,8944,43673708,25620,125072997
2025/08/18,臺股期貨,外資及陸資,85752,417608188,81331,396001668,4421,21606520,26199,127905384,55825,272537268,-29626,-144631884
2025/08/19,臺股期貨,自營商,12248,59650876,11380,55457555,868,4193320,8365,40660296,4034,19603339,4331,21056957
2025/08/19,臺股期貨,投信,17352,84438065,17796,86678530,-444,-2240465,34198,166120205,9022,43828863,25176,122291342
2025/08/19,臺股期貨,外資及陸資,59798,291455852,62592,304960762,-2794,-13504910,27019,131352019,59652,289885797,-32633,-158533778
2025/08/20,臺股期貨,自營商,17603,84173641,15521,74167969,2082,10005672,9367,44325806,3268,15457416,6099,28868390
2025/08/20,臺股期貨,投信,621,2954664,2047,9697816,-1426,-6743153,33256,157374043,9506,44984293,23750,112389750
2025/08/20,臺股期貨,外資及陸資,64241,307239324,68442,327546178,-4201,-20306854,17105,80940175,52248,247241166,-35143,-166300991
2025/08/21,臺股期貨,自營商,6529,31079056,7635,36333203,-1106,-5254147,8640,41214751,3756,17908462,4884,23306289
2025/08/21,臺股期貨,投信,293,1397955,432,2060366,-139,-662411,32923,157055879,9312,44421965,23611,112633914
2025/08/21,臺股期貨,外資及陸資,56085,266522830,51476,244660744,4609,21862086,19173,91457447,49560,236409767,-30387,-144952320
2025/08/22,臺股期貨,自營商,5986,28525069,7295,34755874,-1309,-6230806,7778,36944615,4274,20294107,3504,16650508
2025/08/22,臺股期貨,投信,30,142670,436,2072864,-406,-1930195,32582,154764500,9377,44540736,23205,110223764
2025/08/22,臺股期貨,外資及陸資,45100,214978250,41463,197650726,3637,17327524,21716,103146344,48451,230133045,-26735,-126986701
2025/08/25,臺股期貨,自營商,7326,35364961,7041,34002286,285,1362676,7815,37909425,4026,19520638,3789,18388787
2025/08/25,臺股期貨,投信,509,2467896,203,984320,306,1483576,32658,158423958,9147,44372067,23511,114051891
2025/08/25,臺股期貨,外資及陸資,52996,255431214,53552,258173967,-556,-2742753,21711,105313200,47320,229537136,-25609,-124223936
2025/08/26,臺股期貨,自營商,5171,25010002,4205,20339763,966,4670240,8257,40053663,3503,16984805,4754,23068858
2025/08/26,臺股期貨,投信,30,145524,395,1915510,-365,-1769986,32292,156648492,9146,44367236,23146,112281256
2025/08/26,臺股期貨,外資及陸資,37569,181743921,38992,188608307,-1423,-6864386,20592,99885927,47724,231497359,-27132,-131611432
2025/08/27,臺股期貨,自營商,5466,26673459,7159,34945262,-1693,-8271804,7365,36034424,4259,20829272,3106,15205152
2025/08/27,臺股期貨,投信,208,1017729,192,939395,16,78334,32122,157166522,8960,43839474,23162,113327048
2025/08/27,臺股期貨,外資及陸資,36538,178195166,34342,167460182,2196,10734984,22813,111613040,47584,232807096,-24771,-121194056
2025/08/28,臺股期貨,自營商,7595,36975507,5667,27597674,1928,9377833,8505,41204468,3471,16810609,5034,24393859
2025/08/28,臺股期貨,投信,32,155717,478,2318010,-446,-2162293,31805,154088864,9089,44034395,22716,110054469
2025/08/28,臺股期貨,外資及陸資,44358,216053867,45575,221998227,-1217,-5944360,21168,102550974,47255,228932540,-26087,-126381566
2025/08/29,臺股期貨,自營商,7124,34679271,8109,39474506,-985,-4795235,7742,37575792,3695,17926421,4047,19649371
2025/08/29,臺股期貨,投信,587,2849043,347,1683940,240,1165103,32047,155543319,9091,44124062,22956,111419257
2025/08/29,臺股期貨,外資及陸資,41197,200556765,41485,201942056,-288,-1385291,21342,103580442,47651,231268798,-26309,-127688356
2025/09/01,臺股期貨,自營商,9969,47940074,9967,47912497,2,27577,8280,39755526,4231,20310668,4049,19444858
2025/09/01,臺股期貨,投信,419,2011968,942,4516615,-523,-2504647,31754,152463656,9321,44753867,22433,107709789
2025/09/01,臺股期貨,外資及陸資,59091,284413663,59340,285587344,-249,-1173681,21375,102627572,48039,230650175,-26664,-128022603
2025/09/02,臺股期貨,自營商,7850,37748591,8804,42361707,-954,-4613116,7781,37304744,4681,22437629,3100,14867115
2025/09/02,臺股期貨,投信,193,925497,493,2364375,-300,-1438878,31495,150999628,9362,44885149,22133,106114479
2025/09/02,臺股期貨,外資及陸資,41630,200285203,39295,189002729,2335,11282474,23319,111797355,47614,228274237,-24295,-116476882
2025/09/03,臺股期貨,自營商,11181,53493916,9981,47754997,1200,5738920,8365,40147263,4229,20293788,4136,19853475
2025/09/03,臺股期貨,投信,63,302445,315,1511981,-252,-1209535,31182,149654891,9301,44639231,21881,105015660
2025/09/03,臺股期貨,外資及陸資,55918,267339227,56409,269660892,-491,-2321665,23273,111695218,48061,230661874,-24788,-118966656
2025/09/04,臺股期貨,自營商,11836,57292103,11999,58129082,-163,-836978,7661,36971861,3787,18273010,3874,18698851
2025/09/04,臺股期貨,投信,104,502059,314,1516798,-210,-1014739,30919,149215094,9248,44630844,21671,104584250
2025/09/04,臺股期貨,外資及陸資,54942,265785162,53655,259525958,1287,6259204,23910,115388173,47413,228812792,-23503,-113424619
2025/09/05,臺股期貨,自營商,10465,50907608,11200,54471503,-735,-3563895,7545,36854273,4465,21805975,3080,15048298
2025/09/05,臺股期貨,投信,292,1426348,144,703239,148,723109,30968,151272486,9149,44691011,21819,106581475
2025/09/05,臺股期貨,外資及陸資,39101,190080946,37034,180023756,2067,10057190,25250,123338346,46554,227401291,-21304,-104062945
2025/09/08,臺股期貨,自營商,8812,43222296,9067,44473373,-255,-1251077,7334,36015835,4607,22620033,2727,13395802
2025/09/08,臺股期貨,投信,316,1552314,90,442172,226,1110142,31105,152762876,9060,44495428,22045,108267448
2025/09/08,臺股期貨,外資及陸資,53977,264591695,54725,268245726,-748,-3654031,25384,124661801,47383,232698242,-21999,-108036441
2025/09/09,臺股期貨,自營商,7902,39098005,8544,42263992,-642,-3165987,7472,37058093,5534,27443524,1938,9614569
2025/09/09,臺股期貨,投信,549,2723059,142,704217,407,2018842,31400,155762840,8948,44387373,22452,111375467
2025/09/09,臺股期貨,外資及陸資,37268,184252023,35753,176764732,1515,7487291,28521,141473878,47313,234684044,-18792,-93210166
2025/09/10,臺股期貨,自營商,11793,59116639,12623,63262533,-830,-4145894,6631,33377867,5681,28595297,950,4782570
2025/09/10,臺股期貨,投信,167,840519,236,1187495,-69,-346977,31191,157052923,8808,44349946,22383,112702977
2025/09/10,臺股期貨,外資及陸資,51186,256184226,50395,252275033,791,3909193,32440,163327669,50253,253011230,-17813,-89683561
2025/09/11,臺股期貨,自營商,11981,60682372,11889,60231682,92,450690,6169,31129251,5165,26059442,1004,5069809
2025/09/11,臺股期貨,投信,332,1680286,570,2878831,-238,-1198545,30782,155344281,8637,43587452,22145,111756829
2025/09/11,臺股期貨,外資及陸資,57695,292326382,57290,290291626,405,2034755,35061,176930549,51378,259272130,-16317,-82341581
2025/09/12,臺股期貨,自營商,10762,54681856,9514,48345008,1248,6336848,6546,33331366,4502,22921380,2044,10409986
2025/09/12,臺股期貨,投信,3090,15720701,3381,17196805,-291,-1476104,30388,154730009,8534,43451758,21854,111278251
2025/09/12,臺股期貨,外資及陸資,45589,231615498,47868,243171606,-2279,-11556108,33002,168045022,51560,262530615,-18558,-94485593
2025/09/15,臺股期貨,自營商,10273,52123377,9076,46045315,1197,6078062,6356,32226187,3228,16364604,3128,15861583
2025/09/15,臺股期貨,投信,18733,95032680,20423,103574170,-1690,-8541490,28752,145794353,8588,43544882,20164,102249471
2025/09/15,臺股期貨,外資及陸資,85540,433976452,85807,435364234,-267,-1387782,31187,158132420,50083,253948011,-18896,-95815591
2025/09/16,臺股期貨,自營商,12369,63194469,12365,63200084,4,-5615,6871,35217861,3748,19209852,3123,16008009
2025/09/16,臺股期貨,投信,15321,78536628,15000,76884091,321,1652538,28873,148031177,8388,43004716,20485,105026461
2025/09/16,臺股期貨,外資及陸資,74323,379862649,73656,376467959,667,3394689,30363,155654987,48607,249182510,-18244,-93527523
2025/09/17,臺股期貨,自營商,12605,64366166,11560,59013866,1045,5352299,4350,22160120,2661,13554673,1689,8605447
2025/09/17,臺股期貨,投信,780,3978857,990,5049110,-210,-1070253,28773,146586926,8498,43293911,20275,103293015
2025/09/17,臺股期貨,外資及陸資,39317,200777424,42692,218050544,-3375,-17273119,24198,123276641,43060,219364699,-18862,-96088058
2025/09/18,臺股期貨,自營商,10469,53546360,10280,52569482,189,976878,4454,22901607,2576,13242645,1878,9658962
2025/09/18,臺股期貨,投信,258,1326773,549,2823126,-291,-1496353,28339,145730474,8355,42964752,19984,102765722
2025/09/18,臺股期貨,外資及陸資,50613,258809528,50410,257812561,203,996967,25411,130670718,43963,226065655,-18552,-95394937
2025/09/19,臺股期貨,自營商,10205,52526236,10034,51646536,171,879700,4840,24846844,2802,14382019,2038,10464825
2025/09/19,臺股期貨,投信,145,748255,665,3415365,-520,-2667110,27674,142078316,8210,42150140,19464,99928176
2025/09/19,臺股期貨,外資及陸資,59855,308156593,59023,303889173,832,4267420,26660,136870373,44263,227238261,-17603,-90367888
2025/09/22,臺股期貨,自營商,6472,33413821,7072,36506356,-600,-3092536,5084,26325361,3653,18913472,1431,7411889
2025/09/22,臺股期貨,投信,408,2113104,325,1682828,83,430276,27417,141981676,7870,40755582,19547,101226094
2025/09/22,臺股期貨,外資及陸資,39278,202582702,38984,201042347,294,1540355,25588,132507556,42827,221775372,-17239,-89267816
2025/09/23,臺股期貨,自營商,9434,49272864,9655,50437707,-221,-1164843,5298,27824108,4098,21521527,1200,6302581
2025/09/23,臺股期貨,投信,430,2258038,98,514622,332,1743417,27500,144446500,7621,40030065,19879,104416435
2025/09/23,臺股期貨,外資及陸資,53434,278761201,52512,273974007,922,4787193,26491,139145342,42691,224230408,-16200,-85085066
2025/09/24,臺股期貨,自營商,11351,59638765,10471,55016414,880,4622351,5104,26775746,3031,15899464,2073,10876282
2025/09/24,臺股期貨,投信,53,277834,35,183584,18,94250,27520,144391936,7623,39996356,19897,104395580
2025/09/24,臺股期貨,外資及陸資,59111,311019144,62633,329536743,-3522,-18517599,23983,125833296,43900,230327102,-19917,-104493806
2025/09/25,臺股期貨,自營商,6956,36419345,6295,32955190,661,3464155,5422,28294770,2658,13869283,2764,14425487
2025/09/25,臺股期貨,投信,35,182665,191,996849,-156,-814184,27428,143146732,7687,40118453,19741,103028279
2025/09/25,臺股期貨,外資及陸資,42579,222992187,43364,227112780,-785,-4120594,22398,116895350,44177,230555143,-21779,-113659793
2025/09/26,臺股期貨,自營商,14505,74684866,13455,69263737,1050,5421129,6877,35293944,2970,15242380,3907,20051564
2025/09/26,臺股期貨,投信,382,1961393,707,3628647,-325,-1667254,27298,140093336,7882,40450424,19416,99642912
2025/09/26,臺股期貨,外資及陸資,69347,357603942,72652,374632967,-3305,-17029026,20928,107404934,46047,236314392,-25119,-128909458
2025/09/30,臺股期貨,自營商,6445,33341376,7841,40576633,-1396,-7235257,5287,27440760,2778,14416919,2509,13023841
2025/09/30,臺股期貨,投信,579,3005175,128,664306,451,2340870,27671,143629093,7804,40507442,19867,103121651
2025/09/30,臺股期貨,外資及陸資,51665,266914012,48635,251258013,3030,15655999,22485,116710813,44415,230536946,-21930,-113826133
2025/10/01,臺股期貨,自營商,11492,60091023,11727,61327576,-235,-1236553,5048,26292004,2814,14655236,2234,11636768
2025/10/01,臺股期貨,投信,329,1715139,153,800098,176,915042,27883,145231394,7840,40835424,20043,104395970
2025/10/01,臺股期貨,外資及陸資,50836,265622789,51280,267942157,-444,-2319368,21328,111090119,43677,227495436,-22349,-116405317
2025/10/02,臺股期貨,自營商,8623,45498054,8592,45323571,31,174483,5220,27585771,2934,15503059,2286,12082712
2025/10/02,臺股期貨,投信,287,1516714,76,401945,211,1114768,27993,147937406,7739,40899067,20254,107038339
2025/10/02,臺股期貨,外資及陸資,49993,263421164,50943,268438361,-950,-5017197,21563,113956800,44750,236493109,-23187,-122536309
2025/10/03,臺股期貨,自營商,10110,53765674,10709,56931033,-599,-3165359,4782,25570833,3062,16370945,1720,9199888
2025/10/03,臺股期貨,投信,162,866404,523,2796233,-361,-1929829,27497,147031958,7604,40660109,19893,106371849
2025/10/03,臺股期貨,外資及陸資,54680,290376803,52412,278309316,2268,12067487,23773,127122231,44625,238619946,-20852,-111497715
2025/10/07,臺股期貨,自營商,9643,52258632,9961,54023126,-318,-1764494,4640,25354429,3042,16619814,1598,8734615
2025/10/07,臺股期貨,投信,658,3593670,35,190599,623,3403071,27798,151871593,7282,39784479,20516,112087114
2025/10/07,臺股期貨,外資及陸資,54038,292309942,56790,307123613,-2752,-14813671,23925,130719432,47626,260209604,-23701,-129490172
2025/10/08,臺股期貨,自營商,10576,57295973,8772,47531977,1804,9763996,6214,33681985,2866,15534415,3348,18147570
2025/10/08,臺股期貨,投信,121,656002,332,1799145,-211,-1143143,27676,149965439,7371,39940501,20305,110024938
2025/10/08,臺股期貨,外資及陸資,51144,277249601,56836,308116506,-5692,-30866905,19719,106859412,50124,271624700,-30405,-164765288
2025/10/09,臺股期貨,自營商,9930,54267005,11130,60811118,-1200,-6544113,4754,25999897,2601,14228515,2153,11771382
2025/10/09,臺股期貨,投信,596,3261756,347,1896733,249,1365023,27754,151750573,7200,39366720,20554,112383853
2025/10/09,臺股期貨,外資及陸資,63404,346301667,61915,338204414,1489,8097253,23216,126990849,51968,284197103,-28752,-157206254
2025/10/13,臺股期貨,自營商,16400,88098769,14765,79319549,1635,8779221,6750,36358691,2525,13603815,4225,22754876
2025/10/13,臺股期貨,投信,20325,109297036,19564,105044275,761,4252761,28615,154247689,7300,39339436,21315,114908253
2025/10/13,臺股期貨,外資及陸資,102903,553317560,106996,575499651,-4093,-22182091,19592,105603194,52653,283768801,-33061,-178165607
2025/10/14,臺股期貨,自營商,18965,102778914,21944,119037776,-2979,-16258862,5168,27644506,3579,19148954,1589,8495552
2025/10/14,臺股期貨,投信,14600,79077188,14561,78800884,39,276304,28688,153591237,7334,39263671,21354,114327566
2025/10/14,臺股期貨,外資及陸資,117648,638174378,112086,608043394,5562,30130984,20750,111050591,48194,257950497,-27444,-146899906
2025/10/15,臺股期貨,自營商,22045,118700282,22494,121224050,-449,-2523768,2156,11767209,2699,14729420,-543,-2962211
2025/10/15,臺股期貨,投信,1178,6402133,681,3693481,497,2708652,28809,157233761,6958,37975372,21851,119258389
2025/10/15,臺股期貨,外資及陸資,86207,464139605,83492,449587383,2715,14552221,19516,106514611,41187,224791375,-21671,-118276764
2025/10/16,臺股期貨,自營商,12913,71208396,12641,69728386,272,1480010,2909,16184467,3215,17885687,-306,-1701220
2025/10/16,臺股期貨,投信,281,1562608,250,1388990,31,173619,28664,159475029,6782,37732335,21882,121742694
2025/10/16,臺股期貨,外資及陸資,81738,450441212,82081,452206729,-343,-1765517,19964,111071787,41999,233666266,-22035,-122594479
2025/10/17,臺股期貨,自營商,13722,75607838,12351,68066358,1371,7541480,4018,21962463,2935,16041426,1083,5921037
2025/10/17,臺股期貨,投信,354,1936282,432,2362150,-78,-425869,28775,157272646,6971,38100698,21804,119171948
2025/10/17,臺股期貨,外資及陸資,75527,416305033,77540,427440918,-2013,-11135885,16979,92801530,42565,232648183,-25586,-139846653
2025/10/20,臺股期貨,自營商,10230,56306691,11339,62469506,-1109,-6162815,3395,18863015,3434,19079295,-39,-216280
2025/10/20,臺股期貨,投信,531,2949783,26,144434,505,2805349,29123,161807388,6814,37858584,22309,123948804
2025/10/20,臺股期貨,外資及陸資,82044,450855268,81759,449327078,285,1528190,17104,95030354,42355,235325823,-25251,-140295469
2025/10/21,臺股期貨,自營商,8251,46030608,9230,51513616,-979,-5483008,2830,15753788,3872,21552956,-1042,-5799168
2025/10/21,臺股期貨,投信,151,840515,156,868458,-5,-27943,29085,161892932,6781,37744402,22304,124148530
2025/10/21,臺股期貨,外資及陸資,55777,311086772,53808,300083864,1969,11002908,18684,104000182,41966,233594853,-23282,-129594671
2025/10/22,臺股期貨,自營商,11925,66105697,10266,56884526,1659,9221171,3569,19778258,2973,16475129,596,3303129
2025/10/22,臺股期貨,投信,202,1120499,2229,12366979,-2027,-11246480,27062,149966779,6785,37599756,20277,112367023
2025/10/22,臺股期貨,外資及陸資,55061,305323734,57788,320505967,-2727,-15182233,16010,88721568,42105,233330482,-26095,-144608914
2025/10/23,臺股期貨,自營商,7581,41735173,7156,39401878,425,2333295,3771,20783581,2789,15371025,982,5412556
2025/10/23,臺股期貨,投信,141,777415,707,3897190,-566,-3119775,26593,146559343,6882,37928078,19711,108631265
2025/10/23,臺股期貨,外資及陸資,59964,330102321,58175,320243726,1789,9858595,16016,88268357,40323,222230946,-24307,-133962589
2025/10/27,臺股期貨,自營商,8474,47551776,10312,57877969,-1838,-10326193,3470,19584878,4319,24375974,-849,-4791096
2025/10/27,臺股期貨,投信,849,4790157,65,366732,784,4423425,27071,152783314,6576,37113629,20495,115669685
2025/10/27,臺股期貨,外資及陸資,51323,286947821,51367,287349733,-44,-401912,17910,101081770,42121,237725954,-24211,-136644184
2025/10/28,臺股期貨,自營商,8324,46793756,6957,39105981,1367,7687775,4233,23710149,3728,20881481,505,2828668
2025/10/28,臺股期貨,投信,43,240900,317,1775677,-274,-1534776,26863,150459667,6642,37201842,20221,113257825
2025/10/28,臺股期貨,外資及陸資,42894,241210476,46137,259472560,-3243,-18262084,16317,91392842,43771,245165056,-27454,-153772214
2025/10/29,臺股期貨,自營商,8329,47109344,9498,53741183,-1169,-6631839,3461,19669638,4146,23561784,-685,-3892146
2025/10/29,臺股期貨,投信,740,4204522,74,420421,666,3784101,27363,155498461,6476,36801813,20887,118696648
2025/10/29,臺股期貨,外資及陸資,46658,263680170,43725,247103990,2933,16576181,18655,106014355,43076,244796565,-24421,-138782210
2025/10/30,臺股期貨,自營商,9941,56428862,10006,56795164,-65,-366302,3179,18057239,3930,22322187,-751,-4264948
2025/10/30,臺股期貨,投信,139,788247,93,528235,46,260011,27413,155700359,6480,36805104,20933,118895255
2025/10/30,臺股期貨,外資及陸資,61815,350990475,62105,352658763,-290,-1668289,18258,103702825,43004,244257020,-24746,-140554195
2025/10/31,臺股期貨,自營商,9168,52124628,9820,55856966,-652,-3732338,3461,19681993,4848,27566459,-1387,-7884466
2025/10/31,臺股期貨,投信,189,1076444,3,17074,186,1059370,27595,156905175,6476,36822536,21119,120082639
2025/10/31,臺股期貨,外資及陸資,52124,296203820,50306,285857537,1818,10346283,19663,111806379,42599,242223870,-22936,-130417491
2025/11/03,臺股期貨,自營商,10255,58174176,8398,47657245,1857,10516932,4437,25154378,3883,22012049,554,3142329
2025/11/03,臺股期貨,投信,74,419503,190,1076979,-116,-657476,27556,156192928,6553,37143715,21003,119049213
2025/11/03,臺股期貨,外資及陸資,55132,312633626,58483,331608789,-3351,-18975163,17236,97701315,45116,255736815,-27880,-158035500
2025/11/04,臺股期貨,自營商,10389,58893085,10601,60129145,-212,-1236060,4496,25290318,4116,23151920,380,2138398
2025/11/04,臺股期貨,投信,0,0,384,2160030,-384,-2160030,27259,153299177,6640,37342032,20619,115957145
2025/11/04,臺股期貨,外資及陸資,58719,333227584,58752,333287483,-33,-59899,16846,94744495,44688,251330607,-27842,-156586112
2025/11/05,臺股期貨,自營商,18376,101933504,16093,89359573,2283,12573931,6368,35422254,3651,20309383,2717,15112871
2025/11/05,臺股期貨,投信,415,2308785,165,917775,250,1391010,27620,153611405,6751,37546362,20869,116065043
2025/11/05,臺股期貨,外資及陸資,81835,454997417,86117,478611496,-4282,-23614079,15145,84236591,47233,262707302,-32088,-178470711
2025/11/06,臺股期貨,自營商,7350,41161669,9745,54580404,-2395,-13418734,4953,27778894,4555,25542576,398,2236318
2025/11/06,臺股期貨,投信,321,1799681,17,95302,304,1704380,27823,155998009,6650,37285220,21173,118712789
2025/11/06,臺股期貨,外資及陸資,57488,321872726,55437,310392911,2051,11479815,17162,96231098,47079,263982596,-29917,-167751498
2025/11/07,臺股期貨,自營商,10916,60642901,9691,53830253,1225,6812648,5547,30759814,4035,22373815,1512,8385999
2025/11/07,臺股期貨,投信,58,321619,392,2173850,-334,-1852231,27680,153463466,6841,37927872,20839,115535594
2025/11/07,臺股期貨,外資及陸資,72578,403361087,73459,408318656,-881,-4957568,16556,91796420,47376,262680763,-30820,-170884343
2025/11/10,臺股期貨,自營商,9601,53203395,10145,56299455,-544,-3096059,5219,29248948,4267,23911081,952,5337867
2025/11/10,臺股期貨,投信,580,3248120,5,28015,575,3220105,28107,157489152,6693,37502218,21414,119986934
2025/11/10,臺股期貨,外資及陸資,73178,404590812,73199,404659444,-21,-68632,17333,97127249,47922,268533957,-30589,-171406708
2025/11/11,臺股期貨,自營商,8927,49973338,8009,44847369,918,5125969,6028,33498747,4140,23004813,1888,10493934
2025/11/11,臺股期貨,投信,76,423037,269,1495464,-193,-1072427,28001,155573818,6780,37669680,21221,117904138
2025/11/11,臺股期貨,外資及陸資,54664,305992200,55574,311131026,-910,-5138825,17165,95377087,48695,270571027,-31530,-175193940
2025/11/12,臺股期貨,自營商,7675,42884446,9342,52203356,-1667,-9318911,4316,24218909,4039,22663976,277,1554933
2025/11/12,臺股期貨,投信,513,2878637,56,314213,457,2564424,28348,159083233,6670,37430706,21678,121652527
2025/11/12,臺股期貨,外資及陸資,52491,293055471,51113,285373684,1378,7681787,19241,107975848,49205,276126129,-29964,-168150281
2025/11/13,臺股期貨,自營商,9669,54103548,8137,45538763,1532,8564785,5738,32110031,3925,21964885,1813,10145146
2025/11/13,臺股期貨,投信,230,1287439,184,1029581,46,257858,28397,158899021,6673,37339439,21724,121559582
2025/11/13,臺股期貨,外資及陸資,54671,306031793,56221,314725829,-1550,-8694035,18387,102893667,49901,279238763,-31514,-176345096
2025/11/14,臺股期貨,自營商,12939,71308948,12290,67725706,649,3583242,6820,37386851,4190,22969987,2630,14416864
2025/11/14,臺股期貨,投信,1411,7743685,772,4236552,639,3507133,29312,160655528,6949,38086079,22363,122569449
2025/11/14,臺股期貨,外資及陸資,72732,401382532,73881,407805425,-1149,-6422893,18329,100475819,52924,290099011,-34595,-189623192
2025/11/17,臺股期貨,自營商,17975,98654132,19946,109575901,-1971,-10921769,4997,27443494,4218,23172687,779,4270807
2025/11/17,臺股期貨,投信,19164,105447203,19592,107919889,-428,-2472686,28879,158616183,6944,38143516,21935,120472667
2025/11/17,臺股期貨,外資及陸資,131713,723279922,128698,706500793,3015,16779129,19298,106000455,50824,279142045,-31526,-173141590
2025/11/18,臺股期貨,自營商,23365,126603346,20497,111042698,2868,15560648,7064,37891387,3338,17906136,3726,19985251
2025/11/18,臺股期貨,投信,16250,87459795,15678,84372949,572,3086846,29787,159788428,7280,39052696,22507,120735732
2025/11/18,臺股期貨,外資及陸資,108908,590791114,112369,609526457,-3461,-18735343,16232,87070734,51279,275069786,-35047,-187999052
2025/11/19,臺股期貨,自營商,17951,96121748,18535,99250171,-584,-3128423,5043,26836630,3196,17008478,1847,9828152
2025/11/19,臺股期貨,投信,1454,7757149,770,4112657,684,3644492,30535,162482842,7344,39078893,23191,123403949
2025/11/19,臺股期貨,外資及陸資,79205,424557716,78967,423250261,238,1307455,15392,81905278,46439,247113745,-31047,-165208467
2025/11/20,臺股期貨,自營商,6946,37866046,9162,49946705,-2216,-12080659,3854,21185586,4318,23735569,-464,-2549983
2025/11/20,臺股期貨,投信,1139,6258310,228,1250923,911,5007387,31283,171956394,7181,39472521,24102,132483873
2025/11/20,臺股期貨,外資及陸資,73863,401457967,68154,370397943,5709,31060024,18243,100279307,42410,233120879,-24167,-132841572
2025/11/21,臺股期貨,自營商,15881,84988705,13222,70672336,2659,14316369,5946,31488783,3737,19789946,2209,11698837
2025/11/21,臺股期貨,投信,425,2252338,489,2590135,-64,-337797,31645,167566604,7607,40280586,24038,127286018
2025/11/21,臺股期貨,外資及陸資,91577,492253482,99015,532501108,-7438,-40247626,15579,82495869,48787,258342380,-33208,-175846511
2025/11/24,臺股期貨,自營商,10671,56651292,11875,63062671,-1204,-6411379,5526,29416911,4568,24314274,958,5102637
2025/11/24,臺股期貨,投信,171,909727,10,53139,161,856587,31807,169302300,7608,40495862,24199,128806438
2025/11/24,臺股期貨,外資及陸資,87560,464727368,85650,454590608,1910,10136761,17426,92756045,48612,258755973,-31186,-165999928
2025/11/25,臺股期貨,自營商,7113,38224850,8070,43371621,-957,-5146771,4720,25428034,4719,25418911,1,9123
2025/11/25,臺股期貨,投信,486,2617121,339,1824702,147,792419,32078,172791355,7732,41649191,24346,131142164
2025/11/25,臺股期貨,外資及陸資,59960,321833243,60112,322726898,-152,-893655,17872,96270200,47576,256276900,-29704,-160006700
2025/11/26,臺股期貨,自營商,10839,58835607,11180,60722891,-341,-1887284,5150,28158799,5509,30119871,-359,-1961072
2025/11/26,臺股期貨,投信,506,2767359,391,2136359,115,631000,32389,177096574,7928,43348718,24461,133747856
2025/11/26,臺股期貨,外資及陸資,62924,341028797,62010,336055744,914,4973053,19514,106698980,48171,263388946,-28657,-156689966
2025/11/27,臺股期貨,自營商,6486,35669476,7514,41341739,-1028,-5672263,4469,24652955,5922,32663291,-1453,-8010336
2025/11/27,臺股期貨,投信,1182,6517283,589,3245528,593,3271755,32067,176875159,7013,38682305,25054,138192854
2025/11/27,臺股期貨,外資及陸資,53307,292913874,52695,289509707,612,3404167,19133,105534935,47094,259764660,-27961,-154229725
2025/11/28,臺股期貨,自營商,5935,32864850,5901,32700657,34,164194,4228,23458396,5730,31785870,-1502,-8327474
2025/11/28,臺股期貨,投信,88,488161,255,1414452,-167,-926291,31821,176523815,6934,38465672,24887,138058143
2025/11/28,臺股期貨,外資及陸資,35034,193995231,33447,185170439,1587,8824792,20704,114854950,47025,260870819,-26321,-146015869
2025/12/01,臺股期貨,自營商,7780,42911262,6366,35106646,1414,7804617,4517,24762542,4534,24852835,-17,-90293
2025/12/01,臺股期貨,投信,46,253241,421,2307813,-375,-2054572,31602,173216882,7090,38861708,24512,134355174
2025/12/01,臺股期貨,外資及陸資,42142,232784936,44792,247386108,-2650,-14601172,18268,100133857,47300,259266514,-29032,-159132657
2025/12/02,臺股期貨,自營商,6676,36877795,7010,38732309,-334,-1854515,4369,24084656,4726,26050165,-357,-1965509
2025/12/02,臺股期貨,投信,66,363871,479,2640380,-413,-2276510,31134,171604381,7035,38775513,24099,132828868
2025/12/02,臺股期貨,外資及陸資,48969,270448504,48300,266776638,669,3671866,18502,101983657,46865,258315932,-28363,-156332275
2025/12/03,臺股期貨,自營商,8059,44761070,7395,41074304,664,3686765,4624,25676460,4376,24299078,248,1377382
2025/12/03,臺股期貨,投信,284,1577165,360,1997530,-76,-420365,30919,171662288,6896,38286592,24023,133375696
2025/12/03,臺股期貨,外資及陸資,46544,258467701,47405,263197499,-861,-4729798,18808,104429415,48032,266679743,-29224,-162250328
2025/12/04,臺股期貨,自營商,5928,32900349,5792,32165178,136,735171,4840,26913022,4455,24772882,385,2140140
2025/12/04,臺股期貨,投信,91,505950,2,11086,89,494864,31007,172386517,6895,38333442,24112,134053075
2025/12/04,臺股期貨,外資及陸資,44010,244286266,44225,245446378,-215,-1160112,19214,106830279,48653,270498513,-29439,-163668234
2025/12/05,臺股期貨,自營商,6152,34270689,7456,41554917,-1304,-7284227,4590,25719032,5509,30868567,-919,-5149535
2025/12/05,臺股期貨,投信,183,1024881,9,50385,174,974496,31065,174026130,6779,37975958,24286,136050172
2025/12/05,臺股期貨,外資及陸資,42467,236514911,39917,222288802,2550,14226108,21744,121822041,48567,272081409,-26823,-150259368
2025/12/08,臺股期貨,自營商,5858,32990976,5920,33345165,-62,-354190,4633,26213401,5607,31723490,-974,-5510089
2025/12/08,臺股期貨,投信,237,1340533,50,282749,187,1057784,31117,176022646,6644,37583779,24473,138438867
2025/12/08,臺股期貨,外資及陸資,40397,227310859,41042,230922698,-645,-3611839,22295,126131406,49758,281479862,-27463,-155348456
2025/12/09,臺股期貨,自營商,5428,30673024,3990,22558463,1438,8114561,5544,31294031,5087,28716655,457,2577376
2025/12/09,臺股期貨,投信,96,541818,243,1371496,-147,-829678,30973,174793028,6647,37511680,24326,137281348
2025/12/09,臺股期貨,外資及陸資,33839,191252318,37736,213252587,-3897,-22000269,20194,113977780,51621,291329675,-31427,-177351895
2025/12/10,臺股期貨,自營商,5197,29426453,6774,38373120,-1577,-8946667,4622,26258696,5752,32679336,-1130,-6420640
2025/12/10,臺股期貨,投信,662,3760240,79,448713,583,3311527,31481,178812080,6572,37328960,24909,141483120
2025/12/10,臺股期貨,外資及陸資,38840,219845512,36112,204399972,2728,15445540,21765,123640944,50394,286248670,-28629,-162607726
2025/12/11,臺股期貨,自營商,9681,54792596,8136,46074599,1545,8717997,5614,31561896,5219,29349308,395,2212588
2025/12/11,臺股期貨,投信,74,416514,481,2703357,-407,-2286843,31196,175328319,6694,37621619,24502,137706700
2025/12/11,臺股期貨,外資及陸資,54488,308694966,56812,321920796,-2324,-13225830,21050,118331212,52058,292596295,-31008,-174265083
2025/12/12,臺股期貨,自營商,9078,51296329,9699,54823834,-621,-3527504,5310,30056133,5528,31310820,-218,-1254687
2025/12/12,臺股期貨,投信,476,2693032,742,4195764,-266,-1502732,30792,174224380,6556,37094256,24236,137130124
2025/12/12,臺股期貨,外資及陸資,52557,296944973,50668,286276224,1889,10668749,22121,125222046,51153,289463895,-29032,-164241849
2025/12/15,臺股期貨,自營商,12893,72104872,10892,60909619,2001,11195253,7696,42991962,6129,34312036,1567,8679926
2025/12/15,臺股期貨,投信,19845,111178164,19942,111450558,-97,-272394,30625,171279282,6486,36264798,24139,135014484
2025/12/15,臺股期貨,外資及陸資,96073,537077887,100727,563486651,-4654,-26408763,20312,113620074,53998,301868196,-33686,-188248122
2025/12/16,臺股期貨,自營商,17065,94450482,16994,94033623,71,416859,7997,44278517,6323,35053400,1674,9225117
2025/12/16,臺股期貨,投信,17512,96814597,16654,91860441,858,4954156,31370,173964744,6373,35338761,24997,138625983
2025/12/16,臺股期貨,外資及陸資,90529,500901450,91056,503987990,-527,-3086541,17364,96264842,51577,285817748,-34213,-189552906
2025/12/17,臺股期貨,自營商,13136,72763662,12618,69894040,518,2869621,5329,29518505,5408,29951951,-79,-433446
2025/12/17,臺股期貨,投信,670,3710493,487,2699197,183,1011296,31388,173820511,6208,34378662,25180,139441849
2025/12/17,臺股期貨,外資及陸資,59377,328974800,59651,330529835,-274,-1555035,16177,89587014,45209,250368086,-29032,-160781072
2025/12/18,臺股期貨,自營商,9537,52692202,10788,59619020,-1251,-6926817,5678,31349777,7022,38764217,-1344,-7414440
2025/12/18,臺股期貨,投信,467,2579151,121,666757,346,1912394,31855,175826899,6329,34933548,25526,140893351
2025/12/18,臺股期貨,外資及陸資,67780,374742529,66126,365571975,1654,9170555,16867,93103525,45598,251693049,-28731,-158589524
2025/12/19,臺股期貨,自營商,8149,45399324,9675,53904228,-1526,-8504903,4237,23650071,7107,39658774,-2870,-16008703
2025/12/19,臺股期貨,投信,790,4407638,227,1266689,563,3140950,32346,180471309,6257,34910306,26089,145561003
2025/12/19,臺股期貨,外資及陸資,57988,322923628,54963,306013808,3025,16909820,20240,112931802,44668,249230590,-24428,-136298788
2025/12/22,臺股期貨,自營商,6104,34433979,6848,38647034,-744,-4213055,4021,22801792,7637,43294565,-3616,-20492773
2025/12/22,臺股期貨,投信,1371,7762287,143,810470,1228,6951817,33015,187135662,5698,32297404,27317,154838258
2025/12/22,臺股期貨,外資及陸資,44134,248671306,45558,256735533,-1424,-8064227,20106,113971401,45958,260509033,-25852,-146537632
2025/12/23,臺股期貨,自營商,4301,24416238,4902,27838453,-601,-3422215,3988,22674324,8204,46630568,-4216,-23956244
2025/12/23,臺股期貨,投信,573,3256316,89,505675,484,2750641,33496,190357808,5695,32364685,27801,157993123
2025/12/23,臺股期貨,外資及陸資,29860,169452357,29458,167166318,402,2286039,20004,113689634,45445,258273765,-25441,-144584131
2025/12/24,臺股期貨,自營商,4989,28393617,5816,33112490,-827,-4718873,3732,21258426,8777,49981650,-5045,-28723224
2025/12/24,臺股期貨,投信,671,3820676,198,1127480,473,2693196,33968,193393455,5694,32418220,28274,160975235
2025/12/24,臺股期貨,外資及陸資,30204,171891813,30230,172040064,-26,-148251,21338,121497851,45822,260895113,-24484,-139397262
2025/12/26,臺股期貨,自營商,5073,29027591,6336,36273328,-1263,-7245737,3451,19803712,9760,55987837,-6309,-36184125
2025/12/26,臺股期貨,投信,636,3648566,96,550699,540,3097866,34436,197504277,5622,32244419,28814,165259858
2025/12/26,臺股期貨,外資及陸資,26112,149374681,25104,143583650,1008,5791031,22479,128938253,45955,263581950,-23476,-134643697
2025/12/29,臺股期貨,自營商,5584,32224193,5726,33034966,-142,-810773,3427,19848634,9876,57177250,-6449,-37328616
2025/12/29,臺股期貨,投信,140,810202,1002,5798393,-862,-4988190,33474,193747555,5522,31961336,27952,161786219
2025/12/29,臺股期貨,外資及陸資,32009,184469807,30770,177355544,1239,7114262,24408,141288533,46581,269624572,-22173,-128336039
2025/12/30,臺股期貨,自營商,7636,44026318,4634,26730213,3002,17296105,4784,27640793,8226,47523195,-3442,-19882402
2025/12/30,臺股期貨,投信,215,1241973,987,5699784,-772,-4457811,32702,188854097,5522,31889550,27180,156964547
2025/12/30,臺股期貨,外資及陸資,32800,189066174,36886,212621603,-4086,-23555429,21047,121563034,47306,273208091,-26259,-151645057
2025/12/31,臺股期貨,自營商,7694,44515653,7274,42104784,420,2410869,4388,25478597,7406,42996785,-3018,-17518188
2025/12/31,臺股期貨,投信,192,1114129,676,3919558,-484,-2805429,32200,186850209,5504,31938611,26696,154911598
2025/12/31,臺股期貨,外資及陸資,34966,202272961,33766,195322497,1200,6950464,20994,121841163,46053,267252492,-25059,-145411329
2026/01/02,臺股期貨,自營商,7971,46660808,8721,51068160,-750,-4407352,4160,24538177,7911,46661279,-3751,-22123102
2026/01/02,臺股期貨,投信,411,2422527,71,418621,340,2003906,32414,191106507,5378,31707612,27036,159398895
2026/01/02,臺股期貨,外資及陸資,43512,254305809,41607,243191853,1905,11113956,23061,135991763,46215,272490720,-23154,-136498957
2026/01/05,臺股期貨,自營商,14288,85968754,15008,90325189,-720,-4356434,4134,25072809,8614,52243162,-4480,-27170353
2026/01/05,臺股期貨,投信,502,3044217,45,272710,457,2771507,32819,198942269,5326,32285147,27493,166657122
2026/01/05,臺股期貨,外資及陸資,73660,441906276,75638,453896818,-1978,-11990543,23747,143995715,48848,296127008,-25101,-152131293
2026/01/06,臺股期貨,自營商,10196,62054443,8097,49261278,2099,12793164,5484,33606398,7915,48519981,-2431,-14913583
2026/01/06,臺股期貨,投信,375,2288797,351,2150481,24,138316,32722,200435407,5205,31882707,27517,168552700
2026/01/06,臺股期貨,外資及陸資,45204,274748577,49583,301457830,-4379,-26709253,21970,134642423,51490,315422118,-29520,-180779695
2026/01/07,臺股期貨,自營商,10549,64474071,10245,62615957,304,1858114,5202,31770876,7283,44496563,-2081,-12725687
2026/01/07,臺股期貨,投信,0,0,536,3272606,-536,-3272606,32218,196632966,5237,31962458,26981,164670508
2026/01/07,臺股期貨,外資及陸資,46379,283425113,46345,283234606,34,190507,22073,134783099,51495,314315216,-29422,-179532117
2026/01/08,臺股期貨,自營商,7802,47603059,9158,55864128,-1356,-8261069,4414,26916146,7791,47505381,-3377,-20589235
2026/01/08,臺股期貨,投信,53,323312,203,1237157,-150,-913845,32068,195345494,5237,31901709,26831,163443785
2026/01/08,臺股期貨,外資及陸資,48574,296220761,45199,275667093,3375,20553668,22422,136645011,48469,295283972,-26047,-158638961
2026/01/09,臺股期貨,自營商,13412,81438194,13220,80291760,192,1146434,4691,28605397,7881,48051508,-3190,-19446111
2026/01/09,臺股期貨,投信,7,42635,285,1735695,-278,-1693061,31828,193851682,5275,32127915,26553,161723767
2026/01/09,臺股期貨,外資及陸資,56933,345984805,57431,349039050,-498,-3054245,22795,138894702,49378,300776313,-26583,-161881611
2026/01/12,臺股期貨,自營商,10183,62462745,9453,57995203,730,4467542,5036,30957380,7493,46071355,-2457,-15113975
2026/01/12,臺股期貨,投信,191,1172801,316,1940244,-125,-767443,31625,194177572,5197,31909580,26428,162267992
2026/01/12,臺股期貨,外資及陸資,47572,291623725,47908,293727902,-336,-2104177,23261,142894192,50153,307979645,-26892,-165085453
2026/01/13,臺股期貨,自營商,13100,80881962,12026,74238859,1074,6643103,5639,34853540,7068,43708822,-1429,-8855282
2026/01/13,臺股期貨,投信,94,580187,206,1269912,-112,-689726,31459,194227938,5143,31752882,26316,162475056
2026/01/13,臺股期貨,外資及陸資,57736,356368291,61073,377065222,-3337,-20696932,23109,142748873,53226,328659641,-30117,-185910768
2026/01/14,臺股期貨,自營商,12341,76557552,11106,68906113,1235,7651439,6766,41967362,6982,43344630,-216,-1377268
2026/01/14,臺股期貨,投信,30,185971,294,1821931,-264,-1635960,31171,193135593,5119,31717324,26052,161418269
2026/01/14,臺股期貨,外資及陸資,48505,300727790,52357,324625325,-3852,-23897535,23313,144532124,57270,354894410,-33957,-210362286
2026/01/15,臺股期貨,自營商,10975,67750935,11318,69885724,-343,-2134789,7373,45834223,7925,49273616,-552,-3439393
2026/01/15,臺股期貨,投信,508,3154123,49,303102,459,2851021,31630,196422796,5119,31788990,26511,164633806
2026/01/15,臺股期貨,外資及陸資,53630,330860105,53870,332365711,-240,-1505605,23635,146828653,58765,364988548,-35130,-218159895
2026/01/16,臺股期貨,自營商,16195,101612754,15733,98753159,462,2859595,6851,43157676,6968,43937463,-117,-779787
2026/01/16,臺股期貨,投信,616,3880969,130,818442,486,3062527,32030,201639642,5033,31683742,26997,169955900
2026/01/16,臺股期貨,外資及陸資,74313,466366244,72424,454468188,1889,11898056,26095,164446420,59344,373689686,-33249,-209243266
2026/01/19,臺股期貨,自營商,13182,83093563,12892,81351854,290,1741709,7522,47687341,7366,46790485,156,896856
2026/01/19,臺股期貨,投信,19505,123611938,19308,122035110,197,1576827,32149,204050106,4955,31453408,27194,172596698
2026/01/19,臺股期貨,外資及陸資,79052,498427775,79529,501701050,-477,-3273275,22781,144601937,56507,358457207,-33726,-213855270
2026/01/20,臺股期貨,自營商,14058,88900540,13718,86825822,340,2074718,7182,45539332,6699,42584949,483,2954383
2026/01/20,臺股期貨,投信,14315,91008089,14543,92201276,-228,-1193187,31920,202899262,4950,31476060,26970,171423202
2026/01/20,臺股期貨,外資及陸資,77565,490688936,76528,484343719,1037,6345217,21969,139618088,54644,347080816,-32675,-207462728
2026/01/21,臺股期貨,自營商,22232,139944633,20844,131215823,1388,8728810,3044,19177491,5969,37589252,-2925,-18411761
2026/01/21,臺股期貨,投信,308,1950297,677,4266257,-369,-2315960,28931,182097500,5041,31729062,23890,150368438
2026/01/21,臺股期貨,外資及陸資,83179,523631534,83202,523827341,-23,-195807,20490,128970735,44963,283023357,-24473,-154052622
2026/01/22,臺股期貨,自營商,11112,70740935,11393,72529393,-281,-1788458,2928,18677739,6154,39235512,-3226,-20557773
2026/01/22,臺股期貨,投信,516,3289552,286,1824177,230,1465376,29232,186283843,5112,32576731,24120,153707112
2026/01/22,臺股期貨,外資及陸資,71403,454172153,71214,452950244,189,1221909,20380,129877017,44673,284706728,-24293,-154829711
2026/01/23,臺股期貨,自營商,8819,56512257,9958,63829442,-1139,-7317185,2634,16961157,6980,44913396,-4346,-27952239
2026/01/23,臺股期貨,投信,746,4796764,103,662057,643,4134707,29799,191661208,5036,32390545,24763,159270663
2026/01/23,臺股期貨,外資及陸資,53066,340096915,51439,329601184,1627,10495731,21267,136788429,43933,282591479,-22666,-145803050
2026/01/26,臺股期貨,自營商,8504,54698248,6722,43242216,1782,11456032,3436,22111901,5991,38540219,-2555,-16428318
2026/01/26,臺股期貨,投信,757,4867770,82,527202,675,4340568,30503,196134290,5065,32567950,25438,163566340
2026/01/26,臺股期貨,外資及陸資,49769,320158857,53630,344947896,-3861,-24789039,17833,114669203,44360,285255696,-26527,-170586493
2026/01/27,臺股期貨,自營商,8223,53223847,8495,54978392,-272,-1754545,3400,22118261,6236,40555560,-2836,-18437299
2026/01/27,臺股期貨,投信,406,2638854,77,500473,329,2138382,30762,199983762,4995,32472495,25767,167511267
2026/01/27,臺股期貨,外資及陸資,48951,316550168,47739,308717758,1212,7832410,19233,125036487,44551,289640638,-25318,-164604151
2026/01/28,臺股期貨,自營商,8807,57670341,8525,55839564,282,1830777,3710,24445037,6287,41414373,-2577,-16969336
2026/01/28,臺股期貨,投信,763,5024977,68,447795,695,4577182,31336,206347560,4874,32095290,26462,174252270
2026/01/28,臺股期貨,外資及陸資,41588,272176539,44202,289235182,-2614,-17058643,18558,122207743,46490,306152370,-27932,-183944627
2026/01/29,臺股期貨,自營商,12369,81264487,10525,69149672,1844,12114815,5413,35496807,6241,40931494,-828,-5434687
2026/01/29,臺股期貨,投信,11,72092,88,576911,-77,-504819,31283,205053808,4898,32105410,26385,172948398
2026/01/29,臺股期貨,外資及陸資,62742,412348555,67512,443820243,-4770,-31471688,17591,115310072,50293,329682362,-32702,-214372290
2026/01/30,臺股期貨,自營商,16304,105364029,15868,102580241,436,2783788,6250,40338122,6646,42895727,-396,-2557605
2026/01/30,臺股期貨,投信,110,709631,928,5989595,-818,-5279964,30605,197414492,5038,32497115,25567,164917377
2026/01/30,臺股期貨,外資及陸資,79742,515683290,79684,515327649,58,355641,17509,112945991,50179,323705906,-32670,-210759915
2026/02/02,臺股期貨,自營商,17302,110010174,16705,106294944,597,3715230,6542,41394779,6331,40056173,211,1338606
2026/02/02,臺股期貨,投信,359,2270260,526,3326859,-167,-1056600,30636,193718656,5236,33108275,25400,160610381
2026/02/02,臺股期貨,外資及陸資,104925,667828911,99850,635515192,5075,32313720,21490,135891213,49163,310899625,-27673,-175008412
2026/02/03,臺股期貨,自營商,10207,65636876,11172,71844882,-965,-6208006,6075,39254187,6843,44206272,-768,-4952085
2026/02/03,臺股期貨,投信,1032,6662449,253,1625634,779,5036815,31227,201627678,5048,32593926,26179,169033752
2026/02/03,臺股期貨,外資及陸資,68492,440249132,67400,433312783,1092,6936349,22831,147424776,49327,318530535,-26496,-171105759
2026/02/04,臺股期貨,自營商,12013,77516793,11445,73872217,568,3644576,7076,45906632,7373,47828373,-297,-1921741
2026/02/04,臺股期貨,投信,403,2611100,141,914355,262,1696745,31460,203962610,5019,32539181,26441,171423429
2026/02/04,臺股期貨,外資及陸資,73487,473598238,72690,468581747,797,5016491,22837,148067426,48536,314706709,-25699,-166639283
2026/02/05,臺股期貨,自營商,13587,87150739,10676,68489859,2911,18660880,8882,56710887,6406,40910101,2476,15800786
2026/02/05,臺股期貨,投信,136,868998,492,3138434,-356,-2269437,31267,199498805,5182,33063233,26085,166435572
2026/02/05,臺股期貨,外資及陸資,86741,556797144,87729,563328808,-988,-6531664,23294,148641344,50037,319319998,-26743,-170678654
2026/02/06,臺股期貨,自營商,16526,104572941,17748,112459504,-1222,-7886563,8489,54019957,7218,45932494,1271,8087463
2026/02/06,臺股期貨,投信,333,2117178,559,3548978,-226,-1431800,31115,197828498,5256,33416597,25859,164411901
2026/02/06,臺股期貨,外資及陸資,106618,675689404,104982,665226117,1636,10463287,22080,140399032,47182,300041857,-25102,-159642825
2026/02/09,臺股期貨,自營商,10837,70477973,12817,83337013,-1980,-12859040,5997,39191276,6654,43494872,-657,-4303596
2026/02/09,臺股期貨,投信,5179,33856625,4190,27366782,989,6489843,31865,208131369,5017,32770290,26848,175361079
2026/02/09,臺股期貨,外資及陸資,72878,473018918,72715,472041203,163,977715,24970,163108997,48555,317181575,-23585,-154072578
2026/02/10,臺股期貨,自營商,15252,100783995,17134,113319054,-1882,-12535060,6590,43954965,9364,62559023,-2774,-18604058
2026/02/10,臺股期貨,投信,19392,128803568,18053,119640848,1339,9162720,32800,219096835,4613,30802343,28187,188294492
2026/02/10,臺股期貨,外資及陸資,96116,634681012,97509,644072054,-1393,-9391042,29343,195796710,54227,362020760,-24884,-166224050
2026/02/11,臺股期貨,自營商,13892,93320501,12856,86389183,1036,6931318,6973,47065169,8844,59818223,-1871,-12753054
2026/02/11,臺股期貨,投信,13543,91640556,12815,86486677,728,5153879,33372,225837768,4457,30163193,28915,195674575
2026/02/11,臺股期貨,外資及陸資,92045,617859647,94814,636755112,-2769,-18895465,29426,198852903,57091,386047536,-27665,-187194633
2026/02/23,臺股期貨,自營商,15343,104647637,14719,100415617,624,4232019,3646,24789283,7091,48209557,-3445,-23420274
2026/02/23,臺股期貨,投信,745,5073694,417,2834838,328,2238856,33726,229141189,4483,30458399,29243,198682790
2026/02/23,臺股期貨,外資及陸資,77230,525561248,82494,561540556,-5264,-35979308,20336,138167388,51188,347790987,-30852,-209623599
2026/02/24,臺股期貨,自營商,9753,67329991,10557,72877912,-804,-5547921,4218,29406642,8458,58959431,-4240,-29552789
2026/02/24,臺股期貨,投信,1025,7139727,89,620364,936,6519363,34649,241413443,4470,31144278,30179,210269165
2026/02/24,臺股期貨,外資及陸資,63394,436267624,61956,426753888,1438,9513735,23438,163302679,52810,367965869,-29372,-204663190
2026/02/25,臺股期貨,自營商,12782,90374180,11998,84858528,784,5515652,4705,33419062,8095,57493616,-3390,-24074554
2026/02/25,臺股期貨,投信,958,6798713,100,709615,858,6089098,35374,251077577,4337,30783159,31037,220294418
2026/02/25,臺股期貨,外資及陸資,67330,475223392,73683,520191236,-6353,-44967843,22000,156155062,57753,409950230,-35753,-253795168
2026/02/26,臺股期貨,自營商,7495,53345121,8001,56946643,-506,-3601522,4481,31938362,8310,59221555,-3829,-27283193
2026/02/26,臺股期貨,投信,309,2201256,98,697808,211,1503448,35582,253422120,4334,30867615,31248,222554505
2026/02/26,臺股期貨,外資及陸資,57709,410603551,58154,413822835,-445,-3219284,21917,156100571,58085,413725603,-36168,-257625032
2026/03/02,臺股期貨,自營商,14171,100037587,12106,85411124,2065,14626463,6178,43562584,7966,56183376,-1788,-12620792
2026/03/02,臺股期貨,投信,404,2848010,207,1458943,197,1389067,35847,252635317,4402,31023535,31445,221611782
2026/03/02,臺股期貨,外資及陸資,85902,606121500,89427,631042453,-3525,-24920954,18093,127517395,59367,418436641,-41274,-290919246
2026/03/03,臺股期貨,自營商,18604,129529112,16774,116683544,1830,12845567,7434,51076935,7374,50682167,60,394768
2026/03/03,臺股期貨,投信,278,1909853,1030,7080800,-752,-5170947,35246,242006085,4553,31261809,30693,210744276
2026/03/03,臺股期貨,外資及陸資,114050,795223006,113127,789096598,923,6126408,19351,132877537,59772,410471235,-40421,-277593698
2026/03/04,臺股期貨,自營商,32058,213635782,27160,180812414,4898,32823368,11130,73199323,6059,39860359,5071,33338964
2026/03/04,臺股期貨,投信,726,4776683,870,5723200,-144,-946517,35473,233206597,4924,32371361,30549,200835236
2026/03/04,臺股期貨,外資及陸資,172476,1149763691,173748,1158737190,-1272,-8973499,19134,125818166,60767,399554348,-41633,-273736182
2026/03/05,臺股期貨,自營商,11679,78726842,13372,90112449,-1693,-11385607,9673,65158992,6273,42261053,3400,22897939
2026/03/05,臺股期貨,投信,1900,12794467,358,2417878,1542,10376589,36769,247573031,4678,31497910,32091,216075121
2026/03/05,臺股期貨,外資及陸資,118598,798157017,118242,795852015,356,2305002,15797,106392015,56931,383389822,-41134,-276997807
2026/03/06,臺股期貨,自營商,12061,80775672,12536,83984944,-475,-3209272,9345,63016877,6425,43329855,2920,19687022
2026/03/06,臺股期貨,投信,413,2784025,138,930849,275,1853176,37044,249698786,4678,31532527,32366,218166259
2026/03/06,臺股期貨,外資及陸資,123851,828183200,121647,813515052,2204,14668148,16819,113397231,55749,375837092,-38930,-262439861
2026/03/09,臺股期貨,自營商,20634,132293856,18585,119274359,2049,13019497,10099,64445800,5096,32521587,5003,31924213
2026/03/09,臺股期貨,投信,1639,10488304,598,3823789,1041,6664515,38564,246053746,5157,32903723,33407,213150023
2026/03/09,臺股期貨,外資及陸資,134512,870548372,136124,881049867,-1612,-10501495,13164,84012806,53626,342186688,-40462,-258173882
2026/03/10,臺股期貨,自營商,11867,77747600,13757,90138154,-1890,-12390554,9261,60619343,6165,40352676,3096,20266667
2026/03/10,臺股期貨,投信,1714,11218805,88,574667,1626,10644138,39856,260793750,4823,31558818,35033,229234932
2026/03/10,臺股期貨,外資及陸資,112116,732129109,110388,721221221,1728,10907888,14595,95535457,51451,336720904,-36856,-241185447
2026/03/11,臺股期貨,自營商,12693,85251414,13709,92025870,-1016,-6774456,8618,58638618,6488,44142860,2130,14495758
2026/03/11,臺股期貨,投信,1547,10532490,9,61220,1538,10471271,41108,279567286,4537,30855230,36571,248712056
2026/03/11,臺股期貨,外資及陸資,97798,653295677,101921,681097070,-4123,-27801393,14944,101669499,55902,380264558,-40958,-278595059
2026/03/12,臺股期貨,自營商,12602,84798614,10277,69133211,2325,15665402,10261,68832055,5728,38420690,4533,30411365
2026/03/12,臺股期貨,投信,147,993815,362,2426200,-215,-1432385,41026,274972662,4670,31300208,36356,243672454
2026/03/12,臺股期貨,外資及陸資,88995,599259411,91039,613132824,-2044,-13873413,12194,81775134,55258,370483457,-43064,-288708323
2026/03/13,臺股期貨,自營商,15640,103828906,14784,98185531,856,5643375,11704,78031194,6295,41962649,5409,36068545
2026/03/13,臺股期貨,投信,1137,7586569,897,5972123,240,1614446,41371,275578856,4775,31805320,36596,243773536
2026/03/13,臺股期貨,外資及陸資,100943,668963926,98290,651560009,2653,17403917,12916,86091731,53263,354924072,-40347,-268832341
2026/03/16,臺股期貨,自營商,18796,125195616,18495,123305258,301,1890359,11360,75647838,5704,38013471,5656,37634367
2026/03/16,臺股期貨,投信,25051,167531016,26307,175439740,-1256,-7908724,40075,267176708,4735,31559112,35340,235617596
2026/03/16,臺股期貨,外資及陸資,130397,867114613,128556,855403022,1841,11711591,13733,91470845,52245,348216248,-38512,-256745403
2026/03/17,臺股期貨,自營商,10697,72200813,13428,90680090,-2731,-18479278,9235,62498756,6279,42544977,2956,19953779
2026/03/17,臺股期貨,投信,19321,131025053,18371,124271038,950,6754015,40880,277289987,4590,31135806,36290,246154181
2026/03/17,臺股期貨,外資及陸資,90806,612656960,88529,597581432,2277,15075528,16754,113451102,52912,358680530,-36158,-245229428
2026/03/18,臺股期貨,自營商,14569,99799723,15214,104301330,-645,-4501607,2703,18691793,5830,40298815,-3127,-21607022
2026/03/18,臺股期貨,投信,1420,9806231,709,4873850,711,4932381,41449,286478908,4448,30742797,37001,255736111
2026/03/18,臺股期貨,外資及陸資,64836,443717544,65710,449670662,-874,-5953117,13055,90231324,47604,329030801,-34549,-238799477
2026/03/19,臺股期貨,自營商,12285,83517966,7964,54081559,4321,29436407,5703,38297019,4525,30385314,1178,7911705
2026/03/19,臺股期貨,投信,70,471306,764,5132335,-694,-4661029,40974,275009293,4667,31323971,36307,243685322
2026/03/19,臺股期貨,外資及陸資,74135,504287711,78004,531029072,-3869,-26741360,9789,65703779,50614,339731922,-40825,-274028143
2026/03/20,臺股期貨,自營商,10462,70143279,12218,81977706,-1756,-11834426,4149,27865863,4735,31796743,-586,-3930880
2026/03/20,臺股期貨,投信,430,2887350,77,516703,353,2370648,41314,277291305,4654,31236717,36660,246054588
2026/03/20,臺股期貨,外資及陸資,98492,658570123,94051,628836183,4441,29733940,10562,70892996,46928,314990158,-36366,-244097162
2026/03/23,臺股期貨,自營商,10096,66010079,9544,62405419,552,3604660,4562,29718817,4616,30070354,-54,-351537
2026/03/23,臺股期貨,投信,1121,7308230,320,2085934,801,5222296,42310,275514258,4849,31575718,37461,243938540
2026/03/23,臺股期貨,外資及陸資,94994,624418141,96252,632782630,-1258,-8364488,8931,58160267,46648,303775271,-37717,-245615004
2026/03/24,臺股期貨,自營商,10142,66836779,10881,71870542,-739,-5033763,3838,25176916,4626,30339110,-788,-5162194
2026/03/24,臺股期貨,投信,450,2954118,130,856649,320,2097470,42735,280179207,4954,32479415,37781,247699792
2026/03/24,臺股期貨,外資及陸資,121234,801692875,117789,779030589,3445,22662286,10873,71289694,44981,294918317,-34108,-223628623
2026/03/25,臺股期貨,自營商,7331,49045950,9098,60964954,-1767,-11919004,2990,20123861,5469,36787186,-2479,-16663325
2026/03/25,臺股期貨,投信,1420,9548653,172,1158549,1248,8390104,43837,294786290,4808,32331877,39029,262454413
2026/03/25,臺股期貨,外資及陸資,81604,544311333,83486,556833397,-1882,-12522064,9961,66988854,45908,308730013,-35947,-241741159
2026/03/26,臺股期貨,自營商,7142,48089664,6450,43492548,692,4597116,3560,23830664,5332,35676536,-1772,-11845872
2026/03/26,臺股期貨,投信,100,668021,645,4307346,-545,-3639325,43360,290000352,4876,32611663,38484,257388689
2026/03/26,臺股期貨,外資及陸資,74567,502633686,75746,510527097,-1179,-7893411,10102,67571803,47167,315482281,-37065,-247910478
2026/03/27,臺股期貨,自營商,7842,51704998,6991,46195740,851,5509258,4263,28268579,5207,34515313,-944,-6246734
2026/03/27,臺股期貨,投信,77,510261,392,2597760,-315,-2087499,43167,285990008,4998,33112750,38169,252877258
2026/03/27,臺股期貨,外資及陸資,71254,470739088,74082,489344627,-2828,-18605539,8029,53202832,47948,317688466,-39919,-264485634
2026/03/30,臺股期貨,自營商,8340,54170110,7182,46693206,1158,7476904,4447,28913355,4247,27603493,200,1309862
2026/03/30,臺股期貨,投信,163,1059924,862,5603262,-699,-4543338,42613,276814048,5143,33408928,37470,243405120
2026/03/30,臺股期貨,外資及陸資,77702,505285607,75037,488129268,2665,17156339,8986,58381730,46268,300579909,-37282,-242198179
2026/03/31,臺股期貨,自營商,10450,67206264,10036,64499689,414,2706575,4699,30066991,4079,26093920,620,3973071
2026/03/31,臺股期貨,投信,432,2761173,247,1578127,185,1183046,42903,274184492,5248,33538918,37655,240645574
2026/03/31,臺股期貨,外資及陸資,86706,559233989,86638,558848718,68,385271,10045,64208755,47259,302055909,-37214,-237847154
2026/04/01,臺股期貨,自營商,7308,48130258,11573,76277882,-4265,-28147624,3315,22176544,6865,45862595,-3550,-23686051
2026/04/01,臺股期貨,投信,1475,9843880,215,1434156,1260,8409724,43996,293796489,5081,33929902,38915,259866587
2026/04/01,臺股期貨,外資及陸資,85126,557489505,80802,529398394,4324,28091111,14923,99663976,46296,309187865,-31373,-209523889
2026/04/02,臺股期貨,自營商,8901,58866292,6242,41356737,2659,17509556,4298,27980050,5033,32740773,-735,-4760723
2026/04/02,臺股期貨,投信,141,920072,1043,6792037,-902,-5871964,43302,281506302,5289,34383789,38013,247122513
2026/04/02,臺股期貨,外資及陸資,86899,577591911,90367,600794551,-3468,-23202640,11742,76346171,46597,302959551,-34855,-226613380
2026/04/07,臺股期貨,自營商,4789,31639924,6275,41470638,-1486,-9830715,3993,26535451,6294,41785169,-2301,-15249718
2026/04/07,臺股期貨,投信,623,4133609,360,2388181,263,1745428,43389,287903371,5113,33926800,38276,253976571
2026/04/07,臺股期貨,外資及陸資,68593,450748643,65088,427859453,3505,22889190,14038,93160629,45388,301201353,-31350,-208040724
2026/04/08,臺股期貨,自營商,10137,69737317,13751,94886784,-3614,-25149467,3522,24706284,9432,66075887,-5910,-41369603
2026/04/08,臺股期貨,投信,2461,17210967,453,3169952,2008,14041015,44663,312783922,4379,30667013,40284,282116909
2026/04/08,臺股期貨,外資及陸資,87926,596854072,89075,604769854,-1149,-7915782,14559,101973856,47037,329439405,-32478,-227465549
2026/04/09,臺股期貨,自營商,7941,55558361,6581,46068997,1360,9489364,3938,27558820,8541,59690798,-4603,-32131978
2026/04/09,臺股期貨,投信,353,2468636,683,4765014,-330,-2296377,44325,309604419,4371,30530561,39954,279073858
2026/04/09,臺股期貨,外資及陸資,61592,431504225,62496,437800729,-904,-6296504,13893,97061372,47292,330372390,-33399,-233311018
2026/04/10,臺股期貨,自營商,6873,48586475,8573,60644965,-1700,-12058489,3556,25353503,9851,70116548,-6295,-44763045
2026/04/10,臺股期貨,投信,1528,10877833,936,6654077,592,4223757,44782,318581850,4236,30134057,40546,288447793
2026/04/10,臺股期貨,外資及陸資,54119,381464634,55123,388593734,-1004,-7129099,13115,93347661,47518,338104718,-34403,-244757057
2026/04/13,臺股期貨,自營商,13325,94757660,13960,99477655,-635,-4719995,3842,27354145,11166,79478184,-7324,-52124039
2026/04/13,臺股期貨,投信,26806,191318803,27619,196178810,-813,-4860007,43999,313002536,4266,30328458,39733,282674078
2026/04/13,臺股期貨,外資及陸資,84575,601382806,86167,613386538,-1592,-12003732,15086,107361580,51082,363369580,-35996,-256008000
2026/04/14,臺股期貨,自營商,12028,87207326,13838,100438096,-1810,-13230769,3340,24434510,12548,91858248,-9208,-67423738
2026/04/14,臺股期貨,投信,22293,162849900,20831,151432160,1462,11417740,45225,331470186,4030,29539094,41195,301931092
2026/04/14,臺股期貨,外資及陸資,73399,530675790,74093,536503194,-694,-5827405,16327,119486355,52991,388053117,-36664,-268566762
2026/04/15,臺股期貨,自營商,13060,96429342,12415,91691091,645,4738251,2975,22024081,10378,76784107,-7403,-54760026
2026/04/15,臺股期貨,投信,1981,14672823,931,6881575,1050,7791248,46195,341704415,3950,29218150,42245,312486265
2026/04/15,臺股期貨,外資及陸資,51954,383184671,53788,396789391,-1834,-13604720,16346,120911393,53129,393014145,-36783,-272102752
2026/04/16,臺股期貨,自營商,8070,60181904,7426,55391017,644,4790887,3499,26367500,10277,77407027,-6778,-51039527
2026/04/16,臺股期貨,投信,763,5733613,383,2882630,380,2850983,46486,350030283,3861,29072558,42625,320957725
2026/04/16,臺股期貨,外資及陸資,46019,342929609,48086,358290069,-2067,-15360459,16924,127438275,56607,426266050,-39683,-298827775
2026/04/17,臺股期貨,自營商,9363,69688397,8066,60034556,1297,9653841,3888,28852790,9356,69404507,-5468,-40551717
2026/04/17,臺股期貨,投信,300,2224646,633,4693176,-333,-2468530,46238,342882513,3946,29261958,42292,313620555
2026/04/17,臺股期貨,外資及陸資,55411,412322471,56878,423240064,-1467,-10917593,18245,135300683,59396,440482591,-41151,-305181908
2026/04/20,臺股期貨,自營商,7924,59467525,6759,50753103,1165,8714422,4020,29964329,8284,61725800,-4264,-31761471
2026/04/20,臺股期貨,投信,421,3142156,611,4557920,-190,-1415764,46043,342928264,3941,29352568,42102,313575696
2026/04/20,臺股期貨,外資及陸資,53905,404996698,54540,409786892,-635,-4790194,18280,136154014,60898,453600927,-42618,-317446913
2026/04/21,臺股期貨,自營商,7433,56222593,8371,63374240,-938,-7151647,3311,25220232,8514,64817676,-5203,-39597444
2026/04/21,臺股期貨,投信,985,7493874,182,1384971,803,6108903,46684,355246566,3779,28756678,42905,326489888
2026/04/21,臺股期貨,外資及陸資,56915,429758319,55580,419635622,1335,10122697,20082,152820546,61377,467085962,-41295,-314265416
2026/04/22,臺股期貨,自營商,7665,58405735,6890,52540106,775,5865629,3404,26046816,7804,59680901,-4400,-33634085
2026/04/22,臺股期貨,投信,711,5432644,1864,14242428,-1153,-8809784,45531,348002539,3779,28883653,41752,319118886
2026/04/22,臺股期貨,外資及陸資,58624,445779444,59884,455348589,-1260,-9569146,19557,149483125,62112,474770497,-42555,-325287372
2026/04/23,臺股期貨,自營商,12047,92039663,10375,79331096,1672,12708567,3543,26859178,6661,50470843,-3118,-23611665
2026/04/23,臺股期貨,投信,130,985437,573,4336124,-443,-3350687,45286,342824077,3977,30106685,41309,312717392
2026/04/23,臺股期貨,外資及陸資,81079,619451639,82557,630573243,-1478,-11121604,18185,137673415,62212,471011504,-44027,-333338089
2026/04/24,臺股期貨,自營商,9951,76983688,11928,92188147,-1977,-15204459,2923,22960328,7885,61890708,-4962,-38930380
2026/04/24,臺股期貨,投信,790,6197005,372,2909677,418,3287329,45735,358763634,4008,31440355,41727,327323279
2026/04/24,臺股期貨,外資及陸資,87607,673785016,84205,647690946,3402,26094070,20056,157336394,60689,476110806,-40633,-318774412
2026/04/27,臺股期貨,自營商,10064,80587325,8990,71975366,1074,8611960,3168,25321474,6960,55610258,-3792,-30288784
2026/04/27,臺股期貨,投信,1577,12594743,659,5288287,918,7306455,47132,376311314,4487,35825105,42645,340486209
2026/04/27,臺股期貨,外資及陸資,75634,603565106,79237,632297555,-3603,-28732448,18523,147899093,62746,501015734,-44223,-353116641
2026/04/28,臺股期貨,自營商,6773,54081759,5702,45589024,1071,8492735,4294,34162828,7002,55687731,-2708,-21524903
2026/04/28,臺股期貨,投信,221,1756799,293,2328495,-72,-571697,47093,374229234,4520,35918632,42573,338310602
2026/04/28,臺股期貨,外資及陸資,60657,483921666,62255,496608528,-1598,-12686862,17922,142436089,63791,506980388,-45869,-364544299
2026/04/29,臺股期貨,自營商,7450,58786017,5933,46830684,1517,11955333,4732,37416183,6049,47801109,-1317,-10384926
2026/04/29,臺股期貨,投信,182,1437017,560,4426352,-378,-2989335,46801,369531336,4606,36368055,42195,333163281
2026/04/29,臺股期貨,外資及陸資,63721,502640432,63787,503150453,-66,-510021,18063,142647412,65137,514382573,-47074,-371735161
2026/04/30,臺股期貨,自營商,5551,43883684,5850,46269952,-299,-2386268,4708,37094282,6247,49192453,-1539,-12098171
2026/04/30,臺股期貨,投信,378,2975040,256,2014710,122,960330,46884,368902066,4567,35934983,42317,332967083
2026/04/30,臺股期貨,外資及陸資,70159,554377821,67153,530626691,3006,23751130,19569,154006546,63613,500605400,-44044,-346598854
2026/05/04,臺股期貨,自營商,8414,68188696,9257,74917280,-843,-6728584,4399,36162270,6363,52281201,-1964,-16118931
2026/05/04,臺股期貨,投信,1909,15663623,120,973835,1789,14689787,48625,399269600,4519,37106413,44106,362163187
2026/05/04,臺股期貨,外資及陸資,63806,513516622,64682,520869088,-876,-7352466,21596,177366400,65100,534619107,-43504,-357252707
2026/05/05,臺股期貨,自營商,5958,48737234,4825,39507480,1133,9229754,4812,39540120,5660,46491629,-848,-6951509
2026/05/05,臺股期貨,投信,416,3412701,313,2565115,103,847586,48828,400721630,4619,37907209,44209,362814421
2026/05/05,臺股期貨,外資及陸資,55251,451879891,59358,485421356,-4107,-33541466,20156,165459518,68843,565063270,-48687,-399603752
2026/05/06,臺股期貨,自營商,8756,72643640,9096,75494228,-340,-2850588,4524,37615452,5761,47883222,-1237,-10267770
2026/05/06,臺股期貨,投信,1178,9779644,289,2389981,889,7389663,49865,414019122,4767,39579448,45098,374439674
2026/05/06,臺股期貨,外資及陸資,70092,580688000,72372,599619962,-2280,-18931961,19078,158453996,70045,581664421,-50967,-423210425
2026/05/07,臺股期貨,自營商,6583,55513355,6389,53902733,194,1610622,4645,39406764,5679,48171273,-1034,-8764509
2026/05/07,臺股期貨,投信,1433,12142506,354,2999114,1079,9143392,50998,431973459,4821,40835798,46177,391137661
2026/05/07,臺股期貨,外資及陸資,64604,543572221,64767,544909031,-163,-1336810,20333,172289443,71465,605447363,-51132,-433157920
2026/05/08,臺股期貨,自營商,8444,70954827,7801,65535257,643,5419571,5377,45168528,5877,49371076,-500,-4202548
2026/05/08,臺股期貨,投信,549,4604985,419,3513197,130,1091788,51381,430891342,5074,42551579,46307,388339763
2026/05/08,臺股期貨,外資及陸資,64846,545320391,67163,564852723,-2317,-19532332,20593,172765288,75123,630134978,-54530,-457369690
2026/05/11,臺股期貨,自營商,5438,45743609,4896,41183583,542,4560027,5626,47313585,5600,47082984,26,230601
2026/05/11,臺股期貨,投信,520,4367448,218,1830719,302,2536729,51653,433565173,5044,42338327,46609,391226846
2026/05/11,臺股期貨,外資及陸資,46985,394945204,46705,392650145,280,2295059,21382,179535628,75607,634767716,-54225,-455232088
2026/05/12,臺股期貨,自營商,8548,71856076,8865,74510034,-317,-2653958,4948,41369630,5332,44553515,-384,-3183885
2026/05/12,臺股期貨,投信,80,673186,1824,15311936,-1744,-14638750,49961,416716905,5096,42504717,44865,374212188
2026/05/12,臺股期貨,外資及陸資,62966,529168915,61813,519482954,1153,9685962,22285,185940069,75357,628699206,-53072,-442759137
2026/05/13,臺股期貨,自營商,11927,98579030,11091,91737878,836,6841152,6129,50920767,5746,47710547,383,3210220
2026/05/13,臺股期貨,投信,123,1020871,401,3325518,-278,-2304647,49734,412278806,5147,42666571,44587,369612235
2026/05/13,臺股期貨,外資及陸資,78302,646718755,78007,644213294,295,2505461,22098,183257165,74858,620729829,-52760,-437472664
2026/05/14,臺股期貨,自營商,9670,80740615,9346,78027359,324,2713256,6419,53564946,5797,48345585,622,5219361
2026/05/14,臺股期貨,投信,1326,11094542,2797,23335302,-1471,-12240760,48561,404406643,5445,45341604,43116,359065039
2026/05/14,臺股期貨,外資及陸資,67513,562780979,65840,548898769,1673,13882210,22401,186607095,73469,612000443,-51068,-425393348
2026/05/15,臺股期貨,自營商,12290,102739650,12411,103790871,-121,-1051221,6648,54710657,5914,48610832,734,6099825
2026/05/15,臺股期貨,投信,4896,40741377,6274,51942482,-1378,-11201104,47469,389429127,5731,46991908,41738,342437219
2026/05/15,臺股期貨,外資及陸資,87746,733441244,87588,732432673,158,1008571,20970,172118736,71933,590386950,-50963,-418268214
2026/05/18,臺股期貨,自營商,11797,96118100,10988,89628294,809,6489806,7090,58052122,5540,45343642,1550,12708480
2026/05/18,臺股期貨,投信,21806,178644039,23821,194304505,-2015,-15660466,45517,372292956,5794,47287283,39723,325005673
2026/05/18,臺股期貨,外資及陸資,120641,982858301,114645,934601574,5996,48256728,21791,178152482,66787,546286535,-44996,-368134053
2026/05/19,臺股期貨,自營商,13756,112006684,12858,104678682,898,7328002,7824,63215213,5212,42114315,2612,21100898
2026/05/19,臺股期貨,投信,21730,176102534,22811,184378778,-1081,-8276244,44542,359886636,5900,47639720,38642,312246916
2026/05/19,臺股期貨,外資及陸資,107942,878849662,108319,882523148,-377,-3673486,21448,173101705,66824,539668003,-45376,-366566298
2026/05/20,臺股期貨,自營商,14693,118019292,14120,113482405,573,4536887,6772,54396892,4324,34767181,2448,19629711
2026/05/20,臺股期貨,投信,1575,12639800,1234,9923049,341,2716751,44928,360538214,5945,47707436,38983,312830778
2026/05/20,臺股期貨,外資及陸資,78660,632068411,79463,638454277,-803,-6385866,18699,150056076,61443,493103122,-42744,-343047046
2026/05/21,臺股期貨,自營商,5521,45489026,6728,55367078,-1207,-9878052,5861,48693493,4606,38289923,1255,10403570
2026/05/21,臺股期貨,投信,2212,18371805,468,3887344,1744,14484461,46431,385405159,5718,47462831,40713,337942328
2026/05/21,臺股期貨,外資及陸資,52852,434463553,54577,449007629,-1725,-14544076,17834,148033147,62288,517045783,-44454,-369012636
2026/05/22,臺股期貨,自營商,7809,65423778,8158,68471217,-349,-3047439,5609,47673964,4680,39796544,929,7877420
2026/05/22,臺股期貨,投信,1408,11958581,74,625599,1334,11332982,47640,404511240,5593,47490163,42047,357021077
2026/05/22,臺股期貨,外資及陸資,63776,533043599,65835,550237973,-2059,-17194374,16747,142199476,63230,536911646,-46483,-394712170
2026/05/25,臺股期貨,自營商,7287,63265355,6488,56373085,799,6892270,6816,59854427,5088,44704823,1728,15149604
2026/05/25,臺股期貨,投信,1227,10760998,256,2244240,971,8516758,48466,425240684,5448,47800752,43018,377439932
2026/05/25,臺股期貨,外資及陸資,50077,432975709,55015,475944197,-4938,-42968489,16232,142420194,67690,593936349,-51458,-451516155
2026/05/26,臺股期貨,自營商,5816,51111226,5563,48875469,253,2235757,7482,65691097,5489,48221111,1993,17469986
2026/05/26,臺股期貨,投信,466,4086302,148,1296744,318,2789558,48784,427972275,5448,47794214,43336,380178061
2026/05/26,臺股期貨,外資及陸資,42871,376915562,45745,402170266,-2874,-25254704,15813,138725005,70204,615914522,-54391,-477189517
2026/05/27,臺股期貨,自營商,8693,77589063,9070,81082613,-377,-3493550,6929,62131091,5268,47262502,1661,14868589
2026/05/27,臺股期貨,投信,2004,17932366,67,600107,1937,17332259,50621,453503415,5348,47911662,45273,405591753
2026/05/27,臺股期貨,外資及陸資,65947,588669397,67896,605976532,-1949,-17307135,15979,143153197,72281,647583690,-56302,-504430493
2026/05/28,臺股期貨,自營商,10254,91308112,7730,68986113,2524,22321999,8355,73312811,4471,39275105,3884,34037706
2026/05/28,臺股期貨,投信,420,3677467,926,8120866,-506,-4443399,50140,439617492,5373,47109389,44767,392508103
2026/05/28,臺股期貨,外資及陸資,97173,867914680,97718,873296653,-545,-5381973,16585,145414472,74781,655704587,-58196,-510290115
2026/05/29,臺股期貨,自營商,5973,53756130,7784,69880982,-1811,-16124852,6682,60614363,4608,41831653,2074,18782710
2026/05/29,臺股期貨,投信,2230,20205044,71,642353,2159,19562690,52228,473342364,5302,48052026,46926,425290338
2026/05/29,臺股期貨,外資及陸資,67169,601685342,70680,633283794,-3511,-31598452,15766,142887696,76416,692587925,-60650,-549700229
2026/06/01,臺股期貨,自營商,7196,65908847,6817,62487825,379,3421022,7217,66526464,4761,43926867,2456,22599597
2026/06/01,臺股期貨,投信,1663,15325116,170,1567829,1493,13757287,53713,494600047,5294,48748211,48419,445851836
2026/06/01,臺股期貨,外資及陸資,67306,614601442,71284,651010799,-3978,-36409356,16134,148565866,80807,744129772,-64673,-595563906
2026/06/02,臺股期貨,自營商,7546,69314961,7439,68414885,107,900076,7664,70749158,5100,47123735,2564,23625423
2026/06/02,臺股期貨,投信,1408,12981051,62,569613,1346,12411438,55075,507824545,5310,48961386,49765,458863159
2026/06/02,臺股期貨,外資及陸資,72749,669381423,75092,690930652,-2343,-21549229,15432,142293027,82450,760288172,-67018,-617995145
2026/06/03,臺股期貨,自營商,6391,59718624,6420,59993729,-29,-275105,6981,65510088,4507,42336826,2474,23173262
2026/06/03,臺股期貨,投信,1630,15277478,91,852449,1539,14425029,56541,529868336,5237,49078022,51304,480790314
2026/06/03,臺股期貨,外資及陸資,52717,491986093,52540,490327675,177,1658418,15473,145006636,82245,770823207,-66772,-625816571
2026/06/04,臺股期貨,自營商,7876,73165388,7137,66294074,739,6871314,8233,76353813,5014,46559194,3219,29794619
2026/06/04,臺股期貨,投信,920,8528809,366,3391202,554,5137607,57154,529360359,5296,49051552,51858,480308807
2026/06/04,臺股期貨,外資及陸資,56385,524491688,59089,549706207,-2704,-25214519,15138,140212465,84614,783784750,-69476,-643572285
2026/06/05,臺股期貨,自營商,11223,101997410,9722,88419368,1501,13578042,9340,84592783,4533,41137250,4807,43455533
2026/06/05,臺股期貨,投信,580,5254587,278,2518148,302,2736439,57526,520334193,5366,48536543,52160,471797650
2026/06/05,臺股期貨,外資及陸資,94404,860482411,93388,851319592,1016,9162819,12857,116302993,82003,741862012,-69146,-625559019
2026/06/08,臺股期貨,自營商,13215,114680970,12619,109230550,596,5450420,9637,83142240,4191,36228407,5446,46913833
2026/06/08,臺股期貨,投信,2611,22525790,897,7737534,1714,14788256,59541,513040994,5667,48830272,53874,464210722
2026/06/08,臺股期貨,外資及陸資,121288,1057735361,117764,1026847511,3524,30887851,11990,103321967,77491,667820783,-65501,-564498816
2026/06/09,臺股期貨,自營商,5988,52891379,7276,64284715,-1288,-11393336,8335,74574655,4258,38145962,4077,36428693
2026/06/09,臺股期貨,投信,2415,21553933,1036,9211485,1379,12342448,60730,542665311,5477,48939186,55253,493726125
2026/06/09,臺股期貨,外資及陸資,86981,767160971,84593,746194035,2388,20966936,9344,83501729,71215,636459151,-61871,-552957422
2026/06/10,臺股期貨,自營商,12786,112147051,11735,102893883,1051,9253169,8420,73141041,3567,31043235,4853,42097806
2026/06/10,臺股期貨,投信,2478,21685068,3545,30891906,-1067,-9206837,59889,519473786,5703,49464400,54186,470009386
2026/06/10,臺股期貨,外資及陸資,121660,1067037765,121741,1068292182,-81,-1254417,9129,79188873,71078,616630428,-61949,-537441555
2026/06/11,臺股期貨,自營商,12484,107353729,13190,113526187,-706,-6172458,8380,72540972,4225,36624401,4155,35916571
2026/06/11,臺股期貨,投信,4977,42847643,3851,33080415,1126,9767228,61092,528175333,5780,49961164,55312,478214169
2026/06/11,臺股期貨,外資及陸資,131010,1128010289,132192,1138328574,-1182,-10318285,8969,77542654,72137,623778711,-63168,-546236057
2026/06/12,臺股期貨,自營商,9191,81108279,9655,85309327,-464,-4201048,8116,71885532,4548,40341302,3568,31544230
2026/06/12,臺股期貨,投信,7574,67205224,5775,51177755,1799,16027469,62719,554979142,5608,49593787,57111,505385355
2026/06/12,臺股期貨,外資及陸資,107098,942877386,108998,959865353,-1900,-16987968,9318,82465135,74357,658082331,-65039,-575617196
2026/06/15,臺股期貨,自營商,9924,90158622,10872,98862773,-948,-8704151,8351,76308134,5733,52533648,2618,23774486
2026/06/15,臺股期貨,投信,29633,271222783,29042,264918411,591,6304372,63010,576552736,5308,48425444,57702,528127292
2026/06/15,臺股期貨,外資及陸資,116193,1050669368,119107,1078046806,-2914,-27377438,12920,118072928,79654,728728457,-66734,-610655529
2026/06/16,臺股期貨,自營商,10739,98568214,11303,103693713,-564,-5125499,7794,71494678,5575,51185998,2219,20308680
2026/06/16,臺股期貨,投信,22087,202656405,22895,209706038,-808,-7049633,62169,569947048,5275,48343375,56894,521603673
2026/06/16,臺股期貨,外資及陸資,82664,758125629,85809,787434876,-3145,-29309247,11803,108137171,81650,748469715,-69847,-640332544
2026/06/17,臺股期貨,自營商,12912,117570227,11054,100735770,1858,16834456,4121,38027191,4049,37364091,72,663100
2026/06/17,臺股期貨,投信,1911,17421574,1722,15705497,189,1716077,62358,573830788,5275,48541605,57083,525289183
2026/06/17,臺股期貨,外資及陸資,61433,559611592,62162,566362774,-729,-6751182,9996,91990366,77390,712242277,-67394,-620251911
2026/06/18,臺股期貨,自營商,5782,53658901,5728,53248379,54,410522,4252,39855646,4189,39276059,63,579587
2026/06/18,臺股期貨,投信,1880,17543845,366,3415539,1514,14128307,63555,594264672,4958,46359283,58597,547905389
2026/06/18,臺股期貨,外資及陸資,63627,590169033,63404,588143609,223,2025425,10085,94303824,78422,733360226,-68337,-639056402
2026/06/22,臺股期貨,自營商,5996,57515373,6623,63421173,-627,-5905800,3687,35808791,4250,41267548,-563,-5458757
2026/06/22,臺股期貨,投信,2600,25158675,1,9638,2599,25149037,66059,639821050,4863,47101073,61196,592719977
2026/06/22,臺股期貨,外資及陸資,53439,509398974,55445,528756792,-2006,-19357818,11004,106585296,81294,787462391,-70290,-680877095
2026/06/23,臺股期貨,自營商,7638,73618180,6155,59312661,1483,14305518,5232,49772611,4302,40937838,930,8834773
2026/06/23,臺股期貨,投信,209,1983842,1225,11626790,-1016,-9642948,65128,617895387,4948,46943655,60180,570951732
2026/06/23,臺股期貨,外資及陸資,66487,642791401,72623,702158656,-6136,-59367255,10506,99682210,87008,825614957,-76502,-725932747
2026/06/24,臺股期貨,自營商,13158,122165226,10703,99395374,2455,22769852,7647,71116316,4370,40678851,3277,30437465
2026/06/24,臺股期貨,投信,1469,13630490,892,8287776,577,5342714,66066,613184972,5309,49292113,60757,563892859
2026/06/24,臺股期貨,外資及陸資,96344,894829587,101221,940127312,-4877,-45297725,7263,67424621,90868,843522910,-83605,-776098289
2026/06/25,臺股期貨,自營商,6748,62443728,7071,65574385,-323,-3130657,7349,68537548,4346,40569944,3003,27967604
2026/06/25,臺股期貨,投信,1022,9512209,858,7986941,164,1525268,66672,620409629,5751,53540455,60921,566869174
2026/06/25,臺股期貨,外資及陸資,91800,846589931,89291,824028244,2509,22561688,6034,56161256,87085,810506206,-81051,-754344950
2026/06/26,臺股期貨,自營商,15027,136283545,13550,122387925,1477,13895621,8088,72050266,3447,30770388,4641,41279878
2026/06/26,臺股期貨,投信,901,8027170,575,5127899,326,2899272,67223,597639359,5976,53150730,61247,544488629
2026/06/26,臺股期貨,外資及陸資,119155,1084550645,114455,1042721443,4700,41829202,7493,66628987,83884,745913523,-76391,-679284536
2026/06/29,臺股期貨,自營商,5912,53249279,8030,72437802,-2118,-19188522,6536,59705176,4121,37672507,2415,22032669
2026/06/29,臺股期貨,投信,1906,17328330,191,1737286,1715,15591043,69122,629784366,6160,56154879,62962,573629487
2026/06/29,臺股期貨,外資及陸資,83462,750635169,83763,753626780,-301,-2991610,7494,68293119,84121,766601512,-76627,-698308393
2026/06/30,臺股期貨,自營商,6002,55581898,6839,63452768,-837,-7870870,6022,56480522,4451,41756896,1571,14723626
2026/06/30,臺股期貨,投信,3734,34892047,73,680793,3661,34211255,72749,680625094,6126,57340847,66623,623284247
2026/06/30,臺股期貨,外資及陸資,67659,624664692,74113,684651624,-6454,-59986932,5391,50450286,88454,827697657,-83063,-777247371
2026/07/01,臺股期貨,自營商,6418,60587881,6351,59934030,67,653852,6129,58029771,4537,42959343,1592,15070428
2026/07/01,臺股期貨,投信,1119,10599548,548,5181909,571,5417639,73084,690222783,5890,55660491,67194,634562292
2026/07/01,臺股期貨,外資及陸資,54357,512484562,55445,522765302,-1088,-10280740,5526,52203659,89694,847232264,-84168,-795028605
2026/07/02,臺股期貨,自營商,7514,70098107,5472,51144087,2042,18954019,8087,75529454,4404,41166023,3683,34363431
2026/07/02,臺股期貨,投信,153,1428155,937,8750214,-784,-7322059,72344,674335777,5934,55346320,66410,618989457
2026/07/02,臺股期貨,外資及陸資,72116,673218146,72383,675942850,-267,-2724705,4770,44480749,89257,832138161,-84487,-787657412
2026/07/03,臺股期貨,自營商,6902,63961116,7547,70285380,-645,-6324264,7819,73643562,4748,44743825,3071,28899737
2026/07/03,臺股期貨,投信,965,9073074,162,1519104,803,7553970,73101,687152298,5888,55383342,67213,631768956
2026/07/03,臺股期貨,外資及陸資,84770,786164437,81315,754354151,3455,31810286,6178,58097693,87230,820121380,-81052,-762023687
2026/07/06,臺股期貨,自營商,4071,38334094,4491,42319405,-420,-3985311,7201,67685444,4531,42610411,2670,25075033
2026/07/06,臺股期貨,投信,1149,10841142,1108,10411332,41,429810,73263,686887640,6009,56386795,67254,630500845
2026/07/06,臺股期貨,外資及陸資,48892,460442236,48000,452132325,892,8309911,6297,59069965,86384,810086464,-80087,-751016499
2026/07/07,臺股期貨,自營商,9599,89216796,8725,80801239,874,8415557,8255,75651750,4462,40918141,3793,34733609
2026/07/07,臺股期貨,投信,4144,38207227,3211,29580244,933,8626983,74373,679835781,6186,56594303,68187,623241478
2026/07/07,臺股期貨,外資及陸資,70707,658601916,70618,658215974,89,385942,6562,60012723,86604,791865413,-80042,-731852690
2026/07/08,臺股期貨,自營商,7150,65151892,7640,69701215,-490,-4549323,8047,73517922,4736,43283019,3311,30234903
2026/07/08,臺股期貨,投信,4698,43015043,2898,26436941,1800,16578102,76013,692985100,6026,54974391,69987,638010709
2026/07/08,臺股期貨,外資及陸資,80320,731920919,81515,743087474,-1195,-11166555,5632,51399559,86900,792463089,-81268,-741063530
2026/07/09,臺股期貨,自營商,7489,68392046,8439,77152690,-950,-8760643,7455,68296266,5212,47769736,2243,20526530
2026/07/09,臺股期貨,投信,7421,68185516,5719,52315804,1702,15869712,77706,710124202,6017,55009742,71689,655114460
2026/07/09,臺股期貨,外資及陸資,87694,798802069,87226,794995895,468,3806174,6562,60008754,87292,797925628,-80730,-737916874
2026/07/13,臺股期貨,自營商,10859,99670218,11802,108494241,-943,-8824023,7010,64181193,5740,52643090,1270,11538103
2026/07/13,臺股期貨,投信,38464,354122113,38359,350384134,105,3737979,77830,712836885,6036,55104188,71794,657732697
2026/07/13,臺股期貨,外資及陸資,115858,1062738070,116287,1069330042,-429,-6591972,10564,96449940,91630,838870243,-81066,-742420303
2026/07/14,臺股期貨,自營商,18415,165031400,17580,158013049,835,7018351,7573,68237918,5221,47125630,2352,21112288
2026/07/14,臺股期貨,投信,30931,277031117,28852,256845189,2079,20185928,79928,721505121,6055,54537257,73873,666967864
2026/07/14,臺股期貨,外資及陸資,130107,1166274183,132326,1187371511,-2219,-21097328,10732,96522287,94122,849133079,-83390,-752610792
2026/07/15,臺股期貨,自營商,8774,79913086,10717,97646365,-1943,-17733279,3941,36404678,4605,42508599,-664,-6103921
2026/07/15,臺股期貨,投信,6242,57219234,4469,40853445,1773,16365789,81601,751806333,5955,54864606,75646,696941727
2026/07/15,臺股期貨,外資及陸資,61727,561690489,60535,551182103,1192,10508385,7319,67433521,86876,800498844,-79557,-733065323
2026/07/16,臺股期貨,自營商,6015,54932418,4682,42872836,1333,12059582,5377,49252384,4720,43225525,657,6026859
2026/07/16,臺股期貨,投信,736,6735595,118,1081082,618,5654513,82210,751251422,5946,54335737,76264,696915685
2026/07/16,臺股期貨,外資及陸資,71374,652820513,74581,682079318,-3207,-29258805,5895,53873332,90348,825740742,-84453,-771867410
2026/07/17,臺股期貨,自營商,16071,141254728,12057,104446076,4014,36808652,8531,72821828,3865,33034244,4666,39787584
2026/07/17,臺股期貨,投信,626,5404052,1675,14324541,-1049,-8920490,81369,693328975,6154,52437003,75215,640891972
2026/07/17,臺股期貨,外資及陸資,94608,831968180,95415,840939545,-807,-8971364,6867,58518521,93056,793051616,-86189,-734533095
2026/07/20,臺股期貨,自營商,5897,50704025,7592,65276090,-1695,-14572065,7093,60637360,4119,35228147,2974,25409213
2026/07/20,臺股期貨,投信,222,1901270,2991,25630459,-2769,-23729189,78642,671005001,6196,52866750,72446,618138251
2026/07/20,臺股期貨,外資及陸資,99254,853672617,92693,797198998,6561,56473619,10496,89561715,88833,758082784,-78337,-668521069
2026/07/21,臺股期貨,自營商,3287,28840147,5051,44279922,-1764,-15439775,5607,49887061,4404,39169192,1203,10717869
2026/07/21,臺股期貨,投信,3184,28211991,60,525530,3124,27686461,81608,724271000,6038,53587250,75570,670683750
2026/07/21,臺股期貨,外資及陸資,60799,530469350,60997,532389732,-198,-1920382,9379,83243942,87869,779974121,-78490,-696730179
2026/07/22,臺股期貨,自營商,4593,41284814,4658,41905027,-65,-620213,5108,45727345,3969,35519201,1139,10208144
2026/07/22,臺股期貨,投信,461,4121525,408,3659512,53,462014,81796,730356484,6173,55118717,75623,675237767
2026/07/22,臺股期貨,外資及陸資,57256,514049610,56791,509804105,465,4245505,8455,75499303,85050,759539261,-76595,-684039958
2026/07/23,臺股期貨,自營商,3092,27719537,3497,31354626,-405,-3635089,4944,44527475,4205,37850415,739,6677060
2026/07/23,臺股期貨,投信,59,529773,190,1706614,-131,-1176841,81714,733987834,6222,55888493,75492,678099341
2026/07/23,臺股期貨,外資及陸資,51077,457679165,49680,445186121,1397,12493045,8155,73256259,83353,748837997,-75198,-675581738
2026/07/24,臺股期貨,自營商,6958,61349062,5421,47735722,1537,13613340,6543,57441056,4285,37623080,2258,19817976
2026/07/24,臺股期貨,投信,135,1193316,1789,15643857,-1654,-14450541,80216,702916765,6378,55889138,73838,647027627
2026/07/24,臺股期貨,外資及陸資,69751,615831080,70795,625297768,-1044,-9466688,7107,62281378,83367,730645145,-76260,-668363767
2026/07/27,臺股期貨,自營商,4163,36319394,4506,39391235,-343,-3071842,6543,57532131,4652,40896947,1891,16635184
2026/07/27,臺股期貨,投信,642,5616294,369,3229747,273,2386548,80139,703299864,6028,52901728,74111,650398136
2026/07/27,臺股期貨,外資及陸資,68092,594670149,69338,605548616,-1246,-10878466,6870,60297206,85569,751084731,-78699,-690787525
2026/07/28,臺股期貨,自營商,9484,80190749,8795,73974196,689,6216553,7675,63940834,5087,42365545,2588,21575289
2026/07/28,臺股期貨,投信,2080,17446952,1305,10872485,775,6574466,79411,660270701,4525,37623565,74886,622647136
2026/07/28,臺股期貨,外資及陸資,78517,668178106,81061,690521039,-2544,-22342933,7401,61556313,89656,745633614,-82255,-684077301
2026/07/29,臺股期貨,自營商,12186,98976083,11803,95988311,383,2987772,7399,59800062,4847,39158704,2552,20641358
2026/07/29,臺股期貨,投信,1407,11530316,1551,12513302,-144,-982986,78241,631060610,3499,28221534,74742,602839076
2026/07/29,臺股期貨,外資及陸資,112272,918607328,112797,922657025,-525,-4049697,11982,96678008,94767,764543287,-82785,-667865279
2026/07/30,臺股期貨,自營商,8948,72462872,9565,77393618,-617,-4930746,6991,56441635,4995,40306880,1996,16134755
2026/07/30,臺股期貨,投信,1291,10408120,176,1421729,1115,8986390,79257,638589500,3400,27394480,75857,611195020
2026/07/30,臺股期貨,外資及陸資,109127,883393887,107346,869072904,1781,14320983,13822,111431104,94839,764338993,-81017,-652907889
2026/07/31,臺股期貨,自營商,7583,65268505,11958,103260466,-4375,-37991961,4767,41802482,7144,62534469,-2377,-20731987
2026/07/31,臺股期貨,投信,9649,84376678,181,1576061,9468,82800618,88383,772944688,3058,26743433,85325,746201255
2026/07/31,臺股期貨,外資及陸資,79661,678072898,83953,715789471,-4292,-37716573,12704,111170593,95219,832927612,-82515,-721757019
