Date,Adj Close,Close,High,Low,Open,Volume
1997-07-02,8996.6787109375,8996.7197265625,9124.2998046875,8988.1298828125,9094.26953125,0
1997-07-03,9027.5888671875,9027.6298828125,9061.599609375,8997.509765625,9061.599609375,0
1997-07-04,9192.5283203125,9192.5703125,9218.2099609375,9119.25,9144.9599609375,0
1997-07-07,9322.7978515625,9322.83984375,9370.41015625,9304.8203125,9365.1904296875,0
1997-07-08,9305.2275390625,9305.26953125,9371.5,9282.099609375,9345.5498046875,0
1997-07-09,9362.6376953125,9362.6796875,9415.580078125,9343.2998046875,9391.2802734375,0
1997-07-10,9429.6982421875,9429.740234375,9511.7998046875,9420.7099609375,9470.9296875,0
1997-07-11,9394.587890625,9394.6298828125,9526.740234375,9333.7900390625,9498.0703125,0
1997-07-14,9593.49609375,9593.5400390625,9626.33984375,9561.080078125,9626.33984375,0
1997-07-15,9555.9375,9555.98046875,9714.7802734375,9451.4501953125,9714.7802734375,0
1997-07-16,9544.5166015625,9544.5595703125,9648.4296875,9482.4501953125,9634.7900390625,0
1997-07-17,9571.755859375,9571.7998046875,9889.4501953125,9571.7998046875,9742.580078125,0
1997-07-18,9677.3564453125,9677.400390625,9677.400390625,9555.98046875,9669.740234375,0
1997-07-21,9833.724609375,9833.76953125,9896.73046875,9750.7001953125,9814.25,0
1997-07-22,9550.357421875,9550.400390625,9877.3896484375,9543.759765625,9877.3896484375,0
1997-07-23,9381.017578125,9381.0595703125,9694.2802734375,9345.900390625,9694.2802734375,0
1997-07-24,9632.3759765625,9632.419921875,9632.419921875,9475.5400390625,9500.8603515625,0
1997-07-25,9808.865234375,9808.91015625,9819.76953125,9710.26953125,9719.0595703125,0
1997-07-28,9923.00390625,9923.0498046875,9995.3701171875,9899.580078125,9929.98046875,0
1997-07-29,9892.294921875,9892.33984375,10057.9501953125,9892.33984375,9980.1103515625,0
1997-07-30,9942.744140625,9942.7900390625,10000.6103515625,9898.2998046875,9953.9404296875,0
1997-07-31,10066.302734375,10066.349609375,10113.5703125,10050.9296875,10111.830078125,0
1997-08-01,10001.513671875,10001.5595703125,10102.76953125,9942.33984375,9953.3095703125,0
1997-08-04,10065.712890625,10065.759765625,10167.3095703125,10059.08984375,10167.3095703125,0
1997-08-05,9919.6337890625,9919.6796875,10077.080078125,9914.099609375,10077.080078125,0
1997-08-06,9861.4248046875,9861.4697265625,9991.3203125,9833.4404296875,9991.3203125,0
1997-08-07,9840.8349609375,9840.8798828125,9962.2099609375,9822.1396484375,9935.2099609375,0
1997-08-08,9923.7939453125,9923.83984375,9934.5400390625,9851.7900390625,9921.91015625,0
1997-08-11,9897.224609375,9897.26953125,10036.0400390625,9863.6298828125,10035.3798828125,0
1997-08-12,9807.6953125,9807.740234375,9932.33984375,9759.3603515625,9895.990234375,0
1997-08-13,9556.0771484375,9556.1201171875,9870.240234375,9547.7998046875,9870.240234375,0
1997-08-14,9632.2958984375,9632.33984375,9659.6904296875,9501.6298828125,9659.6904296875,0
1997-08-15,9770.7548828125,9770.7998046875,9804.2001953125,9700.75,9728.490234375,0
1997-08-19,9712.4052734375,9712.4501953125,9806.2900390625,9703.900390625,9788.240234375,0
1997-08-20,9855.115234375,9855.16015625,9856.58984375,9797.25,9831.5595703125,0
1997-08-21,10025.0830078125,10025.1298828125,10054.5498046875,9983.33984375,9983.33984375,0
1997-08-22,10020.5029296875,10020.5498046875,10056.16015625,9979.73046875,9992.2802734375,0
1997-08-25,10011.423828125,10011.4697265625,10057.0703125,9994.75,10026.509765625,0
1997-08-26,10116.79296875,10116.83984375,10166.919921875,10082.009765625,10134.2998046875,0
1997-08-27,10050.623046875,10050.669921875,10256.099609375,10040.48046875,10191.8095703125,0
1997-08-28,9827.4453125,9827.490234375,10067.48046875,9796.8798828125,10067.48046875,0
1997-09-01,9504.947265625,9504.990234375,9861.75,9499.51953125,9861.75,0
1997-09-02,9211.6279296875,9211.669921875,9564.4404296875,9185.490234375,9564.4404296875,0
1997-09-03,9460.716796875,9460.759765625,9502.73046875,9375.76953125,9460.75,0
1997-09-04,9147.8076171875,9147.849609375,9466.6103515625,9117.8701171875,9421.33984375,0
1997-09-05,9290.34765625,9290.3896484375,9304.099609375,9141.4296875,9278.3095703125,0
1997-09-08,9149.248046875,9149.2900390625,9357.0302734375,9133.4296875,9357.0302734375,0
1997-09-09,9079.318359375,9079.3603515625,9174.4296875,9002.76953125,9154.0595703125,0
1997-09-10,9145.1376953125,9145.1796875,9269.8701171875,9134.4296875,9242.98046875,0
1997-09-11,9115.0576171875,9115.099609375,9134.4501953125,9027.8798828125,9038.900390625,0
1997-09-12,9155.1982421875,9155.240234375,9191.7197265625,9142.5302734375,9157.23046875,0
1997-09-15,8931.978515625,8932.01953125,9020.73046875,8898.1298828125,8996.7099609375,0
1997-09-17,9087.5078125,9087.5498046875,9123.169921875,9020.3701171875,9070.23046875,0
1997-09-18,9141.2880859375,9141.330078125,9141.330078125,9055.3701171875,9075.3203125,0
1997-09-19,9243.66796875,9243.7099609375,9292.1201171875,9187.2099609375,9189.58984375,0
1997-09-22,9220.9482421875,9220.990234375,9288.9501953125,9216.580078125,9257.08984375,0
1997-09-23,9073.7275390625,9073.76953125,9230.08984375,9053.76953125,9230.08984375,0
1997-09-24,8993.978515625,8994.01953125,9083.9501953125,8978.73046875,9032.0,0
1997-09-25,8791.76953125,8791.8095703125,9168.1103515625,8785.9599609375,9168.1103515625,0
1997-09-26,8718.9599609375,8719.0,8829.099609375,8599.8203125,8750.7802734375,0
1997-09-30,8708.7900390625,8708.830078125,8812.009765625,8658.0595703125,8806.83984375,0
1997-10-01,8694.9794921875,8695.01953125,8737.080078125,8625.83984375,8737.080078125,0
1997-10-02,8504.6201171875,8504.66015625,8733.6103515625,8502.2998046875,8698.669921875,0
1997-10-03,8537.1396484375,8537.1796875,8537.1796875,8393.8798828125,8393.8798828125,0
1997-10-06,8392.5498046875,8392.58984375,8498.740234375,8384.349609375,8405.2998046875,0
1997-10-07,8221.3095703125,8221.349609375,8368.2900390625,8177.5400390625,8285.2802734375,0
1997-10-08,8255.7802734375,8255.8203125,8325.6103515625,8204.91015625,8285.8896484375,0
1997-10-09,8461.830078125,8461.8701171875,8461.8701171875,8364.759765625,8373.2001953125,0
1997-10-13,8463.1201171875,8463.16015625,8512.5703125,8444.1796875,8503.7998046875,0
1997-10-14,8429.3095703125,8429.349609375,8489.3798828125,8391.2998046875,8480.76953125,0
1997-10-15,8262.3603515625,8262.400390625,8392.5400390625,8256.3203125,8381.2998046875,0
1997-10-16,7997.7724609375,7997.81005859375,8203.1298828125,7967.41015625,8177.39013671875,0
1997-10-17,7832.11376953125,7832.14990234375,8084.18994140625,7654.8798828125,8084.18994140625,0
1997-10-20,7316.74609375,7316.77978515625,7579.85986328125,7274.97021484375,7579.85986328125,0
1997-10-21,7734.0146484375,7734.0498046875,7734.0498046875,7468.830078125,7468.830078125,0
1997-10-22,7692.43505859375,7692.47021484375,7835.5498046875,7529.35986328125,7752.31982421875,0
1997-10-23,7824.9736328125,7825.009765625,7901.81005859375,7669.759765625,7739.5498046875,0
1997-10-24,7719.0048828125,7719.0400390625,7741.81005859375,7536.02978515625,7536.02978515625,0
1997-10-27,7662.49462890625,7662.52978515625,7788.419921875,7655.990234375,7719.85986328125,0
1997-10-28,7209.9765625,7210.009765625,7339.60009765625,7186.7001953125,7280.64013671875,0
1997-10-29,7089.52783203125,7089.56005859375,7391.31005859375,7089.56005859375,7391.31005859375,0
1997-10-30,7313.3662109375,7313.39990234375,7315.81982421875,7040.5400390625,7136.240234375,0
1997-11-03,7646.31494140625,7646.35009765625,7651.6298828125,7406.10009765625,7419.33984375,0
1997-11-04,7785.2841796875,7785.31982421875,7940.2001953125,7764.02978515625,7835.60009765625,0
1997-11-05,7864.18359375,7864.22021484375,7864.22021484375,7733.22021484375,7733.22021484375,0
1997-11-06,8076.732421875,8076.77001953125,8090.14013671875,7983.919921875,7987.080078125,0
1997-11-07,7860.05322265625,7860.08984375,8137.02001953125,7778.66015625,8076.52001953125,0
1997-11-10,7767.1044921875,7767.14013671875,7810.990234375,7644.52001953125,7724.8701171875,0
1997-11-11,7712.125,7712.16015625,7797.72021484375,7681.14013671875,7765.22021484375,0
1997-11-13,7554.90478515625,7554.93994140625,7587.97021484375,7515.64013671875,7544.8701171875,0
1997-11-14,7482.8857421875,7482.919921875,7681.31005859375,7481.39013671875,7673.14013671875,0
1997-11-17,7690.5048828125,7690.5400390625,7690.5400390625,7499.25,7528.330078125,0
1997-11-18,7644.93505859375,7644.97021484375,7876.14013671875,7642.93994140625,7870.02001953125,0
1997-11-19,7705.36474609375,7705.39990234375,7705.39990234375,7606.490234375,7606.490234375,0
1997-11-20,7693.2548828125,7693.2900390625,7806.68017578125,7689.18994140625,7747.85986328125,0
1997-11-21,7773.314453125,7773.35009765625,7773.35009765625,7732.72021484375,7762.22998046875,0
1997-11-24,7756.21435546875,7756.25,7880.02001953125,7751.31982421875,7880.02001953125,0
1997-11-25,7759.9345703125,7759.97021484375,7773.18017578125,7698.47998046875,7702.72021484375,0
1997-11-26,7698.205078125,7698.240234375,7819.7900390625,7694.72021484375,7819.7900390625,0
1997-11-27,7762.1142578125,7762.14990234375,7762.14990234375,7690.10986328125,7737.47021484375,0
1997-11-28,7797.154296875,7797.18994140625,7876.91015625,7794.77978515625,7833.47021484375,0
1997-12-01,7400.60595703125,7400.64013671875,7454.97998046875,7354.919921875,7446.490234375,0
1997-12-02,7679.49462890625,7679.52978515625,7679.52978515625,7455.509765625,7455.509765625,0
1997-12-03,7902.47265625,7902.509765625,7904.16015625,7651.68017578125,7651.68017578125,0
1997-12-04,8050.09228515625,8050.1298828125,8060.27978515625,7919.39990234375,8003.8701171875,0
1997-12-05,8166.83251953125,8166.8701171875,8280.650390625,8121.89990234375,8175.18994140625,0
1997-12-08,8402.1298828125,8402.169921875,8402.169921875,8265.3603515625,8265.3603515625,0
1997-12-09,8333.4501953125,8333.490234375,8512.6103515625,8325.23046875,8512.6103515625,0
1997-12-10,8503.509765625,8503.5498046875,8532.25,8368.16015625,8368.16015625,0
1997-12-11,8270.5400390625,8270.580078125,8451.9296875,8250.919921875,8438.3798828125,0
1997-12-12,8398.2294921875,8398.26953125,8398.26953125,8135.169921875,8135.169921875,0
1997-12-15,8241.4501953125,8241.490234375,8420.91015625,8241.490234375,8420.91015625,0
1997-12-16,8193.6103515625,8193.650390625,8341.349609375,8172.830078125,8341.349609375,0
1997-12-17,8347.16015625,8347.2001953125,8347.2001953125,8241.6904296875,8297.6904296875,0
1997-12-18,8255.009765625,8255.0498046875,8380.7197265625,8253.8798828125,8361.900390625,0
1997-12-19,8092.54248046875,8092.580078125,8305.830078125,8091.169921875,8205.830078125,0
1997-12-22,8103.9921875,8104.02978515625,8226.1396484375,8096.990234375,8223.6904296875,0
1997-12-23,8038.2724609375,8038.31005859375,8192.7001953125,8032.52978515625,8192.7001953125,0
1997-12-24,8075.01220703125,8075.0498046875,8080.81005859375,7920.10009765625,7925.10009765625,0
1997-12-26,8132.46240234375,8132.5,8205.7001953125,8113.22998046875,8135.4501953125,0
1997-12-29,8076.6123046875,8076.64990234375,8113.22998046875,8069.169921875,8111.77001953125,0
1997-12-30,8145.732421875,8145.77001953125,8167.33984375,8116.14990234375,8167.33984375,0
1997-12-31,8187.232421875,8187.27001953125,8243.599609375,8176.7001953125,8226.330078125,0
1998-01-05,8028.59228515625,8028.6298828125,8154.919921875,8025.740234375,8154.919921875,0
1998-01-06,7966.14306640625,7966.18017578125,7999.6201171875,7938.669921875,7994.68017578125,0
1998-01-07,7835.52392578125,7835.56005859375,8017.52001953125,7821.75,7968.5400390625,0
1998-01-08,7778.12451171875,7778.16015625,7871.10986328125,7775.259765625,7860.02978515625,0
1998-01-09,7737.16455078125,7737.2001953125,7813.85986328125,7647.240234375,7779.10986328125,0
1998-01-12,7375.10595703125,7375.14013671875,7592.669921875,7373.14013671875,7578.14013671875,0
1998-01-13,7513.20556640625,7513.240234375,7517.1201171875,7399.47998046875,7496.3798828125,0
1998-01-14,7798.21435546875,7798.25,7798.25,7617.52978515625,7617.52978515625,0
1998-01-15,7770.734375,7770.77001953125,7856.14990234375,7765.990234375,7856.14990234375,0
1998-01-16,7799.064453125,7799.10009765625,7879.2099609375,7756.419921875,7756.419921875,0
1998-01-19,7847.583984375,7847.6201171875,7935.8701171875,7842.06005859375,7928.5,0
1998-01-20,7907.64306640625,7907.68017578125,7908.2001953125,7840.5498046875,7880.6298828125,0
1998-01-21,8098.6123046875,8098.64990234375,8098.64990234375,8009.22998046875,8020.490234375,0
1998-01-22,8085.4326171875,8085.47021484375,8114.22021484375,8066.14013671875,8066.14013671875,0
1998-02-02,8405.0703125,8405.1103515625,8405.1103515625,8245.419921875,8260.2802734375,0
1998-02-03,8514.1396484375,8514.1796875,8586.919921875,8478.3095703125,8583.3798828125,0
1998-02-04,8470.5703125,8470.6103515625,8575.2998046875,8453.419921875,8539.8095703125,0
1998-02-05,8621.9296875,8621.9697265625,8626.7998046875,8484.98046875,8492.919921875,0
1998-02-06,8544.099609375,8544.1396484375,8775.669921875,8469.3603515625,8712.25,0
1998-02-09,8634.5703125,8634.6103515625,8796.4404296875,8634.6103515625,8778.98046875,0
1998-02-10,8567.6201171875,8567.66015625,8673.349609375,8537.400390625,8667.41015625,0
1998-02-11,8713.3798828125,8713.419921875,8753.5400390625,8682.16015625,8693.990234375,0
1998-02-12,8799.9794921875,8800.01953125,8831.1201171875,8763.0703125,8805.16015625,0
1998-02-13,8706.419921875,8706.4599609375,8920.240234375,8701.580078125,8920.240234375,0
1998-02-16,8708.25,8708.2900390625,8729.7001953125,8628.3603515625,8673.8203125,0
1998-02-17,8782.0498046875,8782.08984375,8796.2197265625,8648.759765625,8701.9697265625,0
1998-02-18,8837.2998046875,8837.33984375,8886.0703125,8815.5302734375,8868.6796875,0
1998-02-19,8978.46875,8978.509765625,9014.3203125,8942.7197265625,8958.33984375,0
1998-02-20,9037.439453125,9037.48046875,9095.3701171875,9021.849609375,9095.3701171875,0
1998-02-23,9146.9580078125,9147.0,9176.240234375,9074.6201171875,9126.5,0
1998-02-24,9066.41796875,9066.4599609375,9324.5400390625,9032.7900390625,9324.5400390625,0
1998-02-25,9027.05859375,9027.099609375,9131.419921875,9010.759765625,9111.8701171875,0
1998-02-26,9229.1484375,9229.1904296875,9229.1904296875,9126.5595703125,9144.259765625,0
1998-02-27,9202.517578125,9202.5595703125,9378.51953125,9194.509765625,9363.3896484375,0
1998-03-02,9277.0478515625,9277.08984375,9314.740234375,9243.650390625,9272.7900390625,0
1998-03-03,9211.7880859375,9211.830078125,9307.01953125,9120.330078125,9307.01953125,0
1998-03-04,8977.4990234375,8977.5400390625,9260.919921875,8967.98046875,9202.8203125,0
1998-03-05,8765.2802734375,8765.3203125,8995.919921875,8748.91015625,8995.919921875,0
1998-03-06,8847.6103515625,8847.650390625,8853.5595703125,8630.0498046875,8630.0498046875,0
1998-03-09,8887.3193359375,8887.3603515625,8910.7802734375,8812.9404296875,8860.2197265625,0
1998-03-10,8897.228515625,8897.26953125,8976.150390625,8869.5595703125,8971.509765625,0
1998-03-11,9030.5087890625,9030.5498046875,9030.5498046875,8969.5595703125,8991.7099609375,0
1998-03-12,9056.328125,9056.3701171875,9137.08984375,9049.0595703125,9113.150390625,0
1998-03-13,9055.4677734375,9055.509765625,9109.3896484375,9006.1201171875,9096.740234375,0
1998-03-16,9065.2578125,9065.2998046875,9107.5498046875,9049.66015625,9088.5,0
1998-03-17,9045.5087890625,9045.5498046875,9165.1201171875,9037.2900390625,9161.1796875,0
1998-03-18,8952.619140625,8952.66015625,9069.76953125,8948.2998046875,9045.3603515625,0
1998-03-19,8859.3701171875,8859.41015625,8994.0498046875,8837.2900390625,8994.0498046875,0
1998-03-20,8904.189453125,8904.23046875,8911.759765625,8823.26953125,8911.759765625,0
1998-03-23,8757.5498046875,8757.58984375,8853.830078125,8738.0,8843.76953125,0
1998-03-24,8806.8095703125,8806.849609375,8815.5595703125,8751.849609375,8792.2197265625,0
1998-03-25,9040.708984375,9040.75,9040.75,8902.6103515625,8904.5,0
1998-03-26,9014.12890625,9014.169921875,9130.5,9008.2001953125,9120.23046875,0
1998-03-27,9095.7880859375,9095.830078125,9139.669921875,9070.8701171875,9091.75,0
1998-03-30,9088.91796875,9088.9599609375,9154.5498046875,9079.9501953125,9154.5498046875,0
1998-03-31,9091.1181640625,9091.16015625,9106.7802734375,9051.83984375,9069.650390625,0
1998-04-01,9041.458984375,9041.5,9160.6796875,9035.6904296875,9160.6796875,0
1998-04-02,9013.05859375,9013.099609375,9062.3896484375,8979.490234375,9029.73046875,0
1998-04-03,9134.017578125,9134.0595703125,9143.73046875,9043.76953125,9087.830078125,0
1998-04-07,9266.6376953125,9266.6796875,9337.6103515625,9264.8203125,9283.98046875,0
1998-04-08,9263.3984375,9263.4404296875,9279.2802734375,9222.2099609375,9263.9404296875,0
1998-04-09,9090.267578125,9090.3095703125,9335.419921875,9065.8798828125,9335.419921875,0
1998-04-10,9053.978515625,9054.01953125,9178.740234375,8992.08984375,9178.16015625,0
1998-04-13,8863.0703125,8863.1103515625,9014.740234375,8851.1396484375,9014.740234375,0
1998-04-14,8764.5400390625,8764.580078125,8910.1396484375,8738.91015625,8906.4404296875,0
1998-04-15,8807.26953125,8807.3095703125,8887.6396484375,8720.8701171875,8887.6396484375,0
1998-04-16,8780.169921875,8780.2099609375,8859.08984375,8773.08984375,8855.7900390625,0
1998-04-17,8619.4501953125,8619.490234375,8796.650390625,8589.3095703125,8724.650390625,0
1998-04-20,8508.51953125,8508.5595703125,8741.9501953125,8507.4404296875,8741.9501953125,0
1998-04-21,8440.16015625,8440.2001953125,8596.2099609375,8371.6396484375,8513.5302734375,0
1998-04-22,8636.4697265625,8636.509765625,8636.509765625,8526.099609375,8553.16015625,0
1998-04-23,8613.919921875,8613.9599609375,8653.23046875,8586.0595703125,8624.8203125,0
1998-04-24,8636.0703125,8636.1103515625,8640.3798828125,8571.01953125,8571.01953125,0
1998-04-27,8471.580078125,8471.6201171875,8649.0400390625,8453.48046875,8623.6103515625,0
1998-04-28,8434.6298828125,8434.669921875,8434.669921875,8327.4599609375,8327.4599609375,0
1998-04-29,8348.3095703125,8348.349609375,8488.8095703125,8342.66015625,8466.3798828125,0
1998-04-30,8304.169921875,8304.2099609375,8436.25,8294.3798828125,8422.08984375,0
1998-05-04,8360.5595703125,8360.599609375,8360.599609375,8274.240234375,8321.580078125,0
1998-05-05,8330.1103515625,8330.150390625,8432.0302734375,8320.98046875,8387.4404296875,0
1998-05-06,8325.599609375,8325.6396484375,8325.6396484375,8235.33984375,8297.900390625,0
1998-05-07,8290.330078125,8290.3701171875,8357.169921875,8283.2998046875,8319.3701171875,0
1998-05-08,8210.7998046875,8210.83984375,8242.5498046875,8184.419921875,8241.5595703125,0
1998-05-11,8378.83984375,8378.8798828125,8399.6298828125,8297.0595703125,8304.98046875,0
1998-05-12,8278.3896484375,8278.4296875,8386.2099609375,8272.8203125,8386.2099609375,0
1998-05-13,8202.8603515625,8202.900390625,8306.1298828125,8174.72021484375,8306.1298828125,0
1998-05-14,8193.4599609375,8193.5,8256.9599609375,8193.5,8202.099609375,0
1998-05-15,8167.46240234375,8167.5,8229.3203125,8160.25,8198.0302734375,0
1998-05-18,8134.8525390625,8134.89013671875,8160.08984375,8023.919921875,8023.919921875,0
1998-05-19,8136.232421875,8136.27001953125,8188.85986328125,8103.419921875,8108.58984375,0
1998-05-20,8267.4501953125,8267.490234375,8294.7900390625,8229.1298828125,8229.1298828125,0
1998-05-21,8369.2802734375,8369.3203125,8389.150390625,8316.509765625,8342.1396484375,0
1998-05-22,8384.8701171875,8384.91015625,8403.76953125,8360.169921875,8360.169921875,0
1998-05-25,8314.0498046875,8314.08984375,8417.16015625,8302.8603515625,8417.16015625,0
1998-05-26,8178.3525390625,8178.39013671875,8300.16015625,8146.33984375,8261.41015625,0
1998-05-27,8068.13232421875,8068.169921875,8152.8798828125,8035.7099609375,8093.419921875,0
1998-05-28,8124.46240234375,8124.5,8147.419921875,8051.7099609375,8147.419921875,0
1998-05-29,7903.302734375,7903.33984375,8119.25,7895.14990234375,8119.25,0
1998-06-01,7606.21484375,7606.25,7860.0498046875,7574.509765625,7860.0498046875,0
1998-06-02,7565.60498046875,7565.64013671875,7671.2099609375,7523.5,7671.2099609375,0
1998-06-03,7643.1650390625,7643.2001953125,7699.47998046875,7598.16015625,7631.97998046875,0
1998-06-04,7425.92578125,7425.9599609375,7563.6298828125,7389.7998046875,7563.6298828125,0
1998-06-05,7505.5458984375,7505.580078125,7585.2900390625,7418.93017578125,7582.10986328125,0
1998-06-08,7591.23486328125,7591.27001953125,7645.39013671875,7560.7900390625,7601.31005859375,0
1998-06-09,7455.595703125,7455.6298828125,7607.580078125,7448.35986328125,7607.580078125,0
1998-06-10,7223.0966796875,7223.1298828125,7422.64990234375,7220.1298828125,7377.0498046875,0
1998-06-11,7210.70703125,7210.740234375,7238.919921875,7073.22021484375,7073.22021484375,0
1998-06-12,7117.0771484375,7117.10986328125,7199.47998046875,7099.5400390625,7121.85986328125,0
1998-06-15,7283.79638671875,7283.830078125,7283.830078125,7111.759765625,7166.9599609375,0
1998-06-16,7404.23583984375,7404.27001953125,7444.06005859375,7170.759765625,7174.72998046875,0
1998-06-17,7466.345703125,7466.3798828125,7548.0,7445.919921875,7486.5400390625,0
1998-06-18,7768.2744140625,7768.31005859375,7771.759765625,7633.72021484375,7658.35009765625,0
1998-06-19,7754.39453125,7754.43017578125,7815.10986328125,7700.22998046875,7723.27978515625,0
1998-06-22,7692.875,7692.91015625,7867.41015625,7678.7001953125,7867.41015625,0
1998-06-23,7633.32470703125,7633.35986328125,7729.91015625,7598.27001953125,7729.91015625,0
1998-06-24,7670.6748046875,7670.7099609375,7783.990234375,7659.58984375,7733.7099609375,0
1998-06-25,7722.60498046875,7722.64013671875,7777.2900390625,7695.740234375,7762.31982421875,0
1998-06-26,7681.9248046875,7681.9599609375,7771.64990234375,7656.1298828125,7717.3701171875,0
1998-06-29,7535.6953125,7535.72998046875,7679.68017578125,7533.0400390625,7679.68017578125,0
1998-06-30,7548.77490234375,7548.81005859375,7606.14990234375,7517.330078125,7606.14990234375,0
1998-07-02,7817.07421875,7817.10986328125,7823.240234375,7647.7099609375,7654.009765625,0
1998-07-03,7758.59423828125,7758.6298828125,7872.240234375,7746.4501953125,7797.919921875,0
1998-07-06,7894.81298828125,7894.85009765625,7974.27001953125,7894.18017578125,7949.1201171875,0
1998-07-07,7845.93408203125,7845.97021484375,7947.52978515625,7829.8701171875,7947.52978515625,0
1998-07-08,7936.78271484375,7936.81982421875,7938.97998046875,7887.81005859375,7908.0,0
1998-07-09,7947.49267578125,7947.52978515625,8079.740234375,7947.52978515625,8044.9599609375,0
1998-07-10,7883.123046875,7883.16015625,7927.81982421875,7839.7998046875,7925.25,0
1998-07-13,7815.494140625,7815.52978515625,7869.6298828125,7803.56005859375,7818.35986328125,0
1998-07-14,7789.1845703125,7789.22021484375,7895.4599609375,7789.22021484375,7888.10986328125,0
1998-07-15,7875.87353515625,7875.91015625,7875.91015625,7832.169921875,7853.72998046875,0
1998-07-16,7924.802734375,7924.83984375,7949.509765625,7904.77001953125,7933.77001953125,0
1998-07-17,8032.822265625,8032.85986328125,8040.14990234375,7985.7998046875,8013.240234375,0
1998-07-20,8047.63232421875,8047.669921875,8075.85986328125,8014.7001953125,8075.85986328125,0
1998-07-21,7949.1630859375,7949.2001953125,8092.43994140625,7940.6201171875,8076.580078125,0
1998-07-22,7881.02294921875,7881.06005859375,7881.06005859375,7794.080078125,7872.89990234375,0
1998-07-23,7879.85302734375,7879.89013671875,7934.580078125,7860.2099609375,7866.39013671875,0
1998-07-24,7902.36279296875,7902.39990234375,7902.39990234375,7812.580078125,7813.7900390625,0
1998-07-27,7890.2626953125,7890.2998046875,7935.31005859375,7882.47021484375,7935.31005859375,0
1998-07-28,7830.10400390625,7830.14013671875,7950.83984375,7822.1298828125,7941.3798828125,0
1998-07-29,7775.29443359375,7775.330078125,7842.1201171875,7761.8798828125,7818.18017578125,0
1998-07-30,7730.39501953125,7730.43017578125,7808.85009765625,7723.91015625,7808.85009765625,0
1998-07-31,7653.474609375,7653.509765625,7797.93017578125,7653.31005859375,7792.22998046875,0
1998-08-03,7599.0048828125,7599.0400390625,7715.7998046875,7588.759765625,7715.7998046875,0
1998-08-04,7593.10498046875,7593.14013671875,7639.419921875,7573.02978515625,7573.02978515625,0
1998-08-05,7499.69580078125,7499.72998046875,7543.27978515625,7482.81982421875,7524.830078125,0
1998-08-06,7471.7060546875,7471.740234375,7568.56005859375,7455.4501953125,7567.64013671875,0
1998-08-07,7529.9853515625,7530.02001953125,7542.8798828125,7446.97021484375,7501.27001953125,0
1998-08-10,7372.08642578125,7372.1201171875,7487.009765625,7367.02001953125,7477.89990234375,0
1998-08-11,7383.94580078125,7383.97998046875,7398.0,7338.85009765625,7361.18994140625,0
1998-08-12,7351.47607421875,7351.509765625,7351.509765625,7276.240234375,7301.52001953125,0
1998-08-13,7362.51611328125,7362.5498046875,7447.2998046875,7362.5498046875,7433.39013671875,0
1998-08-14,7348.00634765625,7348.0400390625,7355.14990234375,7275.60009765625,7345.52978515625,0
1998-08-17,7273.81640625,7273.85009765625,7352.27978515625,7248.14013671875,7352.27978515625,0
1998-08-18,7181.556640625,7181.58984375,7284.60009765625,7088.72998046875,7284.60009765625,0
1998-08-19,7293.3662109375,7293.39990234375,7322.3701171875,7259.6298828125,7261.85009765625,0
1998-08-20,7270.80615234375,7270.83984375,7311.75,7257.18994140625,7289.89013671875,0
1998-08-21,7213.3369140625,7213.3701171875,7277.240234375,7195.0498046875,7268.14013671875,0
1998-08-24,6957.71826171875,6957.75,7128.97021484375,6952.009765625,7128.97021484375,0
1998-08-25,6908.29833984375,6908.330078125,6948.9501953125,6811.43017578125,6948.9501953125,0
1998-08-26,6814.298828125,6814.330078125,7017.39990234375,6813.4599609375,6996.31982421875,0
1998-08-27,6813.2685546875,6813.2998046875,6820.7099609375,6665.9501953125,6706.31982421875,0
1998-08-28,6723.73876953125,6723.77001953125,6802.9501953125,6615.93994140625,6625.3701171875,0
1998-08-31,6550.07958984375,6550.10986328125,6776.14990234375,6547.43017578125,6776.14990234375,0
1998-09-01,6335.06005859375,6335.08984375,6361.580078125,6219.89013671875,6350.1298828125,0
1998-09-02,6471.650390625,6471.68017578125,6518.10986328125,6388.06982421875,6450.419921875,0
1998-09-03,6251.35107421875,6251.3798828125,6391.85986328125,6240.68994140625,6372.35986328125,0
1998-09-04,6463.1201171875,6463.14990234375,6463.14990234375,6254.830078125,6254.830078125,0
1998-09-07,6800.69873046875,6800.72998046875,6822.97021484375,6707.64013671875,6769.6201171875,0
1998-09-08,6942.22802734375,6942.259765625,6942.259765625,6820.18994140625,6820.18994140625,0
1998-09-09,6894.5380859375,6894.56982421875,7017.27978515625,6846.5,7017.27978515625,0
1998-09-10,6803.798828125,6803.830078125,6915.06982421875,6780.77978515625,6803.259765625,0
1998-09-11,6841.79833984375,6841.830078125,6858.990234375,6682.91015625,6745.52001953125,0
1998-09-14,6860.13818359375,6860.169921875,6922.9599609375,6852.080078125,6884.81982421875,0
1998-09-15,6857.92822265625,6857.9599609375,6925.22021484375,6816.169921875,6925.22021484375,0
1998-09-16,6972.50830078125,6972.5400390625,6972.5400390625,6851.2998046875,6877.89990234375,0
1998-09-17,7000.48828125,7000.52001953125,7060.72998046875,6996.68994140625,7036.8701171875,0
1998-09-18,6961.72802734375,6961.759765625,7000.27001953125,6929.240234375,6929.240234375,0
1998-09-21,7029.3681640625,7029.39990234375,7218.39013671875,6988.97998046875,7218.39013671875,0
1998-09-22,7033.95849609375,7033.990234375,7090.08984375,6984.83984375,7090.08984375,0
1998-09-23,6962.13818359375,6962.169921875,7086.77978515625,6951.60986328125,7065.009765625,0
1998-09-24,6979.91845703125,6979.9501953125,7045.580078125,6974.08984375,7045.580078125,0
1998-09-25,6979.8583984375,6979.89013671875,6979.89013671875,6903.68994140625,6952.68994140625,0
1998-09-28,6910.578125,6910.60986328125,6958.169921875,6905.4501953125,6958.169921875,0
1998-09-29,6884.46826171875,6884.5,6952.2099609375,6841.0,6952.2099609375,0
1998-09-30,6833.91845703125,6833.9501953125,6906.4599609375,6796.419921875,6874.56982421875,0
1998-10-01,6702.02880859375,6702.06005859375,6777.39990234375,6697.18017578125,6760.41015625,0
1998-10-02,6435.97021484375,6436.0,6537.97998046875,6384.66015625,6512.85009765625,0
1998-10-06,6534.61962890625,6534.64990234375,6575.9501953125,6447.56005859375,6506.10009765625,0
1998-10-07,6674.859375,6674.89013671875,6674.89013671875,6560.64990234375,6596.47998046875,0
1998-10-08,6970.1982421875,6970.22998046875,6970.22998046875,6726.1201171875,6726.1201171875,0
1998-10-09,6944.13818359375,6944.169921875,7064.830078125,6893.75,6990.06005859375,0
1998-10-12,6920.41845703125,6920.4501953125,7027.14013671875,6913.7998046875,7027.14013671875,0
1998-10-13,6909.1884765625,6909.22021484375,7023.18017578125,6906.68017578125,6997.91015625,0
1998-10-14,6819.0888671875,6819.1201171875,6882.27978515625,6784.14013671875,6857.81982421875,0
1998-10-15,6799.8486328125,6799.8798828125,6839.93994140625,6784.7001953125,6828.8798828125,0
1998-10-19,6904.5283203125,6904.56005859375,6944.14013671875,6887.35009765625,6944.14013671875,0
1998-10-20,6848.6884765625,6848.72021484375,6926.91015625,6836.52001953125,6875.6298828125,0
1998-10-21,7021.38818359375,7021.419921875,7021.419921875,6859.77978515625,6859.77978515625,0
1998-10-22,6987.75830078125,6987.7900390625,7068.02978515625,6965.5400390625,7068.02978515625,0
1998-10-23,7055.42822265625,7055.4599609375,7088.39013671875,7010.35986328125,7029.43994140625,0
1998-10-26,7050.2880859375,7050.31982421875,7063.43994140625,7024.1298828125,7063.43994140625,0
1998-10-27,7036.59814453125,7036.6298828125,7110.02001953125,7019.06005859375,7056.509765625,0
1998-10-28,6962.05810546875,6962.08984375,7060.740234375,6937.8798828125,7060.740234375,0
1998-10-29,7016.8583984375,7016.89013671875,7016.89013671875,6963.1201171875,6983.759765625,0
1998-10-30,7101.427734375,7101.4599609375,7101.4599609375,7007.31982421875,7046.93994140625,0
1998-11-02,7218.056640625,7218.08984375,7249.2900390625,7180.2001953125,7215.830078125,0
1998-11-03,7071.408203125,7071.43994140625,7151.27978515625,7061.85009765625,7133.169921875,0
1998-11-04,6905.2880859375,6905.31982421875,7043.27001953125,6851.14990234375,7002.580078125,0
1998-11-05,6957.23828125,6957.27001953125,6957.27001953125,6827.39990234375,6933.2998046875,0
1998-11-06,6889.6181640625,6889.64990234375,6967.27001953125,6858.06005859375,6931.14013671875,0
1998-11-09,6957.3681640625,6957.39990234375,7014.330078125,6941.60986328125,6989.43017578125,0
1998-11-10,6812.2685546875,6812.2998046875,6862.419921875,6785.9501953125,6847.52001953125,0
1998-11-11,6654.75927734375,6654.7900390625,6768.39990234375,6643.18017578125,6738.169921875,0
1998-11-13,6829.58837890625,6829.6201171875,6870.56982421875,6776.3798828125,6785.02001953125,0
1998-11-16,7003.83837890625,7003.8701171875,7003.8701171875,6889.47021484375,6890.0498046875,0
1998-11-17,7131.8671875,7131.89990234375,7131.89990234375,7032.6201171875,7067.0400390625,0
1998-11-18,7100.10791015625,7100.14013671875,7176.60986328125,7083.43994140625,7140.33984375,0
1998-11-19,7300.30615234375,7300.33984375,7306.06982421875,7177.259765625,7185.5400390625,0
1998-11-20,7380.49560546875,7380.52978515625,7381.83984375,7296.35009765625,7366.14013671875,0
1998-11-23,7312.22607421875,7312.259765625,7390.5,7308.39990234375,7318.35009765625,0
1998-11-24,7435.8056640625,7435.83984375,7467.22021484375,7410.52001953125,7452.93994140625,0
1998-11-25,7213.466796875,7213.5,7292.2001953125,7116.08984375,7187.669921875,0
1998-11-26,7377.82568359375,7377.85986328125,7397.52001953125,7253.0,7281.080078125,0
1998-11-27,7320.08642578125,7320.1201171875,7453.25,7300.0498046875,7406.7998046875,0
1998-11-30,7177.18701171875,7177.22021484375,7312.64990234375,7171.75,7312.64990234375,0
1998-12-01,7102.337890625,7102.3701171875,7199.740234375,7096.830078125,7116.240234375,0
1998-12-02,7157.1875,7157.22021484375,7213.6298828125,7131.43994140625,7190.0498046875,0
1998-12-03,7140.0771484375,7140.10986328125,7182.47998046875,7129.97998046875,7182.47998046875,0
1998-12-04,7201.806640625,7201.83984375,7236.080078125,7165.06982421875,7165.06982421875,0
1998-12-07,7303.30615234375,7303.33984375,7375.91015625,7300.22998046875,7375.91015625,0
1998-12-08,7212.64697265625,7212.68017578125,7355.6298828125,7198.02001953125,7355.6298828125,0
1998-12-09,7117.87744140625,7117.91015625,7210.10986328125,7100.81982421875,7176.2099609375,0
1998-12-10,7048.5380859375,7048.56982421875,7132.39990234375,7034.93017578125,7118.27001953125,0
1998-12-11,6939.70849609375,6939.740234375,7075.27978515625,6931.169921875,7015.72998046875,0
1998-12-14,6889.46826171875,6889.5,6989.16015625,6882.240234375,6985.8701171875,0
1998-12-15,6936.7880859375,6936.81982421875,6937.06005859375,6752.5,6847.009765625,0
1998-12-16,6769.48876953125,6769.52001953125,6926.83984375,6764.75,6926.83984375,0
1998-12-17,6650.609375,6650.64013671875,6761.009765625,6650.64013671875,6695.169921875,0
1998-12-18,6636.62939453125,6636.66015625,6742.1298828125,6592.4599609375,6742.1298828125,0
1998-12-21,6558.24951171875,6558.27978515625,6620.75,6537.64990234375,6549.52978515625,0
1998-12-22,6782.64892578125,6782.68017578125,6782.68017578125,6619.7998046875,6623.2099609375,0
1998-12-23,6688.61865234375,6688.64990234375,6775.60986328125,6684.1298828125,6775.60986328125,0
1998-12-24,6682.96875,6683.0,6780.830078125,6668.68017578125,6778.27001953125,0
1998-12-28,6481.6201171875,6481.64990234375,6615.3798828125,6452.1298828125,6615.3798828125,0
1998-12-29,6478.240234375,6478.27001953125,6527.259765625,6414.64990234375,6499.85009765625,0
1998-12-30,6462.0,6462.02978515625,6566.5498046875,6433.4501953125,6545.77978515625,0
1998-12-31,6418.400390625,6418.43017578125,6516.2099609375,6414.4501953125,6516.2099609375,0
1999-01-05,6152.4013671875,6152.43017578125,6310.41015625,6111.64013671875,6210.41015625,0
1999-01-06,6199.88134765625,6199.91015625,6280.93017578125,5988.06005859375,6082.02001953125,0
1999-01-07,6404.2802734375,6404.31005859375,6409.5498046875,6181.6201171875,6280.3798828125,0
1999-01-08,6421.72021484375,6421.75,6492.8701171875,6371.33984375,6371.33984375,0
1999-01-11,6406.96044921875,6406.990234375,6492.89990234375,6392.490234375,6472.02001953125,0
1999-01-12,6363.8603515625,6363.89013671875,6441.7900390625,6357.10986328125,6429.5400390625,0
1999-01-13,6319.310546875,6319.33984375,6365.60009765625,6292.5498046875,6293.58984375,0
1999-01-14,6241.291015625,6241.31982421875,6595.990234375,6187.31982421875,6295.990234375,0
1999-01-15,6454.5703125,6454.60009765625,6454.60009765625,6176.08984375,6190.9501953125,0
1999-01-18,6377.22021484375,6377.25,6477.43994140625,6377.25,6436.169921875,0
1999-01-19,6343.330078125,6343.35986328125,6421.77978515625,6323.89013671875,6358.8798828125,0
1999-01-20,6310.6806640625,6310.7099609375,6360.75,6292.0,6355.14990234375,0
1999-01-21,6332.17041015625,6332.2001953125,6424.5400390625,6330.22998046875,6332.68017578125,0
1999-01-22,6228.92138671875,6228.9501953125,6328.31005859375,6221.240234375,6303.85986328125,0
1999-01-25,6032.1220703125,6032.14990234375,6161.7998046875,6018.97998046875,6142.72998046875,0
1999-01-26,6115.6123046875,6115.64013671875,6115.64013671875,5987.419921875,6083.56982421875,0
1999-01-27,6138.84228515625,6138.8701171875,6204.4599609375,6129.39990234375,6161.77978515625,0
1999-01-28,6063.38232421875,6063.41015625,6145.77001953125,6058.7099609375,6110.81982421875,0
1999-01-29,5983.97265625,5984.0,6090.43994140625,5975.47998046875,6090.43994140625,0
1999-02-01,5862.76318359375,5862.7900390625,5948.35009765625,5859.0,5948.35009765625,0
1999-02-02,5749.6142578125,5749.64013671875,5892.93017578125,5726.25,5892.93017578125,0
1999-02-03,5743.833984375,5743.85986328125,5772.89013671875,5596.580078125,5658.009765625,0
1999-02-04,5514.865234375,5514.89013671875,5747.47021484375,5502.5400390625,5711.7998046875,0
1999-02-05,5474.76513671875,5474.7900390625,5625.64990234375,5422.66015625,5506.5498046875,0
1999-02-08,5822.953125,5822.97998046875,5839.14990234375,5757.60986328125,5784.14013671875,0
1999-02-09,5723.70458984375,5723.72998046875,5798.919921875,5721.35009765625,5798.919921875,0
1999-02-10,5797.97412109375,5798.0,5811.330078125,5669.22998046875,5669.22998046875,0
1999-02-22,6313.6005859375,6313.6298828125,6343.83984375,6164.3798828125,6216.009765625,0
1999-02-23,6180.9111328125,6180.93994140625,6408.759765625,6167.2900390625,6339.240234375,0
1999-02-24,6238.84130859375,6238.8701171875,6268.7099609375,6158.35009765625,6165.64990234375,0
1999-02-25,6275.50048828125,6275.52978515625,6362.31005859375,6235.06982421875,6279.35009765625,0
1999-02-26,6318.49072265625,6318.52001953125,6318.52001953125,6224.43994140625,6272.10986328125,0
1999-03-01,6312.220703125,6312.25,6351.68994140625,6275.81005859375,6328.22021484375,0
1999-03-02,6263.5107421875,6263.5400390625,6343.2998046875,6227.33984375,6312.7099609375,0
1999-03-03,6403.1103515625,6403.14013671875,6421.31005859375,6257.02001953125,6261.2998046875,0
1999-03-04,6393.71044921875,6393.740234375,6468.85009765625,6384.18994140625,6444.509765625,0
1999-03-05,6383.06005859375,6383.08984375,6460.740234375,6333.259765625,6430.5498046875,0
1999-03-08,6431.93017578125,6431.9599609375,6444.47998046875,6386.27978515625,6441.1298828125,0
1999-03-09,6493.39990234375,6493.43017578125,6535.14990234375,6447.41015625,6448.1298828125,0
1999-03-10,6486.57958984375,6486.60986328125,6519.27001953125,6458.2998046875,6495.14013671875,0
1999-03-11,6436.77001953125,6436.7998046875,6537.35009765625,6430.5498046875,6507.14990234375,0
1999-03-12,6462.7001953125,6462.72998046875,6472.6298828125,6412.47021484375,6447.06982421875,0
1999-03-15,6598.28955078125,6598.31982421875,6598.31982421875,6440.93994140625,6474.0,0
1999-03-16,6672.19921875,6672.22998046875,6722.2998046875,6616.64013671875,6644.52978515625,0
1999-03-17,6757.03857421875,6757.06982421875,6808.39990234375,6702.669921875,6724.490234375,0
1999-03-18,6894.97802734375,6895.009765625,6895.009765625,6785.9599609375,6795.41015625,0
1999-03-19,6997.25830078125,6997.2900390625,7023.56982421875,6914.18994140625,6934.580078125,0
1999-03-22,7043.1982421875,7043.22998046875,7064.33984375,6976.72998046875,7009.0498046875,0
1999-03-23,6945.4482421875,6945.47998046875,7133.02978515625,6937.72998046875,7107.2001953125,0
1999-03-24,6889.38818359375,6889.419921875,6933.009765625,6844.08984375,6873.47021484375,0
1999-03-25,6941.34814453125,6941.3798828125,6969.3701171875,6878.22021484375,6929.669921875,0
1999-03-26,7033.21826171875,7033.25,7059.4501953125,6971.5498046875,7004.4599609375,0
1999-03-29,6901.6484375,6901.68017578125,7062.89990234375,6898.43994140625,7057.169921875,0
1999-03-30,6898.62841796875,6898.66015625,6968.47998046875,6828.990234375,6965.990234375,0
1999-03-31,6881.6884765625,6881.72021484375,6937.14013671875,6834.330078125,6894.64013671875,0
1999-04-01,7018.6484375,7018.68017578125,7018.68017578125,6875.669921875,6876.2001953125,0
1999-04-02,7232.4765625,7232.509765625,7232.509765625,7070.31982421875,7070.31982421875,0
1999-04-06,7163.95751953125,7163.990234375,7245.68017578125,7157.0,7232.4599609375,0
1999-04-07,7135.857421875,7135.89013671875,7190.56982421875,7110.3798828125,7178.0,0
1999-04-08,7273.37646484375,7273.41015625,7316.16015625,7193.56982421875,7193.56982421875,0
1999-04-09,7265.66650390625,7265.7001953125,7384.97998046875,7260.3798828125,7331.080078125,0
1999-04-12,7242.36669921875,7242.39990234375,7306.5498046875,7188.919921875,7278.52978515625,0
1999-04-13,7337.81640625,7337.85009765625,7344.6298828125,7279.0400390625,7281.740234375,0
1999-04-14,7398.61572265625,7398.64990234375,7448.64990234375,7366.43994140625,7366.43994140625,0
1999-04-15,7498.1357421875,7498.169921875,7498.169921875,7339.47998046875,7417.14013671875,0
1999-04-16,7466.78564453125,7466.81982421875,7594.4501953125,7414.6201171875,7529.47021484375,0
1999-04-19,7623.14501953125,7623.18017578125,7685.14013671875,7609.0,7609.0,0
1999-04-20,7627.705078125,7627.740234375,7674.83984375,7537.25,7587.31982421875,0
1999-04-21,7474.1259765625,7474.16015625,7706.009765625,7452.33984375,7684.89990234375,0
1999-04-22,7494.56591796875,7494.60009765625,7548.4599609375,7444.56982421875,7515.10986328125,0
1999-04-23,7612.7646484375,7612.7998046875,7659.58984375,7561.35009765625,7561.35009765625,0
1999-04-26,7629.0546875,7629.08984375,7665.2900390625,7563.35009765625,7652.0498046875,0
1999-04-27,7550.0947265625,7550.1298828125,7668.81982421875,7521.83984375,7656.89013671875,0
1999-04-28,7496.57568359375,7496.60986328125,7579.990234375,7479.990234375,7559.7001953125,0
1999-04-29,7289.58642578125,7289.6201171875,7436.22021484375,7274.2099609375,7412.18017578125,0
1999-04-30,7371.13623046875,7371.169921875,7372.97998046875,7209.509765625,7265.009765625,0
1999-05-03,7383.2255859375,7383.259765625,7403.68017578125,7312.47021484375,7393.580078125,0
1999-05-04,7588.0048828125,7588.0400390625,7588.0400390625,7433.52001953125,7433.52001953125,0
1999-05-05,7572.125,7572.16015625,7644.4501953125,7554.18994140625,7594.27978515625,0
1999-05-06,7560.0146484375,7560.0498046875,7664.89013671875,7545.330078125,7619.43994140625,0
1999-05-07,7469.2958984375,7469.330078125,7582.33984375,7456.990234375,7538.72998046875,0
1999-05-10,7484.3359375,7484.3701171875,7484.3701171875,7399.919921875,7441.27978515625,0
1999-05-11,7474.416015625,7474.4501953125,7584.56982421875,7466.14990234375,7530.27001953125,0
1999-05-12,7448.3759765625,7448.41015625,7532.06982421875,7423.3798828125,7516.1298828125,0
1999-05-13,7416.166015625,7416.2001953125,7499.6298828125,7411.14013671875,7458.02001953125,0
1999-05-14,7592.49462890625,7592.52978515625,7592.97998046875,7470.18994140625,7470.18994140625,0
1999-05-17,7599.724609375,7599.759765625,7705.6298828125,7587.759765625,7646.4501953125,0
1999-05-18,7585.474609375,7585.509765625,7658.669921875,7484.06005859375,7646.58984375,0
1999-05-19,7614.56494140625,7614.60009765625,7634.72998046875,7542.77978515625,7583.39990234375,0
1999-05-20,7608.8447265625,7608.8798828125,7701.259765625,7603.509765625,7665.66015625,0
1999-05-21,7606.65478515625,7606.68994140625,7696.97021484375,7594.759765625,7646.16015625,0
1999-05-24,7588.19482421875,7588.22998046875,7644.97021484375,7538.52001953125,7626.7099609375,0
1999-05-25,7416.99560546875,7417.02978515625,7553.35009765625,7409.66015625,7544.31005859375,0
1999-05-26,7426.595703125,7426.6298828125,7460.8701171875,7348.8798828125,7348.8798828125,0
1999-05-27,7468.9755859375,7469.009765625,7510.419921875,7440.72021484375,7498.93994140625,0
1999-05-28,7387.3359375,7387.3701171875,7465.7998046875,7377.06005859375,7463.2900390625,0
1999-05-31,7316.5361328125,7316.56982421875,7449.10009765625,7304.43994140625,7449.10009765625,0
1999-06-01,7397.5859375,7397.6201171875,7397.6201171875,7313.1201171875,7333.68994140625,0
1999-06-02,7487.99560546875,7488.02978515625,7493.68017578125,7429.66015625,7429.66015625,0
1999-06-03,7572.875,7572.91015625,7604.509765625,7552.35986328125,7552.35986328125,0
1999-06-04,7590.40478515625,7590.43994140625,7628.14013671875,7576.97998046875,7613.14990234375,0
1999-06-07,7802.654296875,7802.68994140625,7818.08984375,7688.83984375,7708.3798828125,0
1999-06-08,7892.0927734375,7892.1298828125,7940.3798828125,7858.60986328125,7900.93017578125,0
1999-06-09,7957.6728515625,7957.7099609375,7980.10986328125,7900.89013671875,7928.240234375,0
1999-06-10,7996.72216796875,7996.759765625,8058.18017578125,7985.47998046875,7993.60986328125,0
1999-06-11,7979.3623046875,7979.39990234375,8028.39013671875,7937.77001953125,8008.9599609375,0
1999-06-14,7973.54296875,7973.580078125,8039.64013671875,7926.52978515625,8023.7099609375,0
1999-06-15,7959.962890625,7960.0,8109.27978515625,7940.89990234375,8091.81005859375,0
1999-06-16,8058.982421875,8059.02001953125,8059.02001953125,7924.41015625,7994.330078125,0
1999-06-17,8274.3203125,8274.3603515625,8290.25,8155.43994140625,8155.43994140625,0
1999-06-21,8413.4404296875,8413.48046875,8483.9501953125,8308.4296875,8361.0498046875,0
1999-06-22,8608.8701171875,8608.91015625,8640.1103515625,8446.0,8482.3798828125,0
1999-06-23,8492.2802734375,8492.3203125,8661.3896484375,8486.9697265625,8607.5400390625,0
1999-06-24,8589.26953125,8589.3095703125,8627.8798828125,8433.740234375,8497.900390625,0
1999-06-25,8265.919921875,8265.9599609375,8497.599609375,8251.650390625,8469.1201171875,0
1999-06-28,8281.41015625,8281.4501953125,8341.849609375,8240.349609375,8281.7001953125,0
1999-06-29,8514.2294921875,8514.26953125,8514.26953125,8407.9501953125,8428.83984375,0
1999-06-30,8467.330078125,8467.3701171875,8576.7802734375,8444.58984375,8576.7802734375,0
1999-07-02,8572.0498046875,8572.08984375,8642.6201171875,8508.7900390625,8508.7900390625,0
1999-07-05,8593.3095703125,8593.349609375,8668.150390625,8535.0302734375,8588.150390625,0
1999-07-06,8454.4501953125,8454.490234375,8663.919921875,8446.1904296875,8631.25,0
1999-07-07,8470.0302734375,8470.0703125,8500.6103515625,8390.990234375,8464.75,0
1999-07-08,8592.3896484375,8592.4296875,8610.900390625,8525.4296875,8533.8701171875,0
1999-07-09,8550.2294921875,8550.26953125,8663.0595703125,8538.8203125,8624.3798828125,0
1999-07-12,8463.8603515625,8463.900390625,8592.0498046875,8455.1396484375,8582.8896484375,0
1999-07-13,8204.4599609375,8204.5,8441.1396484375,8194.9697265625,8441.1396484375,0
1999-07-14,7888.623046875,7888.66015625,8249.16015625,7792.5400390625,8162.72021484375,0
1999-07-15,7918.0029296875,7918.0400390625,7964.990234375,7737.3798828125,7868.47021484375,0
1999-07-16,7411.5458984375,7411.580078125,8024.18994140625,7402.52978515625,7987.259765625,0
1999-07-19,7386.85595703125,7386.89013671875,7455.22021484375,7192.990234375,7364.8798828125,0
1999-07-20,7806.814453125,7806.85009765625,7826.490234375,7543.60986328125,7543.60986328125,0
1999-07-21,7786.6142578125,7786.64990234375,7830.759765625,7640.31982421875,7663.68994140625,0
1999-07-22,7678.634765625,7678.669921875,7798.93994140625,7671.64013671875,7743.419921875,0
1999-07-23,7724.48486328125,7724.52001953125,7735.52001953125,7619.41015625,7634.81982421875,0
1999-07-26,7595.6748046875,7595.7099609375,7730.60009765625,7590.0498046875,7702.080078125,0
1999-07-27,7367.9365234375,7367.97021484375,7538.52978515625,7329.740234375,7510.10986328125,0
1999-07-28,7484.4658203125,7484.5,7533.8701171875,7433.52978515625,7485.25,0
1999-07-29,7359.33642578125,7359.3701171875,7513.080078125,7343.580078125,7513.080078125,0
1999-07-30,7413.07568359375,7413.10986328125,7420.83984375,7150.0400390625,7169.35009765625,0
1999-08-02,7195.90673828125,7195.93994140625,7355.14990234375,7176.5400390625,7340.8798828125,0
1999-08-03,7175.15673828125,7175.18994140625,7191.9599609375,6968.5400390625,7114.64990234375,0
1999-08-04,7110.767578125,7110.7998046875,7274.66015625,7105.91015625,7196.68017578125,0
1999-08-05,6959.6982421875,6959.72998046875,7078.580078125,6941.64990234375,7038.5400390625,0
1999-08-06,6823.48876953125,6823.52001953125,7031.7998046875,6817.580078125,6988.509765625,0
1999-08-09,7027.97802734375,7028.009765625,7110.81982421875,7017.85986328125,7077.6201171875,0
1999-08-10,7269.56640625,7269.60009765625,7269.60009765625,7030.259765625,7051.330078125,0
1999-08-11,7228.64697265625,7228.68017578125,7321.0,7206.02001953125,7276.9599609375,0
1999-08-12,7330.20654296875,7330.240234375,7393.89013671875,7277.81005859375,7294.52978515625,0
1999-08-13,7626.0146484375,7626.0498046875,7683.02978515625,7504.8798828125,7530.52001953125,0
1999-08-16,8018.4326171875,8018.47021484375,8018.47021484375,7748.14990234375,7748.14990234375,0
1999-08-17,8083.392578125,8083.43017578125,8101.41015625,7924.009765625,8043.0,0
1999-08-18,7993.67236328125,7993.7099609375,8155.740234375,7992.14990234375,8105.06982421875,0
1999-08-19,7964.6328125,7964.669921875,8005.43017578125,7916.43017578125,7959.52978515625,0
1999-08-20,8117.38232421875,8117.419921875,8135.66015625,7975.52001953125,7976.83984375,0
1999-08-23,8119.9423828125,8119.97998046875,8193.759765625,8086.27001953125,8168.77001953125,0
1999-08-24,7984.3525390625,7984.39013671875,8255.48046875,7984.39013671875,8212.3798828125,0
1999-08-25,8127.05224609375,8127.08984375,8133.9501953125,7954.35009765625,7999.1298828125,0
1999-08-26,8097.5322265625,8097.56982421875,8240.169921875,8077.18017578125,8171.27978515625,0
1999-08-27,8053.9326171875,8053.97021484375,8135.240234375,8027.85986328125,8082.91015625,0
1999-08-30,8071.322265625,8071.35986328125,8159.56005859375,8041.419921875,8054.830078125,0
1999-08-31,8157.6923828125,8157.72998046875,8196.66015625,8072.4501953125,8075.7998046875,0
1999-09-01,8273.2900390625,8273.330078125,8360.83984375,8225.6103515625,8225.6103515625,0
1999-09-02,8226.1103515625,8226.150390625,8414.599609375,8214.6103515625,8349.0302734375,0
1999-09-03,8073.9326171875,8073.97021484375,8217.240234375,8069.06982421875,8208.7001953125,0
1999-09-06,8130.2421875,8130.27978515625,8135.3701171875,8006.25,8072.77001953125,0
1999-09-07,7945.72265625,7945.759765625,8196.3798828125,7933.27978515625,8184.4599609375,0
1999-09-08,7973.2626953125,7973.2998046875,8033.31005859375,7891.66015625,7968.830078125,0
1999-09-09,8024.982421875,8025.02001953125,8048.14013671875,7955.81005859375,7988.08984375,0
1999-09-10,8161.42236328125,8161.4599609375,8175.35986328125,8089.85986328125,8105.72998046875,0
1999-09-13,8178.65234375,8178.68994140625,8250.73046875,8159.18994140625,8201.0,0
1999-09-14,8091.982421875,8092.02001953125,8200.5302734375,8054.8701171875,8195.6103515625,0
1999-09-15,7971.0029296875,7971.0400390625,8117.97021484375,7969.3798828125,8077.41015625,0
1999-09-16,7968.86279296875,7968.89990234375,8003.39990234375,7897.56005859375,7897.56005859375,0
1999-09-17,7916.8828125,7916.919921875,8043.509765625,7903.2998046875,7987.740234375,0
1999-09-20,7972.10302734375,7972.14013671875,8028.419921875,7947.93994140625,8028.419921875,0
1999-09-27,7759.89453125,7759.93017578125,7789.83984375,7755.85986328125,7789.83984375,0
1999-09-28,7577.81494140625,7577.85009765625,7636.47021484375,7537.47021484375,7636.47021484375,0
1999-09-29,7615.4150390625,7615.4501953125,7615.4501953125,7415.580078125,7464.81982421875,0
1999-09-30,7598.7548828125,7598.7900390625,7680.31982421875,7566.990234375,7598.9599609375,0
1999-10-01,7694.955078125,7694.990234375,7704.759765625,7613.919921875,7633.080078125,0
1999-10-04,7685.44482421875,7685.47998046875,7715.3798828125,7592.33984375,7668.68994140625,0
1999-10-05,7556.974609375,7557.009765625,7763.60986328125,7545.72021484375,7743.72021484375,0
1999-10-06,7501.595703125,7501.6298828125,7546.77978515625,7462.4501953125,7526.91015625,0
1999-10-07,7611.96484375,7612.0,7656.85009765625,7558.08984375,7558.08984375,0
1999-10-08,7552.94482421875,7552.97998046875,7634.759765625,7542.47021484375,7610.2900390625,0
1999-10-11,7607.07470703125,7607.10986328125,7642.259765625,7554.06982421875,7555.93994140625,0
1999-10-12,7835.333984375,7835.3701171875,7840.56982421875,7658.2099609375,7658.2099609375,0
1999-10-13,7836.90380859375,7836.93994140625,7890.85986328125,7784.43994140625,7806.919921875,0
1999-10-14,7879.873046875,7879.91015625,7879.91015625,7773.2099609375,7777.7001953125,0
1999-10-15,7819.05419921875,7819.08984375,7959.52001953125,7815.77978515625,7923.18994140625,0
1999-10-18,7745.22412109375,7745.259765625,7818.60009765625,7726.6201171875,7806.25,0
1999-10-19,7692.9248046875,7692.9599609375,7798.16015625,7684.2998046875,7759.93017578125,0
1999-10-20,7666.60498046875,7666.64013671875,7721.14990234375,7653.85009765625,7713.97998046875,0
1999-10-21,7654.86474609375,7654.89990234375,7792.72021484375,7640.31005859375,7766.740234375,0
1999-10-22,7559.5947265625,7559.6298828125,7691.33984375,7505.06982421875,7676.580078125,0
1999-10-25,7680.8349609375,7680.8701171875,7680.8701171875,7570.7099609375,7595.64013671875,0
1999-10-26,7700.2548828125,7700.2900390625,7787.3798828125,7667.2099609375,7690.31005859375,0
1999-10-27,7701.18505859375,7701.22021484375,7780.2099609375,7669.830078125,7731.169921875,0
1999-10-28,7681.81494140625,7681.85009765625,7744.330078125,7669.490234375,7729.6201171875,0
1999-10-29,7706.634765625,7706.669921875,7776.85009765625,7667.81005859375,7751.509765625,0
1999-11-01,7814.8544921875,7814.89013671875,7874.259765625,7808.89990234375,7874.259765625,0
1999-11-02,7721.5546875,7721.58984375,7805.81982421875,7687.72021484375,7782.080078125,0
1999-11-03,7580.0546875,7580.08984375,7741.52001953125,7572.10986328125,7729.10009765625,0
1999-11-04,7469.19580078125,7469.22998046875,7605.9501953125,7460.2099609375,7589.93017578125,0
1999-11-05,7488.2255859375,7488.259765625,7498.18994140625,7404.31005859375,7466.6298828125,0
1999-11-08,7401.4560546875,7401.490234375,7411.72998046875,7261.31005859375,7318.27978515625,0
1999-11-09,7362.65625,7362.68994140625,7430.39990234375,7362.6298828125,7420.0498046875,0
1999-11-10,7401.77587890625,7401.81005859375,7506.4599609375,7355.3798828125,7356.72998046875,0
1999-11-11,7532.185546875,7532.22021484375,7549.2900390625,7464.990234375,7464.990234375,0
1999-11-15,7544.9951171875,7545.02978515625,7577.56005859375,7492.47998046875,7575.60986328125,0
1999-11-16,7606.1650390625,7606.2001953125,7646.25,7554.169921875,7576.9501953125,0
1999-11-17,7645.74462890625,7645.77978515625,7687.0400390625,7612.18994140625,7687.0400390625,0
1999-11-18,7718.02490234375,7718.06005859375,7745.89990234375,7626.0498046875,7633.60986328125,0
1999-11-19,7770.7744140625,7770.81005859375,7858.39990234375,7756.33984375,7787.2001953125,0
1999-11-22,8052.2724609375,8052.31005859375,8088.52978515625,7944.02001953125,7967.0498046875,0
1999-11-23,8046.15234375,8046.18994140625,8152.330078125,8007.169921875,8105.1201171875,0
1999-11-24,7921.81298828125,7921.85009765625,8034.72998046875,7913.2099609375,7938.1201171875,0
1999-11-25,7904.49267578125,7904.52978515625,7933.81982421875,7808.919921875,7919.68017578125,0
1999-11-26,7595.40478515625,7595.43994140625,7955.1298828125,7558.39990234375,7913.91015625,0
1999-11-29,7823.86376953125,7823.89990234375,7823.89990234375,7688.580078125,7706.1201171875,0
1999-11-30,7720.8349609375,7720.8701171875,7884.22998046875,7707.169921875,7884.22998046875,0
1999-12-01,7766.16455078125,7766.2001953125,7767.080078125,7684.419921875,7702.18017578125,0
1999-12-02,7806.22412109375,7806.259765625,7872.580078125,7773.75,7802.830078125,0
1999-12-03,7933.1328125,7933.169921875,7957.08984375,7858.580078125,7880.490234375,0
1999-12-06,7894.4228515625,7894.4599609375,7982.740234375,7859.759765625,7982.740234375,0
1999-12-07,7827.013671875,7827.0498046875,7907.009765625,7812.2900390625,7899.85009765625,0
1999-12-08,7810.984375,7811.02001953125,7910.759765625,7798.919921875,7826.85009765625,0
1999-12-09,7738.80419921875,7738.83984375,7862.3701171875,7728.77001953125,7797.60986328125,0
1999-12-10,7733.705078125,7733.740234375,7767.990234375,7687.35986328125,7764.830078125,0
1999-12-13,7883.57275390625,7883.60986328125,7883.60986328125,7782.47998046875,7782.47998046875,0
1999-12-14,7850.10400390625,7850.14013671875,7932.47021484375,7841.81982421875,7921.2001953125,0
1999-12-15,7859.853515625,7859.89013671875,7895.22021484375,7831.8701171875,7832.259765625,0
1999-12-16,7739.72412109375,7739.759765625,7904.83984375,7721.5,7891.080078125,0
1999-12-17,7723.18505859375,7723.22021484375,7792.990234375,7684.64013671875,7762.8798828125,0
1999-12-20,7782.904296875,7782.93994140625,7827.490234375,7741.83984375,7821.9501953125,0
1999-12-21,7934.22265625,7934.259765625,7946.0498046875,7815.85009765625,7819.18017578125,0
1999-12-22,8002.72216796875,8002.759765625,8079.56982421875,7979.72021484375,8033.3701171875,0
1999-12-23,8083.45263671875,8083.490234375,8117.72998046875,8013.18017578125,8043.8798828125,0
1999-12-24,8219.41015625,8219.4501953125,8225.3896484375,8144.83984375,8144.83984375,0
1999-12-27,8415.0302734375,8415.0703125,8415.0703125,8253.7900390625,8274.830078125,0
1999-12-28,8448.7998046875,8448.83984375,8480.5,8376.2900390625,8451.7197265625,0
2000-01-04,8756.509765625,8756.5498046875,8803.6103515625,8642.5,8644.91015625,0
2000-01-05,8849.830078125,8849.8701171875,8867.6796875,8668.01953125,8690.599609375,0
2000-01-06,8921.9892578125,8922.0302734375,9023.990234375,8833.91015625,8900.5595703125,0
2000-01-07,8849.830078125,8849.8701171875,8940.76953125,8739.4296875,8853.4296875,0
2000-01-10,9102.5576171875,9102.599609375,9126.01953125,8891.7900390625,8941.9296875,0
2000-01-11,8926.9892578125,8927.0302734375,9332.51953125,8890.4501953125,9254.1796875,0
2000-01-12,9144.6083984375,9144.650390625,9144.650390625,8937.3095703125,8964.7802734375,0
2000-01-13,9107.1484375,9107.1904296875,9237.849609375,9095.349609375,9215.759765625,0
2000-01-14,9023.19921875,9023.240234375,9236.849609375,8967.5595703125,9219.3701171875,0
2000-01-17,9315.3876953125,9315.4296875,9384.51953125,9230.3896484375,9256.5703125,0
2000-01-18,9250.1484375,9250.1904296875,9353.8896484375,9210.3603515625,9353.8896484375,0
2000-01-19,9151.3984375,9151.4404296875,9335.73046875,9136.759765625,9255.7001953125,0
2000-01-20,9136.908203125,9136.9501953125,9211.33984375,9077.7001953125,9175.26953125,0
2000-01-21,9255.8984375,9255.9404296875,9305.26953125,9183.5595703125,9183.5595703125,0
2000-01-24,9387.0283203125,9387.0703125,9425.8701171875,9327.98046875,9327.98046875,0
2000-01-25,9372.328125,9372.3701171875,9413.2099609375,9308.009765625,9412.240234375,0
2000-01-26,9581.916015625,9581.9599609375,9617.3203125,9469.740234375,9469.740234375,0
2000-01-27,9628.9365234375,9628.98046875,9733.259765625,9618.2998046875,9684.4501953125,0
2000-01-28,9696.865234375,9696.91015625,9753.7197265625,9627.919921875,9627.919921875,0
2000-01-31,9744.8447265625,9744.8896484375,9749.509765625,9613.7998046875,9653.240234375,0
2000-02-01,9856.3447265625,9856.3896484375,9901.7998046875,9800.6298828125,9829.6796875,0
2000-02-09,10008.833984375,10008.8798828125,10137.240234375,9932.0703125,10137.240234375,0
2000-02-10,10057.623046875,10057.669921875,10098.2998046875,9957.66015625,10028.33984375,0
2000-02-11,10128.623046875,10128.669921875,10227.330078125,10096.5400390625,10171.7998046875,0
2000-02-14,9971.404296875,9971.4501953125,10167.7099609375,9963.5,10152.4599609375,0
2000-02-15,9957.6943359375,9957.740234375,10014.25,9853.8603515625,9993.6298828125,0
2000-02-16,10064.443359375,10064.490234375,10099.9697265625,10010.8701171875,10010.8701171875,0
2000-02-17,10202.1533203125,10202.2001953125,10267.4599609375,10109.849609375,10109.849609375,0
2000-02-18,10096.3330078125,10096.3798828125,10393.58984375,10062.23046875,10311.26953125,0
2000-02-21,9912.625,9912.669921875,10212.990234375,9912.669921875,10165.240234375,0
2000-02-22,9731.884765625,9731.9296875,9917.1298828125,9596.6796875,9853.16015625,0
2000-02-23,9642.2158203125,9642.259765625,9803.8095703125,9623.4599609375,9738.1904296875,0
2000-02-24,9599.1259765625,9599.169921875,9781.3095703125,9582.0,9725.2998046875,0
2000-02-25,9432.4482421875,9432.490234375,9639.1201171875,9407.7900390625,9620.919921875,0
2000-02-29,9435.8984375,9435.9404296875,9581.0,9410.1103515625,9525.650390625,0
2000-03-01,9689.0546875,9689.099609375,9689.099609375,9572.240234375,9572.240234375,0
2000-03-02,9543.77734375,9543.8203125,9781.26953125,9538.1201171875,9781.26953125,0
2000-03-03,9587.986328125,9588.0302734375,9650.740234375,9547.400390625,9557.66015625,0
2000-03-06,9367.8681640625,9367.91015625,9519.7998046875,9356.580078125,9519.7998046875,0
2000-03-07,9380.0283203125,9380.0703125,9440.3203125,9286.3896484375,9340.490234375,0
2000-03-08,9389.4482421875,9389.490234375,9482.1796875,9379.2900390625,9413.5703125,0
2000-03-09,9587.2255859375,9587.26953125,9587.26953125,9453.7001953125,9453.7001953125,0
2000-03-10,9429.5576171875,9429.599609375,9712.3896484375,9422.080078125,9706.01953125,0
2000-03-13,8811.91015625,8811.9501953125,9229.490234375,8807.3603515625,9229.490234375,0
2000-03-14,8835.5400390625,8835.580078125,8871.830078125,8598.0703125,8694.8701171875,0
2000-03-15,8639.990234375,8640.0302734375,8905.8203125,8634.490234375,8794.2998046875,0
2000-03-16,8682.7197265625,8682.759765625,8714.0595703125,8250.4599609375,8357.6298828125,0
2000-03-17,8763.2294921875,8763.26953125,8799.08984375,8610.580078125,8700.990234375,0
2000-03-20,8536.009765625,8536.0498046875,8536.0498046875,8483.41015625,8483.41015625,0
2000-03-21,9004.439453125,9004.48046875,9021.8896484375,8355.8896484375,8380.7900390625,0
2000-03-22,9069.34765625,9069.3896484375,9201.150390625,8908.3203125,9009.0703125,0
2000-03-23,9533.8271484375,9533.8701171875,9567.8896484375,9198.4501953125,9198.4501953125,0
2000-03-24,9482.5966796875,9482.6396484375,9571.2802734375,9405.1396484375,9571.2802734375,0
2000-03-27,9807.525390625,9807.5703125,9858.5703125,9531.91015625,9531.91015625,0
2000-03-28,9856.5546875,9856.599609375,9985.150390625,9772.5400390625,9919.75,0
2000-03-29,9805.6455078125,9805.6904296875,9914.1396484375,9794.48046875,9844.41015625,0
2000-03-30,9931.89453125,9931.9404296875,10071.259765625,9846.6396484375,9846.6396484375,0
2000-03-31,9854.9052734375,9854.9501953125,10011.9599609375,9798.6103515625,9903.5595703125,0
2000-04-05,10186.123046875,10186.169921875,10238.1103515625,9923.740234375,9923.740234375,0
2000-04-06,9969.234375,9969.2802734375,10328.98046875,9969.2802734375,10252.080078125,0
2000-04-07,9920.984375,9921.0302734375,10128.259765625,9908.8798828125,10069.51953125,0
2000-04-10,10127.43359375,10127.48046875,10168.7197265625,9956.650390625,9979.23046875,0
2000-04-11,10068.0029296875,10068.0498046875,10194.91015625,10059.41015625,10108.98046875,0
2000-04-12,9911.3447265625,9911.3896484375,10149.3203125,9906.3203125,10101.4404296875,0
2000-04-13,9662.5556640625,9662.599609375,9746.990234375,9564.7197265625,9655.4296875,0
2000-04-14,9374.568359375,9374.6103515625,9662.1201171875,9370.1298828125,9517.4501953125,0
2000-04-17,8993.638671875,8993.6796875,9013.1396484375,8796.76953125,8848.16015625,0
2000-04-18,9306.98828125,9307.0302734375,9389.349609375,9238.349609375,9292.740234375,0
2000-04-19,9104.3583984375,9104.400390625,9477.669921875,9104.400390625,9435.01953125,0
2000-04-20,9109.0078125,9109.0498046875,9175.75,8943.8896484375,9084.8603515625,0
2000-04-21,9120.4384765625,9120.48046875,9243.0400390625,9105.3095703125,9167.150390625,0
2000-04-24,8808.0498046875,8808.08984375,9128.9501953125,8807.7099609375,9128.9501953125,0
2000-04-25,8921.0791015625,8921.1201171875,8923.26953125,8672.41015625,8702.9599609375,0
2000-04-26,8535.919921875,8535.9599609375,9022.76953125,8465.759765625,8992.6201171875,0
2000-04-27,8541.91015625,8541.9501953125,8633.3896484375,8458.400390625,8587.0302734375,0
2000-04-28,8824.3203125,8824.3603515625,8860.5,8478.48046875,8594.48046875,0
2000-05-02,8638.7099609375,8638.75,8838.7802734375,8632.5703125,8836.830078125,0
2000-05-03,8419.9599609375,8420.0,8587.0,8395.23046875,8505.4599609375,0
2000-05-04,8425.33984375,8425.3798828125,8655.2001953125,8338.919921875,8444.0703125,0
2000-05-05,8698.490234375,8698.5302734375,8699.01953125,8343.3701171875,8389.900390625,0
2000-05-08,8616.1396484375,8616.1796875,8742.6904296875,8538.5,8669.4697265625,0
2000-05-09,8635.7998046875,8635.83984375,8660.76953125,8566.6396484375,8607.650390625,0
2000-05-10,8559.830078125,8559.8701171875,8749.6201171875,8557.3095703125,8695.1298828125,0
2000-05-11,8349.8701171875,8349.91015625,8440.7802734375,8281.6796875,8427.33984375,0
2000-05-12,8560.400390625,8560.4404296875,8603.8701171875,8454.7197265625,8472.8203125,0
2000-05-15,8464.9794921875,8465.01953125,8639.9404296875,8456.5302734375,8639.9404296875,0
2000-05-16,8727.7802734375,8727.8203125,8733.4599609375,8496.4404296875,8534.1796875,0
2000-05-17,9085.6982421875,9085.740234375,9131.8603515625,8885.240234375,8885.240234375,0
2000-05-18,9087.16796875,9087.2099609375,9135.1298828125,9002.0302734375,9026.3896484375,0
2000-05-19,9119.7275390625,9119.76953125,9146.58984375,9030.5703125,9030.6796875,0
2000-05-22,8807.5302734375,8807.5703125,8967.3603515625,8800.3701171875,8903.3203125,0
2000-05-23,8670.9697265625,8671.009765625,8820.73046875,8634.73046875,8811.4404296875,0
2000-05-24,8500.3701171875,8500.41015625,8623.1201171875,8470.5595703125,8496.0595703125,0
2000-05-25,8438.0595703125,8438.099609375,8643.66015625,8418.5,8609.7998046875,0
2000-05-26,8559.419921875,8559.4599609375,8578.3203125,8386.3701171875,8397.009765625,0
2000-05-29,8588.2099609375,8588.25,8701.6103515625,8571.349609375,8597.58984375,0
2000-05-30,8764.3798828125,8764.419921875,8764.419921875,8641.4296875,8668.7001953125,0
2000-05-31,8939.478515625,8939.51953125,8969.650390625,8879.4296875,8969.650390625,0
2000-06-01,8842.58984375,8842.6298828125,8961.5400390625,8815.4296875,8936.4296875,0
2000-06-02,8883.4091796875,8883.4501953125,9026.8603515625,8880.98046875,8979.7802734375,0
2000-06-05,8958.1689453125,8958.2099609375,8975.990234375,8894.8203125,8967.41015625,0
2000-06-07,9115.427734375,9115.4697265625,9116.240234375,8943.6298828125,8943.6298828125,0
2000-06-08,9067.837890625,9067.8798828125,9209.48046875,9055.7197265625,9151.3095703125,0
2000-06-09,9036.619140625,9036.66015625,9136.75,9011.2001953125,9113.0703125,0
2000-06-12,8955.3994140625,8955.4404296875,9083.849609375,8935.4697265625,9073.830078125,0
2000-06-13,8891.048828125,8891.08984375,8984.1298828125,8879.51953125,8905.4501953125,0
2000-06-14,8935.189453125,8935.23046875,9014.26953125,8911.3798828125,8978.650390625,0
2000-06-15,8844.9296875,8844.9697265625,8968.990234375,8826.6904296875,8943.2099609375,0
2000-06-16,8832.1103515625,8832.150390625,8893.58984375,8791.669921875,8858.6201171875,0
2000-06-19,8751.0595703125,8751.099609375,8799.6796875,8653.6201171875,8786.3701171875,0
2000-06-20,8690.6201171875,8690.66015625,8861.0302734375,8688.2099609375,8861.0302734375,0
2000-06-21,8637.5595703125,8637.599609375,8742.23046875,8631.6396484375,8733.2001953125,0
2000-06-22,8771.7294921875,8771.76953125,8771.76953125,8616.849609375,8623.400390625,0
2000-06-23,8684.8896484375,8684.9296875,8785.5302734375,8682.01953125,8742.2099609375,0
2000-06-26,8529.51953125,8529.5595703125,8675.4697265625,8507.419921875,8672.7998046875,0
2000-06-27,8424.1298828125,8424.169921875,8587.400390625,8412.009765625,8587.400390625,0
2000-06-28,8365.58984375,8365.6298828125,8476.8896484375,8248.9501953125,8429.0498046875,0
2000-06-29,8120.8525390625,8120.89013671875,8440.83984375,8112.080078125,8433.900390625,0
2000-06-30,8265.0498046875,8265.08984375,8290.6298828125,8050.02001953125,8159.41015625,0
2000-07-03,8297.7294921875,8297.76953125,8368.5595703125,8138.72021484375,8260.9501953125,0
2000-07-04,8052.50244140625,8052.5400390625,8333.5703125,8024.5498046875,8329.76953125,0
2000-07-05,8421.7001953125,8421.740234375,8438.7197265625,7988.5400390625,8079.27978515625,0
2000-07-06,8289.349609375,8289.3896484375,8383.6904296875,8277.9404296875,8291.26953125,0
2000-07-07,8173.04248046875,8173.080078125,8370.5595703125,8169.77001953125,8318.4697265625,0
2000-07-10,8154.63232421875,8154.669921875,8211.349609375,8015.3798828125,8209.8603515625,0
2000-07-11,8158.59228515625,8158.6298828125,8262.6396484375,8116.02001953125,8153.81005859375,0
2000-07-12,8059.71240234375,8059.75,8180.06005859375,8025.18994140625,8168.56005859375,0
2000-07-13,8267.6201171875,8267.66015625,8304.009765625,8101.3798828125,8101.3798828125,0
2000-07-14,8497.08984375,8497.1298828125,8530.5,8309.669921875,8309.669921875,0
2000-07-17,8585.4794921875,8585.51953125,8643.2099609375,8564.9697265625,8601.259765625,0
2000-07-18,8368.740234375,8368.7802734375,8582.75,8367.0498046875,8582.75,0
2000-07-19,8411.83984375,8411.8798828125,8423.58984375,8270.5703125,8275.48046875,0
2000-07-20,8219.490234375,8219.5302734375,8406.0498046875,8210.5302734375,8355.2099609375,0
2000-07-21,8167.33251953125,8167.3701171875,8300.6796875,8058.14013671875,8273.0400390625,0
2000-07-24,8064.16259765625,8064.2001953125,8177.7001953125,8064.2001953125,8132.39013671875,0
2000-07-25,7900.35302734375,7900.39013671875,8119.6298828125,7900.39013671875,7984.7900390625,0
2000-07-26,7961.5029296875,7961.5400390625,8113.27001953125,7922.81005859375,7944.89990234375,0
2000-07-27,7956.24267578125,7956.27978515625,7959.9599609375,7723.43994140625,7932.85986328125,0
2000-07-28,8122.072265625,8122.10986328125,8147.7900390625,7861.0400390625,7861.0400390625,0
2000-07-31,8114.88232421875,8114.919921875,8155.990234375,8068.08984375,8126.7998046875,0
2000-08-01,7984.6123046875,7984.64990234375,8192.73046875,7979.240234375,8171.580078125,0
2000-08-02,7916.81298828125,7916.85009765625,8044.8701171875,7910.27978515625,7985.830078125,0
2000-08-03,7844.89404296875,7844.93017578125,7912.39990234375,7736.18994140625,7888.31982421875,0
2000-08-04,7925.1630859375,7925.2001953125,8029.14013671875,7856.60009765625,7881.72021484375,0
2000-08-07,7715.955078125,7715.990234375,7809.43994140625,7680.52978515625,7804.0,0
2000-08-08,7797.744140625,7797.77978515625,7818.669921875,7670.27978515625,7751.27978515625,0
2000-08-09,8048.1025390625,8048.14013671875,8048.14013671875,7866.10986328125,7866.10986328125,0
2000-08-10,8024.65234375,8024.68994140625,8105.6298828125,7988.39013671875,8087.10009765625,0
2000-08-11,7974.61279296875,7974.64990234375,8082.06982421875,7962.0498046875,8012.64013671875,0
2000-08-14,7848.833984375,7848.8701171875,7982.1298828125,7838.5,7977.419921875,0
2000-08-15,7845.65380859375,7845.68994140625,7913.77001953125,7821.740234375,7883.83984375,0
2000-08-16,8003.4921875,8003.52978515625,8023.169921875,7870.580078125,7870.580078125,0
2000-08-17,8143.21240234375,8143.25,8143.25,8000.4599609375,8059.02001953125,0
2000-08-18,8176.7822265625,8176.81982421875,8276.240234375,8175.35009765625,8192.2998046875,0
2000-08-21,8257.83984375,8257.8798828125,8305.669921875,8216.419921875,8232.91015625,0
2000-08-22,8118.01220703125,8118.0498046875,8244.419921875,8086.66015625,8244.419921875,0
2000-08-24,8098.80224609375,8098.83984375,8222.080078125,8090.18017578125,8162.0,0
2000-08-25,8026.2822265625,8026.31982421875,8142.47021484375,8014.9501953125,8120.9599609375,0
2000-08-28,7845.833984375,7845.8701171875,7985.4501953125,7840.75,7985.4501953125,0
2000-08-29,7817.45458984375,7817.490234375,7828.3701171875,7621.1298828125,7769.93017578125,0
2000-08-30,7543.92529296875,7543.9599609375,7809.35009765625,7543.16015625,7784.740234375,0
2000-08-31,7616.94482421875,7616.97998046875,7661.72998046875,7440.81005859375,7458.33984375,0
2000-09-01,7420.02587890625,7420.06005859375,7660.89990234375,7381.009765625,7659.81982421875,0
2000-09-04,7802.984375,7803.02001953125,7814.490234375,7694.7099609375,7758.5400390625,0
2000-09-05,7785.58447265625,7785.6201171875,7829.33984375,7723.14013671875,7829.33984375,0
2000-09-06,7610.74462890625,7610.77978515625,7758.4501953125,7601.22998046875,7725.009765625,0
2000-09-07,7430.89599609375,7430.93017578125,7520.169921875,7418.52001953125,7467.93994140625,0
2000-09-08,7367.95654296875,7367.990234375,7494.669921875,7360.5,7457.85986328125,0
2000-09-11,7335.16650390625,7335.2001953125,7379.85009765625,7295.8798828125,7297.77978515625,0
2000-09-13,7391.6259765625,7391.66015625,7407.77978515625,7153.22998046875,7279.35986328125,0
2000-09-14,7152.25732421875,7152.2900390625,7367.27001953125,7144.1201171875,7348.81005859375,0
2000-09-15,7155.41748046875,7155.4501953125,7364.4599609375,7120.31005859375,7160.009765625,0
2000-09-18,6910.1083984375,6910.14013671875,7026.27001953125,6902.5400390625,6990.47998046875,0
2000-09-19,6734.86865234375,6734.89990234375,6950.0400390625,6712.2001953125,6811.72021484375,0
2000-09-20,6880.05810546875,6880.08984375,6910.91015625,6720.33984375,6843.9501953125,0
2000-09-21,6920.8681640625,6920.89990234375,6946.83984375,6774.47021484375,6818.9599609375,0
2000-09-22,6612.0595703125,6612.08984375,6780.27001953125,6600.10009765625,6737.5400390625,0
2000-09-25,6677.42919921875,6677.4599609375,6726.75,6550.2099609375,6618.16015625,0
2000-09-26,6748.99853515625,6749.02978515625,6780.68017578125,6491.33984375,6647.93994140625,0
2000-09-27,6717.0087890625,6717.0400390625,6840.3798828125,6668.06982421875,6706.4501953125,0
2000-09-28,6564.83984375,6564.8701171875,6799.6201171875,6564.8701171875,6744.7900390625,0
2000-09-29,6432.330078125,6432.35986328125,6589.81982421875,6425.580078125,6571.6201171875,0
2000-10-02,6024.0419921875,6024.06982421875,6248.1201171875,6014.8701171875,6165.64013671875,0
2000-10-03,6143.412109375,6143.43994140625,6214.52978515625,5907.0400390625,5943.7900390625,0
2000-10-04,5997.89208984375,5997.919921875,5997.919921875,5946.9501953125,5989.4501953125,0
2000-10-05,6029.6220703125,6029.64990234375,6047.77978515625,5904.97998046875,5932.7900390625,0
2000-10-06,6353.64013671875,6353.669921875,6367.39013671875,6037.5400390625,6037.5400390625,0
2000-10-09,6209.39111328125,6209.419921875,6338.52001953125,6203.47021484375,6336.2998046875,0
2000-10-11,6040.52197265625,6040.5498046875,6070.43017578125,6013.52978515625,6070.43017578125,0
2000-10-12,5804.9833984375,5805.009765625,5981.669921875,5763.81005859375,5850.259765625,0
2000-10-13,5876.0830078125,5876.10986328125,5876.10986328125,5482.97998046875,5577.85986328125,0
2000-10-16,5630.9248046875,5630.9501953125,6161.16015625,5602.72021484375,6060.43994140625,0
2000-10-17,5702.33447265625,5702.35986328125,5742.68017578125,5512.0,5512.0,0
2000-10-18,5432.205078125,5432.22998046875,5626.740234375,5427.4599609375,5606.52978515625,0
2000-10-19,5081.25634765625,5081.27978515625,5284.33984375,5074.43994140625,5261.93994140625,0
2000-10-20,5404.7548828125,5404.77978515625,5407.06005859375,5241.56982421875,5241.56982421875,0
2000-10-23,5608.9248046875,5608.9501953125,5718.169921875,5539.97021484375,5644.72998046875,0
2000-10-24,5918.6025390625,5918.6298828125,5933.419921875,5645.0498046875,5701.14990234375,0
2000-10-25,6023.751953125,6023.77978515625,6035.169921875,5898.97021484375,5914.3701171875,0
2000-10-26,5941.82275390625,5941.85009765625,6011.0498046875,5909.35009765625,5937.22021484375,0
2000-10-27,5805.1435546875,5805.169921875,6003.3798828125,5804.919921875,5991.830078125,0
2000-10-30,5659.0546875,5659.080078125,5666.9599609375,5615.89990234375,5644.259765625,0
2000-10-31,5544.1552734375,5544.18017578125,5626.02978515625,5502.669921875,5530.7998046875,0
2000-11-01,5424.9951171875,5425.02001953125,5570.580078125,5400.259765625,5552.2998046875,0
2000-11-02,5626.0546875,5626.080078125,5630.009765625,5381.419921875,5385.5400390625,0
2000-11-03,5796.05419921875,5796.080078125,5813.43994140625,5663.740234375,5723.35009765625,0
2000-11-06,5657.45458984375,5657.47998046875,5708.77001953125,5609.14013671875,5679.08984375,0
2000-11-07,5877.7431640625,5877.77001953125,5877.77001953125,5720.89013671875,5721.8798828125,0
2000-11-08,6067.912109375,6067.93994140625,6164.6201171875,5889.009765625,5926.39990234375,0
2000-11-09,6089.52197265625,6089.5498046875,6089.5498046875,5926.64013671875,6025.16015625,0
2000-11-10,6088.71240234375,6088.740234375,6126.08984375,6018.4501953125,6039.18994140625,0
2000-11-13,5793.494140625,5793.52001953125,5878.64013671875,5748.43017578125,5878.64013671875,0
2000-11-14,5772.48388671875,5772.509765625,5855.27978515625,5721.68994140625,5747.0,0
2000-11-15,5736.994140625,5737.02001953125,5942.06005859375,5696.009765625,5896.64013671875,0
2000-11-16,5454.10498046875,5454.1298828125,5581.93017578125,5436.85009765625,5554.0,0
2000-11-17,5351.3359375,5351.35986328125,5367.64990234375,5168.97021484375,5264.93017578125,0
2000-11-20,4845.1875,4845.2099609375,5036.6201171875,4841.669921875,4994.72998046875,0
2000-11-21,5102.9765625,5103.0,5103.0,4760.68017578125,4770.77978515625,0
2000-11-22,5130.5859375,5130.60986328125,5293.89013671875,5113.22021484375,5128.97998046875,0
2000-11-23,5146.89599609375,5146.919921875,5148.2998046875,5032.2001953125,5057.2998046875,0
2000-11-24,5419.96533203125,5419.990234375,5423.43017578125,5218.18017578125,5218.18017578125,0
2000-11-27,5433.7548828125,5433.77978515625,5526.1298828125,5384.0400390625,5510.7998046875,0
2000-11-28,5362.2353515625,5362.259765625,5411.0,5337.419921875,5388.68017578125,0
2000-11-29,5319.43603515625,5319.4599609375,5386.35986328125,5266.14013671875,5275.3798828125,0
2000-11-30,5256.90625,5256.93017578125,5372.009765625,5223.31005859375,5323.7001953125,0
2000-12-01,5342.0361328125,5342.06005859375,5342.06005859375,5163.22998046875,5173.02001953125,0
2000-12-04,5173.99609375,5174.02001953125,5243.0498046875,5168.91015625,5239.81982421875,0
2000-12-05,5199.17626953125,5199.2001953125,5241.169921875,5102.68017578125,5139.52978515625,0
2000-12-06,5170.59619140625,5170.6201171875,5366.7900390625,5164.43017578125,5323.2001953125,0
2000-12-07,5212.7060546875,5212.72998046875,5216.22021484375,5131.93994140625,5131.93994140625,0
2000-12-08,5252.80615234375,5252.830078125,5269.6201171875,5186.35009765625,5216.35986328125,0
2000-12-11,5284.38623046875,5284.41015625,5300.2998046875,5237.18994140625,5283.81005859375,0
2000-12-12,5380.0654296875,5380.08984375,5403.14013671875,5320.60986328125,5320.60986328125,0
2000-12-13,5384.33544921875,5384.35986328125,5397.2900390625,5332.52001953125,5380.33984375,0
2000-12-14,5320.13623046875,5320.16015625,5350.259765625,5274.14990234375,5350.259765625,0
2000-12-15,5224.71630859375,5224.740234375,5264.18017578125,5202.0400390625,5256.08984375,0
2000-12-18,5055.1767578125,5055.2001953125,5127.72998046875,5022.33984375,5116.06982421875,0
2000-12-19,5040.2265625,5040.25,5044.06982421875,4957.27001953125,5004.60009765625,0
2000-12-20,4947.86767578125,4947.89013671875,4998.35009765625,4919.2001953125,4966.7998046875,0
2000-12-21,4817.1982421875,4817.22021484375,4834.759765625,4797.27001953125,4834.759765625,0
2000-12-22,4811.1982421875,4811.22021484375,4888.35009765625,4728.41015625,4765.10009765625,0
2000-12-26,4721.3388671875,4721.35986328125,4880.41015625,4711.3798828125,4871.85986328125,0
2000-12-27,4614.60888671875,4614.6298828125,4663.64990234375,4602.9501953125,4663.64990234375,0
2000-12-28,4797.1181640625,4797.14013671875,4797.14013671875,4555.91015625,4581.06005859375,0
2000-12-29,4743.91845703125,4743.93994140625,4813.64013671875,4728.43017578125,4797.080078125,0
2001-01-02,4935.25732421875,4935.27978515625,4945.08984375,4678.0,4717.490234375,0
2001-01-03,4894.767578125,4894.7900390625,4970.4501953125,4831.1201171875,4843.5400390625,0
2001-01-04,5136.10595703125,5136.1298828125,5169.1298828125,5028.31982421875,5028.31982421875,0
2001-01-05,5295.505859375,5295.52978515625,5298.43017578125,5117.6298828125,5153.009765625,0
2001-01-08,5188.48583984375,5188.509765625,5368.77001953125,5188.509765625,5248.10009765625,0
2001-01-09,5376.095703125,5376.1201171875,5376.1201171875,5206.5,5206.5,0
2001-01-10,5436.7548828125,5436.77978515625,5476.89990234375,5350.06982421875,5406.1298828125,0
2001-01-11,5369.2158203125,5369.240234375,5531.2001953125,5348.33984375,5475.58984375,0
2001-01-12,5339.3759765625,5339.39990234375,5423.18994140625,5288.7900390625,5404.35009765625,0
2001-01-15,5379.6357421875,5379.66015625,5380.490234375,5254.830078125,5292.75,0
2001-01-16,5662.91455078125,5662.93994140625,5665.97998046875,5399.7001953125,5399.7001953125,0
2001-01-17,5769.92431640625,5769.9501953125,5805.259765625,5652.52001953125,5702.8701171875,0
2001-01-18,5847.88330078125,5847.91015625,5892.52978515625,5734.490234375,5803.52001953125,0
2001-01-29,5680.03466796875,5680.06005859375,5933.68017578125,5680.06005859375,5850.7001953125,0
2001-01-30,5792.47412109375,5792.5,5792.5,5577.8701171875,5685.18994140625,0
2001-01-31,5936.1728515625,5936.2001953125,5992.43017578125,5821.89013671875,5853.6201171875,0
2001-02-01,5897.9033203125,5897.93017578125,5975.0498046875,5850.990234375,5927.25,0
2001-02-02,6049.23193359375,6049.259765625,6103.10009765625,5958.77978515625,5958.77978515625,0
2001-02-05,5932.392578125,5932.419921875,6012.43017578125,5867.7900390625,6012.43017578125,0
2001-02-06,5849.033203125,5849.06005859375,6042.72021484375,5828.330078125,5905.60009765625,0
2001-02-07,5693.5546875,5693.580078125,5781.2001953125,5685.58984375,5738.66015625,0
2001-02-08,5758.57421875,5758.60009765625,5763.14013671875,5653.85986328125,5693.6298828125,0
2001-02-09,5809.8134765625,5809.83984375,5893.39990234375,5742.4501953125,5782.419921875,0
2001-02-12,5847.04296875,5847.06982421875,5894.27001953125,5795.68017578125,5807.60986328125,0
2001-02-13,6027.46240234375,6027.490234375,6027.490234375,5917.6298828125,5922.02001953125,0
2001-02-14,5887.6533203125,5887.68017578125,6097.2900390625,5881.0400390625,6060.89013671875,0
2001-02-15,6104.21240234375,6104.240234375,6104.240234375,5945.06005859375,5963.06982421875,0
2001-02-16,6045.64208984375,6045.669921875,6198.22021484375,5997.6298828125,6156.35986328125,0
2001-02-19,5937.2724609375,5937.2998046875,5991.2900390625,5846.06982421875,5921.18017578125,0
2001-02-20,5971.2626953125,5971.2900390625,6079.6201171875,5946.35009765625,5992.740234375,0
2001-02-21,5949.9326171875,5949.9599609375,5957.77978515625,5863.14013671875,5920.9501953125,0
2001-02-22,5759.01416015625,5759.0400390625,5885.669921875,5733.35009765625,5885.669921875,0
2001-02-23,5726.90478515625,5726.93017578125,5778.10009765625,5678.22998046875,5727.02978515625,0
2001-02-26,5715.99462890625,5716.02001953125,5789.169921875,5708.169921875,5746.64990234375,0
2001-02-27,5674.66455078125,5674.68994140625,5805.39990234375,5660.14013671875,5788.02001953125,0
2001-03-01,5499.8349609375,5499.85986328125,5584.4599609375,5478.64990234375,5581.9501953125,0
2001-03-02,5499.51513671875,5499.5400390625,5561.3798828125,5471.6201171875,5536.18994140625,0
2001-03-05,5609.71484375,5609.740234375,5610.89990234375,5473.009765625,5506.60009765625,0
2001-03-06,5635.03466796875,5635.06005859375,5736.31982421875,5626.8701171875,5689.64013671875,0
2001-03-07,5777.10400390625,5777.1298828125,5793.759765625,5735.7900390625,5735.7900390625,0
2001-03-08,5710.99462890625,5711.02001953125,5794.33984375,5697.669921875,5794.33984375,0
2001-03-09,5680.40478515625,5680.43017578125,5683.10986328125,5632.259765625,5655.919921875,0
2001-03-12,5582.64501953125,5582.669921875,5615.81982421875,5556.06982421875,5578.68994140625,0
2001-03-13,5610.37451171875,5610.39990234375,5646.85986328125,5498.56005859375,5509.7900390625,0
2001-03-14,5658.1845703125,5658.2099609375,5703.52001953125,5642.259765625,5683.8798828125,0
2001-03-15,5742.71435546875,5742.740234375,5747.009765625,5600.66015625,5656.419921875,0
2001-03-16,5783.904296875,5783.93017578125,5846.39013671875,5749.47998046875,5749.47998046875,0
2001-03-19,5641.86474609375,5641.89013671875,5791.3798828125,5629.1201171875,5783.02001953125,0
2001-03-20,5642.6748046875,5642.7001953125,5717.2099609375,5624.2998046875,5693.0498046875,0
2001-03-21,5623.39453125,5623.419921875,5684.35009765625,5602.14013671875,5602.14013671875,0
2001-03-22,5730.9248046875,5730.9501953125,5735.740234375,5647.43994140625,5647.43994140625,0
2001-03-23,5800.52392578125,5800.5498046875,5836.169921875,5790.2900390625,5801.56982421875,0
2001-03-26,5896.29296875,5896.31982421875,5906.169921875,5810.66015625,5848.6298828125,0
2001-03-27,5884.30322265625,5884.330078125,5981.31005859375,5871.10986328125,5943.91015625,0
2001-03-28,5819.36376953125,5819.39013671875,5922.81005859375,5816.39013671875,5907.52978515625,0
2001-03-29,5833.85302734375,5833.8798828125,5846.6298828125,5787.1201171875,5812.60009765625,0
2001-03-30,5797.89404296875,5797.919921875,5865.47998046875,5772.39013671875,5863.580078125,0
2001-04-02,5607.70458984375,5607.72998046875,5797.85009765625,5596.18017578125,5797.85009765625,0
2001-04-03,5446.794921875,5446.81982421875,5538.08984375,5439.39990234375,5521.990234375,0
2001-04-04,5405.8251953125,5405.85009765625,5455.52001953125,5345.60009765625,5386.58984375,0
2001-04-06,5515.10498046875,5515.1298828125,5584.14013671875,5508.81005859375,5570.7099609375,0
2001-04-09,5401.80517578125,5401.830078125,5476.75,5391.08984375,5476.75,0
2001-04-10,5353.47607421875,5353.5,5506.10009765625,5349.14013671875,5432.9599609375,0
2001-04-11,5467.72509765625,5467.75,5474.169921875,5362.43017578125,5470.669921875,0
2001-04-12,5533.1953125,5533.22021484375,5563.509765625,5503.10986328125,5521.93017578125,0
2001-04-13,5495.4453125,5495.47021484375,5601.490234375,5492.2998046875,5592.2998046875,0
2001-04-16,5432.2548828125,5432.27978515625,5490.419921875,5409.0498046875,5490.419921875,0
2001-04-17,5431.92529296875,5431.9501953125,5458.72998046875,5391.25,5404.759765625,0
2001-04-18,5508.5849609375,5508.60986328125,5523.72021484375,5472.7900390625,5479.47021484375,0
2001-04-19,5608.474609375,5608.5,5683.6298828125,5602.7900390625,5682.4599609375,0
2001-04-20,5596.6044921875,5596.6298828125,5645.10986328125,5590.8701171875,5645.10986328125,0
2001-04-23,5597.6748046875,5597.7001953125,5612.68994140625,5562.669921875,5607.4599609375,0
2001-04-24,5589.314453125,5589.33984375,5644.68017578125,5567.43017578125,5569.6201171875,0
2001-04-25,5516.17529296875,5516.2001953125,5601.35009765625,5500.97021484375,5594.18994140625,0
2001-04-26,5518.705078125,5518.72998046875,5548.669921875,5461.5,5542.39013671875,0
2001-04-27,5416.64501953125,5416.669921875,5509.31982421875,5416.0400390625,5505.60986328125,0
2001-04-30,5381.6455078125,5381.669921875,5469.66015625,5371.81005859375,5430.58984375,0
2001-05-02,5304.21630859375,5304.240234375,5502.52978515625,5267.0400390625,5469.9501953125,0
2001-05-03,5405.51513671875,5405.5400390625,5405.5400390625,5264.9599609375,5287.72021484375,0
2001-05-04,5244.02587890625,5244.0498046875,5436.52978515625,5211.7001953125,5384.2998046875,0
2001-05-07,5229.90625,5229.93017578125,5316.7900390625,5200.75,5278.91015625,0
2001-05-08,5176.68603515625,5176.7099609375,5256.7900390625,5105.3701171875,5214.25,0
2001-05-09,5232.6162109375,5232.64013671875,5248.2900390625,5166.39013671875,5195.0400390625,0
2001-05-10,5122.14599609375,5122.169921875,5215.5498046875,5117.14013671875,5215.5498046875,0
2001-05-11,5232.6962890625,5232.72021484375,5251.39013671875,5033.56005859375,5110.91015625,0
2001-05-14,5176.42626953125,5176.4501953125,5212.0400390625,5144.169921875,5161.25,0
2001-05-15,5158.76611328125,5158.7900390625,5210.35986328125,5142.89013671875,5166.97021484375,0
2001-05-16,5081.99658203125,5082.02001953125,5148.60009765625,5081.14013671875,5147.02001953125,0
2001-05-17,5143.416015625,5143.43994140625,5175.52978515625,5090.85986328125,5112.22998046875,0
2001-05-18,5111.646484375,5111.669921875,5180.91015625,5094.580078125,5180.91015625,0
2001-05-21,4958.5869140625,4958.60986328125,5079.72021484375,4902.22021484375,5079.72021484375,0
2001-05-22,4991.45703125,4991.47998046875,5049.0400390625,4973.06005859375,4991.669921875,0
2001-05-23,5209.9462890625,5209.97021484375,5209.97021484375,4963.4599609375,4998.68017578125,0
2001-05-24,5226.76611328125,5226.7900390625,5246.7900390625,5172.0498046875,5193.8701171875,0
2001-05-25,5170.05615234375,5170.080078125,5229.7900390625,5165.2998046875,5206.22998046875,0
2001-05-28,5079.69677734375,5079.72021484375,5141.3798828125,5073.14990234375,5123.89990234375,0
2001-05-29,5095.236328125,5095.259765625,5174.81005859375,5086.2998046875,5086.2998046875,0
2001-05-30,5057.04638671875,5057.06982421875,5103.64990234375,5048.97998046875,5078.91015625,0
2001-05-31,5048.83642578125,5048.85986328125,5094.56005859375,5012.27978515625,5014.93017578125,0
2001-06-01,5013.9365234375,5013.9599609375,5096.43017578125,4991.31982421875,5090.66015625,0
2001-06-04,4985.0869140625,4985.10986328125,5012.14013671875,4944.97998046875,5012.14013671875,0
2001-06-05,5065.03662109375,5065.06005859375,5065.06005859375,4991.5,5016.259765625,0
2001-06-06,5220.416015625,5220.43994140625,5234.1201171875,5129.47998046875,5129.47998046875,0
2001-06-07,5153.326171875,5153.35009765625,5177.47021484375,5126.2998046875,5172.68994140625,0
2001-06-08,5226.255859375,5226.27978515625,5282.81982421875,5206.27001953125,5231.169921875,0
2001-06-11,5271.27587890625,5271.2998046875,5271.2998046875,5198.43994140625,5211.7001953125,0
2001-06-12,5266.21630859375,5266.240234375,5298.68994140625,5244.740234375,5247.419921875,0
2001-06-13,5209.68603515625,5209.7099609375,5318.7099609375,5205.02978515625,5270.16015625,0
2001-06-14,5119.16650390625,5119.18994140625,5200.5,5091.52001953125,5179.39990234375,0
2001-06-15,5158.60595703125,5158.6298828125,5158.6298828125,5080.7998046875,5080.7998046875,0
2001-06-18,5070.49658203125,5070.52001953125,5132.60009765625,5052.25,5132.52001953125,0
2001-06-19,5039.95654296875,5039.97998046875,5089.56982421875,5030.509765625,5073.35009765625,0
2001-06-20,5029.61669921875,5029.64013671875,5074.08984375,5025.080078125,5038.89013671875,0
2001-06-21,4984.85693359375,4984.8798828125,5066.169921875,4965.85986328125,5044.2001953125,0
2001-06-22,4904.3173828125,4904.33984375,4985.3798828125,4884.91015625,4957.18994140625,0
2001-06-26,4785.09814453125,4785.1201171875,4948.43994140625,4784.669921875,4932.14990234375,0
2001-06-27,4825.2578125,4825.27978515625,4871.740234375,4773.8798828125,4822.669921875,0
2001-06-28,4768.5283203125,4768.5498046875,4826.68017578125,4741.5400390625,4826.27001953125,0
2001-06-29,4883.40771484375,4883.43017578125,4898.990234375,4843.5498046875,4854.60009765625,0
2001-07-02,4886.83740234375,4886.85986328125,4888.3701171875,4805.490234375,4886.490234375,0
2001-07-03,4843.79736328125,4843.81982421875,4906.81982421875,4825.85009765625,4861.41015625,0
2001-07-04,4739.138671875,4739.16015625,4801.259765625,4713.83984375,4801.259765625,0
2001-07-05,4709.17919921875,4709.2001953125,4761.0498046875,4686.31982421875,4696.56005859375,0
2001-07-06,4706.98876953125,4707.009765625,4766.27001953125,4663.81982421875,4670.27001953125,0
2001-07-09,4657.27880859375,4657.2998046875,4693.759765625,4636.89990234375,4677.0400390625,0
2001-07-10,4616.68896484375,4616.7099609375,4692.41015625,4612.83984375,4674.2900390625,0
2001-07-11,4548.26904296875,4548.2900390625,4614.7900390625,4538.47021484375,4589.02978515625,0
2001-07-12,4633.51904296875,4633.5400390625,4638.47998046875,4562.0498046875,4587.68994140625,0
2001-07-13,4485.65966796875,4485.68017578125,4715.330078125,4483.08984375,4715.330078125,0
2001-07-16,4368.669921875,4368.68994140625,4510.740234375,4305.02001953125,4505.72021484375,0
2001-07-17,4371.97021484375,4371.990234375,4410.7001953125,4301.89013671875,4318.02001953125,0
2001-07-18,4219.8701171875,4219.89013671875,4387.18994140625,4204.60009765625,4387.06982421875,0
2001-07-19,4190.759765625,4190.77978515625,4238.33984375,4065.639892578125,4090.510009765625,0
2001-07-20,4220.31005859375,4220.330078125,4270.18994140625,4154.89990234375,4197.419921875,0
2001-07-23,4151.91015625,4151.93017578125,4262.77001953125,4137.27978515625,4248.35009765625,0
2001-07-24,4040.751220703125,4040.77001953125,4101.60986328125,4008.080078125,4101.60986328125,0
2001-07-25,4136.3701171875,4136.39013671875,4139.3798828125,4026.090087890625,4026.090087890625,0
2001-07-26,4300.39013671875,4300.41015625,4308.2001953125,4100.2998046875,4157.580078125,0
2001-07-27,4320.56982421875,4320.58984375,4417.6201171875,4289.3701171875,4341.490234375,0
2001-07-31,4352.9599609375,4352.97998046875,4365.89990234375,4275.419921875,4299.56982421875,0
2001-08-01,4354.5,4354.52001953125,4411.919921875,4328.52978515625,4402.7099609375,0
2001-08-02,4490.16943359375,4490.18994140625,4490.18994140625,4379.66015625,4393.31005859375,0
2001-08-03,4530.6591796875,4530.68017578125,4579.16015625,4488.5400390625,4499.68017578125,0
2001-08-06,4470.70947265625,4470.72998046875,4527.75,4451.0400390625,4507.83984375,0
2001-08-07,4403.97998046875,4404.0,4426.02001953125,4367.5400390625,4425.240234375,0
2001-08-08,4514.07958984375,4514.10009765625,4515.41015625,4413.1298828125,4413.1298828125,0
2001-08-09,4448.49951171875,4448.52001953125,4521.16015625,4445.14990234375,4469.919921875,0
2001-08-10,4476.8896484375,4476.91015625,4491.4501953125,4394.08984375,4470.75,0
2001-08-13,4520.7392578125,4520.759765625,4557.85009765625,4470.169921875,4492.27978515625,0
2001-08-14,4589.5791015625,4589.60009765625,4589.60009765625,4523.35009765625,4547.75,0
2001-08-15,4623.0888671875,4623.10986328125,4665.3701171875,4581.64013671875,4593.64990234375,0
2001-08-16,4687.30908203125,4687.330078125,4710.14013671875,4632.68017578125,4651.02978515625,0
2001-08-17,4638.3388671875,4638.35986328125,4715.2001953125,4626.83984375,4713.580078125,0
2001-08-20,4550.3388671875,4550.35986328125,4595.75,4520.1201171875,4520.1201171875,0
2001-08-21,4562.708984375,4562.72998046875,4575.64990234375,4519.7001953125,4553.9501953125,0
2001-08-22,4487.49951171875,4487.52001953125,4575.43994140625,4483.0400390625,4509.02978515625,0
2001-08-23,4459.7392578125,4459.759765625,4506.919921875,4435.97021484375,4491.22998046875,0
2001-08-24,4310.2998046875,4310.31982421875,4430.419921875,4303.33984375,4430.419921875,0
2001-08-27,4384.52978515625,4384.5498046875,4407.81982421875,4333.2001953125,4352.33984375,0
2001-08-28,4368.35986328125,4368.3798828125,4406.97021484375,4340.64990234375,4405.22021484375,0
2001-08-29,4508.66943359375,4508.68994140625,4508.68994140625,4342.009765625,4350.91015625,0
2001-08-30,4503.83935546875,4503.85986328125,4576.330078125,4469.58984375,4495.919921875,0
2001-08-31,4509.41943359375,4509.43994140625,4513.259765625,4430.43017578125,4450.2001953125,0
2001-09-03,4454.74951171875,4454.77001953125,4526.27001953125,4446.27001953125,4520.0,0
2001-09-04,4493.50927734375,4493.52978515625,4493.52978515625,4403.9599609375,4450.56005859375,0
2001-09-05,4424.89013671875,4424.91015625,4510.580078125,4410.77978515625,4476.7998046875,0
2001-09-06,4338.23974609375,4338.259765625,4412.419921875,4314.080078125,4398.52978515625,0
2001-09-07,4302.14013671875,4302.16015625,4305.64990234375,4244.85986328125,4274.759765625,0
2001-09-10,4289.080078125,4289.10009765625,4305.740234375,4214.93994140625,4254.47998046875,0
2001-09-11,4176.91015625,4176.93017578125,4304.56982421875,4169.669921875,4294.6201171875,0
2001-09-13,3952.471435546875,3952.489990234375,3952.669921875,3902.929931640625,3902.929931640625,0
2001-09-14,3774.6025390625,3774.6201171875,3916.929931640625,3763.419921875,3871.31005859375,0
2001-09-18,3774.6025390625,3774.6201171875,3916.929931640625,3763.419921875,3871.31005859375,0
2001-09-19,3781.15234375,3781.169921875,3781.169921875,3663.659912109375,3670.72998046875,0
2001-09-20,3698.822998046875,3698.840087890625,3725.909912109375,3693.110107421875,3693.909912109375,0
2001-09-21,3591.83349609375,3591.85009765625,3607.199951171875,3588.4599609375,3599.72998046875,0
2001-09-24,3533.494140625,3533.510009765625,3547.669921875,3461.969970703125,3503.330078125,0
2001-09-25,3493.76416015625,3493.780029296875,3649.18994140625,3473.56005859375,3622.4599609375,0
2001-09-26,3625.51318359375,3625.530029296875,3625.530029296875,3411.679931640625,3475.8701171875,0
2001-09-27,3567.613525390625,3567.6298828125,3602.179931640625,3546.27001953125,3586.81005859375,0
2001-09-28,3636.923095703125,3636.93994140625,3645.47998046875,3587.81005859375,3587.81005859375,0
2001-10-02,3492.104248046875,3492.1201171875,3623.669921875,3484.080078125,3623.669921875,0
2001-10-03,3446.244140625,3446.260009765625,3511.3798828125,3436.25,3480.18994140625,0
2001-10-04,3493.64404296875,3493.659912109375,3610.159912109375,3491.320068359375,3610.159912109375,0
2001-10-05,3585.443359375,3585.4599609375,3585.639892578125,3467.93994140625,3502.3701171875,0
2001-10-08,3520.334228515625,3520.35009765625,3568.18994140625,3495.929931640625,3519.35009765625,0
2001-10-09,3618.913330078125,3618.929931640625,3618.929931640625,3535.199951171875,3561.159912109375,0
2001-10-11,3789.912353515625,3789.929931640625,3810.840087890625,3716.18994140625,3721.06005859375,0
2001-10-12,3801.482421875,3801.5,3898.360107421875,3769.889892578125,3898.360107421875,0
2001-10-15,3712.802978515625,3712.820068359375,3756.39990234375,3706.14990234375,3724.659912109375,0
2001-10-16,3794.842529296875,3794.860107421875,3794.860107421875,3699.820068359375,3715.090087890625,0
2001-10-17,3817.1123046875,3817.1298828125,3872.81005859375,3800.199951171875,3829.610107421875,0
2001-10-18,3811.182373046875,3811.199951171875,3811.199951171875,3758.580078125,3761.10009765625,0
2001-10-19,3845.6025390625,3845.6201171875,3860.159912109375,3759.510009765625,3786.18994140625,0
2001-10-22,3900.602294921875,3900.6201171875,3924.300048828125,3861.7099609375,3866.699951171875,0
2001-10-23,3874.402099609375,3874.419921875,3959.139892578125,3868.919921875,3959.139892578125,0
2001-10-24,3986.6513671875,3986.669921875,3986.669921875,3884.6201171875,3884.6201171875,0
2001-10-25,4012.18115234375,4012.199951171875,4043.2099609375,3983.639892578125,4006.419921875,0
2001-10-26,4043.55126953125,4043.570068359375,4104.2099609375,4031.050048828125,4042.469970703125,0
2001-10-29,4065.081298828125,4065.10009765625,4084.889892578125,4033.97998046875,4081.93994140625,0
2001-10-30,3915.592041015625,3915.610107421875,3976.219970703125,3906.699951171875,3961.56005859375,0
2001-10-31,3903.47216796875,3903.489990234375,3944.31005859375,3872.330078125,3877.239990234375,0
2001-11-01,3929.671630859375,3929.68994140625,3960.320068359375,3910.840087890625,3939.080078125,0
2001-11-02,3998.461181640625,3998.47998046875,4037.31005859375,3981.610107421875,3999.860107421875,0
2001-11-05,4080.4912109375,4080.510009765625,4080.510009765625,3984.679931640625,4014.739990234375,0
2001-11-06,4082.901123046875,4082.919921875,4158.2001953125,4082.919921875,4136.85009765625,0
2001-11-07,4158.1298828125,4158.14990234375,4175.4501953125,4114.83984375,4135.97021484375,0
2001-11-08,4135.009765625,4135.02978515625,4208.509765625,4112.06982421875,4179.0498046875,0
2001-11-09,4123.759765625,4123.77978515625,4143.919921875,4087.35009765625,4135.02978515625,0
2001-11-12,4172.60986328125,4172.6298828125,4178.830078125,4090.9599609375,4126.0,0
2001-11-13,4136.52001953125,4136.5400390625,4193.5,4134.93017578125,4151.4599609375,0
2001-11-14,4277.68017578125,4277.7001953125,4286.52001953125,4210.5498046875,4241.0400390625,0
2001-11-15,4403.56982421875,4403.58984375,4403.58984375,4285.330078125,4291.14990234375,0
2001-11-16,4446.599609375,4446.6201171875,4491.5,4395.33984375,4427.77978515625,0
2001-11-19,4548.60888671875,4548.6298828125,4556.5400390625,4436.89990234375,4459.39013671875,0
2001-11-20,4455.779296875,4455.7998046875,4605.68017578125,4452.93017578125,4577.259765625,0
2001-11-21,4533.34912109375,4533.3701171875,4533.3701171875,4401.4599609375,4409.06982421875,0
2001-11-22,4449.99951171875,4450.02001953125,4557.27978515625,4438.39990234375,4538.2900390625,0
2001-11-23,4519.0595703125,4519.080078125,4534.7001953125,4440.89013671875,4470.419921875,0
2001-11-26,4608.298828125,4608.31982421875,4622.330078125,4560.56005859375,4560.56005859375,0
2001-11-27,4580.30908203125,4580.330078125,4722.18017578125,4523.0,4722.18017578125,0
2001-11-28,4447.5595703125,4447.580078125,4617.89990234375,4445.68994140625,4578.7001953125,0
2001-11-29,4465.8095703125,4465.830078125,4465.830078125,4376.22021484375,4398.1201171875,0
2001-11-30,4441.099609375,4441.1201171875,4507.93994140625,4441.1201171875,4497.25,0
2001-12-03,4646.5888671875,4646.60986328125,4647.7099609375,4532.18994140625,4534.3701171875,0
2001-12-04,4766.40869140625,4766.43017578125,4767.919921875,4603.1201171875,4638.89013671875,0
2001-12-05,4924.53759765625,4924.56005859375,4968.64013671875,4854.240234375,4892.31005859375,0
2001-12-06,5208.8359375,5208.85986328125,5214.77001953125,5084.14013671875,5097.56982421875,0
2001-12-07,5333.90625,5333.93017578125,5335.009765625,5180.39990234375,5234.5400390625,0
2001-12-10,5321.255859375,5321.27978515625,5435.47998046875,5304.990234375,5345.509765625,0
2001-12-11,5273.9462890625,5273.97021484375,5322.0498046875,5191.31982421875,5252.7099609375,0
2001-12-12,5539.28515625,5539.31005859375,5553.89013671875,5333.72998046875,5333.72998046875,0
2001-12-13,5407.51513671875,5407.5400390625,5651.97998046875,5349.669921875,5623.60009765625,0
2001-12-14,5486.705078125,5486.72998046875,5486.72998046875,5293.52001953125,5293.52001953125,0
2001-12-17,5456.125,5456.14990234375,5535.75,5413.97021484375,5502.0400390625,0
2001-12-18,5329.166015625,5329.18994140625,5588.4501953125,5309.3798828125,5588.4501953125,0
2001-12-19,5221.93603515625,5221.9599609375,5402.64990234375,5211.97998046875,5391.31005859375,0
2001-12-20,5309.076171875,5309.10009765625,5309.10009765625,5142.830078125,5199.47021484375,0
2001-12-21,5109.216796875,5109.240234375,5264.080078125,5090.5498046875,5209.27001953125,0
2001-12-24,5164.7060546875,5164.72998046875,5208.0,5100.52001953125,5132.60986328125,0
2001-12-25,5372.78564453125,5372.81005859375,5381.22021484375,5197.31982421875,5198.169921875,0
2001-12-26,5392.4052734375,5392.43017578125,5481.6201171875,5348.14990234375,5421.72998046875,0
2001-12-27,5332.9560546875,5332.97998046875,5505.18994140625,5293.5400390625,5464.52001953125,0
2001-12-28,5398.2548828125,5398.27978515625,5408.14990234375,5307.3798828125,5372.85009765625,0
2001-12-31,5551.21533203125,5551.240234375,5583.81982421875,5477.52978515625,5481.06982421875,0
2002-01-02,5600.0244140625,5600.0498046875,5645.10986328125,5493.58984375,5575.33984375,0
2002-01-03,5526.294921875,5526.31982421875,5690.2900390625,5517.08984375,5684.91015625,0
2002-01-04,5638.50439453125,5638.52978515625,5684.8798828125,5600.93017578125,5678.35986328125,0
2002-01-07,5834.86328125,5834.89013671875,5836.740234375,5657.93017578125,5691.14990234375,0
2002-01-08,5810.0537109375,5810.080078125,5885.60009765625,5753.6201171875,5843.68017578125,0
2002-01-09,5865.51318359375,5865.5400390625,5915.419921875,5781.6201171875,5885.89013671875,0
2002-01-10,5871.2529296875,5871.27978515625,5910.77001953125,5806.1298828125,5868.5400390625,0
2002-01-11,5687.564453125,5687.58984375,5926.990234375,5685.2900390625,5889.490234375,0
2002-01-14,5611.83447265625,5611.85986328125,5661.02001953125,5578.4599609375,5625.64013671875,0
2002-01-15,5592.71484375,5592.740234375,5628.64990234375,5494.0400390625,5582.64990234375,0
2002-01-16,5488.30517578125,5488.330078125,5645.39990234375,5488.330078125,5615.2900390625,0
2002-01-17,5501.10498046875,5501.1298828125,5519.81005859375,5375.39990234375,5375.39990234375,0
2002-01-18,5522.77490234375,5522.7998046875,5632.169921875,5511.2900390625,5589.60986328125,0
2002-01-21,5798.02392578125,5798.0498046875,5799.8701171875,5565.009765625,5569.60009765625,0
2002-01-22,5804.07373046875,5804.10009765625,5880.830078125,5731.7001953125,5863.580078125,0
2002-01-23,5769.75390625,5769.77978515625,5958.39013671875,5744.89013671875,5770.9599609375,0
2002-01-24,5801.89404296875,5801.919921875,5875.31982421875,5735.7001953125,5853.8701171875,0
2002-01-25,5950.61279296875,5950.64013671875,5978.56982421875,5897.669921875,5925.77978515625,0
2002-01-28,6007.30224609375,6007.330078125,6049.1201171875,5984.2099609375,6026.8701171875,0
2002-01-29,5846.1630859375,5846.18994140625,6008.22021484375,5840.39990234375,6008.22021484375,0
2002-01-30,5812.6435546875,5812.669921875,5849.35986328125,5738.990234375,5738.990234375,0
2002-01-31,5872.11328125,5872.14013671875,5915.3798828125,5823.93994140625,5871.3798828125,0
2002-02-01,5857.9033203125,5857.93017578125,5948.10009765625,5849.0498046875,5948.10009765625,0
2002-02-04,5849.8232421875,5849.85009765625,5909.4599609375,5834.5,5867.4501953125,0
2002-02-05,5844.22314453125,5844.25,5849.02001953125,5773.06982421875,5812.7001953125,0
2002-02-06,5926.052734375,5926.080078125,5978.89013671875,5887.31005859375,5887.31005859375,0
2002-02-18,5968.58251953125,5968.60986328125,6048.64990234375,5953.75,6048.64990234375,0
2002-02-19,5861.63330078125,5861.66015625,6000.60986328125,5857.490234375,6000.60986328125,0
2002-02-20,5692.15478515625,5692.18017578125,5838.64990234375,5685.81982421875,5817.740234375,0
2002-02-21,5656.07470703125,5656.10009765625,5769.58984375,5640.14990234375,5766.39990234375,0
2002-02-22,5609.8046875,5609.830078125,5632.1201171875,5532.169921875,5562.169921875,0
2002-02-25,5510.68505859375,5510.7099609375,5663.6201171875,5499.85009765625,5644.22021484375,0
2002-02-26,5499.76513671875,5499.7900390625,5629.68017578125,5492.93994140625,5607.27978515625,0
2002-02-27,5696.08447265625,5696.10986328125,5699.669921875,5536.81005859375,5536.81005859375,0
2002-03-01,5680.75439453125,5680.77978515625,5736.22021484375,5645.7998046875,5672.02978515625,0
2002-03-04,5874.453125,5874.47998046875,5923.2099609375,5834.259765625,5878.4599609375,0
2002-03-05,5957.72265625,5957.75,6033.7099609375,5877.41015625,6033.7099609375,0
2002-03-06,6097.5419921875,6097.56982421875,6097.56982421875,5942.27978515625,5955.27001953125,0
2002-03-07,6048.1220703125,6048.14990234375,6137.009765625,6037.6298828125,6130.740234375,0
2002-03-08,6011.6220703125,6011.64990234375,6125.4599609375,5971.91015625,6077.7001953125,0
2002-03-11,6196.23095703125,6196.259765625,6212.27978515625,6078.2900390625,6088.18994140625,0
2002-03-12,6122.51220703125,6122.5400390625,6208.580078125,6086.41015625,6198.75,0
2002-03-13,6088.31201171875,6088.33984375,6203.14990234375,6068.22998046875,6119.1298828125,0
2002-03-14,6070.47216796875,6070.5,6111.83984375,6006.080078125,6045.5498046875,0
2002-03-15,5951.4228515625,5951.4501953125,6112.64013671875,5939.4599609375,6062.1298828125,0
2002-03-18,5972.08251953125,5972.10986328125,6002.330078125,5917.06982421875,5999.60009765625,0
2002-03-19,5906.703125,5906.72998046875,6007.66015625,5877.39013671875,5989.72998046875,0
2002-03-20,6059.0322265625,6059.06005859375,6068.2900390625,5900.33984375,5948.0,0
2002-03-21,6046.4921875,6046.52001953125,6080.4501953125,5980.81005859375,5981.77001953125,0
2002-03-22,6140.39208984375,6140.419921875,6203.2099609375,6127.0400390625,6149.16015625,0
2002-03-25,6219.14111328125,6219.169921875,6243.509765625,6154.72998046875,6194.16015625,0
2002-03-26,6242.611328125,6242.64013671875,6259.81005859375,6181.75,6206.18017578125,0
2002-03-27,6147.72119140625,6147.75,6326.43017578125,6139.18017578125,6303.43994140625,0
2002-03-28,6209.89111328125,6209.919921875,6209.919921875,6100.72021484375,6190.080078125,0
2002-03-29,6167.44140625,6167.47021484375,6265.02001953125,6154.56005859375,6265.02001953125,0
2002-04-01,6186.4111328125,6186.43994140625,6213.31982421875,6118.4501953125,6118.4501953125,0
2002-04-02,6243.43115234375,6243.4599609375,6326.1298828125,6230.35009765625,6248.0400390625,0
2002-04-03,6294.630859375,6294.66015625,6306.43994140625,6207.1298828125,6220.490234375,0
2002-04-04,6207.06103515625,6207.08984375,6307.31982421875,6164.06005859375,6303.7099609375,0
2002-04-08,6190.80126953125,6190.830078125,6246.31982421875,6176.7900390625,6204.56982421875,0
2002-04-09,6069.822265625,6069.85009765625,6235.97021484375,6068.6201171875,6222.72021484375,0
2002-04-10,6059.18212890625,6059.2099609375,6082.93994140625,6016.0400390625,6036.080078125,0
2002-04-11,6073.73193359375,6073.759765625,6145.56982421875,6065.58984375,6098.5400390625,0
2002-04-12,6182.56103515625,6182.58984375,6182.58984375,6009.4501953125,6036.4501953125,0
2002-04-15,6195.97119140625,6196.0,6261.77978515625,6179.60986328125,6226.56982421875,0
2002-04-16,6257.70068359375,6257.72998046875,6292.18017578125,6222.43017578125,6249.93017578125,0
2002-04-17,6390.650390625,6390.68017578125,6413.759765625,6344.56982421875,6398.02978515625,0
2002-04-18,6387.18017578125,6387.2099609375,6450.2998046875,6373.97021484375,6434.4599609375,0
2002-04-19,6448.09033203125,6448.1201171875,6460.8701171875,6392.89990234375,6397.5400390625,0
2002-04-22,6462.27001953125,6462.2998046875,6484.93017578125,6424.77978515625,6470.4501953125,0
2002-04-23,6390.59033203125,6390.6201171875,6462.8798828125,6372.39990234375,6440.93017578125,0
2002-04-24,6455.3603515625,6455.39013671875,6460.66015625,6379.47998046875,6403.77001953125,0
2002-04-25,6355.56005859375,6355.58984375,6464.419921875,6348.419921875,6440.06982421875,0
2002-04-26,6306.90087890625,6306.93017578125,6369.9501953125,6266.4599609375,6359.9501953125,0
2002-04-29,6205.06103515625,6205.08984375,6258.18017578125,6175.7099609375,6244.259765625,0
2002-04-30,6065.7021484375,6065.72998046875,6214.47021484375,6035.81982421875,6201.83984375,0
2002-05-02,5867.80322265625,5867.830078125,6106.77001953125,5855.9599609375,6099.27001953125,0
2002-05-03,5910.29296875,5910.31982421875,5910.669921875,5750.81982421875,5785.72998046875,0
2002-05-06,5642.45458984375,5642.47998046875,5807.5,5601.5,5807.5,0
2002-05-07,5663.95458984375,5663.97998046875,5700.68994140625,5525.2998046875,5525.2998046875,0
2002-05-08,5711.50439453125,5711.52978515625,5777.47021484375,5670.35986328125,5724.06005859375,0
2002-05-09,5739.25390625,5739.27978515625,5884.27978515625,5737.18017578125,5884.27978515625,0
2002-05-10,5807.2734375,5807.2998046875,5813.330078125,5647.75,5701.18017578125,0
2002-05-13,5742.63427734375,5742.66015625,5775.66015625,5718.60009765625,5751.4599609375,0
2002-05-14,5755.89404296875,5755.919921875,5822.66015625,5729.43017578125,5801.5400390625,0
2002-05-15,5910.6630859375,5910.68994140625,5933.68017578125,5815.080078125,5836.22021484375,0
2002-05-16,5801.4443359375,5801.47021484375,5883.56982421875,5791.97021484375,5883.56982421875,0
2002-05-17,5789.81396484375,5789.83984375,5865.43994140625,5779.43017578125,5830.72021484375,0
2002-05-20,5574.68505859375,5574.7099609375,5739.4501953125,5564.9599609375,5739.4501953125,0
2002-05-21,5443.1552734375,5443.18017578125,5540.490234375,5429.009765625,5497.97998046875,0
2002-05-22,5541.615234375,5541.64013671875,5544.18017578125,5421.7998046875,5444.56982421875,0
2002-05-23,5549.93505859375,5549.9599609375,5595.89990234375,5526.740234375,5536.41015625,0
2002-05-24,5706.37451171875,5706.39990234375,5718.740234375,5586.93017578125,5588.58984375,0
2002-05-27,5729.87451171875,5729.89990234375,5733.97021484375,5623.8798828125,5624.81005859375,0
2002-05-28,5669.50439453125,5669.52978515625,5796.72998046875,5652.58984375,5765.56005859375,0
2002-05-29,5623.20458984375,5623.22998046875,5630.43994140625,5565.0,5620.8701171875,0
2002-05-30,5736.1640625,5736.18994140625,5751.89013671875,5646.43994140625,5646.43994140625,0
2002-05-31,5675.62451171875,5675.64990234375,5718.2900390625,5645.9501953125,5718.2900390625,0
2002-06-03,5571.05517578125,5571.080078125,5628.27001953125,5517.6201171875,5628.27001953125,0
2002-06-04,5527.77490234375,5527.7998046875,5535.6201171875,5443.8701171875,5443.8701171875,0
2002-06-05,5599.39453125,5599.419921875,5626.31005859375,5567.06005859375,5583.8798828125,0
2002-06-06,5590.99462890625,5591.02001953125,5656.91015625,5578.06005859375,5613.66015625,0
2002-06-07,5432.9951171875,5433.02001953125,5523.81982421875,5423.259765625,5472.6201171875,0
2002-06-10,5499.30517578125,5499.330078125,5520.18017578125,5442.64013671875,5477.009765625,0
2002-06-11,5405.39501953125,5405.419921875,5540.56005859375,5391.75,5536.8701171875,0
2002-06-12,5399.93505859375,5399.9599609375,5422.7001953125,5357.1201171875,5380.06982421875,0
2002-06-13,5562.205078125,5562.22998046875,5580.06982421875,5457.509765625,5458.2099609375,0
2002-06-14,5562.09521484375,5562.1201171875,5585.509765625,5534.830078125,5539.2099609375,0
2002-06-17,5537.78515625,5537.81005859375,5621.0498046875,5531.64013671875,5589.64013671875,0
2002-06-18,5536.39501953125,5536.419921875,5625.14990234375,5516.5400390625,5625.14990234375,0
2002-06-19,5399.47509765625,5399.5,5565.4599609375,5388.4599609375,5532.27978515625,0
2002-06-20,5445.7451171875,5445.77001953125,5445.77001953125,5264.35009765625,5333.830078125,0
2002-06-21,5460.5048828125,5460.52978515625,5516.5498046875,5357.509765625,5377.5498046875,0
2002-06-24,5384.86572265625,5384.89013671875,5467.25,5361.2900390625,5440.60986328125,0
2002-06-25,5316.01611328125,5316.0400390625,5432.3798828125,5299.18994140625,5419.93017578125,0
2002-06-26,5123.01611328125,5123.0400390625,5233.759765625,5094.419921875,5225.580078125,0
2002-06-27,5071.736328125,5071.759765625,5172.669921875,5048.31005859375,5144.56982421875,0
2002-06-28,5153.68603515625,5153.7099609375,5181.3701171875,5109.830078125,5143.41015625,0
2002-07-01,4969.296875,4969.31982421875,5124.5,4947.6298828125,5124.5,0
2002-07-02,4995.05712890625,4995.080078125,5005.25,4881.1201171875,4881.1201171875,0
2002-07-03,5047.79638671875,5047.81982421875,5054.25,4808.16015625,4901.7001953125,0
2002-07-04,5130.77587890625,5130.7998046875,5134.89990234375,5024.43994140625,5064.43017578125,0
2002-07-05,5255.2060546875,5255.22998046875,5255.22998046875,5110.3798828125,5146.169921875,0
2002-07-08,5377.83544921875,5377.85986328125,5417.10009765625,5324.35009765625,5350.31005859375,0
2002-07-09,5388.49560546875,5388.52001953125,5388.52001953125,5310.72998046875,5352.7099609375,0
2002-07-10,5261.98583984375,5262.009765625,5332.06005859375,5249.3798828125,5315.81005859375,0
2002-07-11,5202.56591796875,5202.58984375,5277.39013671875,5162.259765625,5163.27001953125,0
2002-07-12,5416.47509765625,5416.5,5420.14990234375,5287.4599609375,5287.4599609375,0
2002-07-15,5392.98486328125,5393.009765625,5440.06005859375,5371.2001953125,5427.330078125,0
2002-07-16,5317.98583984375,5318.009765625,5460.08984375,5311.31982421875,5441.97021484375,0
2002-07-17,5250.7958984375,5250.81982421875,5317.89990234375,5202.830078125,5273.009765625,0
2002-07-18,5242.0859375,5242.10986328125,5315.7900390625,5219.93994140625,5257.89013671875,0
2002-07-19,5161.89599609375,5161.919921875,5191.77001953125,5133.2900390625,5168.5498046875,0
2002-07-22,5043.4765625,5043.5,5089.18994140625,5003.39013671875,5064.509765625,0
2002-07-23,5159.2060546875,5159.22998046875,5159.22998046875,4979.85009765625,5016.14013671875,0
2002-07-24,5039.45654296875,5039.47998046875,5111.64013671875,4998.83984375,5066.8701171875,0
2002-07-25,5045.04638671875,5045.06982421875,5171.509765625,5043.0400390625,5164.52978515625,0
2002-07-26,4855.3173828125,4855.33984375,4916.41015625,4828.509765625,4902.5,0
2002-07-29,4858.41748046875,4858.43994140625,4917.259765625,4796.4501953125,4826.81982421875,0
2002-07-30,5005.01708984375,5005.0400390625,5019.81982421875,4937.10986328125,4971.97998046875,0
2002-07-31,4940.357421875,4940.3798828125,5006.6201171875,4927.43994140625,5006.6201171875,0
2002-08-01,4916.5673828125,4916.58984375,4970.35986328125,4911.509765625,4923.2900390625,0
2002-08-02,4920.86767578125,4920.89013671875,4920.89013671875,4805.77001953125,4848.58984375,0
2002-08-05,4636.64892578125,4636.669921875,4737.77001953125,4624.759765625,4684.5498046875,0
2002-08-06,4572.3291015625,4572.35009765625,4629.93017578125,4506.60009765625,4506.60009765625,0
2002-08-07,4720.708984375,4720.72998046875,4736.6298828125,4684.5,4696.39990234375,0
2002-08-08,4700.208984375,4700.22998046875,4764.02978515625,4677.02001953125,4736.58984375,0
2002-08-09,4851.41748046875,4851.43994140625,4861.97998046875,4786.2099609375,4802.41015625,0
2002-08-12,4852.04736328125,4852.06982421875,4895.6298828125,4824.22998046875,4855.60986328125,0
2002-08-13,4817.908203125,4817.93017578125,4847.31005859375,4804.919921875,4845.0,0
2002-08-14,4887.40771484375,4887.43017578125,4887.43017578125,4787.9599609375,4788.18017578125,0
2002-08-15,4931.44775390625,4931.47021484375,5008.35009765625,4927.60986328125,4966.0400390625,0
2002-08-16,4918.99755859375,4919.02001953125,4979.52001953125,4895.830078125,4979.0498046875,0
2002-08-19,4887.9775390625,4888.0,4948.93017578125,4875.89013671875,4937.77001953125,0
2002-08-20,4919.2373046875,4919.259765625,4953.009765625,4907.58984375,4950.009765625,0
2002-08-21,4887.767578125,4887.7900390625,4906.77978515625,4856.02978515625,4886.77978515625,0
2002-08-22,4956.4677734375,4956.490234375,4989.1298828125,4909.22998046875,4926.22021484375,0
2002-08-23,4968.8271484375,4968.85009765625,5030.240234375,4964.81005859375,5005.740234375,0
2002-08-26,4935.8974609375,4935.919921875,4949.43017578125,4899.5,4933.85009765625,0
2002-08-27,4878.82763671875,4878.85009765625,4958.77978515625,4875.0400390625,4947.7998046875,0
2002-08-28,4789.60791015625,4789.6298828125,4858.60986328125,4775.740234375,4845.18017578125,0
2002-08-29,4800.60791015625,4800.6298828125,4809.830078125,4747.419921875,4770.91015625,0
2002-08-30,4764.91845703125,4764.93994140625,4812.9501953125,4762.2001953125,4812.9501953125,0
2002-09-02,4644.55908203125,4644.580078125,4756.009765625,4643.66015625,4756.009765625,0
2002-09-03,4588.0390625,4588.06005859375,4666.39013671875,4577.93994140625,4654.14990234375,0
2002-09-04,4534.12890625,4534.14990234375,4595.91015625,4490.990234375,4499.509765625,0
2002-09-05,4459.349609375,4459.3701171875,4585.25,4459.3701171875,4578.93994140625,0
2002-09-09,4533.2490234375,4533.27001953125,4533.27001953125,4438.91015625,4475.990234375,0
2002-09-10,4667.98876953125,4668.009765625,4668.009765625,4522.3701171875,4545.830078125,0
2002-09-11,4660.5087890625,4660.52978515625,4707.5498046875,4649.2099609375,4690.8798828125,0
2002-09-12,4647.34912109375,4647.3701171875,4687.330078125,4609.7001953125,4653.3701171875,0
2002-09-13,4580.14892578125,4580.169921875,4613.47021484375,4573.72021484375,4590.7900390625,0
2002-09-16,4457.1396484375,4457.16015625,4579.60009765625,4451.2001953125,4578.14990234375,0
2002-09-17,4633.8388671875,4633.85986328125,4633.85986328125,4463.85986328125,4478.580078125,0
2002-09-18,4482.62939453125,4482.64990234375,4540.52978515625,4469.669921875,4531.1298828125,0
2002-09-19,4491.28955078125,4491.31005859375,4542.83984375,4475.75,4502.02978515625,0
2002-09-20,4429.22998046875,4429.25,4438.43994140625,4369.509765625,4420.43017578125,0
2002-09-23,4328.3798828125,4328.39990234375,4450.080078125,4328.39990234375,4424.16015625,0
2002-09-24,4286.919921875,4286.93994140625,4355.64013671875,4272.60009765625,4303.85009765625,0
2002-09-25,4185.93017578125,4185.9501953125,4287.330078125,4127.58984375,4277.0,0
2002-09-26,4222.2001953125,4222.22021484375,4287.6298828125,4219.56982421875,4263.669921875,0
2002-09-27,4208.77978515625,4208.7998046875,4279.0,4202.83984375,4240.47998046875,0
2002-09-30,4191.7900390625,4191.81005859375,4191.81005859375,4082.93994140625,4147.0400390625,0
2002-10-01,4162.75,4162.77001953125,4223.52001953125,4143.6201171875,4146.669921875,0
2002-10-02,4171.73974609375,4171.759765625,4260.41015625,4171.759765625,4246.16015625,0
2002-10-03,4075.961181640625,4075.97998046875,4140.22998046875,4073.9599609375,4138.2900390625,0
2002-10-04,4067.771240234375,4067.7900390625,4098.56982421875,4014.2099609375,4027.4599609375,0
2002-10-07,3924.02197265625,3924.0400390625,4020.419921875,3910.5,4020.419921875,0
2002-10-08,3964.261474609375,3964.280029296875,3975.97998046875,3874.25,3903.739990234375,0
2002-10-09,3947.591552734375,3947.610107421875,4031.570068359375,3947.610107421875,3974.510009765625,0
2002-10-11,3850.0224609375,3850.0400390625,4014.6298828125,3845.760009765625,4012.39990234375,0
2002-10-14,3910.9619140625,3910.97998046875,3920.75,3847.10009765625,3885.679931640625,0
2002-10-15,4131.4501953125,4131.47021484375,4132.080078125,3979.340087890625,3980.070068359375,0
2002-10-16,4223.2998046875,4223.31982421875,4249.5400390625,4155.02001953125,4249.22998046875,0
2002-10-17,4280.7900390625,4280.81005859375,4298.5,4177.33984375,4182.7998046875,0
2002-10-18,4458.1494140625,4458.169921875,4465.990234375,4360.66015625,4373.169921875,0
2002-10-21,4463.49951171875,4463.52001953125,4489.6298828125,4418.64990234375,4446.10009765625,0
2002-10-22,4386.43994140625,4386.4599609375,4536.91015625,4361.0498046875,4512.81982421875,0
2002-10-23,4589.85888671875,4589.8798828125,4593.39990234375,4352.31982421875,4382.60009765625,0
2002-10-24,4574.77880859375,4574.7998046875,4633.08984375,4542.330078125,4611.419921875,0
2002-10-25,4564.0390625,4564.06005859375,4604.169921875,4516.06982421875,4537.740234375,0
2002-10-28,4601.34912109375,4601.3701171875,4682.93994140625,4601.3701171875,4630.83984375,0
2002-10-29,4554.10888671875,4554.1298828125,4619.72021484375,4541.27001953125,4603.35986328125,0
2002-10-30,4498.70947265625,4498.72998046875,4594.2001953125,4448.02978515625,4537.85986328125,0
2002-10-31,4579.119140625,4579.14013671875,4605.43994140625,4540.8701171875,4547.1298828125,0
2002-11-01,4500.529296875,4500.5498046875,4626.2900390625,4486.33984375,4596.68994140625,0
2002-11-04,4583.6591796875,4583.68017578125,4625.43994140625,4546.759765625,4599.47998046875,0
2002-11-05,4566.0791015625,4566.10009765625,4631.7099609375,4552.93994140625,4631.7099609375,0
2002-11-06,4725.31884765625,4725.33984375,4732.56982421875,4552.97998046875,4584.3798828125,0
2002-11-07,4757.95849609375,4757.97998046875,4799.60986328125,4737.35986328125,4757.35986328125,0
2002-11-08,4810.98779296875,4811.009765625,4811.009765625,4705.27001953125,4705.27001953125,0
2002-11-11,4664.62890625,4664.64990234375,4794.740234375,4664.64990234375,4790.93994140625,0
2002-11-12,4676.44921875,4676.47021484375,4688.419921875,4603.6201171875,4603.6201171875,0
2002-11-13,4671.7490234375,4671.77001953125,4724.58984375,4634.97021484375,4697.5,0
2002-11-14,4665.5390625,4665.56005859375,4740.7099609375,4665.56005859375,4700.52978515625,0
2002-11-15,4813.5078125,4813.52978515625,4828.27978515625,4767.06982421875,4770.02001953125,0
2002-11-18,4790.587890625,4790.60986328125,4862.66015625,4786.93994140625,4828.43994140625,0
2002-11-19,4726.478515625,4726.5,4799.18994140625,4719.41015625,4784.0400390625,0
2002-11-20,4653.47900390625,4653.5,4736.66015625,4637.919921875,4721.89990234375,0
2002-11-21,4579.42919921875,4579.4501953125,4724.6298828125,4573.080078125,4722.06005859375,0
2002-11-22,4707.5888671875,4707.60986328125,4746.68017578125,4689.08984375,4694.52001953125,0
2002-11-25,4723.13916015625,4723.16015625,4731.31005859375,4661.0400390625,4731.31005859375,0
2002-11-26,4677.869140625,4677.89013671875,4772.35986328125,4677.89013671875,4722.35009765625,0
2002-11-27,4633.0087890625,4633.02978515625,4659.81982421875,4588.39990234375,4641.990234375,0
2002-11-28,4612.5791015625,4612.60009765625,4712.009765625,4612.60009765625,4698.580078125,0
2002-11-29,4646.6689453125,4646.68994140625,4666.240234375,4609.66015625,4637.25,0
2002-12-02,4683.1591796875,4683.18017578125,4683.18017578125,4613.14990234375,4655.419921875,0
2002-12-03,4793.908203125,4793.93017578125,4805.64990234375,4675.16015625,4684.1201171875,0
2002-12-04,4727.46875,4727.490234375,4775.39990234375,4727.490234375,4759.77978515625,0
2002-12-05,4755.37841796875,4755.39990234375,4770.1201171875,4718.0498046875,4725.0,0
2002-12-06,4738.95849609375,4738.97998046875,4771.669921875,4733.4501953125,4741.509765625,0
2002-12-09,4823.64794921875,4823.669921875,4867.22998046875,4809.60009765625,4826.1201171875,0
2002-12-10,4754.98828125,4755.009765625,4780.3701171875,4718.3798828125,4771.41015625,0
2002-12-11,4699.38916015625,4699.41015625,4832.5400390625,4696.39013671875,4786.33984375,0
2002-12-12,4669.67919921875,4669.7001953125,4735.89013671875,4623.2998046875,4713.60986328125,0
2002-12-13,4588.119140625,4588.14013671875,4678.14990234375,4586.41015625,4652.56982421875,0
2002-12-16,4582.02880859375,4582.0498046875,4592.1201171875,4537.41015625,4554.97998046875,0
2002-12-17,4545.59912109375,4545.6201171875,4633.64990234375,4545.6201171875,4627.7099609375,0
2002-12-18,4535.9091796875,4535.93017578125,4581.18017578125,4517.60986328125,4567.75,0
2002-12-19,4549.208984375,4549.22998046875,4592.1201171875,4480.97998046875,4498.1298828125,0
2002-12-20,4595.64892578125,4595.669921875,4605.72021484375,4502.31982421875,4578.64990234375,0
2002-12-23,4572.7490234375,4572.77001953125,4627.72021484375,4559.5,4607.7900390625,0
2002-12-24,4544.47900390625,4544.5,4612.9599609375,4539.33984375,4591.1298828125,0
2002-12-25,4484.40966796875,4484.43017578125,4561.419921875,4482.64990234375,4542.3798828125,0
2002-12-26,4567.34912109375,4567.3701171875,4567.3701171875,4462.2099609375,4510.4599609375,0
2002-12-27,4547.298828125,4547.31982421875,4588.740234375,4547.31982421875,4560.419921875,0
2002-12-30,4457.7294921875,4457.75,4513.8701171875,4445.33984375,4508.58984375,0
2002-12-31,4452.4296875,4452.4501953125,4471.97998046875,4413.14013671875,4455.919921875,0
2003-01-02,4524.849609375,4524.8701171875,4553.10986328125,4431.18994140625,4460.56982421875,3332000
2003-01-03,4626.298828125,4626.31982421875,4641.4599609375,4602.240234375,4618.240234375,4723600
2003-01-06,4689.8388671875,4689.85986328125,4710.31005859375,4635.8701171875,4653.990234375,4714400
2003-01-07,4701.05908203125,4701.080078125,4776.14990234375,4695.43994140625,4759.81005859375,5686800
2003-01-08,4836.908203125,4836.93017578125,4859.77978515625,4722.990234375,4722.990234375,6280200
2003-01-09,4813.7080078125,4813.72998046875,4867.39990234375,4798.16015625,4833.5498046875,6704200
2003-01-10,4850.77734375,4850.7998046875,4884.64013671875,4827.91015625,4882.06982421875,6148000
2003-01-13,4991.23681640625,4991.259765625,5000.14013671875,4895.2998046875,4895.2998046875,5830800
2003-01-14,4992.39697265625,4992.419921875,5057.2099609375,4985.6201171875,5014.9501953125,6779200
2003-01-15,5017.6767578125,5017.7001953125,5039.759765625,4952.16015625,5039.759765625,6403200
2003-01-16,4943.267578125,4943.2900390625,5082.39013671875,4943.2900390625,5021.5400390625,7516600
2003-01-17,4907.75732421875,4907.77978515625,4983.81005859375,4897.02978515625,4955.93994140625,5746600
2003-01-20,4951.00732421875,4951.02978515625,4951.02978515625,4875.740234375,4875.740234375,4628000
2003-01-21,4945.84765625,4945.8701171875,5031.68017578125,4942.18017578125,4972.85009765625,6541800
2003-01-22,4993.2470703125,4993.27001953125,4993.27001953125,4905.7900390625,4955.7099609375,5901200
2003-01-23,5078.7763671875,5078.7998046875,5102.77001953125,5035.7900390625,5035.7900390625,7630600
2003-01-24,5057.29638671875,5057.31982421875,5141.7998046875,5053.5498046875,5141.7998046875,6959000
2003-01-27,4972.56689453125,4972.58984375,5055.31005859375,4942.89013671875,5037.10009765625,5779600
2003-01-28,5015.13671875,5015.16015625,5023.240234375,4946.93994140625,4949.47021484375,4853800
2003-02-06,4833.55810546875,4833.580078125,4975.64990234375,4833.580078125,4975.64990234375,4813200
2003-02-07,4735.3486328125,4735.3701171875,4833.83984375,4641.06005859375,4797.3798828125,5070600
2003-02-10,4643.84912109375,4643.8701171875,4715.18017578125,4627.52978515625,4696.56982421875,3342600
2003-02-11,4618.958984375,4618.97998046875,4704.4599609375,4613.6201171875,4692.81982421875,3414600
2003-02-12,4624.84912109375,4624.8701171875,4666.2099609375,4592.41015625,4599.669921875,3546600
2003-02-13,4507.939453125,4507.9599609375,4639.56005859375,4507.9599609375,4616.6201171875,3287200
2003-02-14,4493.9697265625,4493.990234375,4569.830078125,4463.06005859375,4562.240234375,3208200
2003-02-17,4705.05908203125,4705.080078125,4707.72998046875,4613.35986328125,4629.56982421875,3502200
2003-02-18,4605.2890625,4605.31005859375,4698.10009765625,4595.97998046875,4698.10009765625,3550200
2003-02-19,4550.80908203125,4550.830078125,4672.02978515625,4550.830078125,4670.14990234375,3635200
2003-02-20,4550.67919921875,4550.7001953125,4606.75,4520.759765625,4555.64990234375,3366200
2003-02-21,4548.3291015625,4548.35009765625,4594.669921875,4538.4599609375,4584.60009765625,2670400
2003-02-24,4609.17919921875,4609.2001953125,4613.080078125,4538.5498046875,4585.7998046875,2485600
2003-02-25,4454.32958984375,4454.35009765625,4559.31982421875,4454.35009765625,4559.31982421875,2655200
2003-02-26,4456.66943359375,4456.68994140625,4495.64013671875,4436.52001953125,4478.14013671875,2643600
2003-02-27,4432.43994140625,4432.4599609375,4473.52978515625,4385.60986328125,4411.5400390625,2312200
2003-03-03,4526.66943359375,4526.68994140625,4546.85009765625,4472.169921875,4483.43994140625,2435200
2003-03-04,4499.66943359375,4499.68994140625,4515.97021484375,4476.5498046875,4481.5498046875,2346800
2003-03-05,4418.08984375,4418.10986328125,4475.97021484375,4411.97021484375,4457.4599609375,2514400
2003-03-06,4397.419921875,4397.43994140625,4451.39990234375,4385.580078125,4443.33984375,2251000
2003-03-07,4350.56982421875,4350.58984375,4403.39013671875,4312.27978515625,4352.72998046875,2210200
2003-03-10,4319.97021484375,4319.990234375,4384.64013671875,4308.52001953125,4370.68017578125,1798600
2003-03-11,4260.43017578125,4260.4501953125,4313.58984375,4240.60009765625,4272.02001953125,2417000
2003-03-12,4328.1298828125,4328.14990234375,4328.14990234375,4254.41015625,4275.580078125,2314600
2003-03-13,4378.97021484375,4378.990234375,4400.830078125,4298.4599609375,4320.47998046875,2681400
2003-03-14,4476.1494140625,4476.169921875,4532.97021484375,4469.990234375,4519.2001953125,3540800
2003-03-17,4357.97021484375,4357.990234375,4441.7998046875,4357.8798828125,4441.7998046875,1970600
2003-03-18,4539.69921875,4539.72021484375,4569.1201171875,4488.27978515625,4504.81982421875,3322800
2003-03-19,4515.04931640625,4515.06982421875,4547.85009765625,4495.02978515625,4533.4501953125,2615000
2003-03-20,4599.22900390625,4599.25,4613.68994140625,4505.4599609375,4584.47021484375,3560800
2003-03-21,4586.89892578125,4586.919921875,4615.83984375,4565.0498046875,4589.81005859375,2639400
2003-03-24,4570.6591796875,4570.68017578125,4619.97998046875,4568.33984375,4619.06982421875,1901800
2003-03-25,4498.8095703125,4498.830078125,4513.830078125,4473.56005859375,4473.56005859375,1691600
2003-03-26,4496.029296875,4496.0498046875,4537.0,4489.6201171875,4533.27001953125,1596000
2003-03-27,4514.2197265625,4514.240234375,4514.240234375,4467.16015625,4467.740234375,1702800
2003-03-28,4476.9892578125,4477.009765625,4517.509765625,4465.27978515625,4513.259765625,1626000
2003-03-31,4321.2001953125,4321.22021484375,4442.10009765625,4306.5400390625,4442.10009765625,2013600
2003-04-01,4337.58984375,4337.60986328125,4338.240234375,4275.39013671875,4275.39013671875,1586000
2003-04-02,4311.5400390625,4311.56005859375,4351.7099609375,4295.14990234375,4339.16015625,1653800
2003-04-03,4358.3701171875,4358.39013671875,4411.06982421875,4357.85009765625,4394.43017578125,2006800
2003-04-04,4499.15966796875,4499.18017578125,4499.18017578125,4339.2001953125,4343.43017578125,2863600
2003-04-07,4575.80908203125,4575.830078125,4597.22998046875,4479.1201171875,4505.740234375,3518000
2003-04-08,4552.42919921875,4552.4501953125,4606.89990234375,4544.830078125,4559.22021484375,3329400
2003-04-09,4537.369140625,4537.39013671875,4544.89990234375,4509.2998046875,4539.2998046875,2622000
2003-04-10,4541.3388671875,4541.35986328125,4597.5,4532.2998046875,4537.14990234375,3591400
2003-04-11,4530.37890625,4530.39990234375,4562.9501953125,4521.169921875,4549.080078125,2429200
2003-04-14,4459.78955078125,4459.81005859375,4549.64013671875,4456.9599609375,4540.08984375,1963800
2003-04-15,4487.5693359375,4487.58984375,4500.27978515625,4466.02001953125,4494.18994140625,1854600
2003-04-16,4609.298828125,4609.31982421875,4619.9501953125,4541.66015625,4541.66015625,3267400
2003-04-17,4566.63916015625,4566.66015625,4628.0,4564.52001953125,4593.89013671875,2350200
2003-04-18,4658.27880859375,4658.2998046875,4677.419921875,4633.58984375,4633.58984375,3958400
2003-04-21,4648.09912109375,4648.1201171875,4661.89013671875,4609.47021484375,4652.240234375,2861000
2003-04-22,4556.0791015625,4556.10009765625,4626.4599609375,4556.10009765625,4622.25,2263200
2003-04-23,4564.9091796875,4564.93017578125,4621.77978515625,4546.2001953125,4611.4599609375,2778400
2003-04-24,4374.919921875,4374.93994140625,4538.3701171875,4360.830078125,4538.3701171875,3204200
2003-04-25,4233.52001953125,4233.5400390625,4338.27001953125,4231.56005859375,4269.60009765625,2952000
2003-04-28,4139.47998046875,4139.5,4156.85009765625,4044.72998046875,4126.25,2589000
2003-04-29,4200.2998046875,4200.31982421875,4227.81982421875,4142.6201171875,4186.22998046875,3396000
2003-04-30,4148.0498046875,4148.06982421875,4268.83984375,4128.33984375,4260.080078125,2839800
2003-05-02,4187.7998046875,4187.81982421875,4193.18994140625,4108.669921875,4130.60009765625,2302200
2003-05-05,4202.10009765625,4202.1201171875,4215.89990234375,4146.14013671875,4167.419921875,2122600
2003-05-06,4220.43017578125,4220.4501953125,4250.89013671875,4206.83984375,4210.39013671875,2336600
2003-05-07,4275.89013671875,4275.91015625,4276.68994140625,4217.72998046875,4253.43017578125,2455600
2003-05-08,4191.22998046875,4191.25,4254.509765625,4191.25,4254.509765625,1818400
2003-05-09,4244.16015625,4244.18017578125,4278.89013671875,4194.5498046875,4194.5498046875,2290800
2003-05-12,4261.0,4261.02001953125,4296.72021484375,4245.2099609375,4264.740234375,1892600
2003-05-13,4334.56982421875,4334.58984375,4362.33984375,4320.1298828125,4320.1298828125,2621000
2003-05-14,4341.080078125,4341.10009765625,4351.5400390625,4317.990234375,4329.419921875,1988800
2003-05-15,4331.22021484375,4331.240234375,4331.240234375,4288.490234375,4329.97998046875,1738600
2003-05-16,4283.75,4283.77001953125,4365.10986328125,4283.77001953125,4360.64013671875,1916800
2003-05-19,4255.77978515625,4255.7998046875,4263.81005859375,4233.75,4259.8798828125,1314000
2003-05-20,4251.56982421875,4251.58984375,4254.14013671875,4194.22021484375,4202.6201171875,1486400
2003-05-21,4216.6201171875,4216.64013671875,4248.68017578125,4212.5,4248.68017578125,1461600
2003-05-22,4271.27978515625,4271.2998046875,4271.2998046875,4184.85009765625,4209.259765625,1889000
2003-05-23,4349.5,4349.52001953125,4360.93994140625,4289.52978515625,4295.759765625,3012800
2003-05-26,4465.54931640625,4465.56982421875,4465.56982421875,4393.39990234375,4393.39990234375,3456400
2003-05-27,4451.08935546875,4451.10986328125,4484.5400390625,4445.740234375,4463.35986328125,3232600
2003-05-28,4474.3896484375,4474.41015625,4558.52978515625,4474.41015625,4538.06982421875,3703600
2003-05-29,4543.01904296875,4543.0400390625,4543.0400390625,4472.58984375,4496.5,3018000
2003-05-30,4555.87890625,4555.89990234375,4639.009765625,4509.72998046875,4524.4501953125,4717200
2003-06-02,4692.9189453125,4692.93994140625,4706.5498046875,4612.10009765625,4620.5400390625,4852800
2003-06-03,4678.05908203125,4678.080078125,4717.18994140625,4659.169921875,4687.75,4129400
2003-06-05,4738.318359375,4738.33984375,4779.39990234375,4720.35986328125,4743.97998046875,4763600
2003-06-06,4740.4287109375,4740.4501953125,4751.4599609375,4701.35009765625,4749.0400390625,3560200
2003-06-09,4826.91796875,4826.93994140625,4831.4599609375,4715.81982421875,4725.83984375,5038600
2003-06-10,4832.17822265625,4832.2001953125,4854.0400390625,4801.72021484375,4810.31005859375,4723800
2003-06-11,4804.6279296875,4804.64990234375,4874.68017578125,4804.64990234375,4872.4599609375,5006200
2003-06-12,4878.40771484375,4878.43017578125,4914.41015625,4822.169921875,4846.72021484375,5176000
2003-06-13,4881.87744140625,4881.89990234375,4904.35986328125,4865.91015625,4878.47021484375,4350800
2003-06-16,4892.33740234375,4892.35986328125,4934.8701171875,4873.669921875,4875.43017578125,4571400
2003-06-17,4973.1669921875,4973.18994140625,4993.41015625,4953.259765625,4978.43017578125,6026400
2003-06-18,4999.046875,4999.06982421875,5089.080078125,4993.0400390625,5020.2998046875,6882800
2003-06-19,5048.88671875,5048.91015625,5058.68994140625,4982.3701171875,5038.33984375,6049200
2003-06-20,5002.55712890625,5002.580078125,5078.7900390625,4984.14013671875,5018.56982421875,6662400
2003-06-23,4921.69775390625,4921.72021484375,5036.85986328125,4920.330078125,5014.7998046875,4827800
2003-06-24,4909.28759765625,4909.31005859375,4922.93017578125,4868.85009765625,4881.759765625,3868400
2003-06-25,4933.767578125,4933.7900390625,4959.39990234375,4898.009765625,4923.85009765625,4339800
2003-06-26,4893.9873046875,4894.009765625,4954.27978515625,4894.009765625,4932.02001953125,3595200
2003-06-27,4877.87744140625,4877.89990234375,4949.490234375,4856.330078125,4936.10986328125,3832800
2003-06-30,4872.12744140625,4872.14990234375,4900.43994140625,4864.56982421875,4881.7998046875,2823400
2003-07-01,5017.75634765625,5017.77978515625,5017.77978515625,4893.580078125,4893.580078125,4937000
2003-07-02,5095.216796875,5095.240234375,5121.72998046875,5047.830078125,5075.2099609375,6554400
2003-07-03,5095.28662109375,5095.31005859375,5197.72021484375,5095.31005859375,5167.85986328125,7780200
2003-07-04,5151.826171875,5151.85009765625,5151.85009765625,5085.85009765625,5126.56982421875,5730000
2003-07-07,5322.23583984375,5322.259765625,5324.9599609375,5214.08984375,5227.31005859375,7424800
2003-07-08,5367.94580078125,5367.97021484375,5416.97998046875,5323.27978515625,5371.93017578125,8230200
2003-07-09,5358.8857421875,5358.91015625,5410.6201171875,5342.02978515625,5365.97998046875,6787000
2003-07-10,5282.35595703125,5282.3798828125,5398.97021484375,5282.3798828125,5367.35009765625,6313600
2003-07-11,5239.93603515625,5239.9599609375,5251.85009765625,5179.35986328125,5234.02001953125,5750600
2003-07-14,5349.916015625,5349.93994140625,5390.85986328125,5273.14990234375,5282.97998046875,6089600
2003-07-15,5335.8359375,5335.85986328125,5403.490234375,5326.080078125,5399.259765625,6024200
2003-07-16,5413.84521484375,5413.8701171875,5435.1201171875,5348.0498046875,5362.33984375,6762800
2003-07-17,5299.48583984375,5299.509765625,5429.919921875,5299.509765625,5389.52001953125,6516200
2003-07-18,5287.35595703125,5287.3798828125,5326.6201171875,5250.02978515625,5291.52978515625,4936200
2003-07-21,5219.27587890625,5219.2998046875,5349.2001953125,5219.2998046875,5338.52978515625,4505000
2003-07-22,5260.98583984375,5261.009765625,5271.6298828125,5213.06005859375,5225.56982421875,4148800
2003-07-23,5287.8662109375,5287.89013671875,5345.990234375,5277.2998046875,5299.1201171875,4225600
2003-07-24,5402.72509765625,5402.75,5402.75,5305.7001953125,5324.6298828125,5243000
2003-07-25,5394.72509765625,5394.75,5441.02001953125,5379.81005859375,5389.89013671875,4893600
2003-07-28,5451.77490234375,5451.7998046875,5504.3798828125,5443.39990234375,5476.16015625,5975600
2003-07-29,5342.43603515625,5342.4599609375,5464.9501953125,5338.0,5463.14013671875,4578000
2003-07-30,5307.15625,5307.18017578125,5354.9599609375,5278.81005859375,5327.240234375,3653800
2003-07-31,5318.31591796875,5318.33984375,5328.5498046875,5260.830078125,5294.52001953125,3774600
2003-08-01,5390.48486328125,5390.509765625,5408.14990234375,5363.89013671875,5365.72998046875,4059800
2003-08-04,5377.16552734375,5377.18994140625,5400.41015625,5361.8701171875,5393.10009765625,3253800
2003-08-05,5259.42626953125,5259.4501953125,5407.5,5259.4501953125,5403.83984375,3761200
2003-08-06,5225.80615234375,5225.830078125,5251.91015625,5207.60986328125,5214.08984375,2777200
2003-08-07,5259.0458984375,5259.06982421875,5286.990234375,5193.18017578125,5257.56005859375,3861400
2003-08-08,5232.52587890625,5232.5498046875,5315.18017578125,5232.5498046875,5270.9501953125,3986200
2003-08-11,5214.576171875,5214.60009765625,5239.169921875,5174.77001953125,5239.169921875,2720200
2003-08-12,5255.21630859375,5255.240234375,5272.9599609375,5245.08984375,5250.4501953125,3141000
2003-08-13,5442.2451171875,5442.27001953125,5454.35986328125,5318.52978515625,5319.2998046875,5307000
2003-08-14,5436.72509765625,5436.75,5488.81982421875,5410.1201171875,5463.5400390625,6101200
2003-08-15,5488.71533203125,5488.740234375,5540.0,5471.60009765625,5491.85009765625,4964800
2003-08-18,5516.77490234375,5516.7998046875,5539.02001953125,5480.64013671875,5528.08984375,4682600
2003-08-19,5512.13525390625,5512.16015625,5594.93017578125,5498.3798828125,5586.43017578125,5185800
2003-08-20,5543.5849609375,5543.60986328125,5562.9501953125,5525.4501953125,5548.83984375,3593200
2003-08-21,5611.83447265625,5611.85986328125,5612.14990234375,5522.419921875,5545.97021484375,4305000
2003-08-22,5646.5947265625,5646.6201171875,5692.93017578125,5629.2001953125,5648.93994140625,5632600
2003-08-25,5686.82470703125,5686.85009765625,5686.85009765625,5626.60009765625,5667.0400390625,4412200
2003-08-26,5558.22509765625,5558.25,5656.06982421875,5542.43017578125,5656.06982421875,4241200
2003-08-27,5553.4052734375,5553.43017578125,5626.4599609375,5542.4501953125,5577.2998046875,4360600
2003-08-28,5523.09521484375,5523.1201171875,5618.35986328125,5504.52001953125,5596.56005859375,3907400
2003-08-29,5650.8046875,5650.830078125,5657.0498046875,5542.39013671875,5561.5400390625,4325200
2003-09-01,5691.7646484375,5691.7900390625,5726.47998046875,5651.0400390625,5690.83984375,4543000
2003-09-02,5715.9248046875,5715.9501953125,5715.9501953125,5664.27001953125,5693.509765625,3712200
2003-09-03,5673.15478515625,5673.18017578125,5756.080078125,5673.18017578125,5751.3701171875,4759000
2003-09-04,5625.6044921875,5625.6298828125,5702.16015625,5624.75,5681.259765625,3673400
2003-09-05,5639.00439453125,5639.02978515625,5709.6298828125,5620.2900390625,5670.2998046875,3211800
2003-09-08,5726.984375,5727.009765625,5751.990234375,5609.240234375,5638.2001953125,3377600
2003-09-09,5680.66455078125,5680.68994140625,5800.7998046875,5680.68994140625,5786.97021484375,4561600
2003-09-10,5623.40478515625,5623.43017578125,5683.85009765625,5591.330078125,5654.06005859375,3701800
2003-09-12,5645.25439453125,5645.27978515625,5654.43994140625,5600.18017578125,5627.35009765625,2566200
2003-09-15,5623.19482421875,5623.22021484375,5651.14990234375,5606.06005859375,5640.22021484375,2406800
2003-09-16,5699.234375,5699.259765625,5699.259765625,5605.990234375,5606.169921875,2859400
2003-09-17,5747.1142578125,5747.14013671875,5779.9501953125,5735.9599609375,5757.25,3794600
2003-09-18,5750.7841796875,5750.81005859375,5758.68017578125,5697.81982421875,5747.22998046875,3522600
2003-09-19,5757.88427734375,5757.91015625,5809.43017578125,5747.10009765625,5790.3798828125,4680200
2003-09-22,5675.724609375,5675.75,5750.14013671875,5675.75,5732.81005859375,3734200
2003-09-23,5683.984375,5684.009765625,5686.4599609375,5641.7099609375,5650.35009765625,2909600
2003-09-24,5722.33447265625,5722.35986328125,5722.35986328125,5678.64013671875,5704.009765625,3805400
2003-09-25,5688.20458984375,5688.22998046875,5695.4599609375,5633.06982421875,5634.25,3521800
2003-09-26,5650.08447265625,5650.10986328125,5703.75,5650.10986328125,5690.8701171875,2865400
2003-09-29,5643.474609375,5643.5,5668.919921875,5627.43017578125,5645.080078125,2434000
2003-09-30,5611.384765625,5611.41015625,5677.1201171875,5611.41015625,5672.77001953125,2416200
2003-10-01,5581.63525390625,5581.66015625,5613.18017578125,5560.5498046875,5599.10009765625,2268400
2003-10-02,5699.83447265625,5699.85986328125,5703.3798828125,5639.97998046875,5644.5,3352200
2003-10-03,5747.76416015625,5747.7900390625,5759.0,5701.8701171875,5716.7900390625,3996400
2003-10-06,5851.17333984375,5851.2001953125,5857.5400390625,5782.89013671875,5810.83984375,5806800
2003-10-07,5856.6533203125,5856.68017578125,5879.68017578125,5828.0498046875,5873.330078125,4933800
2003-10-08,5821.77294921875,5821.7998046875,5867.08984375,5808.18994140625,5860.39990234375,4938000
2003-10-09,5869.85302734375,5869.8798828125,5872.97998046875,5800.81982421875,5817.72021484375,5663800
2003-10-13,5972.44287109375,5972.47021484375,5979.830078125,5906.9599609375,5907.2099609375,5974400
2003-10-14,5938.392578125,5938.419921875,6020.22021484375,5938.419921875,6020.22021484375,5765200
2003-10-15,5924.3525390625,5924.3798828125,5978.47021484375,5913.27978515625,5967.93017578125,4999200
2003-10-16,6035.71240234375,6035.740234375,6037.52978515625,5928.7001953125,5935.14990234375,5853600
2003-10-17,6042.68212890625,6042.7099609375,6077.60009765625,6016.10009765625,6063.39990234375,5692800
2003-10-20,6077.8623046875,6077.89013671875,6085.6201171875,6026.39013671875,6041.52978515625,5222200
2003-10-21,6061.43212890625,6061.4599609375,6116.580078125,6017.259765625,6105.02978515625,5632800
2003-10-22,6041.83203125,6041.85986328125,6075.75,6013.080078125,6046.0400390625,5205200
2003-10-23,5952.20263671875,5952.22998046875,5997.81982421875,5938.669921875,5971.419921875,4315000
2003-10-24,5918.11279296875,5918.14013671875,5990.72021484375,5918.14013671875,5972.85009765625,3558400
2003-10-27,5958.5224609375,5958.5498046875,5976.3798828125,5941.08984375,5946.02001953125,2830800
2003-10-28,6075.42236328125,6075.4501953125,6087.31982421875,5994.8701171875,5997.2998046875,5177800
2003-10-29,6095.84228515625,6095.8701171875,6173.85009765625,6080.39990234375,6173.85009765625,5204000
2003-10-30,6108.10205078125,6108.1298828125,6119.06005859375,6066.6201171875,6110.259765625,4352000
2003-10-31,6045.09228515625,6045.1201171875,6117.85986328125,6029.5400390625,6110.77978515625,4782400
2003-11-03,6087.42236328125,6087.4501953125,6098.009765625,6024.97021484375,6054.31005859375,4430600
2003-11-04,6108.96240234375,6108.990234375,6167.14990234375,6106.93994140625,6147.0498046875,5516200
2003-11-05,6142.2919921875,6142.31982421875,6156.509765625,6102.419921875,6120.2001953125,4705600
2003-11-06,6013.3720703125,6013.39990234375,6182.2001953125,5958.8701171875,6160.85009765625,6915800
2003-11-07,6056.80224609375,6056.830078125,6062.9501953125,5974.10986328125,6054.6201171875,4555400
2003-11-10,6059.001953125,6059.02978515625,6094.7001953125,6024.66015625,6053.14013671875,4063400
2003-11-11,6022.05224609375,6022.080078125,6047.31982421875,5971.1298828125,6028.7900390625,3963800
2003-11-12,5982.72265625,5982.75,6048.5400390625,5982.75,6024.0400390625,4187000
2003-11-13,6035.412109375,6035.43994140625,6060.7900390625,6007.10009765625,6054.0498046875,4276200
2003-11-14,6044.7421875,6044.77001953125,6059.66015625,6007.93017578125,6040.31005859375,3800600
2003-11-17,5952.29248046875,5952.31982421875,6011.740234375,5942.41015625,6011.740234375,3458000
2003-11-18,5939.44287109375,5939.47021484375,5966.509765625,5890.8798828125,5941.81982421875,3600400
2003-11-19,5865.48291015625,5865.509765625,5893.580078125,5826.58984375,5881.60986328125,3491000
2003-11-20,5834.21337890625,5834.240234375,5901.10986328125,5828.41015625,5872.60986328125,3220800
2003-11-21,5830.033203125,5830.06005859375,5830.06005859375,5749.18994140625,5787.990234375,2985400
2003-11-24,5821.55322265625,5821.580078125,5849.41015625,5802.68994140625,5845.490234375,2677000
2003-11-25,5861.1533203125,5861.18017578125,5917.7001953125,5857.35986328125,5899.89013671875,3762600
2003-11-26,5860.5830078125,5860.60986328125,5881.4599609375,5846.89013671875,5872.18994140625,2353400
2003-11-27,5740.5439453125,5740.56982421875,5856.81982421875,5740.56982421875,5852.47998046875,2604000
2003-11-28,5771.744140625,5771.77001953125,5836.08984375,5758.85009765625,5804.81982421875,2753600
2003-12-01,5870.14306640625,5870.169921875,5878.1298828125,5752.14990234375,5768.68994140625,3041200
2003-12-02,5911.42333984375,5911.4501953125,5921.10986328125,5884.31982421875,5919.22998046875,3224200
2003-12-03,5884.943359375,5884.97021484375,5927.56005859375,5882.080078125,5921.580078125,2948000
2003-12-04,5920.4326171875,5920.4599609375,5927.3701171875,5888.22998046875,5895.27978515625,2890200
2003-12-05,5900.02294921875,5900.0498046875,5945.52978515625,5900.0498046875,5937.41015625,2708800
2003-12-08,5847.123046875,5847.14990234375,5869.2001953125,5842.2099609375,5869.16015625,2125200
2003-12-09,5859.533203125,5859.56005859375,5881.7099609375,5830.2998046875,5881.7099609375,2650400
2003-12-10,5803.3935546875,5803.419921875,5834.419921875,5773.75,5813.27978515625,2652600
2003-12-11,5867.02294921875,5867.0498046875,5868.56982421875,5819.1298828125,5819.1298828125,3121200
2003-12-12,5858.29296875,5858.31982421875,5922.7099609375,5849.419921875,5912.93017578125,3121600
2003-12-15,5924.212890625,5924.240234375,5924.240234375,5874.06005859375,5910.919921875,2621800
2003-12-16,5887.203125,5887.22998046875,5906.77001953125,5871.8798828125,5876.56005859375,2488000
2003-12-17,5751.98388671875,5752.009765625,5910.6298828125,5718.43994140625,5904.3701171875,4255600
2003-12-18,5768.73388671875,5768.759765625,5801.60986328125,5724.93994140625,5743.02978515625,2567000
2003-12-19,5759.2041015625,5759.22998046875,5829.02001953125,5755.22021484375,5829.02001953125,2713800
2003-12-22,5835.0830078125,5835.10986328125,5850.740234375,5773.64013671875,5782.08984375,3115000
2003-12-23,5845.48291015625,5845.509765625,5858.33984375,5827.93994140625,5858.10986328125,2617800
2003-12-24,5857.84326171875,5857.8701171875,5900.10009765625,5849.56982421875,5865.93017578125,3511600
2003-12-25,5853.67333984375,5853.7001953125,5896.4599609375,5845.64013671875,5870.0,2921800
2003-12-26,5857.18310546875,5857.2099609375,5881.330078125,5835.990234375,5873.39990234375,2523000
2003-12-29,5804.86376953125,5804.89013671875,5874.2001953125,5804.89013671875,5870.080078125,2601200
2003-12-30,5866.72314453125,5866.75,5886.7900390625,5813.33984375,5845.169921875,3484400
2003-12-31,5890.6630859375,5890.68994140625,5900.81982421875,5868.740234375,5872.4501953125,2710400
2004-01-02,6041.5322265625,6041.56005859375,6043.2998046875,5907.14990234375,5907.14990234375,5160800
2004-01-05,6125.39208984375,6125.419921875,6137.91015625,6061.85986328125,6080.18017578125,6668400
2004-01-06,6143.98095703125,6144.009765625,6170.02001953125,6110.68994140625,6170.02001953125,6191400
2004-01-07,6141.22216796875,6141.25,6215.4501953125,6130.35009765625,6174.9501953125,6273600
2004-01-08,6169.14111328125,6169.169921875,6189.60009765625,6142.240234375,6180.35986328125,4964000
2004-01-09,6226.951171875,6226.97998046875,6257.89013671875,6207.68994140625,6241.35986328125,6117800
2004-01-12,6219.68115234375,6219.7099609375,6246.6201171875,6196.41015625,6225.22998046875,3733400
2004-01-13,6210.19140625,6210.22021484375,6255.93994140625,6195.64013671875,6239.16015625,3861200
2004-01-14,6274.94091796875,6274.97021484375,6298.72021484375,6190.35009765625,6195.08984375,4982600
2004-01-15,6264.3408203125,6264.3701171875,6306.9501953125,6253.64013671875,6297.58984375,5183200
2004-01-16,6269.6806640625,6269.7099609375,6311.4599609375,6264.0400390625,6300.759765625,4811400
2004-01-27,6384.60009765625,6384.6298828125,6399.81982421875,6334.81982421875,6371.5,6100400
2004-01-28,6386.22021484375,6386.25,6421.4501953125,6335.5400390625,6360.7099609375,7029800
2004-01-29,6312.62060546875,6312.64990234375,6379.0498046875,6303.2099609375,6348.93017578125,6792000
2004-01-30,6375.35009765625,6375.3798828125,6386.1298828125,6329.169921875,6331.7099609375,5876600
2004-02-02,6319.9306640625,6319.9599609375,6388.97021484375,6319.9599609375,6379.97998046875,6237800
2004-02-03,6252.20068359375,6252.22998046875,6281.52978515625,6210.35009765625,6281.52978515625,5948600
2004-02-04,6241.361328125,6241.39013671875,6297.919921875,6233.8798828125,6271.5400390625,5593000
2004-02-05,6268.11083984375,6268.14013671875,6323.75,6241.919921875,6241.919921875,6152600
2004-02-06,6353.3203125,6353.35009765625,6384.08984375,6314.830078125,6321.14990234375,7283400
2004-02-09,6463.06005859375,6463.08984375,6475.3798828125,6422.6201171875,6442.83984375,8519800
2004-02-10,6488.3095703125,6488.33984375,6503.240234375,6425.31982421875,6489.64990234375,8913400
2004-02-11,6454.3603515625,6454.39013671875,6518.16015625,6440.2998046875,6518.16015625,8651600
2004-02-12,6436.92041015625,6436.9501953125,6578.81982421875,6397.33984375,6505.52978515625,9903800
2004-02-13,6549.14990234375,6549.18017578125,6554.77978515625,6459.14013671875,6467.14990234375,8014800
2004-02-16,6565.33984375,6565.3701171875,6590.25,6518.10009765625,6566.759765625,8431400
2004-02-17,6600.43994140625,6600.47021484375,6616.0400390625,6576.22021484375,6586.490234375,8255000
2004-02-18,6605.81982421875,6605.85009765625,6661.1298828125,6586.740234375,6656.10009765625,8731200
2004-02-19,6681.4892578125,6681.52001953125,6688.14013671875,6626.47021484375,6647.85986328125,8956200
2004-02-20,6665.50927734375,6665.5400390625,6708.0400390625,6656.06005859375,6692.02978515625,7999600
2004-02-23,6665.859375,6665.89013671875,6695.4501953125,6607.35986328125,6686.669921875,7132000
2004-02-24,6589.19970703125,6589.22998046875,6686.85009765625,6589.22998046875,6650.16015625,6696200
2004-02-25,6644.2490234375,6644.27978515625,6672.240234375,6595.240234375,6619.68994140625,6631800
2004-02-26,6693.21875,6693.25,6730.9599609375,6660.52001953125,6709.43017578125,7409400
2004-02-27,6750.5087890625,6750.5400390625,6756.759765625,6713.669921875,6732.6298828125,7688200
2004-03-01,6888.3984375,6888.43017578125,6896.35986328125,6816.7900390625,6816.7900390625,10040600
2004-03-02,6975.22802734375,6975.259765625,6984.41015625,6897.35986328125,6964.66015625,10848200
2004-03-03,6932.13818359375,6932.169921875,7003.8798828125,6930.009765625,6981.5400390625,10369200
2004-03-04,7034.068359375,7034.10009765625,7045.47021484375,6963.22998046875,6963.22998046875,10086400
2004-03-05,6943.6484375,6943.68017578125,7135.0,6943.47021484375,7106.31005859375,11558200
2004-03-08,6901.4482421875,6901.47998046875,7025.10986328125,6901.47998046875,6997.66015625,6972000
2004-03-09,6973.8681640625,6973.89990234375,6974.9501953125,6865.2001953125,6901.85986328125,5971800
2004-03-10,6874.87841796875,6874.91015625,6995.47998046875,6874.91015625,6967.16015625,7474600
2004-03-11,6879.078125,6879.10986328125,6906.5,6805.7099609375,6825.2099609375,5850000
2004-03-12,6800.208984375,6800.240234375,6837.080078125,6766.16015625,6781.10986328125,6675400
2004-03-15,6635.94921875,6635.97998046875,6897.77978515625,6635.97998046875,6897.77978515625,7991200
2004-03-16,6589.68994140625,6589.72021484375,6660.81982421875,6564.31005859375,6645.43017578125,6660800
2004-03-17,6577.94970703125,6577.97998046875,6669.93017578125,6577.97998046875,6654.47021484375,5359200
2004-03-18,6786.99853515625,6787.02978515625,6791.85009765625,6570.52978515625,6572.72998046875,7070000
2004-03-19,6815.05859375,6815.08984375,6833.490234375,6751.5400390625,6783.52001953125,6782600
2004-03-22,6359.89013671875,6359.919921875,6368.02978515625,6358.72998046875,6360.330078125,2250800
2004-03-23,6172.861328125,6172.89013671875,6299.08984375,6020.64013671875,6033.64990234375,10157600
2004-03-24,6213.53125,6213.56005859375,6265.740234375,6100.830078125,6265.740234375,6543000
2004-03-25,6156.701171875,6156.72998046875,6250.39990234375,6142.89990234375,6234.81982421875,5666200
2004-03-26,6132.59228515625,6132.6201171875,6239.22998046875,6117.27001953125,6227.169921875,4614400
2004-03-29,6474.080078125,6474.10986328125,6474.169921875,6327.33984375,6348.85986328125,4786600
2004-03-30,6494.6796875,6494.7099609375,6535.02001953125,6441.43017578125,6492.93017578125,6171800
2004-03-31,6522.15966796875,6522.18994140625,6569.56005859375,6482.81005859375,6554.9501953125,6227600
2004-04-01,6523.4599609375,6523.490234375,6534.68994140625,6459.740234375,6504.5400390625,5437200
2004-04-02,6545.509765625,6545.5400390625,6581.990234375,6527.080078125,6566.759765625,5160000
2004-04-05,6682.69921875,6682.72998046875,6684.77001953125,6555.41015625,6627.22998046875,6233600
2004-04-06,6635.50927734375,6635.5400390625,6744.56005859375,6627.009765625,6715.89990234375,6736800
2004-04-07,6646.70947265625,6646.740234375,6657.419921875,6606.830078125,6642.43017578125,4361800
2004-04-08,6672.8291015625,6672.85986328125,6690.4501953125,6647.419921875,6666.72998046875,4764800
2004-04-09,6620.3291015625,6620.35986328125,6662.31005859375,6607.89013671875,6650.31005859375,4827000
2004-04-12,6777.74853515625,6777.77978515625,6801.5,6701.35986328125,6701.35986328125,6735400
2004-04-13,6794.298828125,6794.330078125,6838.85986328125,6766.8701171875,6824.22998046875,7997000
2004-04-14,6880.1484375,6880.18017578125,6880.18017578125,6772.419921875,6772.419921875,7510200
2004-04-15,6736.7587890625,6736.7900390625,6916.31005859375,6736.7900390625,6905.16015625,7625000
2004-04-16,6818.1689453125,6818.2001953125,6840.75,6729.16015625,6750.2900390625,7174600
2004-04-19,6779.14892578125,6779.18017578125,6870.7099609375,6767.169921875,6852.4501953125,6694000
2004-04-20,6799.93896484375,6799.97021484375,6856.97998046875,6790.56982421875,6837.56005859375,6104000
2004-04-21,6810.21875,6810.25,6844.740234375,6792.14990234375,6801.75,5734600
2004-04-22,6732.05859375,6732.08984375,6912.08984375,6678.7001953125,6867.8701171875,7592800
2004-04-23,6748.06884765625,6748.10009765625,6806.97998046875,6694.58984375,6791.35986328125,4996200
2004-04-26,6710.6689453125,6710.7001953125,6775.669921875,6704.580078125,6752.89990234375,4261600
2004-04-27,6646.76904296875,6646.7998046875,6720.14013671875,6582.7099609375,6717.52001953125,4301600
2004-04-28,6574.7197265625,6574.75,6673.0498046875,6556.8701171875,6636.2998046875,4132600
2004-04-29,6402.18017578125,6402.2099609375,6516.02978515625,6354.4501953125,6484.97998046875,5336600
2004-04-30,6117.7822265625,6117.81005859375,6343.02978515625,6023.580078125,6331.43994140625,6353800
2004-05-03,6029.7421875,6029.77001953125,6123.52978515625,5986.85009765625,6102.60009765625,3894000
2004-05-04,6188.12109375,6188.14990234375,6191.83984375,6067.8701171875,6109.5,4275800
2004-05-05,5854.203125,5854.22998046875,6190.89990234375,5854.22998046875,6190.89990234375,5183800
2004-05-06,5909.76318359375,5909.7900390625,5999.740234375,5818.56982421875,5940.85009765625,4855400
2004-05-07,6040.23193359375,6040.259765625,6040.259765625,5889.89013671875,5892.93994140625,4016000
2004-05-10,5825.02294921875,5825.0498046875,5929.72021484375,5803.740234375,5929.72021484375,3065800
2004-05-11,5886.3330078125,5886.35986328125,5890.60009765625,5704.2099609375,5855.72021484375,3973800
2004-05-12,5958.7626953125,5958.7900390625,6026.64013671875,5950.509765625,5970.56005859375,4184200
2004-05-13,5918.0625,5918.08984375,5971.43994140625,5878.60986328125,5928.56982421875,3070800
2004-05-14,5777.2939453125,5777.31982421875,5934.7998046875,5777.31982421875,5930.2998046875,3226800
2004-05-17,5482.93505859375,5482.9599609375,5632.580078125,5450.72021484375,5632.580078125,3596800
2004-05-18,5557.6552734375,5557.68017578125,5613.35009765625,5461.18994140625,5500.64013671875,3510200
2004-05-19,5860.55322265625,5860.580078125,5861.52978515625,5684.52001953125,5690.18017578125,4309800
2004-05-20,5815.3037109375,5815.330078125,5926.27001953125,5727.68017578125,5779.97998046875,5110200
2004-05-21,5964.91259765625,5964.93994140625,5993.27978515625,5805.72021484375,5836.080078125,4995400
2004-05-24,5942.052734375,5942.080078125,6021.5,5873.7998046875,5927.4599609375,4151000
2004-05-25,5958.3525390625,5958.3798828125,6020.5400390625,5917.080078125,5917.080078125,3656400
2004-05-26,6027.2421875,6027.27001953125,6116.4501953125,6026.89990234375,6098.52978515625,4661200
2004-05-27,6033.02197265625,6033.0498046875,6074.580078125,6001.43994140625,6068.9501953125,3223200
2004-05-28,6137.23193359375,6137.259765625,6137.259765625,6035.93017578125,6087.22998046875,3850000
2004-05-31,5977.8125,5977.83984375,6106.18994140625,5977.83984375,6106.18994140625,3370400
2004-06-01,5986.1728515625,5986.2001953125,5999.77001953125,5895.169921875,5991.490234375,3360400
2004-06-02,5875.64306640625,5875.669921875,5945.5400390625,5875.22021484375,5908.009765625,2643000
2004-06-03,5671.4248046875,5671.4501953125,5919.72021484375,5671.4501953125,5906.08984375,3612400
2004-06-04,5724.86474609375,5724.89013671875,5734.47998046875,5630.1201171875,5667.080078125,3223000
2004-06-07,5935.79248046875,5935.81982421875,5938.0400390625,5793.9599609375,5803.009765625,3745200
2004-06-08,5986.73193359375,5986.759765625,6010.5,5937.72998046875,6004.990234375,4528000
2004-06-09,5965.6728515625,5965.7001953125,6010.0498046875,5948.93017578125,5972.1298828125,3163200
2004-06-10,5867.48291015625,5867.509765625,5938.60986328125,5834.0400390625,5915.9599609375,3281400
2004-06-11,5735.0439453125,5735.06982421875,5827.509765625,5728.2001953125,5806.830078125,3355000
2004-06-14,5574.05517578125,5574.080078125,5782.669921875,5560.77978515625,5753.22998046875,3003600
2004-06-15,5646.46484375,5646.490234375,5646.490234375,5514.169921875,5546.27001953125,3034400
2004-06-16,5560.13525390625,5560.16015625,5722.18017578125,5526.60009765625,5722.18017578125,2999600
2004-06-17,5664.32470703125,5664.35009765625,5709.5,5558.2001953125,5558.2001953125,3690800
2004-06-18,5569.26513671875,5569.2900390625,5632.1201171875,5551.10009765625,5628.7998046875,2572400
2004-06-21,5556.51513671875,5556.5400390625,5666.60986328125,5542.35986328125,5666.60986328125,2546800
2004-06-23,5729.2744140625,5729.2998046875,5758.14990234375,5591.7900390625,5591.7900390625,3804000
2004-06-24,5779.06396484375,5779.08984375,5799.81005859375,5720.3798828125,5765.64990234375,3378800
2004-06-25,5802.52392578125,5802.5498046875,5827.97021484375,5753.509765625,5767.3798828125,3436800
2004-06-28,5709.814453125,5709.83984375,5807.259765625,5680.509765625,5806.6201171875,2538800
2004-06-29,5741.494140625,5741.52001953125,5741.52001953125,5652.43994140625,5672.72021484375,2266600
2004-06-30,5839.4130859375,5839.43994140625,5851.169921875,5790.7001953125,5800.89013671875,3451800
2004-07-01,5836.88330078125,5836.91015625,5870.58984375,5810.8798828125,5849.740234375,3253800
2004-07-02,5746.67431640625,5746.7001953125,5775.759765625,5716.77001953125,5738.22021484375,2490600
2004-07-05,5659.75439453125,5659.77978515625,5707.080078125,5627.72021484375,5687.60986328125,2214600
2004-07-06,5733.54443359375,5733.56982421875,5733.56982421875,5656.919921875,5675.31982421875,2021400
2004-07-07,5727.75439453125,5727.77978515625,5745.10009765625,5643.64990234375,5643.64990234375,2338200
2004-07-08,5713.36474609375,5713.39013671875,5780.68017578125,5709.60986328125,5743.81982421875,2567400
2004-07-09,5777.6943359375,5777.72021484375,5779.89013671875,5694.759765625,5736.9501953125,2515600
2004-07-12,5758.71435546875,5758.740234375,5804.919921875,5751.39990234375,5802.35009765625,2947600
2004-07-13,5685.54443359375,5685.56982421875,5720.9501953125,5683.56005859375,5718.18017578125,2600800
2004-07-14,5623.62451171875,5623.64990234375,5698.85986328125,5623.64990234375,5695.2001953125,2476000
2004-07-15,5542.77490234375,5542.7998046875,5611.64013671875,5506.2099609375,5596.06982421875,2938600
2004-07-16,5502.115234375,5502.14013671875,5577.18994140625,5501.93017578125,5501.93017578125,2443200
2004-07-19,5489.0751953125,5489.10009765625,5528.009765625,5433.31005859375,5483.60986328125,2378800
2004-07-20,5325.65625,5325.68017578125,5476.75,5314.60009765625,5453.75,3141000
2004-07-21,5409.10498046875,5409.1298828125,5440.66015625,5361.81982421875,5388.35009765625,3031000
2004-07-22,5387.935546875,5387.9599609375,5395.77978515625,5285.16015625,5301.5400390625,2860800
2004-07-23,5373.82568359375,5373.85009765625,5427.64990234375,5360.2998046875,5372.35009765625,2520000
2004-07-26,5331.68603515625,5331.7099609375,5336.85986328125,5297.259765625,5318.669921875,1788200
2004-07-27,5398.5849609375,5398.60986328125,5429.740234375,5280.419921875,5335.56005859375,2737400
2004-07-28,5383.54541015625,5383.56982421875,5444.7099609375,5375.68994140625,5431.58984375,2305200
2004-07-29,5349.63623046875,5349.66015625,5399.22021484375,5349.66015625,5378.22998046875,1871200
2004-07-30,5420.544921875,5420.56982421875,5450.3798828125,5405.31005859375,5414.7001953125,2532200
2004-08-02,5350.3759765625,5350.39990234375,5404.18994140625,5337.56982421875,5404.18994140625,1948600
2004-08-03,5367.19580078125,5367.22021484375,5396.39990234375,5345.5,5357.56005859375,2110600
2004-08-04,5316.84619140625,5316.8701171875,5345.6298828125,5287.77978515625,5338.419921875,1928000
2004-08-05,5427.5849609375,5427.60986328125,5442.31982421875,5255.06005859375,5334.60986328125,3394800
2004-08-06,5399.13525390625,5399.16015625,5466.2900390625,5372.22998046875,5372.22998046875,3303200
2004-08-09,5399.42529296875,5399.4501953125,5405.7900390625,5323.9599609375,5332.43994140625,1893400
2004-08-10,5393.705078125,5393.72998046875,5433.31982421875,5389.2998046875,5407.830078125,2241600
2004-08-11,5367.3154296875,5367.33984375,5438.43017578125,5353.93994140625,5438.43017578125,2083400
2004-08-12,5367.99560546875,5368.02001953125,5372.759765625,5329.75,5349.52978515625,1616800
2004-08-13,5389.9052734375,5389.93017578125,5408.759765625,5313.7998046875,5332.990234375,2146000
2004-08-16,5351.98583984375,5352.009765625,5380.7099609375,5352.009765625,5380.64013671875,1384800
2004-08-17,5342.46630859375,5342.490234375,5391.35986328125,5341.1201171875,5383.740234375,1712800
2004-08-18,5427.72509765625,5427.75,5427.75,5299.6201171875,5349.240234375,3102600
2004-08-19,5602.96484375,5602.990234375,5605.0400390625,5488.81005859375,5490.68017578125,4412400
2004-08-20,5622.83447265625,5622.85986328125,5670.35009765625,5591.02978515625,5601.35009765625,4116800
2004-08-23,5660.94482421875,5660.97021484375,5674.39990234375,5620.509765625,5651.77001953125,3136800
2004-08-26,5813.36376953125,5813.39013671875,5831.240234375,5743.39013671875,5743.39013671875,5314800
2004-08-27,5797.68408203125,5797.7099609375,5837.60986328125,5785.43017578125,5811.2001953125,3774200
2004-08-30,5788.9140625,5788.93994140625,5819.33984375,5771.02978515625,5791.8701171875,3096400
2004-08-31,5765.51416015625,5765.5400390625,5864.56982421875,5745.330078125,5757.740234375,4501600
2004-09-01,5858.11328125,5858.14013671875,5865.60986328125,5799.81982421875,5799.81982421875,4156000
2004-09-02,5852.8232421875,5852.85009765625,5871.60009765625,5817.7900390625,5870.31982421875,4283400
2004-09-03,5761.1142578125,5761.14013671875,5880.2099609375,5758.77001953125,5859.77978515625,5011400
2004-09-06,5775.96435546875,5775.990234375,5784.7900390625,5712.9501953125,5747.33984375,3330400
2004-09-07,5846.80322265625,5846.830078125,5846.830078125,5786.18994140625,5786.18994140625,3721200
2004-09-08,5845.9931640625,5846.02001953125,5887.490234375,5835.330078125,5866.31982421875,4918200
2004-09-09,5842.9033203125,5842.93017578125,5859.7900390625,5817.419921875,5853.8798828125,3596600
2004-09-10,5846.1630859375,5846.18994140625,5898.7998046875,5831.8701171875,5876.91015625,3852800
2004-09-13,5928.19287109375,5928.22021484375,5942.16015625,5888.9501953125,5917.60986328125,4379200
2004-09-14,5919.74267578125,5919.77001953125,5970.2900390625,5915.240234375,5956.16015625,4730800
2004-09-15,5871.04296875,5871.06982421875,5929.7900390625,5861.4501953125,5910.759765625,3130200
2004-09-16,5891.02294921875,5891.0498046875,5895.06005859375,5826.3798828125,5826.3798828125,3219400
2004-09-17,5818.36376953125,5818.39013671875,5901.7900390625,5814.39990234375,5901.7900390625,3456800
2004-09-20,5864.51318359375,5864.5400390625,5892.35986328125,5814.14990234375,5846.740234375,3902200
2004-09-21,5949.232421875,5949.259765625,5949.259765625,5894.52001953125,5901.97021484375,4439800
2004-09-22,5970.15283203125,5970.18017578125,5970.18017578125,5929.240234375,5961.91015625,3871000
2004-09-23,5937.22265625,5937.25,5938.47998046875,5907.2001953125,5921.68017578125,3123200
2004-09-24,5892.18310546875,5892.2099609375,5943.8701171875,5882.8798828125,5943.8701171875,3484200
2004-09-27,5849.193359375,5849.22021484375,5884.25,5832.3701171875,5872.02001953125,2714800
2004-09-29,5809.7236328125,5809.75,5877.080078125,5809.75,5843.7001953125,3585000
2004-09-30,5845.6630859375,5845.68994140625,5899.5400390625,5827.3798828125,5864.0498046875,3395600
2004-10-01,5945.32275390625,5945.35009765625,5945.35009765625,5857.5400390625,5869.419921875,4421400
2004-10-04,6077.93212890625,6077.9599609375,6084.31005859375,6012.919921875,6020.68017578125,6513600
2004-10-05,6080.98193359375,6081.009765625,6111.22998046875,6063.009765625,6088.0498046875,4486400
2004-10-06,6060.58203125,6060.60986328125,6135.5498046875,6060.60986328125,6093.22021484375,6450400
2004-10-07,6102.97216796875,6103.0,6133.9599609375,6066.18994140625,6116.10009765625,4582800
2004-10-08,6102.13232421875,6102.16015625,6115.93017578125,6073.41015625,6083.009765625,4336600
2004-10-11,6089.251953125,6089.27978515625,6096.27978515625,6041.31005859375,6079.25,4111600
2004-10-12,5979.53271484375,5979.56005859375,6077.97021484375,5979.56005859375,6073.47021484375,4706000
2004-10-13,5963.04248046875,5963.06982421875,6005.990234375,5957.47021484375,5993.93994140625,3479200
2004-10-14,5831.04296875,5831.06982421875,5924.43994140625,5823.580078125,5924.43994140625,3807000
2004-10-15,5820.79296875,5820.81982421875,5863.91015625,5782.02001953125,5817.81005859375,3454200
2004-10-18,5772.09423828125,5772.1201171875,5857.5400390625,5772.1201171875,5848.14990234375,2323200
2004-10-19,5807.763671875,5807.7900390625,5824.14013671875,5765.31982421875,5815.91015625,2889600
2004-10-20,5788.31396484375,5788.33984375,5808.91015625,5760.41015625,5790.240234375,2542400
2004-10-21,5797.21435546875,5797.240234375,5849.18017578125,5756.259765625,5765.25,3759200
2004-10-22,5774.64404296875,5774.669921875,5837.72998046875,5768.1201171875,5833.6298828125,2910800
2004-10-26,5662.8544921875,5662.8798828125,5715.490234375,5655.97998046875,5715.490234375,2673400
2004-10-27,5650.94482421875,5650.97021484375,5676.93994140625,5597.7998046875,5663.759765625,2631800
2004-10-28,5695.53466796875,5695.56005859375,5735.240234375,5690.02978515625,5723.66015625,3311200
2004-10-29,5705.90478515625,5705.93017578125,5717.7001953125,5673.06982421875,5693.10986328125,2947000
2004-11-01,5656.14453125,5656.169921875,5732.7001953125,5628.25,5725.64990234375,2416400
2004-11-02,5759.583984375,5759.60986328125,5759.60986328125,5648.2900390625,5670.77001953125,2564800
2004-11-03,5862.8232421875,5862.85009765625,5862.85009765625,5744.419921875,5761.47998046875,3496400
2004-11-04,5860.703125,5860.72998046875,5890.9501953125,5831.5498046875,5864.1201171875,3136600
2004-11-05,5931.28271484375,5931.31005859375,5959.8798828125,5896.06982421875,5936.31005859375,4261400
2004-11-08,5937.4326171875,5937.4599609375,5942.85986328125,5894.97998046875,5937.16015625,2931600
2004-11-09,5945.1728515625,5945.2001953125,5947.509765625,5900.02978515625,5944.60009765625,2406600
2004-11-10,5948.462890625,5948.490234375,5957.580078125,5899.25,5948.3798828125,3005600
2004-11-11,5874.4931640625,5874.52001953125,5931.3701171875,5873.27978515625,5919.77001953125,2241000
2004-11-12,5917.1328125,5917.16015625,5952.4501953125,5894.39013671875,5901.7900390625,3198400
2004-11-15,5906.6630859375,5906.68994140625,5974.35009765625,5906.14990234375,5961.080078125,2836400
2004-11-16,5910.8232421875,5910.85009765625,5937.6201171875,5894.97998046875,5917.419921875,2528200
2004-11-17,6028.65234375,6028.68017578125,6028.68017578125,5904.60986328125,5916.1201171875,4473800
2004-11-18,6049.46240234375,6049.490234375,6088.1201171875,6035.35986328125,6063.56005859375,4276000
2004-11-19,6026.52197265625,6026.5498046875,6065.68017578125,6018.18994140625,6053.2001953125,3279000
2004-11-22,5838.39306640625,5838.419921875,5970.330078125,5838.419921875,5962.31982421875,2997600
2004-11-23,5851.0732421875,5851.10009765625,5872.8798828125,5790.27001953125,5856.7099609375,2595400
2004-11-24,5911.283203125,5911.31005859375,5918.7001953125,5862.990234375,5868.72998046875,3040800
2004-11-25,5855.21337890625,5855.240234375,5925.080078125,5855.240234375,5925.080078125,2627000
2004-11-26,5778.6240234375,5778.64990234375,5935.2001953125,5778.64990234375,5883.58984375,3897800
2004-11-29,5785.23388671875,5785.259765625,5812.169921875,5756.41015625,5797.9501953125,2758000
2004-11-30,5844.73291015625,5844.759765625,5844.759765625,5722.18017578125,5770.81005859375,3074200
2004-12-01,5798.59423828125,5798.6201171875,5815.8701171875,5745.0498046875,5778.06005859375,2559600
2004-12-02,5867.92333984375,5867.9501953125,5867.9501953125,5826.509765625,5861.52001953125,3138800
2004-12-03,5893.2431640625,5893.27001953125,5893.27001953125,5850.89013671875,5869.509765625,2654200
2004-12-06,5919.142578125,5919.169921875,5922.7998046875,5857.64013671875,5864.4501953125,2679000
2004-12-07,5925.25244140625,5925.27978515625,5927.68017578125,5885.7998046875,5907.8701171875,2394000
2004-12-08,5892.48291015625,5892.509765625,5908.919921875,5879.8798828125,5908.919921875,2429200
2004-12-09,5913.943359375,5913.97021484375,5923.5400390625,5886.7900390625,5894.66015625,2891000
2004-12-10,5911.60302734375,5911.6298828125,5911.6298828125,5869.06982421875,5906.259765625,2654600
2004-12-13,5878.86328125,5878.89013671875,5978.9599609375,5818.27978515625,5901.4501953125,4099400
2004-12-14,5909.623046875,5909.64990234375,5909.64990234375,5873.39990234375,5908.1298828125,2326200
2004-12-15,6002.55224609375,6002.580078125,6011.1201171875,5912.9501953125,5930.85009765625,4807000
2004-12-16,6019.2021484375,6019.22998046875,6025.4599609375,5990.58984375,6007.0,3941000
2004-12-17,6009.2919921875,6009.31982421875,6028.75,6002.39013671875,6019.7998046875,3083600
2004-12-20,5985.91259765625,5985.93994140625,5985.93994140625,5910.0400390625,5913.27001953125,2786200
2004-12-21,5987.822265625,5987.85009765625,6000.77001953125,5975.72998046875,5981.97021484375,2649600
2004-12-22,6001.4921875,6001.52001953125,6043.77001953125,6001.52001953125,6008.669921875,3496600
2004-12-23,5997.64208984375,5997.669921875,6011.43017578125,5966.10009765625,6002.7998046875,2258800
2004-12-24,6019.39208984375,6019.419921875,6037.7099609375,5989.72998046875,5989.77001953125,2527000
2004-12-27,5985.91259765625,5985.93994140625,6018.02001953125,5973.169921875,6018.02001953125,2457200
2004-12-28,6000.5419921875,6000.56982421875,6020.58984375,5980.1298828125,5980.1298828125,2141600
2004-12-29,6088.46240234375,6088.490234375,6102.89013671875,6038.14013671875,6038.14013671875,4346800
2004-12-30,6100.83203125,6100.85986328125,6117.66015625,6087.31982421875,6109.97998046875,3516200
2004-12-31,6139.662109375,6139.68994140625,6160.9599609375,6077.509765625,6118.6298828125,4251200
2005-01-03,6143.09228515625,6143.1201171875,6183.14990234375,6129.27978515625,6166.39013671875,4212000
2005-01-04,6060.43212890625,6060.4599609375,6129.3798828125,6053.18017578125,6117.8701171875,3213200
2005-01-05,5988.34228515625,5988.3701171875,6030.18994140625,5988.3701171875,5999.47021484375,2850000
2005-01-06,5982.0927734375,5982.1201171875,6002.52001953125,5971.580078125,5988.72021484375,2381000
2005-01-07,5935.962890625,5935.990234375,6007.33984375,5934.830078125,5990.77978515625,2991000
2005-01-10,5942.82275390625,5942.85009765625,5962.64013671875,5929.10986328125,5950.1201171875,2406400
2005-01-11,5975.6328125,5975.66015625,5993.39013671875,5942.14013671875,5948.06982421875,2509600
2005-01-12,5879.05322265625,5879.080078125,5978.41015625,5878.39013671875,5957.89990234375,2901000
2005-01-13,5853.9130859375,5853.93994140625,5922.259765625,5828.08984375,5899.759765625,3119800
2005-01-14,5889.4931640625,5889.52001953125,5895.35009765625,5813.14990234375,5831.7001953125,3104200
2005-01-17,5945.24267578125,5945.27001953125,5969.02978515625,5940.06005859375,5955.6201171875,3187800
2005-01-18,5933.54248046875,5933.56982421875,5964.080078125,5926.7998046875,5964.080078125,2337600
2005-01-19,5895.3232421875,5895.35009765625,5961.77978515625,5895.35009765625,5952.58984375,2667200
2005-01-20,5888.0732421875,5888.10009765625,5918.330078125,5835.68017578125,5835.68017578125,3150000
2005-01-21,5848.88330078125,5848.91015625,5898.85986328125,5846.9501953125,5877.31005859375,2485600
2005-01-24,5771.4541015625,5771.47998046875,5862.6201171875,5763.83984375,5859.89013671875,2611600
2005-01-25,5782.72412109375,5782.75,5796.85009765625,5734.8701171875,5759.2099609375,2587400
2005-01-26,5835.34326171875,5835.3701171875,5847.41015625,5810.14013671875,5815.47998046875,2345600
2005-01-27,5842.73291015625,5842.759765625,5859.7001953125,5820.72021484375,5849.22998046875,2340400
2005-01-28,5879.9033203125,5879.93017578125,5902.72021484375,5836.47021484375,5845.58984375,3053000
2005-01-31,5994.2021484375,5994.22998046875,6002.3701171875,5900.3701171875,5905.2998046875,4459200
2005-02-01,5981.5126953125,5981.5400390625,6015.77978515625,5979.919921875,6015.77978515625,3192200
2005-02-02,6018.662109375,6018.68994140625,6064.66015625,6010.759765625,6016.330078125,4000600
2005-02-03,6034.572265625,6034.60009765625,6044.43017578125,6006.22998046875,6028.93994140625,3194800
2005-02-14,6112.3720703125,6112.39990234375,6148.9501953125,6089.43994140625,6130.31982421875,3814400
2005-02-15,6122.3623046875,6122.39013671875,6142.43994140625,6106.5,6121.97021484375,3044800
2005-02-16,6143.46240234375,6143.490234375,6158.7998046875,6086.2998046875,6134.52978515625,3705600
2005-02-17,6072.13232421875,6072.16015625,6139.64990234375,6072.16015625,6118.6201171875,3709200
2005-02-18,6115.40234375,6115.43017578125,6128.64013671875,6062.9599609375,6072.4501953125,3656200
2005-02-21,6142.751953125,6142.77978515625,6172.27001953125,6133.10986328125,6145.56005859375,4384400
2005-02-22,6107.14208984375,6107.169921875,6161.0,6106.18994140625,6155.5400390625,3149000
2005-02-23,6121.4921875,6121.52001953125,6128.7001953125,6048.6298828125,6082.33984375,3264600
2005-02-24,6128.31201171875,6128.33984375,6171.56005859375,6109.89990234375,6123.58984375,4080200
2005-02-25,6207.80126953125,6207.830078125,6233.52978515625,6192.3798828125,6195.240234375,5020600
2005-03-01,6259.66064453125,6259.68994140625,6260.31982421875,6207.77978515625,6227.419921875,4353800
2005-03-02,6225.22119140625,6225.25,6267.52001953125,6219.93017578125,6267.52001953125,3543000
2005-03-03,6202.35107421875,6202.3798828125,6219.7099609375,6164.14990234375,6219.7099609375,3528000
2005-03-04,6193.59130859375,6193.6201171875,6219.06982421875,6178.259765625,6191.419921875,3450400
2005-03-07,6220.4912109375,6220.52001953125,6257.5400390625,6220.52001953125,6224.43994140625,3749800
2005-03-08,6173.31103515625,6173.33984375,6255.68017578125,6156.97998046875,6250.580078125,4069600
2005-03-09,6213.2509765625,6213.27978515625,6227.1298828125,6163.56005859375,6163.56005859375,3574400
2005-03-10,6192.5009765625,6192.52978515625,6215.47021484375,6168.759765625,6207.85986328125,4047000
2005-03-11,6204.201171875,6204.22998046875,6238.43017578125,6194.14013671875,6225.75,3449800
2005-03-14,6155.48095703125,6155.509765625,6193.31982421875,6151.7998046875,6181.830078125,3259400
2005-03-15,6063.4521484375,6063.47998046875,6169.52001953125,6028.169921875,6155.490234375,3731200
2005-03-16,6072.33203125,6072.35986328125,6093.41015625,6048.39990234375,6052.2998046875,2705600
2005-03-17,6032.4423828125,6032.47021484375,6054.7099609375,6002.10009765625,6021.7998046875,2655600
2005-03-18,6043.92236328125,6043.9501953125,6054.75,6018.6298828125,6039.22998046875,2359800
2005-03-21,6058.93212890625,6058.9599609375,6077.93994140625,6051.52978515625,6056.10009765625,2634600
2005-03-22,6018.76220703125,6018.7900390625,6057.89990234375,5998.77978515625,6057.89990234375,2869400
2005-03-23,6019.46240234375,6019.490234375,6023.759765625,5970.2001953125,6005.35986328125,2733200
2005-03-24,6000.97216796875,6001.0,6054.64990234375,6001.0,6029.740234375,2908000
2005-03-25,6065.88232421875,6065.91015625,6065.91015625,6016.47998046875,6018.7900390625,2536400
2005-03-28,6048.71240234375,6048.740234375,6093.18994140625,6048.740234375,6091.830078125,2326800
2005-03-29,5961.212890625,5961.240234375,6035.77001953125,5961.240234375,6035.77001953125,2672800
2005-03-30,5957.95263671875,5957.97998046875,5980.5,5940.18017578125,5940.18017578125,2554800
2005-03-31,6005.85205078125,6005.8798828125,6017.0400390625,5995.27001953125,6005.8701171875,2884200
2005-04-01,6028.72216796875,6028.75,6028.990234375,5959.27978515625,6010.7099609375,2898200
2005-04-04,6019.90234375,6019.93017578125,6048.3701171875,6006.2998046875,6013.7001953125,2940200
2005-04-06,6013.46240234375,6013.490234375,6046.16015625,6006.81005859375,6025.2900390625,2671200
2005-04-07,5971.732421875,5971.759765625,6043.10009765625,5971.759765625,6032.009765625,3350600
2005-04-08,6024.0419921875,6024.06982421875,6028.5498046875,5997.2900390625,6002.35009765625,2547200
2005-04-11,5979.392578125,5979.419921875,6021.330078125,5969.39990234375,6021.330078125,2204800
2005-04-12,5993.8623046875,5993.89013671875,5995.93017578125,5955.240234375,5974.7099609375,1961000
2005-04-13,5998.05224609375,5998.080078125,6008.60009765625,5990.2001953125,6004.490234375,2184800
2005-04-14,5976.65283203125,5976.68017578125,5994.990234375,5964.330078125,5966.83984375,2465800
2005-04-15,5888.34326171875,5888.3701171875,5946.2001953125,5875.669921875,5946.2001953125,3225600
2005-04-18,5715.134765625,5715.16015625,5809.759765625,5679.35009765625,5809.759765625,3243200
2005-04-19,5748.32421875,5748.35009765625,5773.31982421875,5726.9599609375,5736.97021484375,2540200
2005-04-20,5692.984375,5693.009765625,5799.85009765625,5683.0,5799.85009765625,2779200
2005-04-21,5721.96484375,5721.990234375,5725.47998046875,5565.41015625,5565.41015625,2931800
2005-04-22,5747.06396484375,5747.08984375,5799.72998046875,5741.490234375,5777.490234375,2737600
2005-04-25,5758.2841796875,5758.31005859375,5771.3798828125,5727.419921875,5753.240234375,1916000
2005-04-26,5805.2236328125,5805.25,5815.14013671875,5755.8798828125,5773.77001953125,2363200
2005-04-27,5778.244140625,5778.27001953125,5817.919921875,5777.41015625,5806.68994140625,2004200
2005-04-28,5842.2431640625,5842.27001953125,5842.27001953125,5755.080078125,5775.25,2198200
2005-04-29,5818.04345703125,5818.06982421875,5818.06982421875,5780.97021484375,5810.33984375,2167400
2005-05-03,5818.19384765625,5818.22021484375,5865.89990234375,5818.22021484375,5845.14013671875,2478000
2005-05-04,5803.65380859375,5803.68017578125,5831.02001953125,5793.25,5827.740234375,2248600
2005-05-05,5927.47265625,5927.5,5957.8701171875,5851.5,5851.5,3738600
2005-05-06,5967.9326171875,5967.9599609375,5974.85986328125,5917.02001953125,5932.0400390625,3067600
2005-05-09,5966.82275390625,5966.85009765625,5973.60009765625,5950.6298828125,5957.919921875,2567800
2005-05-10,5949.7724609375,5949.7998046875,5976.830078125,5939.47998046875,5973.3701171875,2560800
2005-05-11,5917.1025390625,5917.1298828125,5925.02001953125,5900.72021484375,5900.72021484375,2147200
2005-05-12,5934.57275390625,5934.60009765625,5934.60009765625,5906.3701171875,5917.990234375,2219200
2005-05-13,5981.45263671875,5981.47998046875,6001.18994140625,5925.669921875,5931.52978515625,3003200
2005-05-16,5925.8525390625,5925.8798828125,5997.77001953125,5925.8798828125,5992.31005859375,2757800
2005-05-17,5893.98291015625,5894.009765625,5943.919921875,5879.18994140625,5939.31005859375,2339000
2005-05-18,5890.80322265625,5890.830078125,5921.169921875,5889.47021484375,5901.080078125,2193000
2005-05-19,5970.6826171875,5970.7099609375,5997.759765625,5958.33984375,5963.89990234375,2751600
2005-05-20,5954.66259765625,5954.68994140625,5996.10986328125,5954.68994140625,5987.10009765625,2434400
2005-05-23,5885.42333984375,5885.4501953125,5953.27978515625,5884.06005859375,5953.27978515625,1900400
2005-05-24,5909.0732421875,5909.10009765625,5925.8798828125,5888.85009765625,5888.85009765625,2149200
2005-05-25,5888.5029296875,5888.52978515625,5956.64013671875,5879.080078125,5921.58984375,2630800
2005-05-26,5939.392578125,5939.419921875,5939.419921875,5883.18017578125,5903.009765625,2243400
2005-05-27,5991.52197265625,5991.5498046875,5998.77978515625,5966.41015625,5966.41015625,3077400
2005-05-30,6009.4921875,6009.52001953125,6009.52001953125,5971.97021484375,5996.89013671875,2670600
2005-05-31,6011.5322265625,6011.56005859375,6026.52978515625,5981.240234375,5998.89990234375,3229600
2005-06-01,5971.5927734375,5971.6201171875,6023.33984375,5962.8798828125,6002.5498046875,3569000
2005-06-02,6039.4521484375,6039.47998046875,6065.22998046875,6008.89990234375,6008.89990234375,4116400
2005-06-03,6107.92236328125,6107.9501953125,6113.490234375,6051.27001953125,6062.77978515625,4957200
2005-06-06,6137.5419921875,6137.56982421875,6140.740234375,6086.41015625,6109.2998046875,4139200
2005-06-07,6105.76220703125,6105.7900390625,6146.93994140625,6096.83984375,6144.25,3953800
2005-06-08,6161.63134765625,6161.66015625,6170.47021484375,6121.2099609375,6121.33984375,3659200
2005-06-09,6145.89111328125,6145.919921875,6188.58984375,6144.27001953125,6172.3701171875,4624400
2005-06-10,6192.3212890625,6192.35009765625,6198.2998046875,6158.1298828125,6188.10009765625,3877600
2005-06-13,6231.02099609375,6231.0498046875,6236.14990234375,6167.77978515625,6194.89990234375,3403800
2005-06-14,6205.73095703125,6205.759765625,6266.25,6205.759765625,6244.56005859375,3768600
2005-06-15,6252.07080078125,6252.10009765625,6252.10009765625,6215.72998046875,6219.7998046875,3383200
2005-06-16,6282.380859375,6282.41015625,6298.35009765625,6249.0,6298.35009765625,3643000
2005-06-17,6293.53076171875,6293.56005859375,6357.39013671875,6293.22998046875,6304.240234375,4754400
2005-06-20,6296.86083984375,6296.89013671875,6315.2900390625,6272.97021484375,6311.669921875,3003800
2005-06-21,6278.4306640625,6278.4599609375,6304.8798828125,6265.68994140625,6304.330078125,3397400
2005-06-22,6357.80029296875,6357.830078125,6381.22998046875,6291.91015625,6291.91015625,4315600
2005-06-23,6373.830078125,6373.85986328125,6401.81005859375,6369.2099609375,6382.60009765625,4360000
2005-06-24,6340.66015625,6340.68994140625,6363.8798828125,6324.22021484375,6350.740234375,3248600
2005-06-27,6302.9609375,6302.990234375,6342.4501953125,6279.39013671875,6307.60986328125,3169400
2005-06-28,6316.810546875,6316.83984375,6323.10009765625,6294.18017578125,6303.66015625,2907600
2005-06-29,6231.62109375,6231.64990234375,6375.68017578125,6231.64990234375,6370.14013671875,3902800
2005-06-30,6241.9111328125,6241.93994140625,6280.52978515625,6240.83984375,6278.75,2752600
2005-07-01,6272.11083984375,6272.14013671875,6275.47998046875,6195.169921875,6240.080078125,2739000
2005-07-04,6271.1708984375,6271.2001953125,6288.9599609375,6257.89990234375,6269.6298828125,2599200
2005-07-05,6232.01123046875,6232.0400390625,6279.2001953125,6232.0400390625,6269.77978515625,2839600
2005-07-06,6222.02099609375,6222.0498046875,6256.89990234375,6221.02978515625,6249.2900390625,3558600
2005-07-07,6212.5712890625,6212.60009765625,6221.58984375,6180.580078125,6219.4599609375,3135600
2005-07-08,6201.37109375,6201.39990234375,6230.509765625,6186.7900390625,6199.7900390625,2969200
2005-07-11,6298.83056640625,6298.85986328125,6305.60986328125,6249.41015625,6255.39990234375,3622000
2005-07-12,6358.7802734375,6358.81005859375,6365.759765625,6337.5,6337.5,4042400
2005-07-13,6377.06005859375,6377.08984375,6406.990234375,6352.2099609375,6360.60009765625,4290600
2005-07-14,6418.3203125,6418.35009765625,6427.31982421875,6375.75,6403.080078125,4243600
2005-07-15,6410.56005859375,6410.58984375,6454.330078125,6410.58984375,6428.43994140625,4524800
2005-07-19,6416.31005859375,6416.33984375,6432.580078125,6387.85986328125,6403.7099609375,3736400
2005-07-20,6423.7802734375,6423.81005859375,6480.97021484375,6415.77978515625,6438.22021484375,5118600
2005-07-21,6394.0,6394.02978515625,6478.64013671875,6344.83984375,6344.83984375,4379000
2005-07-22,6380.7001953125,6380.72998046875,6415.43017578125,6365.3798828125,6412.8701171875,3899000
2005-07-25,6420.42041015625,6420.4501953125,6434.4501953125,6400.10986328125,6406.4501953125,3729800
2005-07-26,6366.13037109375,6366.16015625,6439.97998046875,6366.16015625,6416.22021484375,4096600
2005-07-27,6327.220703125,6327.25,6376.0498046875,6305.93017578125,6364.009765625,3693600
2005-07-28,6375.6103515625,6375.64013671875,6375.64013671875,6326.0,6347.89013671875,4157600
2005-07-29,6311.95068359375,6311.97998046875,6420.64013671875,6310.6298828125,6409.56005859375,4865200
2005-08-01,6307.90087890625,6307.93017578125,6327.830078125,6290.93017578125,6320.669921875,3090200
2005-08-02,6343.51025390625,6343.5400390625,6360.43017578125,6296.77978515625,6344.39990234375,3479000
2005-08-03,6455.5400390625,6455.56982421875,6455.56982421875,6379.509765625,6391.68017578125,4033800
2005-08-04,6445.97998046875,6446.009765625,6481.6201171875,6439.89013671875,6481.6201171875,3893000
2005-08-08,6380.0,6380.02978515625,6408.0498046875,6375.89013671875,6400.0400390625,3062400
2005-08-09,6379.97021484375,6380.0,6397.3701171875,6361.18994140625,6374.60009765625,3092800
2005-08-10,6356.81005859375,6356.83984375,6430.1298828125,6356.83984375,6408.85986328125,3416000
2005-08-11,6353.68017578125,6353.7099609375,6380.39013671875,6326.3701171875,6362.6201171875,3110800
2005-08-12,6350.8701171875,6350.89990234375,6398.72021484375,6350.89990234375,6389.27001953125,3607000
2005-08-15,6245.10107421875,6245.1298828125,6344.8798828125,6238.02001953125,6344.8798828125,3014200
2005-08-16,6242.37109375,6242.39990234375,6266.330078125,6207.580078125,6262.8701171875,2770600
2005-08-17,6241.89111328125,6241.919921875,6256.10986328125,6213.58984375,6216.080078125,2659400
2005-08-18,6205.06103515625,6205.08984375,6260.27978515625,6204.419921875,6252.31982421875,3140200
2005-08-19,6158.9111328125,6158.93994140625,6190.330078125,6138.6201171875,6190.330078125,2560400
2005-08-22,6206.62109375,6206.64990234375,6207.9501953125,6181.509765625,6194.89013671875,2288400
2005-08-23,6195.1513671875,6195.18017578125,6234.31005859375,6195.18017578125,6211.14990234375,2654600
2005-08-24,6127.21240234375,6127.240234375,6174.7900390625,6126.97021484375,6174.25,2879000
2005-08-25,6109.63232421875,6109.66015625,6153.6201171875,6097.22998046875,6103.4599609375,3113400
2005-08-26,6136.52197265625,6136.5498046875,6148.9501953125,6107.0,6130.830078125,2661800
2005-08-29,6049.412109375,6049.43994140625,6130.7900390625,6031.2001953125,6117.27001953125,2578200
2005-08-30,6032.09228515625,6032.1201171875,6087.85986328125,6021.97021484375,6087.85986328125,2676600
2005-08-31,6033.4423828125,6033.47021484375,6078.169921875,5976.39990234375,6041.85986328125,2955000
2005-09-02,6116.02197265625,6116.0498046875,6116.0498046875,6075.35009765625,6081.7099609375,2964000
2005-09-05,6098.751953125,6098.77978515625,6131.9501953125,6094.0,6131.9501953125,2384200
2005-09-06,6140.1123046875,6140.14013671875,6145.2998046875,6123.83984375,6141.27978515625,2365800
2005-09-07,6141.1123046875,6141.14013671875,6168.509765625,6130.56005859375,6168.509765625,2522800
2005-09-08,6149.85107421875,6149.8798828125,6170.0,6140.33984375,6157.47021484375,2575200
2005-09-09,6119.0322265625,6119.06005859375,6167.89990234375,6108.39990234375,6161.7998046875,2400000
2005-09-12,6164.951171875,6164.97998046875,6166.10986328125,6130.990234375,6155.3798828125,2486200
2005-09-13,6169.05126953125,6169.080078125,6186.1201171875,6156.1201171875,6170.3701171875,2617600
2005-09-14,6148.67138671875,6148.7001953125,6172.89013671875,6132.990234375,6159.97021484375,2165600
2005-09-15,6082.5322265625,6082.56005859375,6139.990234375,6079.56982421875,6132.4501953125,2663600
2005-09-16,6031.21240234375,6031.240234375,6086.8798828125,6015.56005859375,6080.18994140625,2717800
2005-09-19,6035.56201171875,6035.58984375,6050.39990234375,6023.080078125,6044.16015625,2058000
2005-09-20,6105.322265625,6105.35009765625,6115.5400390625,5994.4599609375,6015.97998046875,3146200
2005-09-21,6067.31201171875,6067.33984375,6121.6201171875,6066.3701171875,6099.1298828125,2645800
2005-09-22,5972.03271484375,5972.06005859375,6039.85009765625,5966.16015625,6017.25,2942000
2005-09-23,5925.5126953125,5925.5400390625,5973.72021484375,5899.58984375,5957.7900390625,2593000
2005-09-26,5930.1728515625,5930.2001953125,5975.97998046875,5894.990234375,5967.68994140625,2349200
2005-09-27,5945.0224609375,5945.0498046875,5966.97021484375,5905.43994140625,5929.8701171875,2370000
2005-09-28,5931.3525390625,5931.3798828125,5961.2099609375,5912.8798828125,5943.1201171875,2538400
2005-09-29,6009.96240234375,6009.990234375,6009.990234375,5931.02001953125,5932.7900390625,3147000
2005-09-30,6118.58203125,6118.60986328125,6118.60986328125,6047.2001953125,6053.58984375,3646800
2005-10-03,6123.89208984375,6123.919921875,6139.22021484375,6090.77978515625,6128.97021484375,2977400
2005-10-04,6142.09228515625,6142.1201171875,6158.68017578125,6114.02001953125,6141.740234375,3233400
2005-10-05,6134.98193359375,6135.009765625,6171.8701171875,6125.10986328125,6136.66015625,3337200
2005-10-06,6095.7822265625,6095.81005859375,6105.0498046875,6075.669921875,6094.18017578125,2866000
2005-10-07,6081.81201171875,6081.83984375,6112.830078125,6076.14990234375,6090.990234375,2623000
2005-10-11,6066.56201171875,6066.58984375,6112.68017578125,6065.56982421875,6097.8798828125,2294000
2005-10-12,5987.3720703125,5987.39990234375,6045.72998046875,5987.39990234375,6042.14990234375,3132200
2005-10-13,5960.08251953125,5960.10986328125,5974.02978515625,5928.85986328125,5970.10009765625,2780600
2005-10-14,5969.04248046875,5969.06982421875,6006.9599609375,5967.7099609375,5987.0498046875,2777800
2005-10-17,5826.2431640625,5826.27001953125,5991.35009765625,5826.27001953125,5990.22998046875,3029200
2005-10-18,5830.76318359375,5830.7900390625,5865.240234375,5805.7001953125,5853.27978515625,2582000
2005-10-19,5694.134765625,5694.16015625,5788.830078125,5692.27978515625,5788.830078125,3237600
2005-10-20,5747.97412109375,5748.0,5763.72021484375,5647.919921875,5719.02978515625,3730600
2005-10-21,5738.73388671875,5738.759765625,5761.16015625,5678.6201171875,5678.6201171875,2845400
2005-10-24,5717.25439453125,5717.27978515625,5766.35009765625,5713.6298828125,5761.330078125,2615200
2005-10-25,5721.28466796875,5721.31005859375,5803.669921875,5721.31005859375,5796.81005859375,2710600
2005-10-26,5700.69482421875,5700.72021484375,5739.93994140625,5672.89013671875,5731.8701171875,2877600
2005-10-27,5661.15478515625,5661.18017578125,5717.0498046875,5632.22998046875,5663.240234375,2890800
2005-10-28,5632.94482421875,5632.97021484375,5690.97998046875,5618.89990234375,5646.7998046875,2940800
2005-10-31,5764.27392578125,5764.2998046875,5774.60986328125,5681.2001953125,5692.81982421875,3130400
2005-11-01,5798.38427734375,5798.41015625,5829.81982421875,5786.64013671875,5803.25,3006600
2005-11-02,5870.34326171875,5870.3701171875,5870.3701171875,5816.89990234375,5832.33984375,2813200
2005-11-03,5857.98291015625,5858.009765625,5908.68994140625,5855.1298828125,5907.22021484375,2776400
2005-11-04,5911.71337890625,5911.740234375,5930.240234375,5888.39990234375,5907.27001953125,3129600
2005-11-07,5860.36328125,5860.39013671875,5905.35986328125,5842.3701171875,5905.35986328125,2443600
2005-11-08,5849.60302734375,5849.6298828125,5867.06982421875,5836.240234375,5865.91015625,2513600
2005-11-09,5971.03271484375,5971.06005859375,5971.06005859375,5843.39013671875,5843.97021484375,3401200
2005-11-10,5988.34228515625,5988.3701171875,6021.3798828125,5971.89013671875,5987.27978515625,3637000
2005-11-11,6075.23193359375,6075.259765625,6075.259765625,6019.06005859375,6050.8701171875,3559800
2005-11-14,6083.59228515625,6083.6201171875,6090.8701171875,6061.22021484375,6066.240234375,2689400
2005-11-15,6030.71240234375,6030.740234375,6073.43994140625,6003.47998046875,6072.47998046875,2717400
2005-11-16,6046.17236328125,6046.2001953125,6079.2998046875,6002.18017578125,6021.60986328125,2978600
2005-11-17,6020.912109375,6020.93994140625,6063.08984375,5994.91015625,6063.08984375,2750800
2005-11-18,6106.71240234375,6106.740234375,6121.60009765625,6077.97998046875,6084.06982421875,3979000
2005-11-21,6103.39208984375,6103.419921875,6138.39990234375,6093.43994140625,6130.7998046875,2959800
2005-11-22,6059.162109375,6059.18994140625,6094.68017578125,6050.240234375,6091.77001953125,2584800
2005-11-23,6123.4921875,6123.52001953125,6123.52001953125,6074.330078125,6095.18017578125,2941000
2005-11-24,6111.8623046875,6111.89013671875,6143.8701171875,6104.10986328125,6122.97021484375,3196200
2005-11-25,6128.17236328125,6128.2001953125,6145.009765625,6122.169921875,6133.7001953125,3074400
2005-11-28,6203.81103515625,6203.83984375,6212.35009765625,6156.2900390625,6167.080078125,3805400
2005-11-29,6139.48193359375,6139.509765625,6207.0498046875,6139.509765625,6192.93994140625,3593000
2005-11-30,6203.44140625,6203.47021484375,6206.4501953125,6171.3798828125,6172.9599609375,3752200
2005-12-01,6179.791015625,6179.81982421875,6202.91015625,6162.85986328125,6196.35986328125,3207600
2005-12-02,6228.92138671875,6228.9501953125,6258.33984375,6209.77001953125,6254.35009765625,4178400
2005-12-05,6348.2802734375,6348.31005859375,6348.31005859375,6244.490234375,6280.81005859375,4458800
2005-12-06,6350.490234375,6350.52001953125,6364.169921875,6318.9501953125,6319.1298828125,4540200
2005-12-07,6329.49072265625,6329.52001953125,6370.81982421875,6290.60009765625,6362.509765625,4084600
2005-12-08,6249.1611328125,6249.18994140625,6316.580078125,6223.35009765625,6302.080078125,3718400
2005-12-09,6264.33056640625,6264.35986328125,6274.0400390625,6233.22998046875,6269.93994140625,3259400
2005-12-12,6266.2607421875,6266.2900390625,6272.60986328125,6206.830078125,6272.60986328125,3135200
2005-12-13,6261.15087890625,6261.18017578125,6282.22998046875,6242.41015625,6270.240234375,3442400
2005-12-14,6235.3212890625,6235.35009765625,6280.52001953125,6227.35009765625,6272.47998046875,3412600
2005-12-15,6258.44091796875,6258.47021484375,6259.2099609375,6227.25,6240.3701171875,2920800
2005-12-16,6350.66015625,6350.68994140625,6375.330078125,6293.41015625,6293.41015625,4467200
2005-12-19,6431.39013671875,6431.419921875,6439.2001953125,6374.490234375,6386.35986328125,4477000
2005-12-20,6427.81005859375,6427.83984375,6443.89013671875,6413.4599609375,6428.25,3875800
2005-12-21,6471.8603515625,6471.89013671875,6481.56005859375,6427.85986328125,6442.31982421875,4378800
2005-12-22,6417.17041015625,6417.2001953125,6504.08984375,6417.2001953125,6501.3701171875,3791200
2005-12-23,6512.599609375,6512.6298828125,6516.10986328125,6426.22998046875,6450.64990234375,4237800
2005-12-26,6534.73974609375,6534.77001953125,6573.97021484375,6530.759765625,6565.669921875,4487800
2005-12-27,6531.5595703125,6531.58984375,6570.419921875,6505.4599609375,6539.2900390625,4753400
2005-12-28,6524.36962890625,6524.39990234375,6530.02001953125,6479.33984375,6492.7998046875,3882000
2005-12-29,6575.49951171875,6575.52978515625,6600.1201171875,6546.75,6549.72021484375,5351000
2005-12-30,6548.3095703125,6548.33984375,6600.169921875,6548.33984375,6589.83984375,5074600
2006-01-02,6462.0302734375,6462.06005859375,6492.919921875,6424.02978515625,6457.60986328125,4678400
2006-01-03,6591.73974609375,6591.77001953125,6591.77001953125,6457.08984375,6476.2001953125,5181400
2006-01-04,6616.40966796875,6616.43994140625,6670.9599609375,6579.66015625,6658.31982421875,5884200
2006-01-05,6709.8388671875,6709.8701171875,6717.1201171875,6666.83984375,6669.7998046875,5822600
2006-01-06,6694.78857421875,6694.81982421875,6761.009765625,6676.64990234375,6757.41015625,5881400
2006-01-09,6742.35888671875,6742.39013671875,6763.85986328125,6708.58984375,6752.08984375,5345200
2006-01-10,6707.36865234375,6707.39990234375,6751.56005859375,6678.83984375,6751.56005859375,4453600
2006-01-11,6735.85888671875,6735.89013671875,6741.919921875,6650.60986328125,6702.47021484375,5109000
2006-01-12,6725.57861328125,6725.60986328125,6797.2001953125,6725.56982421875,6782.14990234375,5927800
2006-01-13,6682.3193359375,6682.35009765625,6729.580078125,6669.64013671875,6729.580078125,3789200
2006-01-16,6724.14892578125,6724.18017578125,6733.52001953125,6664.7998046875,6680.8798828125,3073600
2006-01-17,6711.0087890625,6711.0400390625,6775.72998046875,6711.0400390625,6752.240234375,3884800
2006-01-18,6498.8896484375,6498.919921875,6629.43994140625,6467.72998046875,6620.77001953125,4589800
2006-01-19,6512.259765625,6512.2900390625,6545.89013671875,6442.77978515625,6514.7099609375,3896800
2006-01-20,6486.599609375,6486.6298828125,6571.64013671875,6475.2998046875,6571.64013671875,2899800
2006-01-23,6381.9404296875,6381.97021484375,6417.72021484375,6373.6298828125,6385.8798828125,2766800
2006-01-24,6451.91015625,6451.93994140625,6478.5,6418.580078125,6418.580078125,2627600
2006-01-25,6532.14990234375,6532.18017578125,6536.89013671875,6477.33984375,6500.6298828125,2747000
2006-02-03,6594.56982421875,6594.60009765625,6626.43017578125,6547.169921875,6592.18994140625,3590600
2006-02-06,6719.9287109375,6719.9599609375,6719.9599609375,6530.7998046875,6568.35009765625,3912000
2006-02-07,6720.048828125,6720.080078125,6747.43017578125,6681.52978515625,6692.419921875,4253800
2006-02-08,6624.0791015625,6624.10986328125,6715.18017578125,6623.22998046875,6712.8701171875,3086600
2006-02-09,6630.09912109375,6630.1298828125,6700.85986328125,6620.31982421875,6696.64990234375,3543800
2006-02-10,6594.8896484375,6594.919921875,6652.330078125,6574.009765625,6652.330078125,3459400
2006-02-13,6562.259765625,6562.2900390625,6623.5498046875,6557.759765625,6591.990234375,2955000
2006-02-14,6612.93994140625,6612.97021484375,6613.85986328125,6540.7099609375,6553.27978515625,2798200
2006-02-15,6598.4599609375,6598.490234375,6659.52001953125,6592.93994140625,6628.97998046875,3137400
2006-02-16,6683.89892578125,6683.93017578125,6701.740234375,6647.02978515625,6661.2998046875,3415400
2006-02-17,6673.71923828125,6673.75,6726.72998046875,6665.6298828125,6723.66015625,3267400
2006-02-20,6686.5185546875,6686.5498046875,6697.31005859375,6631.81005859375,6652.5498046875,2765000
2006-02-21,6631.47900390625,6631.509765625,6717.52978515625,6631.509765625,6708.2099609375,2716000
2006-02-22,6530.669921875,6530.7001953125,6650.7099609375,6503.7001953125,6634.830078125,3273000
2006-02-23,6474.66015625,6474.68994140625,6528.5,6466.2099609375,6523.85009765625,2994400
2006-02-24,6538.18994140625,6538.22021484375,6538.22021484375,6473.7998046875,6474.0498046875,2776800
2006-02-27,6561.599609375,6561.6298828125,6567.91015625,6481.990234375,6496.5498046875,2658000
2006-03-01,6613.35986328125,6613.39013671875,6636.919921875,6518.0,6518.0,3071800
2006-03-02,6642.92919921875,6642.9599609375,6685.4501953125,6637.89990234375,6678.4599609375,3075400
2006-03-03,6553.6298828125,6553.66015625,6659.43994140625,6543.43017578125,6643.7900390625,3014800
2006-03-06,6575.74951171875,6575.77978515625,6582.2099609375,6531.5,6547.72998046875,2280400
2006-03-07,6494.11962890625,6494.14990234375,6557.14990234375,6494.14990234375,6553.97021484375,2500200
2006-03-08,6459.5400390625,6459.56982421875,6521.27001953125,6436.14013671875,6487.06982421875,2669000
2006-03-09,6486.43994140625,6486.47021484375,6505.56005859375,6465.22998046875,6476.9599609375,2165800
2006-03-10,6490.64990234375,6490.68017578125,6528.56005859375,6473.18017578125,6492.0400390625,2328200
2006-03-13,6544.599609375,6544.6298828125,6551.1298828125,6502.509765625,6520.35986328125,2382400
2006-03-14,6459.97998046875,6460.009765625,6545.1201171875,6444.14013671875,6532.25,2653600
2006-03-15,6518.669921875,6518.7001953125,6534.60986328125,6478.7099609375,6516.14013671875,2740800
2006-03-16,6504.94970703125,6504.97998046875,6594.18017578125,6504.97998046875,6528.14013671875,3390600
2006-03-17,6528.53955078125,6528.56982421875,6530.43017578125,6471.7099609375,6507.5498046875,2697200
2006-03-20,6516.48974609375,6516.52001953125,6569.52978515625,6510.580078125,6554.18017578125,2713000
2006-03-21,6458.0,6458.02978515625,6536.009765625,6458.02978515625,6525.2998046875,2418800
2006-03-22,6391.22998046875,6391.259765625,6441.27001953125,6387.35986328125,6419.4599609375,2394400
2006-03-23,6364.5703125,6364.60009765625,6418.47998046875,6344.72998046875,6412.66015625,2365200
2006-03-24,6376.59033203125,6376.6201171875,6401.6201171875,6351.89013671875,6366.9599609375,2262000
2006-03-27,6421.8203125,6421.85009765625,6430.22998046875,6399.080078125,6408.2001953125,2107000
2006-03-28,6453.8203125,6453.85009765625,6469.669921875,6424.93994140625,6433.22998046875,2080400
2006-03-29,6497.99951171875,6498.02978515625,6498.02978515625,6444.39990234375,6447.7001953125,2410800
2006-03-30,6546.02978515625,6546.06005859375,6559.2099609375,6504.75,6540.81005859375,3339400
2006-03-31,6613.93994140625,6613.97021484375,6632.6298828125,6564.85986328125,6564.85986328125,3188400
2006-04-03,6660.72900390625,6660.759765625,6672.10986328125,6615.97998046875,6627.31982421875,3261800
2006-04-04,6665.5693359375,6665.60009765625,6684.10009765625,6651.9599609375,6679.81982421875,3068200
2006-04-06,6760.78857421875,6760.81982421875,6760.81982421875,6710.68017578125,6724.97021484375,3445600
2006-04-07,6781.90869140625,6781.93994140625,6802.93994140625,6722.39013671875,6758.81982421875,3417600
2006-04-10,6780.60888671875,6780.64013671875,6815.72998046875,6758.06982421875,6759.3798828125,3157200
2006-04-11,6757.138671875,6757.169921875,6775.64990234375,6723.22998046875,6772.9599609375,3114200
2006-04-12,6808.46875,6808.5,6813.66015625,6709.830078125,6710.6201171875,3854600
2006-04-13,6855.70849609375,6855.740234375,6868.740234375,6828.9501953125,6850.18994140625,4511400
2006-04-14,6952.50830078125,6952.5400390625,6952.5400390625,6876.47021484375,6888.18017578125,4405200
2006-04-17,7000.05810546875,7000.08984375,7015.91015625,6950.580078125,6982.47021484375,4893800
2006-04-18,6989.42822265625,6989.4599609375,7007.4501953125,6918.4599609375,7007.4501953125,3949000
2006-04-19,7038.748046875,7038.77978515625,7093.43017578125,7038.77978515625,7073.31982421875,4788200
2006-04-20,7102.7080078125,7102.740234375,7107.68017578125,7030.89013671875,7061.3798828125,4328400
2006-04-21,7093.017578125,7093.0498046875,7160.740234375,7092.93017578125,7130.68017578125,5321000
2006-04-24,7096.0078125,7096.0400390625,7141.2900390625,7057.18994140625,7066.18994140625,3933400
2006-04-25,7059.908203125,7059.93994140625,7166.47021484375,7052.89990234375,7125.89990234375,4727400
2006-04-26,7168.94677734375,7168.97998046875,7173.56005859375,7047.9599609375,7080.6201171875,4372800
2006-04-27,7136.17724609375,7136.2099609375,7229.35009765625,7136.2099609375,7203.75,6353400
2006-04-28,7171.73681640625,7171.77001953125,7184.3701171875,7103.8701171875,7172.31005859375,4622400
2006-05-02,7199.56689453125,7199.60009765625,7217.3701171875,7141.91015625,7174.93017578125,4970800
2006-05-03,7242.3369140625,7242.3701171875,7265.169921875,7233.83984375,7242.0400390625,5332200
2006-05-04,7345.00634765625,7345.0400390625,7351.8701171875,7278.490234375,7280.81982421875,6041000
2006-05-05,7370.40625,7370.43994140625,7455.830078125,7355.419921875,7409.64990234375,6998600
2006-05-08,7474.015625,7474.0498046875,7474.0498046875,7401.990234375,7438.41015625,5677000
2006-05-09,7388.90576171875,7388.93994140625,7476.06982421875,7364.18994140625,7470.009765625,6234000
2006-05-10,7324.67626953125,7324.7099609375,7426.3701171875,7272.39013671875,7398.27001953125,6624600
2006-05-11,7361.41650390625,7361.4501953125,7361.4501953125,7254.97021484375,7271.75,4911200
2006-05-12,7278.92626953125,7278.9599609375,7326.47998046875,7267.7900390625,7269.919921875,4687600
2006-05-15,7176.31689453125,7176.35009765625,7240.919921875,7167.02978515625,7225.7998046875,4617000
2006-05-16,7069.8681640625,7069.89990234375,7202.89990234375,7069.89990234375,7202.35009765625,4663000
2006-05-17,7116.79736328125,7116.830078125,7144.27978515625,7057.990234375,7116.75,3889200
2006-05-18,7033.998046875,7034.02978515625,7045.8701171875,6987.64990234375,6989.47998046875,3889200
2006-05-19,7074.1181640625,7074.14990234375,7097.27001953125,7010.68994140625,7040.419921875,3370800
2006-05-22,6938.22802734375,6938.259765625,7112.419921875,6938.259765625,7111.419921875,3904600
2006-05-23,6843.9482421875,6843.97998046875,6909.580078125,6833.97998046875,6874.08984375,3420800
2006-05-24,6876.97802734375,6877.009765625,6932.27978515625,6791.10986328125,6904.27978515625,3786400
2006-05-25,6861.6181640625,6861.64990234375,6914.4501953125,6842.919921875,6892.27001953125,3559400
2006-05-26,6879.47802734375,6879.509765625,6976.330078125,6856.5498046875,6951.759765625,4331000
2006-05-29,6878.84814453125,6878.8798828125,6919.9599609375,6864.759765625,6913.10009765625,2647400
2006-05-30,6846.91845703125,6846.9501953125,6912.9501953125,6829.39990234375,6910.2998046875,3387400
2006-06-01,6872.80810546875,6872.83984375,6922.33984375,6868.419921875,6874.66015625,2712400
2006-06-02,6959.6083984375,6959.64013671875,6967.08984375,6885.39013671875,6951.419921875,2893400
2006-06-05,6715.23876953125,6715.27001953125,6967.3798828125,6700.47021484375,6956.77001953125,3368200
2006-06-06,6730.23876953125,6730.27001953125,6738.77978515625,6621.169921875,6684.580078125,3033000
2006-06-07,6612.7099609375,6612.740234375,6699.5400390625,6612.740234375,6691.5,2512200
2006-06-08,6331.7802734375,6331.81005859375,6564.10009765625,6331.81005859375,6562.10009765625,3904600
2006-06-09,6444.60009765625,6444.6298828125,6451.169921875,6268.919921875,6389.97998046875,3532400
2006-06-12,6442.8701171875,6442.89990234375,6443.2099609375,6339.240234375,6384.31982421875,2227200
2006-06-13,6337.18017578125,6337.2099609375,6401.5498046875,6328.3798828125,6349.08984375,2461200
2006-06-14,6468.97998046875,6469.009765625,6494.919921875,6340.27978515625,6343.66015625,3233600
2006-06-15,6426.3603515625,6426.39013671875,6535.1298828125,6418.77001953125,6531.81005859375,3046800
2006-06-16,6575.73974609375,6575.77001953125,6629.330078125,6550.1298828125,6589.7001953125,3917800
2006-06-19,6583.009765625,6583.0400390625,6603.97998046875,6541.330078125,6576.5498046875,3014800
2006-06-20,6363.52001953125,6363.5498046875,6552.169921875,6324.68994140625,6536.10986328125,3614000
2006-06-21,6299.560546875,6299.58984375,6399.22021484375,6290.6298828125,6354.43017578125,2992200
2006-06-22,6485.1201171875,6485.14990234375,6487.91015625,6397.1298828125,6427.7099609375,2961800
2006-06-23,6452.2802734375,6452.31005859375,6462.91015625,6362.22998046875,6432.4599609375,2878200
2006-06-26,6523.64990234375,6523.68017578125,6548.93994140625,6448.509765625,6464.39990234375,2616600
2006-06-27,6572.35986328125,6572.39013671875,6622.81005859375,6513.02978515625,6520.77001953125,3366800
2006-06-28,6540.89990234375,6540.93017578125,6540.93017578125,6481.64990234375,6500.3798828125,2825600
2006-06-29,6607.35986328125,6607.39013671875,6623.39013671875,6574.39990234375,6578.580078125,3457800
2006-06-30,6704.37890625,6704.41015625,6731.06982421875,6682.3798828125,6731.06982421875,3862400
2006-07-03,6718.46875,6718.5,6735.33984375,6705.25,6727.22998046875,2609800
2006-07-04,6734.478515625,6734.509765625,6789.5498046875,6722.39013671875,6748.47021484375,3220000
2006-07-05,6659.92919921875,6659.9599609375,6741.52001953125,6651.5498046875,6709.2099609375,3062600
2006-07-06,6659.0390625,6659.06982421875,6659.06982421875,6608.490234375,6630.0400390625,2611600
2006-07-07,6660.5791015625,6660.60986328125,6671.740234375,6628.4599609375,6651.02001953125,2908400
2006-07-10,6682.42919921875,6682.4599609375,6694.75,6588.5498046875,6609.85986328125,2465400
2006-07-11,6639.09912109375,6639.1298828125,6702.64013671875,6639.1298828125,6672.31982421875,2405800
2006-07-12,6634.05908203125,6634.08984375,6725.419921875,6612.33984375,6681.89990234375,3078200
2006-07-13,6567.56982421875,6567.60009765625,6624.0400390625,6562.5400390625,6591.56005859375,2418000
2006-07-14,6428.0,6428.02978515625,6489.64990234375,6413.919921875,6472.2900390625,2973000
2006-07-17,6257.7705078125,6257.7998046875,6416.41015625,6232.490234375,6402.77001953125,2806600
2006-07-18,6285.28076171875,6285.31005859375,6293.1201171875,6244.14990234375,6257.4501953125,2340800
2006-07-19,6277.2109375,6277.240234375,6359.81982421875,6277.240234375,6317.580078125,2397000
2006-07-20,6443.71044921875,6443.740234375,6446.2900390625,6393.89013671875,6423.60986328125,2962800
2006-07-21,6419.97998046875,6420.009765625,6423.52001953125,6373.58984375,6396.7001953125,2504000
2006-07-24,6359.60009765625,6359.6298828125,6363.68017578125,6308.72021484375,6316.830078125,2160400
2006-07-25,6390.96044921875,6390.990234375,6435.830078125,6390.990234375,6433.31982421875,2636800
2006-07-26,6376.3603515625,6376.39013671875,6406.66015625,6360.10986328125,6389.490234375,2422600
2006-07-27,6459.22021484375,6459.25,6461.919921875,6373.10986328125,6379.39990234375,2664800
2006-07-28,6480.0400390625,6480.06982421875,6490.35986328125,6448.3701171875,6450.0400390625,2875600
2006-07-31,6454.55029296875,6454.580078125,6531.10986328125,6428.259765625,6528.22998046875,2743000
2006-08-01,6441.43017578125,6441.4599609375,6478.33984375,6435.93017578125,6464.58984375,2440000
2006-08-02,6471.39013671875,6471.419921875,6488.68017578125,6421.77978515625,6426.22998046875,2553000
2006-08-03,6462.2900390625,6462.31982421875,6514.89990234375,6460.02978515625,6496.009765625,2971800
2006-08-04,6442.580078125,6442.60986328125,6491.669921875,6421.5498046875,6483.06982421875,2714200
2006-08-07,6416.580078125,6416.60986328125,6450.06005859375,6405.08984375,6425.990234375,2215200
2006-08-08,6502.10986328125,6502.14013671875,6502.14013671875,6441.16015625,6442.68017578125,2314800
2006-08-09,6573.18994140625,6573.22021484375,6574.490234375,6488.58984375,6493.89013671875,2914200
2006-08-10,6578.57958984375,6578.60986328125,6606.27978515625,6555.27978515625,6555.27978515625,3393200
2006-08-11,6571.06982421875,6571.10009765625,6617.22998046875,6559.27001953125,6612.47998046875,3074800
2006-08-14,6611.86962890625,6611.89990234375,6634.72998046875,6587.35986328125,6588.47021484375,2632200
2006-08-15,6615.099609375,6615.1298828125,6628.5,6595.35009765625,6628.5,2668600
2006-08-16,6696.5986328125,6696.6298828125,6699.830078125,6663.06982421875,6686.22998046875,3827600
2006-08-17,6733.4287109375,6733.4599609375,6761.7900390625,6722.580078125,6752.990234375,3923000
2006-08-18,6721.048828125,6721.080078125,6761.39990234375,6719.75,6761.39990234375,2895800
2006-08-21,6505.8896484375,6505.919921875,6715.72021484375,6498.18017578125,6715.72021484375,3356200
2006-08-22,6590.169921875,6590.2001953125,6590.2001953125,6517.27978515625,6524.72021484375,2441800
2006-08-23,6556.2998046875,6556.330078125,6587.4599609375,6454.7099609375,6584.66015625,2765800
2006-08-24,6550.60986328125,6550.64013671875,6570.6201171875,6525.35986328125,6540.02978515625,2255800
2006-08-25,6526.18994140625,6526.22021484375,6600.93994140625,6526.22021484375,6594.81982421875,2193400
2006-08-28,6444.72998046875,6444.759765625,6515.080078125,6422.3798828125,6515.080078125,2308600
2006-08-29,6479.88037109375,6479.91015625,6500.89013671875,6460.669921875,6485.97998046875,2170800
2006-08-30,6587.08984375,6587.1201171875,6602.81005859375,6523.68017578125,6523.68017578125,2964000
2006-08-31,6611.73974609375,6611.77001953125,6667.6201171875,6611.77001953125,6647.669921875,2909800
2006-09-01,6651.42919921875,6651.4599609375,6658.1298828125,6625.22998046875,6631.830078125,2553800
2006-09-04,6750.74853515625,6750.77978515625,6761.64990234375,6706.509765625,6706.509765625,3043600
2006-09-05,6734.69873046875,6734.72998046875,6766.81005859375,6725.580078125,6764.9501953125,2724000
2006-09-06,6688.36865234375,6688.39990234375,6747.97998046875,6661.56005859375,6712.7998046875,2688400
2006-09-07,6685.19873046875,6685.22998046875,6689.2001953125,6630.25,6638.7900390625,2200600
2006-09-08,6693.07861328125,6693.10986328125,6718.830078125,6654.77001953125,6664.10986328125,2326000
2006-09-11,6693.8486328125,6693.8798828125,6802.83984375,6674.5498046875,6714.35986328125,2738200
2006-09-12,6625.69921875,6625.72998046875,6698.3798828125,6620.7099609375,6698.3798828125,2422000
2006-09-13,6664.83935546875,6664.8701171875,6690.2900390625,6631.97021484375,6687.7099609375,2316600
2006-09-14,6598.83984375,6598.8701171875,6691.509765625,6550.02978515625,6687.56982421875,2937200
2006-09-15,6681.05908203125,6681.08984375,6681.08984375,6575.8701171875,6585.02978515625,2236400
2006-09-18,6882.4482421875,6882.47998046875,6886.2998046875,6775.1201171875,6784.77001953125,3550400
2006-09-19,6881.83837890625,6881.8701171875,6915.080078125,6858.85009765625,6897.58984375,3209400
2006-09-20,6877.73828125,6877.77001953125,6890.6298828125,6839.68994140625,6850.39990234375,2720000
2006-09-21,6889.8583984375,6889.89013671875,6938.93017578125,6862.27978515625,6924.3701171875,3393400
2006-09-22,6885.568359375,6885.60009765625,6890.89990234375,6854.02001953125,6872.259765625,2570800
2006-09-25,6911.17822265625,6911.2099609375,6921.35986328125,6844.330078125,6879.68017578125,2829800
2006-09-26,6901.71826171875,6901.75,6958.7900390625,6899.3701171875,6945.0400390625,2707200
2006-09-27,6946.23828125,6946.27001953125,6961.7099609375,6922.990234375,6957.080078125,3394200
2006-09-28,6885.08837890625,6885.1201171875,6961.919921875,6858.02978515625,6955.60009765625,3316200
2006-09-29,6883.01806640625,6883.0498046875,6903.72021484375,6860.52001953125,6887.39013671875,2687800
2006-10-02,6960.91845703125,6960.9501953125,6961.77978515625,6907.43017578125,6907.43017578125,3468400
2006-10-03,6956.84814453125,6956.8798828125,6976.6201171875,6935.7998046875,6942.06982421875,3152200
2006-10-04,6874.9482421875,6874.97998046875,6980.669921875,6874.97998046875,6967.77001953125,3203200
2006-10-05,6997.20849609375,6997.240234375,7004.419921875,6926.72998046875,6955.740234375,4027200
2006-10-11,7006.63818359375,7006.669921875,7022.490234375,6984.4501953125,6984.4501953125,3780000
2006-10-12,6984.54833984375,6984.580078125,7039.93017578125,6983.4599609375,7032.759765625,3700800
2006-10-13,7068.76806640625,7068.7998046875,7096.509765625,7046.64990234375,7060.18994140625,4188000
2006-10-16,7151.38720703125,7151.419921875,7159.85009765625,7099.10986328125,7102.97021484375,4736800
2006-10-17,7075.09765625,7075.1298828125,7133.85009765625,7070.2998046875,7133.85009765625,3628600
2006-10-18,7017.568359375,7017.60009765625,7035.4501953125,6980.06982421875,7021.9599609375,3244000
2006-10-19,6995.79833984375,6995.830078125,7045.990234375,6986.85009765625,7000.68017578125,3080000
2006-10-20,7039.33837890625,7039.3701171875,7048.08984375,7021.33984375,7029.64990234375,3082000
2006-10-23,7040.22802734375,7040.259765625,7043.47998046875,7008.1298828125,7041.7001953125,3158600
2006-10-24,7097.3876953125,7097.419921875,7120.240234375,7070.169921875,7075.81005859375,3704800
2006-10-25,7059.8583984375,7059.89013671875,7110.93017578125,7059.89013671875,7099.93994140625,3388400
2006-10-26,7080.8076171875,7080.83984375,7119.5498046875,7080.83984375,7083.14990234375,3492600
2006-10-27,7086.7080078125,7086.740234375,7132.2900390625,7082.68017578125,7112.5400390625,3355400
2006-10-30,6995.16845703125,6995.2001953125,7050.0498046875,6995.10009765625,7050.0498046875,2819400
2006-10-31,7021.2880859375,7021.31982421875,7025.2099609375,7004.14990234375,7020.35009765625,2393000
2006-11-01,7013.95849609375,7013.990234375,7058.68994140625,7013.990234375,7036.06982421875,3055200
2006-11-02,7078.06787109375,7078.10009765625,7089.7001953125,7005.1298828125,7008.419921875,3360600
2006-11-03,7161.5771484375,7161.60986328125,7186.97998046875,7079.7099609375,7079.7099609375,4542400
2006-11-06,7120.4072265625,7120.43994140625,7160.66015625,7036.89013671875,7036.89013671875,3831400
2006-11-07,7184.61669921875,7184.64990234375,7219.06005859375,7180.75,7198.89990234375,4562600
2006-11-08,7178.306640625,7178.33984375,7207.330078125,7176.66015625,7200.77001953125,4177600
2006-11-09,7151.09716796875,7151.1298828125,7242.4501953125,7146.72021484375,7209.89990234375,5517600
2006-11-10,7174.1669921875,7174.2001953125,7176.06005859375,7130.56982421875,7159.7998046875,3426600
2006-11-13,7136.02734375,7136.06005859375,7191.08984375,7136.06005859375,7182.77978515625,3744600
2006-11-14,7204.0068359375,7204.0400390625,7216.64013671875,7168.85009765625,7185.66015625,4906000
2006-11-15,7236.81689453125,7236.85009765625,7269.009765625,7229.02001953125,7254.47021484375,4926600
2006-11-16,7257.4462890625,7257.47998046875,7290.25,7240.25,7272.5,4700000
2006-11-17,7259.50634765625,7259.5400390625,7287.91015625,7251.64990234375,7282.3798828125,4341200
2006-11-20,7261.4462890625,7261.47998046875,7270.27978515625,7228.97021484375,7266.39990234375,4126200
2006-11-21,7309.65625,7309.68994140625,7320.06005859375,7245.419921875,7258.6298828125,4161600
2006-11-22,7348.736328125,7348.77001953125,7350.6298828125,7314.35986328125,7330.009765625,4604400
2006-11-23,7384.65576171875,7384.68994140625,7430.89990234375,7368.009765625,7371.2998046875,5207800
2006-11-24,7427.32568359375,7427.35986328125,7427.35986328125,7366.080078125,7394.75,4488200
2006-11-27,7498.11572265625,7498.14990234375,7506.06982421875,7463.8798828125,7494.58984375,5589200
2006-11-28,7444.90576171875,7444.93994140625,7483.43017578125,7444.93994140625,7447.669921875,5025800
2006-11-29,7474.15576171875,7474.18994140625,7513.509765625,7431.8701171875,7476.5400390625,5273000
2006-11-30,7567.68505859375,7567.72021484375,7567.72021484375,7500.240234375,7527.47021484375,5726800
2006-12-01,7613.53466796875,7613.56982421875,7621.81005859375,7557.6201171875,7587.509765625,6260800
2006-12-04,7646.974609375,7647.009765625,7659.83984375,7590.919921875,7622.08984375,6067800
2006-12-05,7609.86474609375,7609.89990234375,7703.25,7575.14013671875,7700.14990234375,6159200
2006-12-06,7693.294921875,7693.330078125,7697.240234375,7620.97998046875,7634.7900390625,4674400
2006-12-07,7686.48486328125,7686.52001953125,7716.85009765625,7669.22021484375,7697.1201171875,5082000
2006-12-08,7636.2646484375,7636.2998046875,7658.0400390625,7601.2998046875,7658.0400390625,4391200
2006-12-11,7612.0849609375,7612.1201171875,7635.72021484375,7582.6201171875,7635.68994140625,4119800
2006-12-12,7458.52587890625,7458.56005859375,7604.75,7441.009765625,7604.75,5038400
2006-12-13,7450.265625,7450.2998046875,7494.490234375,7369.08984375,7480.0400390625,4593600
2006-12-14,7480.3759765625,7480.41015625,7492.2998046875,7428.3798828125,7456.31005859375,3802600
2006-12-15,7538.78515625,7538.81982421875,7568.02001953125,7531.47998046875,7546.81005859375,4302600
2006-12-18,7624.5849609375,7624.6201171875,7648.06005859375,7561.8798828125,7568.81982421875,4289400
2006-12-19,7598.8447265625,7598.8798828125,7648.759765625,7598.8798828125,7624.75,4629400
2006-12-20,7648.31494140625,7648.35009765625,7661.93994140625,7614.7099609375,7627.93994140625,4862200
2006-12-21,7620.90478515625,7620.93994140625,7685.8798828125,7614.4501953125,7655.64013671875,4726600
2006-12-22,7652.43505859375,7652.47021484375,7660.330078125,7621.47998046875,7636.72998046875,3634800
2006-12-25,7646.77490234375,7646.81005859375,7667.43994140625,7635.16015625,7658.0498046875,3786800
2006-12-26,7727.5546875,7727.58984375,7749.4599609375,7668.919921875,7668.919921875,5094600
2006-12-27,7733.14501953125,7733.18017578125,7790.31005859375,7733.18017578125,7761.08984375,5135000
2006-12-28,7732.89501953125,7732.93017578125,7782.419921875,7720.2900390625,7777.85986328125,4540000
2006-12-29,7823.68408203125,7823.72021484375,7823.72021484375,7747.6201171875,7747.6201171875,4915000
2007-01-02,7920.7626953125,7920.7998046875,7937.259765625,7843.60009765625,7871.41015625,5710600
2007-01-03,7917.2626953125,7917.2998046875,7999.419921875,7917.2998046875,7954.9599609375,5951400
2007-01-04,7934.47265625,7934.509765625,7955.89990234375,7901.240234375,7929.89013671875,5717400
2007-01-05,7835.53369140625,7835.56982421875,7942.22998046875,7821.7099609375,7940.2001953125,5181400
2007-01-08,7736.6748046875,7736.7099609375,7797.56982421875,7736.10986328125,7778.56982421875,4292400
2007-01-09,7789.97412109375,7790.009765625,7827.93017578125,7778.3798828125,7778.3798828125,4516000
2007-01-10,7698.48486328125,7698.52001953125,7748.7900390625,7682.81982421875,7737.25,5153200
2007-01-11,7618.5146484375,7618.5498046875,7748.9599609375,7599.5498046875,7724.10009765625,5735400
2007-01-12,7761.67431640625,7761.7099609375,7769.31005859375,7704.39013671875,7713.6298828125,4478600
2007-01-15,7783.46435546875,7783.5,7814.85009765625,7741.490234375,7809.91015625,3817600
2007-01-16,7792.04443359375,7792.080078125,7831.2001953125,7780.64990234375,7792.77001953125,3743600
2007-01-17,7833.94384765625,7833.97998046875,7841.259765625,7747.580078125,7757.7998046875,4016600
2007-01-18,7895.14306640625,7895.18017578125,7896.9501953125,7830.22998046875,7852.259765625,4237200
2007-01-19,7840.0439453125,7840.080078125,7892.60986328125,7840.080078125,7859.47021484375,4385000
2007-01-22,7842.43408203125,7842.47021484375,7871.009765625,7784.2099609375,7866.169921875,4297000
2007-01-23,7852.3232421875,7852.35986328125,7869.5498046875,7818.580078125,7837.43994140625,3795400
2007-01-24,7935.5029296875,7935.5400390625,7949.47998046875,7916.39013671875,7943.240234375,4488800
2007-01-25,7923.73291015625,7923.77001953125,7990.5498046875,7917.64990234375,7982.64013671875,4337000
2007-01-26,7821.28369140625,7821.31982421875,7883.5,7793.91015625,7825.75,3465200
2007-01-29,7751.75439453125,7751.7900390625,7838.919921875,7746.3701171875,7831.56982421875,3143600
2007-01-30,7739.87451171875,7739.91015625,7778.240234375,7725.41015625,7763.52978515625,3010000
2007-01-31,7699.60498046875,7699.64013671875,7778.68994140625,7637.5400390625,7759.7900390625,3180000
2007-02-01,7701.5048828125,7701.5400390625,7757.6298828125,7679.77978515625,7751.2998046875,2706600
2007-02-02,7776.994140625,7777.02978515625,7801.6298828125,7751.52978515625,7754.16015625,3134800
2007-02-05,7783.08447265625,7783.1201171875,7823.93994140625,7772.0498046875,7786.77001953125,2786200
2007-02-06,7875.71337890625,7875.75,7875.75,7802.93994140625,7816.2998046875,3497800
2007-02-07,7850.02392578125,7850.06005859375,7894.77001953125,7850.06005859375,7894.77001953125,3214400
2007-02-08,7842.18408203125,7842.22021484375,7884.72998046875,7790.6298828125,7875.52001953125,2895200
2007-02-09,7859.4931640625,7859.52978515625,7884.5498046875,7822.52978515625,7847.18017578125,3363400
2007-02-12,7776.32421875,7776.35986328125,7826.4599609375,7764.509765625,7826.4599609375,2787000
2007-02-13,7736.794921875,7736.830078125,7800.8701171875,7725.81005859375,7782.06982421875,2776200
2007-02-14,7809.41455078125,7809.4501953125,7812.18017578125,7764.31005859375,7800.97998046875,3006200
2007-02-26,7900.1630859375,7900.2001953125,7950.2001953125,7899.5498046875,7939.39990234375,4170000
2007-02-27,7901.9228515625,7901.9599609375,7939.5,7881.919921875,7908.7900390625,3971200
2007-03-01,7678.634765625,7678.669921875,7761.39990234375,7663.169921875,7707.6298828125,4230600
2007-03-02,7670.73486328125,7670.77001953125,7695.14990234375,7625.990234375,7653.35009765625,3742200
2007-03-05,7344.5263671875,7344.56005859375,7565.9501953125,7306.06982421875,7565.9501953125,4410800
2007-03-06,7451.02587890625,7451.06005859375,7452.83984375,7349.97998046875,7379.080078125,3320600
2007-03-07,7480.85595703125,7480.89013671875,7519.4599609375,7449.669921875,7516.2099609375,3883200
2007-03-08,7573.8349609375,7573.8701171875,7573.8701171875,7510.43994140625,7517.77001953125,3586200
2007-03-09,7568.1650390625,7568.2001953125,7619.35009765625,7550.830078125,7615.81005859375,3310400
2007-03-12,7629.11474609375,7629.14990234375,7640.14013671875,7590.81982421875,7611.14990234375,3009600
2007-03-13,7683.96484375,7684.0,7694.58984375,7661.759765625,7664.7001953125,3403200
2007-03-14,7570.23486328125,7570.27001953125,7575.52001953125,7526.47998046875,7552.72998046875,3609400
2007-03-15,7695.9248046875,7695.9599609375,7708.97998046875,7631.669921875,7631.669921875,4206400
2007-03-16,7719.7646484375,7719.7998046875,7743.3701171875,7676.39013671875,7707.14990234375,4291000
2007-03-19,7737.42431640625,7737.4599609375,7759.66015625,7713.77978515625,7739.56005859375,3562800
2007-03-20,7736.1650390625,7736.2001953125,7798.27001953125,7736.2001953125,7784.27001953125,3932400
2007-03-21,7756.994140625,7757.02978515625,7784.18994140625,7746.35009765625,7780.2998046875,3279800
2007-03-22,7823.6337890625,7823.669921875,7856.990234375,7822.6298828125,7843.64013671875,3989400
2007-03-23,7859.283203125,7859.31982421875,7879.08984375,7806.89013671875,7834.6201171875,3837000
2007-03-26,7877.78271484375,7877.81982421875,7887.330078125,7853.14990234375,7878.58984375,3623800
2007-03-27,7845.1337890625,7845.169921875,7928.02978515625,7839.22021484375,7876.759765625,4038400
2007-03-28,7788.1044921875,7788.14013671875,7841.39990234375,7769.2998046875,7832.6201171875,3720800
2007-03-29,7848.2939453125,7848.330078125,7863.6298828125,7764.0498046875,7765.06982421875,4128600
2007-03-30,7884.373046875,7884.41015625,7888.81982421875,7839.91015625,7877.75,4225600
2007-04-02,7884.953125,7884.990234375,7931.990234375,7866.58984375,7888.169921875,4390000
2007-04-03,7932.873046875,7932.91015625,7932.91015625,7879.8798828125,7894.8701171875,4498600
2007-04-04,8004.572265625,8004.60986328125,8021.58984375,7970.4599609375,7989.64990234375,4993200
2007-04-09,8056.5224609375,8056.56005859375,8066.77001953125,8026.330078125,8048.33984375,4772200
2007-04-10,8048.3525390625,8048.39013671875,8064.5400390625,8002.490234375,8064.5400390625,4616600
2007-04-11,8084.41259765625,8084.4501953125,8105.81982421875,8055.669921875,8073.669921875,4297800
2007-04-12,8075.16259765625,8075.2001953125,8090.93994140625,8039.1298828125,8043.77978515625,4192200
2007-04-13,8002.26220703125,8002.2998046875,8108.5,7999.68994140625,8100.080078125,4552400
2007-04-16,8043.50244140625,8043.5400390625,8096.83984375,8030.5,8088.830078125,4500200
2007-04-17,7959.2529296875,7959.2900390625,8100.60986328125,7952.18017578125,8100.60986328125,5567400
2007-04-18,8003.2724609375,8003.31005859375,8003.31005859375,7946.35009765625,7981.35986328125,3931400
2007-04-19,7888.5927734375,7888.6298828125,7991.68994140625,7883.919921875,7978.58984375,4428800
2007-04-20,7942.6328125,7942.669921875,7945.7001953125,7912.490234375,7915.91015625,3683600
2007-04-23,8010.42236328125,8010.4599609375,8062.7001953125,8006.419921875,8009.5498046875,4000600
2007-04-24,8044.97216796875,8045.009765625,8051.669921875,7998.22021484375,8011.81005859375,4030600
2007-04-25,7984.6123046875,7984.64990234375,8041.27001953125,7984.64990234375,8035.740234375,3929400
2007-04-26,8000.00244140625,8000.0400390625,8052.5498046875,8000.0400390625,8046.72021484375,3566400
2007-04-27,7949.3828125,7949.419921875,8026.509765625,7949.419921875,8019.490234375,3479200
2007-04-30,7875.38330078125,7875.419921875,7956.02978515625,7843.0498046875,7956.02978515625,3466400
2007-05-02,7903.0029296875,7903.0400390625,7951.68994140625,7890.5400390625,7900.759765625,3193200
2007-05-03,7926.623046875,7926.66015625,7965.93017578125,7861.43017578125,7954.16015625,4287600
2007-05-04,8066.0224609375,8066.06005859375,8066.06005859375,7990.97021484375,7990.97021484375,3767600
2007-05-07,8115.232421875,8115.27001953125,8132.7998046875,8095.0400390625,8122.2001953125,3750000
2007-05-08,8095.80224609375,8095.83984375,8113.31005859375,8083.18017578125,8111.509765625,2965800
2007-05-09,8052.66259765625,8052.7001953125,8093.509765625,8043.4599609375,8092.10009765625,2886200
2007-05-10,8096.822265625,8096.85986328125,8105.08984375,8071.5,8094.72021484375,3357000
2007-05-11,8031.50244140625,8031.5400390625,8049.5,8018.64013671875,8026.35986328125,2934200
2007-05-14,8030.5224609375,8030.56005859375,8072.14990234375,8013.830078125,8072.14990234375,2857600
2007-05-15,7974.99267578125,7975.02978515625,8041.5498046875,7968.919921875,8022.580078125,2612000
2007-05-16,7988.5322265625,7988.56982421875,8014.8798828125,7978.25,7988.97021484375,2492000
2007-05-17,8037.92236328125,8037.9599609375,8080.6298828125,8029.60009765625,8029.60009765625,3142400
2007-05-18,8034.1025390625,8034.14013671875,8075.2099609375,8013.89013671875,8066.009765625,2836000
2007-05-21,8141.55224609375,8141.58984375,8159.259765625,8043.89990234375,8067.22998046875,3614200
2007-05-22,8188.59228515625,8188.6298828125,8205.8896484375,8158.2900390625,8158.990234375,4077400
2007-05-23,8221.75,8221.7900390625,8256.25,8214.580078125,8232.5302734375,3983000
2007-05-24,8216.3701171875,8216.41015625,8249.48046875,8207.9599609375,8231.650390625,3395800
2007-05-25,8159.9326171875,8159.97021484375,8170.580078125,8130.169921875,8170.580078125,3235600
2007-05-28,8156.7822265625,8156.81982421875,8201.650390625,8154.22021484375,8194.830078125,2887600
2007-05-29,8181.45263671875,8181.490234375,8229.4404296875,8166.4599609375,8178.7001953125,3047000
2007-05-30,8147.30224609375,8147.33984375,8177.759765625,8110.27978515625,8163.81005859375,3248600
2007-05-31,8144.91259765625,8144.9501953125,8220.8095703125,8144.9501953125,8204.7197265625,4230600
2007-06-01,8249.8603515625,8249.900390625,8261.669921875,8224.2802734375,8236.759765625,4198400
2007-06-04,8294.75,8294.7900390625,8317.599609375,8282.7900390625,8310.08984375,4053200
2007-06-05,8303.9501953125,8303.990234375,8321.419921875,8267.58984375,8321.419921875,4299400
2007-06-06,8314.6396484375,8314.6796875,8376.9697265625,8313.58984375,8330.7197265625,4775800
2007-06-07,8355.2197265625,8355.259765625,8368.5595703125,8263.6103515625,8298.9697265625,3844000
2007-06-08,8300.669921875,8300.7099609375,8308.4501953125,8279.9599609375,8288.259765625,4241600
2007-06-11,8338.83984375,8338.8798828125,8359.75,8328.6103515625,8351.0302734375,4133600
2007-06-12,8370.2197265625,8370.259765625,8396.2197265625,8345.009765625,8371.7001953125,4774400
2007-06-13,8346.349609375,8346.3896484375,8388.490234375,8336.5302734375,8388.490234375,4398600
2007-06-14,8450.6796875,8450.7197265625,8476.1298828125,8409.0,8421.2099609375,4853400
2007-06-15,8573.599609375,8573.6396484375,8578.330078125,8511.0703125,8519.3798828125,5280000
2007-06-20,8755.83984375,8755.8798828125,8761.8798828125,8636.4697265625,8651.259765625,6320400
2007-06-21,8851.9501953125,8851.990234375,8871.7197265625,8722.150390625,8789.08984375,5581200
2007-06-22,8846.349609375,8846.3896484375,8884.0302734375,8799.2900390625,8879.990234375,5979200
2007-06-25,8939.1494140625,8939.1904296875,8985.9296875,8882.2998046875,8882.2998046875,6503800
2007-06-26,8865.7099609375,8865.75,8983.9599609375,8856.2900390625,8965.8203125,5709600
2007-06-27,8844.1796875,8844.2197265625,8887.8798828125,8820.6796875,8862.2900390625,5225800
2007-06-28,8892.7890625,8892.830078125,8914.6904296875,8841.9599609375,8914.6904296875,5698600
2007-06-29,8883.1689453125,8883.2099609375,8932.9501953125,8849.0400390625,8932.1796875,5464800
2007-07-02,8939.44921875,8939.490234375,8939.490234375,8849.349609375,8903.76953125,5468400
2007-07-03,8996.1591796875,8996.2001953125,9019.9296875,8977.08984375,8983.240234375,6580400
2007-07-04,9068.9384765625,9068.98046875,9112.740234375,9034.5,9069.3203125,7220200
2007-07-05,9148.73828125,9148.7802734375,9148.7802734375,9086.1904296875,9114.0595703125,7038200
2007-07-06,9188.267578125,9188.3095703125,9199.66015625,9118.259765625,9169.5595703125,7483000
2007-07-09,9369.7978515625,9369.83984375,9369.83984375,9239.2001953125,9246.4404296875,8013400
2007-07-10,9384.6884765625,9384.73046875,9404.759765625,9306.6201171875,9404.759765625,7632600
2007-07-11,9290.908203125,9290.9501953125,9341.3203125,9263.259765625,9322.6904296875,8176800
2007-07-12,9354.3681640625,9354.41015625,9400.3701171875,9316.91015625,9346.9501953125,8373600
2007-07-13,9471.2568359375,9471.2998046875,9540.349609375,9411.0400390625,9530.7197265625,8507000
2007-07-16,9417.2783203125,9417.3203125,9539.2001953125,9403.73046875,9514.08984375,8678600
2007-07-17,9509.6875,9509.73046875,9513.9501953125,9337.669921875,9444.8701171875,7041800
2007-07-18,9485.306640625,9485.349609375,9574.6904296875,9482.5498046875,9512.3896484375,9296000
2007-07-19,9473.2666015625,9473.3095703125,9529.349609375,9441.7900390625,9449.7197265625,8738400
2007-07-20,9585.8564453125,9585.900390625,9585.900390625,9487.9501953125,9537.240234375,7902400
2007-07-23,9621.5263671875,9621.5703125,9637.1796875,9563.7197265625,9576.0595703125,7442400
2007-07-24,9744.0146484375,9744.0595703125,9745.3203125,9643.26953125,9674.240234375,9247000
2007-07-25,9740.0849609375,9740.1298828125,9763.259765625,9656.0400390625,9683.9697265625,8173600
2007-07-26,9566.3759765625,9566.419921875,9807.91015625,9566.419921875,9793.759765625,10397800
2007-07-27,9162.23828125,9162.2802734375,9376.9501953125,9162.2802734375,9244.6201171875,9371200
2007-07-30,9072.5283203125,9072.5703125,9136.4501953125,8996.8095703125,9037.349609375,7294800
2007-07-31,9287.2080078125,9287.25,9307.8095703125,9173.48046875,9211.7998046875,7159400
2007-08-01,8891.8388671875,8891.8798828125,9265.7001953125,8891.8798828125,9188.599609375,8423400
2007-08-02,8950.529296875,8950.5703125,9080.0703125,8727.6396484375,9076.1103515625,7133200
2007-08-03,9057.7783203125,9057.8203125,9134.599609375,9025.7001953125,9104.33984375,5842800
2007-08-06,8941.689453125,8941.73046875,8960.75,8856.91015625,8865.580078125,4639600
2007-08-07,8862.26953125,8862.3095703125,9068.830078125,8862.3095703125,9068.0400390625,4858800
2007-08-08,9099.41796875,9099.4599609375,9099.4599609375,8938.5400390625,8961.1201171875,4875000
2007-08-09,9182.5576171875,9182.599609375,9219.01953125,9140.4697265625,9213.4697265625,5712600
2007-08-10,8931.2685546875,8931.3095703125,8969.3095703125,8870.26953125,8870.26953125,5535000
2007-08-13,8938.9189453125,8938.9599609375,9030.9296875,8913.400390625,9030.8203125,5061000
2007-08-14,8910.94921875,8910.990234375,9023.259765625,8840.259765625,8952.5400390625,4770600
2007-08-15,8593.0,8593.0400390625,8808.58984375,8561.01953125,8782.0498046875,5640000
2007-08-16,8201.330078125,8201.3701171875,8438.080078125,8166.080078125,8397.240234375,5927000
2007-08-17,8090.25244140625,8090.2900390625,8307.3701171875,7987.60986328125,8209.91015625,5981200
2007-08-20,8515.5595703125,8515.599609375,8516.75,8397.259765625,8496.9697265625,4327200
2007-08-21,8479.0400390625,8479.080078125,8586.73046875,8424.009765625,8542.1298828125,4632800
2007-08-22,8493.419921875,8493.4599609375,8512.4501953125,8432.3203125,8487.240234375,4030000
2007-08-23,8732.7998046875,8732.83984375,8735.099609375,8686.0595703125,8699.400390625,4880200
2007-08-24,8690.0498046875,8690.08984375,8741.6396484375,8668.0498046875,8727.08984375,4262400
2007-08-27,8718.26953125,8718.3095703125,8849.9599609375,8704.58984375,8849.9599609375,3802600
2007-08-28,8727.509765625,8727.5498046875,8753.3896484375,8672.8095703125,8697.150390625,3465200
2007-08-29,8643.2802734375,8643.3203125,8643.3203125,8514.4697265625,8514.4697265625,4016600
2007-08-30,8771.169921875,8771.2099609375,8825.919921875,8750.6201171875,8782.349609375,4963200
2007-08-31,8982.119140625,8982.16015625,8982.16015625,8785.7001953125,8807.7001953125,5018800
2007-09-03,8979.9189453125,8979.9599609375,9019.41015625,8947.0595703125,9018.8896484375,4732000
2007-09-04,8922.939453125,8922.98046875,9027.76953125,8883.8701171875,9019.6103515625,4340200
2007-09-05,8913.80859375,8913.849609375,9026.2998046875,8902.1396484375,9017.509765625,4022400
2007-09-06,9017.0390625,9017.080078125,9017.080078125,8841.6396484375,8896.669921875,3979000
2007-09-07,9018.0390625,9018.080078125,9078.4697265625,9000.9501953125,9056.1396484375,4220600
2007-09-10,8937.5390625,8937.580078125,8953.4501953125,8845.900390625,8868.0,3702800
2007-09-11,9003.0791015625,9003.1201171875,9017.2998046875,8953.3701171875,8981.33984375,4252000
2007-09-12,9018.0791015625,9018.1201171875,9084.9697265625,9011.259765625,9078.08984375,4346400
2007-09-13,8927.37890625,8927.419921875,9062.3095703125,8924.6201171875,9062.3095703125,4022800
2007-09-14,9031.5888671875,9031.6298828125,9046.509765625,8952.8798828125,8995.5302734375,3897200
2007-09-17,8899.869140625,8899.91015625,9044.3701171875,8874.7099609375,9039.2802734375,3917000
2007-09-19,8926.3388671875,8926.3798828125,9090.900390625,8900.7998046875,9090.900390625,5922000
2007-09-20,8982.9892578125,8983.0302734375,9109.51953125,8950.6201171875,8987.51953125,4652800
2007-09-21,9105.23828125,9105.2802734375,9105.2802734375,8994.009765625,9018.6796875,5025000
2007-09-26,9257.427734375,9257.4697265625,9269.6201171875,9178.76953125,9180.9296875,5422200
2007-09-27,9413.6083984375,9413.650390625,9413.650390625,9291.7197265625,9337.0400390625,6081200
2007-09-28,9411.908203125,9411.9501953125,9474.0498046875,9411.9501953125,9447.330078125,5558800
2007-10-01,9488.45703125,9488.5,9555.0703125,9474.400390625,9523.98046875,6169000
2007-10-02,9623.2060546875,9623.25,9642.9501953125,9582.7001953125,9597.9599609375,6702600
2007-10-03,9700.025390625,9700.0703125,9783.75,9618.1396484375,9650.0302734375,6654200
2007-10-04,9627.345703125,9627.3896484375,9676.349609375,9574.009765625,9663.5302734375,5009200
2007-10-05,9617.2158203125,9617.259765625,9670.1298828125,9565.0,9645.6298828125,4570200
2007-10-08,9717.125,9717.169921875,9744.9697265625,9683.1396484375,9736.9296875,5043600
2007-10-09,9639.7861328125,9639.830078125,9743.6103515625,9591.9404296875,9743.6103515625,5534400
2007-10-11,9697.625,9697.669921875,9729.4697265625,9661.23046875,9707.9296875,5261600
2007-10-12,9496.4267578125,9496.4697265625,9731.16015625,9490.009765625,9677.330078125,5735600
2007-10-15,9518.4072265625,9518.4501953125,9577.0400390625,9431.66015625,9565.3603515625,4416000
2007-10-16,9592.42578125,9592.4697265625,9618.0302734375,9461.26953125,9468.8798828125,5134200
2007-10-17,9562.1162109375,9562.16015625,9616.259765625,9492.8896484375,9582.1904296875,4530400
2007-10-18,9637.0263671875,9637.0703125,9667.0703125,9574.9599609375,9605.490234375,5548400
2007-10-19,9611.67578125,9611.7197265625,9673.9599609375,9609.580078125,9666.580078125,4674200
2007-10-22,9360.587890625,9360.6298828125,9381.650390625,9275.7197265625,9278.8896484375,4841400
2007-10-23,9502.3466796875,9502.3896484375,9512.5595703125,9419.5400390625,9419.5400390625,4732400
2007-10-24,9442.578125,9442.6201171875,9640.490234375,9442.6201171875,9593.2001953125,4686600
2007-10-25,9568.2158203125,9568.259765625,9573.2900390625,9503.830078125,9546.849609375,4653800
2007-10-26,9631.4658203125,9631.509765625,9661.9404296875,9573.0,9637.490234375,4960800
2007-10-29,9809.8349609375,9809.8798828125,9822.3701171875,9735.4296875,9743.73046875,5997200
2007-10-30,9757.884765625,9757.9296875,9859.650390625,9727.580078125,9854.26953125,5465400
2007-10-31,9711.3251953125,9711.3701171875,9787.900390625,9664.6396484375,9777.580078125,5636800
2007-11-01,9598.1865234375,9598.23046875,9785.75,9556.2197265625,9780.58984375,6153600
2007-11-02,9273.0478515625,9273.08984375,9433.0703125,9248.33984375,9373.41015625,5893000
2007-11-05,9308.5576171875,9308.599609375,9313.849609375,9129.490234375,9251.8603515625,5045200
2007-11-06,9292.7578125,9292.7998046875,9368.4599609375,9278.009765625,9324.6103515625,4565600
2007-11-07,9300.177734375,9300.2197265625,9437.4296875,9300.2197265625,9437.4296875,5016400
2007-11-08,8937.5390625,8937.580078125,9105.6298828125,8890.099609375,9096.0302734375,5887000
2007-11-09,8970.87890625,8970.919921875,9016.73046875,8853.8095703125,8962.240234375,5196200
2007-11-12,8670.5703125,8670.6103515625,8765.509765625,8626.580078125,8755.3701171875,4941200
2007-11-13,8727.169921875,8727.2099609375,8742.41015625,8599.3896484375,8673.2001953125,4718400
2007-11-14,8942.888671875,8942.9296875,8993.8896484375,8940.9599609375,8965.66015625,4834800
2007-11-15,8905.369140625,8905.41015625,8962.2099609375,8897.8896484375,8920.0302734375,3789200
2007-11-16,8764.7802734375,8764.8203125,8790.5703125,8678.5498046875,8767.2099609375,4065000
2007-11-19,8680.669921875,8680.7099609375,8838.2802734375,8680.7099609375,8818.419921875,3681800
2007-11-20,8680.8203125,8680.8603515625,8680.8603515625,8372.0498046875,8483.6103515625,4796600
2007-11-21,8484.0703125,8484.1103515625,8704.080078125,8484.1103515625,8676.9599609375,4278200
2007-11-22,8499.330078125,8499.3701171875,8573.740234375,8390.849609375,8431.0302734375,3930800
2007-11-23,8342.16015625,8342.2001953125,8559.0498046875,8342.2001953125,8550.7001953125,3927200
2007-11-26,8528.2900390625,8528.330078125,8534.26953125,8407.33984375,8462.9296875,3959000
2007-11-27,8375.7197265625,8375.759765625,8454.3603515625,8207.9697265625,8319.6904296875,4142800
2007-11-28,8276.2197265625,8276.259765625,8440.1201171875,8276.259765625,8429.08984375,3672600
2007-11-29,8446.990234375,8447.0302734375,8481.4501953125,8376.08984375,8454.5703125,4048000
2007-11-30,8586.3603515625,8586.400390625,8590.6298828125,8499.23046875,8499.23046875,4540600
2007-12-03,8583.7998046875,8583.83984375,8645.6201171875,8565.080078125,8623.1201171875,3307600
2007-12-04,8651.240234375,8651.2802734375,8656.8896484375,8557.0,8557.3203125,3484000
2007-12-05,8676.91015625,8676.9501953125,8705.8701171875,8601.1298828125,8626.51953125,4147000
2007-12-06,8694.3701171875,8694.41015625,8797.6103515625,8654.8603515625,8784.6904296875,4336000
2007-12-07,8722.33984375,8722.3798828125,8804.9296875,8722.3798828125,8774.5703125,4121200
2007-12-10,8597.990234375,8598.0302734375,8706.580078125,8594.9501953125,8700.48046875,3179600
2007-12-11,8638.2900390625,8638.330078125,8659.3603515625,8569.5400390625,8648.8798828125,3011800
2007-12-12,8490.7998046875,8490.83984375,8554.1201171875,8451.650390625,8495.58984375,3783000
2007-12-13,8187.91259765625,8187.9501953125,8522.1396484375,8187.9501953125,8485.5595703125,4780800
2007-12-14,8118.04248046875,8118.080078125,8202.9404296875,7922.66015625,8186.25,5018200
2007-12-17,7830.81396484375,7830.85009765625,8092.9599609375,7830.85009765625,8041.60009765625,4238600
2007-12-18,7807.3544921875,7807.39013671875,7913.8798828125,7664.6201171875,7730.7900390625,5093400
2007-12-19,8014.2724609375,8014.31005859375,8020.39013671875,7865.47998046875,7881.009765625,4126800
2007-12-20,7857.04345703125,7857.080078125,8048.0,7840.7099609375,8044.169921875,3574200
2007-12-21,7941.40283203125,7941.43994140625,8006.56005859375,7810.27001953125,7903.14013671875,4020400
2007-12-24,8135.4423828125,8135.47998046875,8135.47998046875,8061.31005859375,8074.43994140625,3149200
2007-12-25,8167.0322265625,8167.06982421875,8181.60986328125,8119.85009765625,8166.18017578125,3340600
2007-12-26,8156.3525390625,8156.39013671875,8173.89990234375,8071.6298828125,8125.4501953125,2853000
2007-12-27,8313.6796875,8313.7197265625,8355.2802734375,8169.18994140625,8169.18994140625,4360200
2007-12-28,8396.91015625,8396.9501953125,8460.1796875,8269.3203125,8269.3203125,4325200
2007-12-31,8506.240234375,8506.2802734375,8506.2802734375,8414.7900390625,8450.3203125,3607200
2008-01-02,8323.009765625,8323.0498046875,8532.919921875,8319.580078125,8491.5703125,4372600
2008-01-03,8184.16259765625,8184.2001953125,8243.9296875,8130.41015625,8171.68017578125,3636400
2008-01-04,8221.0595703125,8221.099609375,8247.1796875,8097.85009765625,8134.0400390625,4603600
2008-01-07,7883.3330078125,7883.3701171875,8015.93017578125,7883.3701171875,7959.919921875,4539800
2008-01-08,7962.873046875,7962.91015625,8011.06982421875,7895.77978515625,7909.259765625,4618800
2008-01-09,8085.0224609375,8085.06005859375,8085.06005859375,7818.31005859375,7842.16015625,4682400
2008-01-10,8057.232421875,8057.27001953125,8177.1298828125,8057.27001953125,8153.080078125,4480000
2008-01-11,8029.2724609375,8029.31005859375,8151.9501953125,8026.33984375,8134.10986328125,3920400
2008-01-14,8173.37255859375,8173.41015625,8260.8798828125,8097.68017578125,8254.0,6106000
2008-01-15,8428.7998046875,8428.83984375,8546.2001953125,8312.01953125,8316.240234375,7548600
2008-01-16,8179.50244140625,8179.5400390625,8375.0595703125,8179.5400390625,8286.3095703125,7645200
2008-01-17,8101.59228515625,8101.6298828125,8300.2900390625,8004.47021484375,8245.1904296875,6393800
2008-01-18,8184.6123046875,8184.64990234375,8184.64990234375,7883.91015625,7934.85986328125,5977400
2008-01-21,8110.16259765625,8110.2001953125,8220.6298828125,8099.58984375,8167.47998046875,5519000
2008-01-22,7581.9248046875,7581.9599609375,7741.990234375,7566.75,7595.169921875,4674600
2008-01-23,7408.36572265625,7408.39990234375,7708.27001953125,7384.60986328125,7708.27001953125,5692200
2008-01-24,7517.01513671875,7517.0498046875,7653.080078125,7412.97021484375,7639.22998046875,5326400
2008-01-25,7739.55419921875,7739.58984375,7739.58984375,7648.2900390625,7648.2900390625,4640400
2008-01-28,7485.755859375,7485.7900390625,7705.60986328125,7478.2001953125,7678.81005859375,3969400
2008-01-29,7576.384765625,7576.419921875,7603.3798828125,7447.43994140625,7593.7099609375,3867400
2008-01-30,7543.46533203125,7543.5,7667.06982421875,7507.52001953125,7604.2900390625,4061000
2008-01-31,7521.09521484375,7521.1298828125,7579.43017578125,7400.740234375,7528.18017578125,4342600
2008-02-01,7673.955078125,7673.990234375,7706.02978515625,7583.64990234375,7613.580078125,4123200
2008-02-12,7553.2646484375,7553.2998046875,7619.97998046875,7530.3701171875,7568.2998046875,3811000
2008-02-13,7550.5146484375,7550.5498046875,7655.89013671875,7533.60009765625,7644.7998046875,3561200
2008-02-14,7865.2431640625,7865.27978515625,7865.27978515625,7707.0,7711.4501953125,4326600
2008-02-15,7876.33349609375,7876.3701171875,7888.14990234375,7761.93017578125,7766.490234375,3882600
2008-02-18,7890.86279296875,7890.89990234375,7988.02001953125,7872.7099609375,7925.2998046875,4036800
2008-02-19,8024.37255859375,8024.41015625,8024.41015625,7932.7900390625,7985.47021484375,4502800
2008-02-20,7894.43310546875,7894.47021484375,8040.830078125,7855.47998046875,8000.1201171875,4148400
2008-02-21,8085.892578125,8085.93017578125,8085.93017578125,7972.1298828125,7982.35009765625,4585400
2008-02-22,8108.67236328125,8108.7099609375,8108.7099609375,7986.97021484375,8013.35009765625,4923400
2008-02-25,8286.26953125,8286.3095703125,8307.75,8228.919921875,8228.919921875,6325000
2008-02-26,8307.6298828125,8307.669921875,8386.5400390625,8258.8701171875,8379.5498046875,6403800
2008-02-27,8462.0400390625,8462.080078125,8462.080078125,8362.9404296875,8401.1201171875,6403600
2008-02-29,8412.7197265625,8412.759765625,8473.7099609375,8367.4501953125,8367.4501953125,5924600
2008-03-03,8262.830078125,8262.8701171875,8265.849609375,8147.27001953125,8213.7001953125,5371400
2008-03-04,8470.0703125,8470.1103515625,8471.0703125,8279.01953125,8279.01953125,6154200
2008-03-05,8483.91015625,8483.9501953125,8559.58984375,8439.349609375,8493.9697265625,6387800
2008-03-06,8658.599609375,8658.6396484375,8658.6396484375,8526.3701171875,8559.080078125,6635600
2008-03-07,8531.33984375,8531.3798828125,8624.650390625,8513.240234375,8537.240234375,6186600
2008-03-10,8299.330078125,8299.3701171875,8507.2900390625,8286.5703125,8500.8095703125,5125200
2008-03-11,8381.5595703125,8381.599609375,8381.599609375,8206.740234375,8206.740234375,4787000
2008-03-12,8435.259765625,8435.2998046875,8577.849609375,8424.099609375,8577.849609375,5224600
2008-03-13,8210.9501953125,8210.990234375,8447.98046875,8198.76953125,8408.4599609375,4257000
2008-03-14,8161.3525390625,8161.39013671875,8315.23046875,8120.490234375,8293.1201171875,4559200
2008-03-17,8005.42236328125,8005.4599609375,8053.080078125,7900.7998046875,8041.31005859375,4595400
2008-03-18,8057.7822265625,8057.81982421875,8082.56982421875,7955.47998046875,8039.2900390625,4114800
2008-03-19,8179.3125,8179.35009765625,8233.4697265625,8142.72998046875,8215.7998046875,4831800
2008-03-20,8337.580078125,8337.6201171875,8343.3798828125,8124.669921875,8151.52978515625,5514200
2008-03-21,8524.9501953125,8524.990234375,8539.91015625,8412.51953125,8453.5595703125,6460000
2008-03-24,8865.3095703125,8865.349609375,9049.23046875,8781.01953125,9049.23046875,8697000
2008-03-25,8795.0498046875,8795.08984375,8899.259765625,8761.009765625,8853.7802734375,6914000
2008-03-26,8767.9794921875,8768.01953125,8842.51953125,8712.3896484375,8776.1904296875,6933600
2008-03-27,8605.91015625,8605.9501953125,8708.919921875,8559.099609375,8698.16015625,6124400
2008-03-28,8623.4404296875,8623.48046875,8668.2197265625,8564.0302734375,8591.91015625,5444200
2008-03-31,8572.5498046875,8572.58984375,8627.5302734375,8499.0302734375,8605.900390625,4984600
2008-04-01,8419.6796875,8419.7197265625,8608.9501953125,8419.7197265625,8593.2001953125,5053400
2008-04-02,8605.2802734375,8605.3203125,8619.7802734375,8519.669921875,8578.58984375,5023400
2008-04-03,8596.2998046875,8596.33984375,8621.58984375,8555.6201171875,8593.849609375,4691600
2008-04-07,8729.75,8729.7900390625,8729.7900390625,8619.990234375,8638.6298828125,4730800
2008-04-08,8672.8095703125,8672.849609375,8725.6904296875,8672.849609375,8717.0595703125,4826000
2008-04-09,8667.8896484375,8667.9296875,8759.75,8628.6201171875,8684.66015625,5174000
2008-04-10,8829.3603515625,8829.400390625,8829.400390625,8681.8896484375,8682.099609375,4983000
2008-04-11,8909.5390625,8909.580078125,8937.1201171875,8840.0400390625,8872.650390625,7167000
2008-04-14,8892.638671875,8892.6796875,8928.8701171875,8839.1201171875,8877.4697265625,6673800
2008-04-15,8924.7392578125,8924.7802734375,8951.5595703125,8885.3203125,8931.080078125,6236200
2008-04-16,9065.998046875,9066.0400390625,9068.9697265625,8981.91015625,9007.6298828125,7499400
2008-04-17,9090.3876953125,9090.4296875,9194.8603515625,9063.6904296875,9185.580078125,8117200
2008-04-18,9074.2978515625,9074.33984375,9123.0703125,9025.009765625,9092.9296875,6308800
2008-04-21,9083.2783203125,9083.3203125,9160.099609375,9047.66015625,9156.76953125,6144600
2008-04-22,9037.208984375,9037.25,9081.2900390625,8997.01953125,9067.900390625,5248000
2008-04-23,9008.44921875,9008.490234375,9079.4296875,8951.5302734375,9032.6103515625,5812200
2008-04-24,8990.2890625,8990.330078125,9064.150390625,8974.7900390625,9025.4697265625,5208400
2008-04-25,8947.7890625,8947.830078125,9062.9697265625,8945.2197265625,9053.2998046875,5443800
2008-04-28,9079.5576171875,9079.599609375,9079.599609375,8953.9501953125,8965.73046875,5140800
2008-04-29,8891.69921875,8891.740234375,9077.76953125,8891.740234375,9056.16015625,5244800
2008-04-30,8919.87890625,8919.919921875,8962.990234375,8882.5703125,8917.6201171875,5097200
2008-05-02,8963.5888671875,8963.6298828125,9010.7099609375,8950.2802734375,8998.0595703125,5657600
2008-05-05,8837.0302734375,8837.0703125,8976.2197265625,8814.48046875,8968.5400390625,5174600
2008-05-06,8857.330078125,8857.3701171875,8862.5,8782.9599609375,8852.2001953125,4739600
2008-05-07,8926.298828125,8926.33984375,8977.900390625,8902.1904296875,8919.9296875,5208200
2008-05-08,8866.580078125,8866.6201171875,8880.7099609375,8806.990234375,8865.73046875,5033200
2008-05-09,8792.349609375,8792.3896484375,8896.3095703125,8792.3896484375,8895.0498046875,5184000
2008-05-12,8830.009765625,8830.0498046875,8838.990234375,8754.26953125,8808.58984375,4324000
2008-05-13,8989.4892578125,8989.5302734375,8995.349609375,8859.240234375,8894.9404296875,4869000
2008-05-14,9018.37890625,9018.419921875,9056.7998046875,8994.169921875,9038.849609375,4821000
2008-05-15,9157.1376953125,9157.1796875,9158.9501953125,9087.9501953125,9093.2099609375,6043800
2008-05-16,9197.3681640625,9197.41015625,9241.51953125,9171.3896484375,9211.2099609375,6284600
2008-05-19,9295.158203125,9295.2001953125,9295.2001953125,9207.26953125,9249.5703125,5674400
2008-05-20,9068.84765625,9068.8896484375,9309.9501953125,9057.3095703125,9309.9501953125,6496800
2008-05-21,9015.529296875,9015.5703125,9079.91015625,8973.150390625,9036.5703125,5356800
2008-05-22,9007.9892578125,9008.0302734375,9008.0302734375,8878.0595703125,8898.9404296875,5864600
2008-05-23,8834.6904296875,8834.73046875,9050.7802734375,8834.73046875,9007.2099609375,5748800
2008-05-26,8707.7900390625,8707.830078125,8811.0703125,8706.7802734375,8808.740234375,4512800
2008-05-27,8778.349609375,8778.3896484375,8789.76953125,8723.7197265625,8779.33984375,4165000
2008-05-28,8665.6904296875,8665.73046875,8834.51953125,8665.73046875,8826.9404296875,4378400
2008-05-29,8684.8798828125,8684.919921875,8794.01953125,8675.7099609375,8773.8095703125,4699200
2008-05-30,8619.0400390625,8619.080078125,8765.990234375,8548.3203125,8762.2998046875,5922200
2008-06-02,8724.4296875,8724.4697265625,8724.4697265625,8631.4599609375,8638.48046875,3714200
2008-06-03,8579.3896484375,8579.4296875,8693.48046875,8558.4599609375,8664.66015625,3860400
2008-06-04,8627.759765625,8627.7998046875,8635.9404296875,8562.1298828125,8594.8798828125,3460400
2008-06-05,8738.419921875,8738.4599609375,8745.900390625,8520.7998046875,8649.7197265625,4056600
2008-06-06,8745.3095703125,8745.349609375,8809.330078125,8745.349609375,8802.509765625,4092600
2008-06-09,8587.919921875,8587.9599609375,8596.23046875,8514.9296875,8522.3701171875,3553800
2008-06-10,8369.9599609375,8370.0,8602.1103515625,8370.0,8581.990234375,4150800
2008-06-11,8345.5498046875,8345.58984375,8423.419921875,8297.919921875,8402.3095703125,3919600
2008-06-12,8062.2724609375,8062.31005859375,8216.4296875,8053.06982421875,8212.33984375,4918400
2008-06-13,8105.55224609375,8105.58984375,8161.64013671875,8042.89013671875,8119.490234375,4248200
2008-06-16,8169.732421875,8169.77001953125,8227.3896484375,8139.83984375,8191.22021484375,3585400
2008-06-17,8201.75,8201.7900390625,8203.98046875,8067.9599609375,8182.35009765625,3545600
2008-06-18,8217.5400390625,8217.580078125,8253.849609375,8148.60986328125,8158.64013671875,3427200
2008-06-19,8047.70263671875,8047.740234375,8107.2001953125,8044.66015625,8075.259765625,3587000
2008-06-20,7902.40283203125,7902.43994140625,8088.3798828125,7897.97021484375,8088.3798828125,4130200
2008-06-23,7876.45361328125,7876.490234375,7916.919921875,7749.6201171875,7767.58984375,3589600
2008-06-24,7738.08447265625,7738.1201171875,7928.41015625,7738.1201171875,7888.75,3847200
2008-06-25,7855.0234375,7855.06005859375,7855.06005859375,7679.080078125,7751.1201171875,4147400
2008-06-26,7811.76416015625,7811.7998046875,7904.89990234375,7801.52001953125,7872.56005859375,3821200
2008-06-27,7548.724609375,7548.759765625,7586.5,7466.2001953125,7489.97021484375,4494400
2008-06-30,7523.50537109375,7523.5400390625,7604.419921875,7479.2099609375,7602.509765625,3914600
2008-07-01,7407.94580078125,7407.97998046875,7569.18017578125,7407.97998046875,7528.5400390625,3657400
2008-07-02,7353.826171875,7353.85986328125,7485.27978515625,7351.740234375,7386.27978515625,4238600
2008-07-03,7394.06591796875,7394.10009765625,7439.47021484375,7115.06982421875,7190.75,4977200
2008-07-04,7228.376953125,7228.41015625,7416.25,7226.83984375,7405.33984375,4143200
2008-07-07,7341.076171875,7341.10986328125,7343.6298828125,7179.240234375,7207.919921875,3441200
2008-07-08,7051.818359375,7051.85009765625,7274.93994140625,7016.2099609375,7274.93994140625,4377000
2008-07-09,7048.21826171875,7048.25,7225.60009765625,7042.4599609375,7153.68017578125,4629800
2008-07-10,7075.61767578125,7075.64990234375,7141.02001953125,6976.60009765625,7028.6298828125,3936000
2008-07-11,7244.7265625,7244.759765625,7258.31005859375,7044.47998046875,7095.759765625,4526400
2008-07-14,7156.92724609375,7156.9599609375,7270.490234375,7140.47021484375,7214.2099609375,3766400
2008-07-15,6834.20849609375,6834.240234375,7036.419921875,6832.2998046875,7022.97998046875,4275000
2008-07-16,6710.60888671875,6710.64013671875,6867.72998046875,6708.4599609375,6846.02001953125,4331600
2008-07-17,6974.47802734375,6974.509765625,6976.9599609375,6859.97021484375,6892.35009765625,4572200
2008-07-18,6815.28857421875,6815.31982421875,7075.5,6782.2001953125,7075.5,5042000
2008-07-21,7085.6376953125,7085.669921875,7097.64990234375,6991.7099609375,6991.7099609375,4139200
2008-07-22,7065.6181640625,7065.64990234375,7098.68017578125,6998.1298828125,7029.83984375,3731800
2008-07-23,7309.79638671875,7309.830078125,7330.830078125,7177.72998046875,7194.22021484375,4987600
2008-07-24,7368.04638671875,7368.080078125,7368.080078125,7294.1298828125,7357.14990234375,4996800
2008-07-25,7233.5869140625,7233.6201171875,7234.1201171875,7170.35986328125,7213.31982421875,3616200
2008-07-29,7014.4384765625,7014.47021484375,7052.580078125,6958.89013671875,7052.580078125,4042800
2008-07-30,7070.318359375,7070.35009765625,7151.330078125,7049.580078125,7147.259765625,3467000
2008-07-31,7024.0283203125,7024.06005859375,7172.47998046875,6965.080078125,7135.0400390625,3700600
2008-08-01,7002.50830078125,7002.5400390625,7008.0,6903.85009765625,6920.75,3308000
2008-08-04,6977.328125,6977.35986328125,7010.93017578125,6927.31005859375,6947.25,3136600
2008-08-05,6813.36865234375,6813.39990234375,7005.169921875,6809.9599609375,7005.169921875,4177000
2008-08-06,7026.20849609375,7026.240234375,7026.240234375,6921.97021484375,6941.5,4241600
2008-08-07,7024.54833984375,7024.580078125,7082.35986328125,6993.2001953125,7022.27978515625,3941800
2008-08-08,7209.0068359375,7209.0400390625,7216.580078125,7000.75,7000.75,4943200
2008-08-11,7325.58642578125,7325.6201171875,7357.68994140625,7278.89990234375,7313.080078125,4737000
2008-08-12,7293.76611328125,7293.7998046875,7337.669921875,7260.1201171875,7337.669921875,4271800
2008-08-13,7292.30615234375,7292.33984375,7311.2998046875,7213.10986328125,7272.490234375,4123000
2008-08-14,7326.0361328125,7326.06982421875,7353.31005859375,7253.6298828125,7265.009765625,4276400
2008-08-15,7196.466796875,7196.5,7376.68994140625,7181.68994140625,7374.3798828125,3853200
2008-08-18,7000.70849609375,7000.740234375,7213.68994140625,6996.77978515625,7189.68017578125,3594600
2008-08-19,6978.568359375,6978.60009765625,6998.240234375,6849.830078125,6876.22998046875,3468400
2008-08-20,7040.8681640625,7040.89990234375,7053.56005859375,6898.2900390625,6927.4599609375,3446000
2008-08-21,6918.4482421875,6918.47998046875,7017.10009765625,6918.47998046875,6989.93994140625,3318600
2008-08-22,6911.6083984375,6911.64013671875,6994.7998046875,6837.25,6966.1201171875,3240400
2008-08-25,7030.6884765625,7030.72021484375,7050.31005859375,6935.58984375,6974.06982421875,3047200
2008-08-26,6964.568359375,6964.60009765625,6980.85009765625,6917.31005859375,6945.14013671875,2548200
2008-08-27,7080.93798828125,7080.97021484375,7106.64013671875,6929.8701171875,6950.8798828125,3440000
2008-08-28,7033.33837890625,7033.3701171875,7127.83984375,7025.2998046875,7090.31982421875,3807800
2008-08-29,7046.078125,7046.10986328125,7111.7001953125,7021.31982421875,7092.85009765625,3494400
2008-09-01,6813.05859375,6813.08984375,6967.22021484375,6801.22021484375,6967.22021484375,3445000
2008-09-02,6699.78857421875,6699.81982421875,6811.56982421875,6675.08984375,6802.9599609375,3458400
2008-09-03,6584.89990234375,6584.93017578125,6748.52001953125,6552.10009765625,6706.8701171875,3934800
2008-09-04,6412.60009765625,6412.6298828125,6603.10009765625,6384.14013671875,6534.669921875,4126400
2008-09-05,6307.25048828125,6307.27978515625,6347.47021484375,6211.35009765625,6227.06982421875,3958400
2008-09-08,6658.6591796875,6658.68994140625,6668.4501953125,6548.35986328125,6560.72998046875,3317200
2008-09-09,6424.740234375,6424.77001953125,6598.60986328125,6407.75,6598.60986328125,3529400
2008-09-10,6457.97998046875,6458.009765625,6497.72021484375,6396.27978515625,6396.27978515625,3995200
2008-09-11,6251.9208984375,6251.9501953125,6438.490234375,6249.52001953125,6438.490234375,3718000
2008-09-12,6310.65087890625,6310.68017578125,6354.68017578125,6171.35009765625,6338.60986328125,3648800
2008-09-15,6052.42236328125,6052.4501953125,6202.14013671875,6020.7001953125,6198.2998046875,3130600
2008-09-16,5756.56396484375,5756.58984375,5851.89990234375,5724.52001953125,5748.169921875,3532000
2008-09-17,5800.84423828125,5800.8701171875,6027.2900390625,5747.2998046875,5953.8798828125,4704800
2008-09-18,5641.9248046875,5641.9501953125,5681.830078125,5530.18994140625,5558.0498046875,4143800
2008-09-19,5970.3525390625,5970.3798828125,5982.64013671875,5858.18994140625,5910.759765625,4413200
2008-09-22,6110.572265625,6110.60009765625,6156.85986328125,6032.16015625,6156.85986328125,4353800
2008-09-23,6182.18115234375,6182.2099609375,6182.2099609375,6011.7099609375,6016.56005859375,4144000
2008-09-24,6132.572265625,6132.60009765625,6198.47998046875,6100.330078125,6136.97998046875,4209000
2008-09-25,6060.80224609375,6060.830078125,6164.58984375,6028.77001953125,6056.7001953125,3768200
2008-09-26,5929.6025390625,5929.6298828125,6095.14013671875,5881.580078125,6095.14013671875,3924400
2008-09-30,5719.25439453125,5719.27978515625,5719.27978515625,5534.72021484375,5534.72021484375,2947000
2008-10-01,5763.98388671875,5764.009765625,5854.0,5727.72021484375,5854.0,2825800
2008-10-02,5703.69482421875,5703.72021484375,5840.08984375,5672.39013671875,5764.47998046875,3026800
2008-10-03,5742.2041015625,5742.22998046875,5747.72998046875,5558.35009765625,5611.509765625,3179600
2008-10-06,5505.67529296875,5505.7001953125,5590.52001953125,5505.7001953125,5566.56005859375,2945200
2008-10-07,5524.63525390625,5524.66015625,5539.31005859375,5352.080078125,5352.89990234375,3008200
2008-10-08,5206.3759765625,5206.39990234375,5411.72021484375,5206.39990234375,5374.27001953125,3213800
2008-10-09,5130.68603515625,5130.7099609375,5295.0498046875,5130.7099609375,5183.43017578125,3804400
2008-10-13,5020.41650390625,5020.43994140625,5025.72998046875,4971.35986328125,4996.06005859375,2205000
2008-10-14,5291.5361328125,5291.56005859375,5321.25,5277.2998046875,5321.25,3236800
2008-10-15,5246.23583984375,5246.259765625,5246.259765625,5178.68017578125,5225.0498046875,2673600
2008-10-16,5075.94677734375,5075.97021484375,5085.97021484375,5069.06982421875,5069.06982421875,1698000
2008-10-17,4960.376953125,4960.39990234375,5024.43017578125,4924.72998046875,4993.7900390625,3068400
2008-10-20,4931.8173828125,4931.83984375,4931.83984375,4805.68017578125,4845.31005859375,2195600
2008-10-21,4942.69775390625,4942.72021484375,5045.4501953125,4890.31982421875,4988.85009765625,3491800
2008-10-22,4862.5673828125,4862.58984375,4955.60986328125,4839.169921875,4843.7099609375,2598000
2008-10-23,4730.48828125,4730.509765625,4730.509765625,4706.1298828125,4706.1298828125,1710800
2008-10-24,4579.59912109375,4579.6201171875,4603.56005859375,4579.6201171875,4599.1298828125,1659800
2008-10-27,4366.85009765625,4366.8701171875,4391.9501953125,4301.330078125,4301.330078125,2183600
2008-10-28,4399.9501953125,4399.97021484375,4425.89990234375,4110.08984375,4160.52978515625,4329200
2008-10-29,4406.5,4406.52001953125,4622.5498046875,4395.60986328125,4622.5498046875,4528000
2008-10-30,4683.619140625,4683.64013671875,4684.10986328125,4448.509765625,4448.509765625,4037400
2008-10-31,4870.6376953125,4870.66015625,4911.7998046875,4659.669921875,4707.75,4772600
2008-11-03,4995.037109375,4995.06005859375,5010.56982421875,4836.509765625,4925.740234375,4325600
2008-11-04,4992.60693359375,4992.6298828125,5015.1201171875,4876.0,4991.25,4130200
2008-11-05,4978.23681640625,4978.259765625,5095.97998046875,4965.39990234375,5077.009765625,4516600
2008-11-06,4694.09912109375,4694.1201171875,4741.14013671875,4688.10986328125,4699.08984375,3419000
2008-11-07,4742.30859375,4742.330078125,4777.22998046875,4468.080078125,4468.080078125,3785800
2008-11-10,4740.24853515625,4740.27001953125,4772.31982421875,4657.47021484375,4711.60986328125,3235200
2008-11-11,4638.548828125,4638.56982421875,4706.18017578125,4593.85986328125,4652.6298828125,3284600
2008-11-12,4615.548828125,4615.56982421875,4673.330078125,4545.85986328125,4587.2001953125,2692800
2008-11-13,4437.8095703125,4437.830078125,4438.81982421875,4374.64013671875,4425.25,3261800
2008-11-14,4452.6796875,4452.7001953125,4541.35009765625,4422.75,4537.43017578125,3154600
2008-11-17,4439.779296875,4439.7998046875,4475.93017578125,4362.52978515625,4362.52978515625,2769800
2008-11-18,4305.16015625,4305.18017578125,4376.27978515625,4265.0498046875,4366.33984375,3185400
2008-11-19,4284.06982421875,4284.08984375,4320.85009765625,4226.490234375,4266.0,3091600
2008-11-20,4089.9111328125,4089.929931640625,4191.3701171875,4089.929931640625,4120.509765625,3195600
2008-11-21,4171.080078125,4171.10009765625,4194.7099609375,3955.429931640625,3962.68994140625,3333800
2008-11-24,4160.52001953125,4160.5400390625,4172.490234375,4081.659912109375,4158.759765625,2829600
2008-11-25,4266.47021484375,4266.490234375,4323.93994140625,4220.97021484375,4280.43017578125,3618400
2008-11-26,4271.77978515625,4271.7998046875,4315.080078125,4244.0498046875,4265.64990234375,2964600
2008-11-27,4453.7294921875,4453.75,4472.06982421875,4348.490234375,4348.490234375,3900600
2008-11-28,4460.4697265625,4460.490234375,4476.330078125,4419.02978515625,4444.3701171875,3740400
2008-12-01,4518.40966796875,4518.43017578125,4567.759765625,4418.240234375,4436.1201171875,4199000
2008-12-02,4356.9599609375,4356.97998046875,4356.97998046875,4292.080078125,4310.5,3566600
2008-12-03,4307.23974609375,4307.259765625,4379.25,4289.1298828125,4346.0498046875,4004000
2008-12-04,4254.93994140625,4254.9599609375,4347.66015625,4209.91015625,4347.66015625,3747400
2008-12-05,4225.0498046875,4225.06982421875,4261.31982421875,4190.02001953125,4213.06982421875,2784400
2008-12-08,4418.31005859375,4418.330078125,4424.08984375,4278.60986328125,4278.60986328125,3766800
2008-12-09,4472.6396484375,4472.66015625,4524.3798828125,4456.43994140625,4479.14013671875,4553800
2008-12-10,4658.84912109375,4658.8701171875,4658.8701171875,4470.72998046875,4470.72998046875,5116600
2008-12-11,4655.548828125,4655.56982421875,4694.39990234375,4617.169921875,4665.0400390625,5446400
2008-12-12,4481.24951171875,4481.27001953125,4654.75,4401.0498046875,4600.97021484375,5326000
2008-12-15,4613.69921875,4613.72021484375,4676.4599609375,4588.14013671875,4604.5,3884800
2008-12-16,4616.869140625,4616.89013671875,4616.89013671875,4532.41015625,4570.52001953125,3529400
2008-12-17,4647.9990234375,4648.02001953125,4725.06005859375,4628.22021484375,4706.22998046875,5395800
2008-12-18,4694.7890625,4694.81005859375,4694.81005859375,4625.68994140625,4674.35986328125,4140400
2008-12-19,4694.4990234375,4694.52001953125,4723.7001953125,4622.490234375,4661.68994140625,4417200
2008-12-22,4535.51904296875,4535.5400390625,4750.9599609375,4535.5400390625,4735.169921875,4325600
2008-12-23,4405.83984375,4405.85986328125,4523.1298828125,4359.5498046875,4517.0498046875,3253400
2008-12-24,4423.06982421875,4423.08984375,4439.1298828125,4325.4599609375,4330.419921875,3077800
2008-12-25,4413.43017578125,4413.4501953125,4434.43017578125,4385.77978515625,4430.10009765625,2211800
2008-12-26,4425.06005859375,4425.080078125,4466.75,4396.259765625,4398.52978515625,2233200
2008-12-29,4416.14013671875,4416.16015625,4429.35009765625,4381.490234375,4429.35009765625,1828000
2008-12-30,4589.01904296875,4589.0400390625,4602.2099609375,4463.2998046875,4463.2998046875,3194800
2008-12-31,4591.19921875,4591.22021484375,4627.97998046875,4537.52001953125,4627.97998046875,3320800
2009-01-05,4698.2890625,4698.31005859375,4778.52001953125,4687.56982421875,4725.259765625,3626800
2009-01-06,4727.23828125,4727.259765625,4754.8798828125,4679.43017578125,4719.5400390625,4336400
2009-01-07,4789.81787109375,4789.83984375,4817.43994140625,4752.91015625,4780.43994140625,4666800
2009-01-08,4535.76904296875,4535.7900390625,4687.39990234375,4532.740234375,4670.6201171875,3958600
2009-01-09,4502.7197265625,4502.740234375,4546.7099609375,4472.4501953125,4515.10009765625,3040600
2009-01-12,4453.87939453125,4453.89990234375,4523.009765625,4431.0400390625,4487.68017578125,3008000
2009-01-13,4532.3388671875,4532.35986328125,4532.35986328125,4423.14013671875,4442.3798828125,2691200
2009-01-14,4521.44970703125,4521.47021484375,4579.240234375,4521.47021484375,4538.25,3055800
2009-01-15,4320.75,4320.77001953125,4351.47021484375,4315.6201171875,4350.490234375,2904600
2009-01-16,4353.68017578125,4353.7001953125,4382.43017578125,4313.18994140625,4374.77978515625,2642200
2009-01-19,4366.73974609375,4366.759765625,4398.52978515625,4366.18994140625,4389.080078125,2035000
2009-01-20,4242.58984375,4242.60986328125,4304.35009765625,4242.60986328125,4304.35009765625,2569600
2009-01-21,4247.9501953125,4247.97021484375,4265.330078125,4164.18994140625,4164.68017578125,2581800
2009-02-02,4259.9599609375,4259.97998046875,4285.1201171875,4240.080078125,4277.10009765625,2399800
2009-02-03,4372.7900390625,4372.81005859375,4389.8701171875,4295.259765625,4300.56005859375,2919000
2009-02-04,4389.9501953125,4389.97021484375,4422.56005859375,4366.41015625,4422.56005859375,3048800
2009-02-05,4363.22998046875,4363.25,4422.41015625,4363.25,4380.7998046875,2846200
2009-02-06,4471.2294921875,4471.25,4507.2998046875,4432.16015625,4438.2998046875,3491000
2009-02-09,4494.5693359375,4494.58984375,4574.740234375,4494.58984375,4562.68017578125,3619200
2009-02-10,4526.07958984375,4526.10009765625,4533.9501953125,4491.83984375,4524.0498046875,2979600
2009-02-11,4575.92919921875,4575.9501953125,4575.9501953125,4448.240234375,4448.240234375,3746400
2009-02-12,4466.3994140625,4466.419921875,4594.75,4466.419921875,4581.2998046875,3957400
2009-02-13,4592.47900390625,4592.5,4599.60986328125,4504.7099609375,4504.7099609375,3611600
2009-02-16,4591.23876953125,4591.259765625,4607.97021484375,4575.97998046875,4605.77001953125,3384600
2009-02-17,4491.75927734375,4491.77978515625,4585.27978515625,4475.169921875,4572.97021484375,3134600
2009-02-18,4498.349609375,4498.3701171875,4520.669921875,4428.2900390625,4455.75,3217000
2009-02-19,4528.84912109375,4528.8701171875,4571.31005859375,4433.43017578125,4475.16015625,3394200
2009-02-20,4436.919921875,4436.93994140625,4513.990234375,4436.93994140625,4483.91015625,3045400
2009-02-23,4477.75927734375,4477.77978515625,4485.35986328125,4371.02001953125,4420.43017578125,2863800
2009-02-24,4430.16015625,4430.18017578125,4452.9599609375,4394.759765625,4407.9501953125,2839200
2009-02-25,4493.7197265625,4493.740234375,4549.31982421875,4488.06982421875,4498.91015625,3580600
2009-02-26,4518.53955078125,4518.56005859375,4556.81982421875,4492.7001953125,4548.52978515625,3066200
2009-02-27,4557.12890625,4557.14990234375,4564.31982421875,4507.39013671875,4523.56005859375,3303400
2009-03-02,4425.81005859375,4425.830078125,4528.27001953125,4408.509765625,4528.27001953125,3906800
2009-03-03,4435.31982421875,4435.33984375,4435.33984375,4328.0498046875,4364.3701171875,3511000
2009-03-04,4541.39892578125,4541.419921875,4549.97998046875,4429.509765625,4442.7099609375,4128200
2009-03-05,4637.17919921875,4637.2001953125,4677.89013671875,4598.7998046875,4628.5400390625,5018400
2009-03-06,4653.60888671875,4653.6298828125,4662.35986328125,4597.89013671875,4604.83984375,4139200
2009-03-09,4628.21923828125,4628.240234375,4660.1298828125,4578.0498046875,4643.6201171875,3938200
2009-03-10,4670.9990234375,4671.02001953125,4688.6298828125,4605.919921875,4605.919921875,4484400
2009-03-11,4759.9384765625,4759.9599609375,4798.06005859375,4747.89013671875,4789.7998046875,5713200
2009-03-12,4754.62841796875,4754.64990234375,4794.93994140625,4743.759765625,4782.2099609375,4327000
2009-03-13,4897.36767578125,4897.39013671875,4923.56982421875,4830.169921875,4844.97021484375,5976000
2009-03-16,4971.296875,4971.31982421875,4991.58984375,4915.39990234375,4940.85009765625,5243200
2009-03-17,5041.36669921875,5041.39013671875,5050.6298828125,4954.5,4998.89990234375,5435200
2009-03-18,5047.5166015625,5047.5400390625,5083.5498046875,5021.47998046875,5074.6298828125,5605000
2009-03-19,5035.90673828125,5035.93017578125,5125.39990234375,5035.81982421875,5090.5,6125000
2009-03-20,4961.59716796875,4961.6201171875,5069.419921875,4961.6201171875,5060.25,5149600
2009-03-23,5124.15625,5124.18017578125,5124.18017578125,5015.81982421875,5022.60009765625,4549600
2009-03-24,5242.15625,5242.18017578125,5264.93994140625,5205.93994140625,5237.77978515625,6609200
2009-03-25,5346.35595703125,5346.3798828125,5365.81005859375,5226.490234375,5248.77978515625,7001400
2009-03-26,5386.53564453125,5386.56005859375,5422.9501953125,5335.35009765625,5374.77001953125,7339800
2009-03-27,5390.67529296875,5390.7001953125,5468.490234375,5367.990234375,5468.490234375,7301000
2009-03-30,5206.02587890625,5206.0498046875,5362.89990234375,5166.8701171875,5362.89990234375,6138600
2009-03-31,5210.81591796875,5210.83984375,5286.4501953125,5194.93017578125,5214.9599609375,5029000
2009-04-02,5473.7548828125,5473.77978515625,5477.97021484375,5401.2998046875,5428.919921875,7837800
2009-04-03,5529.60498046875,5529.6298828125,5567.14990234375,5482.18017578125,5541.33984375,8533200
2009-04-06,5556.1953125,5556.22021484375,5624.27978515625,5521.8798828125,5590.7001953125,7273200
2009-04-07,5576.8251953125,5576.85009765625,5576.85009765625,5484.89013671875,5497.8798828125,5954800
2009-04-08,5443.53515625,5443.56005859375,5608.9599609375,5435.0400390625,5534.580078125,7470600
2009-04-09,5667.7744140625,5667.7998046875,5667.7998046875,5526.1298828125,5532.990234375,7002600
2009-04-10,5781.93408203125,5781.9599609375,5788.2099609375,5696.56005859375,5784.89990234375,7954400
2009-04-13,5857.61328125,5857.64013671875,5861.10986328125,5784.10009765625,5814.169921875,7212600
2009-04-14,5892.6533203125,5892.68017578125,5898.759765625,5765.81005859375,5814.419921875,6466800
2009-04-15,5875.1630859375,5875.18994140625,5904.27978515625,5798.6201171875,5879.85986328125,6486200
2009-04-16,5997.14208984375,5997.169921875,6025.85009765625,5965.47998046875,6009.669921875,7799200
2009-04-17,5755.35400390625,5755.3798828125,6071.06005859375,5706.02978515625,6068.5498046875,10438800
2009-04-20,5781.63427734375,5781.66015625,5797.6298828125,5648.10009765625,5764.47998046875,6013800
2009-04-21,5881.38330078125,5881.41015625,5881.41015625,5663.56005859375,5665.93994140625,5742200
2009-04-22,5886.0830078125,5886.10986328125,5925.919921875,5856.1298828125,5887.47998046875,6273800
2009-04-23,5875.21337890625,5875.240234375,5903.47021484375,5789.27001953125,5900.4501953125,6048800
2009-04-24,5880.7431640625,5880.77001953125,5987.22998046875,5824.419921875,5913.1298828125,6519600
2009-04-27,5705.0244140625,5705.0498046875,5946.97021484375,5672.25,5931.8701171875,6312600
2009-04-28,5596.70458984375,5596.72998046875,5773.52978515625,5596.72998046875,5744.77001953125,5991400
2009-04-29,5614.03466796875,5614.06005859375,5649.240234375,5571.93017578125,5627.5400390625,5284400
2009-04-30,5992.5419921875,5992.56982421875,5995.1201171875,5932.02978515625,5964.02978515625,5619800
2009-05-04,6330.3701171875,6330.39990234375,6356.2900390625,6256.2900390625,6285.60009765625,6844800
2009-05-05,6379.91015625,6379.93994140625,6562.77001953125,6326.759765625,6557.75,9164800
2009-05-06,6566.669921875,6566.7001953125,6570.5,6372.93994140625,6389.5498046875,9475600
2009-05-07,6572.83984375,6572.8701171875,6628.5400390625,6455.22998046875,6603.52001953125,10118400
2009-05-08,6583.83984375,6583.8701171875,6587.6201171875,6483.2099609375,6510.22021484375,7952800
2009-05-11,6647.46923828125,6647.5,6680.97021484375,6571.41015625,6581.7001953125,7872200
2009-05-12,6432.52001953125,6432.5498046875,6553.68994140625,6404.93017578125,6550.27978515625,6936000
2009-05-13,6485.1103515625,6485.14013671875,6512.06982421875,6435.490234375,6449.4599609375,6229200
2009-05-14,6364.14013671875,6364.169921875,6435.41015625,6339.47021484375,6362.77001953125,6386600
2009-05-15,6489.0595703125,6489.08984375,6520.0400390625,6427.6298828125,6446.39990234375,6753200
2009-05-18,6577.77978515625,6577.81005859375,6577.81005859375,6457.14013671875,6516.1298828125,6952000
2009-05-19,6655.55908203125,6655.58984375,6784.259765625,6620.52978515625,6750.0400390625,8821200
2009-05-20,6703.5888671875,6703.6201171875,6740.75,6590.7900390625,6708.5400390625,7998600
2009-05-21,6718.77880859375,6718.81005859375,6746.10009765625,6650.330078125,6690.85009765625,7550800
2009-05-22,6737.2587890625,6737.2900390625,6781.14013671875,6650.509765625,6650.509765625,7378800
2009-05-25,6734.4287109375,6734.4599609375,6878.66015625,6708.18994140625,6838.7001953125,7459200
2009-05-26,6683.07861328125,6683.10986328125,6830.240234375,6649.9501953125,6780.3701171875,8110400
2009-05-27,6890.408203125,6890.43994140625,6930.58984375,6743.39013671875,6800.56005859375,8228800
2009-06-01,6954.068359375,6954.10009765625,7033.330078125,6892.68994140625,7033.330078125,7423000
2009-06-02,6949.04833984375,6949.080078125,7084.830078125,6899.97998046875,7058.1201171875,8740600
2009-06-03,6893.1083984375,6893.14013671875,6931.2900390625,6847.759765625,6915.0,5761400
2009-06-04,6786.02880859375,6786.06005859375,6907.8701171875,6716.330078125,6887.8798828125,5706000
2009-06-05,6767.06884765625,6767.10009765625,6829.66015625,6743.14990234375,6825.72998046875,4586200
2009-06-08,6627.9892578125,6628.02001953125,6907.31982421875,6628.02001953125,6907.31982421875,5640800
2009-06-09,6414.3603515625,6414.39013671875,6640.43994140625,6394.33984375,6636.83984375,5955800
2009-06-10,6462.240234375,6462.27001953125,6512.22021484375,6389.93994140625,6478.4599609375,4270400
2009-06-11,6567.33984375,6567.3701171875,6567.3701171875,6353.77978515625,6458.6201171875,4319400
2009-06-12,6448.2001953125,6448.22998046875,6586.2001953125,6443.85986328125,6552.580078125,4737200
2009-06-15,6225.53125,6225.56005859375,6383.97998046875,6188.7001953125,6362.22021484375,4354600
2009-06-16,6220.78125,6220.81005859375,6257.1298828125,6143.240234375,6220.5400390625,4067200
2009-06-17,6195.88134765625,6195.91015625,6306.4599609375,6191.580078125,6239.509765625,3744200
2009-06-18,6144.5009765625,6144.52978515625,6279.35986328125,6100.080078125,6246.85009765625,3694000
2009-06-19,6231.12109375,6231.14990234375,6231.8798828125,6151.509765625,6187.97021484375,3203200
2009-06-22,6341.18017578125,6341.2099609375,6348.740234375,6193.08984375,6256.3798828125,3511800
2009-06-23,6197.44140625,6197.47021484375,6262.2900390625,6197.47021484375,6206.31005859375,3407200
2009-06-24,6380.05029296875,6380.080078125,6511.97021484375,6191.6298828125,6230.759765625,5013200
2009-06-25,6457.580078125,6457.60986328125,6497.3798828125,6404.3798828125,6427.8798828125,4859200
2009-06-26,6463.5302734375,6463.56005859375,6527.85986328125,6460.91015625,6515.64013671875,4081400
2009-06-29,6391.1201171875,6391.14990234375,6522.1298828125,6391.14990234375,6512.419921875,3634600
2009-06-30,6432.13037109375,6432.16015625,6503.97998046875,6381.419921875,6485.330078125,3719800
2009-07-01,6578.93994140625,6578.97021484375,6593.77978515625,6433.68994140625,6445.85009765625,3790000
2009-07-02,6667.4990234375,6667.52978515625,6686.7001953125,6600.91015625,6613.72021484375,5084600
2009-07-03,6665.369140625,6665.39990234375,6685.27978515625,6607.6201171875,6632.97998046875,4293000
2009-07-06,6649.87939453125,6649.91015625,6693.43994140625,6615.89990234375,6691.02001953125,3910000
2009-07-07,6715.18896484375,6715.22021484375,6745.31005859375,6656.89013671875,6675.81005859375,4519000
2009-07-08,6668.109375,6668.14013671875,6692.759765625,6629.830078125,6667.97998046875,4213200
2009-07-09,6748.14892578125,6748.18017578125,6803.830078125,6696.72021484375,6696.72021484375,5196000
2009-07-10,6769.82861328125,6769.85986328125,6807.4599609375,6739.0498046875,6807.4599609375,3974800
2009-07-13,6530.78955078125,6530.81982421875,6797.72021484375,6525.89990234375,6795.22998046875,4624600
2009-07-14,6639.37939453125,6639.41015625,6657.169921875,6568.91015625,6584.89990234375,3484400
2009-07-15,6738.56884765625,6738.60009765625,6774.27978515625,6651.85986328125,6672.27978515625,4834400
2009-07-16,6780.2685546875,6780.2998046875,6878.68017578125,6770.509765625,6863.85986328125,5189000
2009-07-17,6850.95849609375,6850.990234375,6870.580078125,6791.75,6851.9599609375,4515600
2009-07-20,6938.828125,6938.85986328125,6961.4501953125,6861.02001953125,6921.64013671875,5191200
2009-07-21,6953.30810546875,6953.33984375,7002.31982421875,6904.8798828125,6995.5,5426600
2009-07-22,6985.2880859375,6985.31982421875,7030.1298828125,6955.3701171875,6979.41015625,5753600
2009-07-23,6980.84814453125,6980.8798828125,7023.669921875,6926.27001953125,6987.7900390625,5020600
2009-07-24,6973.248046875,6973.27978515625,7046.4599609375,6950.919921875,7046.4599609375,5299200
2009-07-27,7028.3984375,7028.43017578125,7059.4599609375,6954.2998046875,7008.18017578125,4144400
2009-07-28,7142.59716796875,7142.6298828125,7142.6298828125,7038.72998046875,7038.72998046875,5615400
2009-07-29,7083.59765625,7083.6298828125,7185.52001953125,7070.72021484375,7185.52001953125,5961400
2009-07-30,7027.078125,7027.10986328125,7068.43017578125,6944.5,7063.47021484375,5035400
2009-07-31,7077.677734375,7077.7099609375,7132.10986328125,7044.7001953125,7111.14990234375,5679600
2009-08-03,7056.67822265625,7056.7099609375,7084.58984375,6986.2900390625,7036.47021484375,5150200
2009-08-04,6955.83837890625,6955.8701171875,7138.93994140625,6921.0400390625,7129.43017578125,6550000
2009-08-05,6848.20849609375,6848.240234375,7013.60009765625,6827.16015625,6979.72998046875,4982800
2009-08-06,6868.6181640625,6868.64990234375,6888.08984375,6775.8701171875,6886.7001953125,5078400
2009-08-10,6882.83837890625,6882.8701171875,6909.16015625,6836.9599609375,6858.8701171875,3538400
2009-08-11,6908.98828125,6909.02001953125,6921.85009765625,6812.06005859375,6904.4501953125,3696000
2009-08-12,6898.8681640625,6898.89990234375,6933.509765625,6864.91015625,6878.33984375,3640000
2009-08-13,7034.92822265625,7034.9599609375,7037.47021484375,6931.5498046875,6949.5,4410000
2009-08-14,7069.47802734375,7069.509765625,7132.330078125,7062.490234375,7091.81982421875,4547600
2009-08-17,6931.76806640625,6931.7998046875,7051.77978515625,6931.7998046875,7034.27001953125,3537400
2009-08-18,6789.73876953125,6789.77001953125,6904.64013671875,6746.2998046875,6843.27001953125,4096400
2009-08-19,6788.548828125,6788.580078125,6854.58984375,6786.7900390625,6843.68994140625,2661000
2009-08-20,6733.19873046875,6733.22998046875,6784.91015625,6647.31982421875,6784.91015625,3529000
2009-08-21,6654.76904296875,6654.7998046875,6824.64990234375,6629.10009765625,6785.7001953125,3871400
2009-08-24,6838.21826171875,6838.25,6859.7900390625,6762.68017578125,6766.759765625,3082400
2009-08-25,6809.37890625,6809.41015625,6865.919921875,6800.35009765625,6840.27001953125,2951200
2009-08-26,6719.1787109375,6719.2099609375,6827.89013671875,6663.83984375,6816.419921875,3765600
2009-08-27,6690.71875,6690.75,6753.72998046875,6658.72998046875,6678.240234375,3009200
2009-08-28,6809.82861328125,6809.85986328125,6824.64990234375,6711.16015625,6727.419921875,3223200
2009-08-31,6825.9189453125,6825.9501953125,6848.9599609375,6760.0498046875,6844.91015625,3066000
2009-09-01,7019.71826171875,7019.75,7019.75,6807.6201171875,6834.6298828125,4414000
2009-09-02,7039.73828125,7039.77001953125,7057.009765625,6961.009765625,6966.18017578125,4190000
2009-09-03,7104.61767578125,7104.64990234375,7131.31005859375,7011.35986328125,7060.66015625,4667200
2009-09-04,7153.09716796875,7153.1298828125,7178.5400390625,7121.2099609375,7167.240234375,4596200
2009-09-07,7224.556640625,7224.58984375,7240.33984375,7169.39990234375,7192.16015625,4238800
2009-09-08,7313.95654296875,7313.990234375,7350.8798828125,7202.68994140625,7263.22998046875,5261400
2009-09-09,7250.6865234375,7250.72021484375,7363.10986328125,7250.72021484375,7344.259765625,4678400
2009-09-10,7332.04638671875,7332.080078125,7507.490234375,7286.81982421875,7507.490234375,5713400
2009-09-11,7337.1064453125,7337.14013671875,7355.9599609375,7295.85009765625,7300.009765625,3511000
2009-09-14,7256.91650390625,7256.9501953125,7350.919921875,7218.18017578125,7337.0400390625,3366800
2009-09-15,7346.22607421875,7346.259765625,7362.16015625,7252.330078125,7269.89990234375,3504400
2009-09-16,7440.2060546875,7440.240234375,7457.39990234375,7391.83984375,7414.9599609375,4713200
2009-09-17,7477.265625,7477.2998046875,7513.72998046875,7451.2998046875,7502.68994140625,5246000
2009-09-18,7526.51513671875,7526.5498046875,7526.5498046875,7434.830078125,7463.39013671875,4007200
2009-09-21,7502.42578125,7502.4599609375,7558.8798828125,7439.02978515625,7523.0,4405600
2009-09-22,7468.99560546875,7469.02978515625,7526.22998046875,7463.41015625,7522.830078125,4144200
2009-09-23,7376.7255859375,7376.759765625,7534.66015625,7352.22998046875,7493.97998046875,4639400
2009-09-24,7324.1865234375,7324.22021484375,7386.990234375,7280.0400390625,7372.10986328125,3257400
2009-09-25,7345.1865234375,7345.22021484375,7361.93017578125,7284.330078125,7298.3701171875,3383600
2009-09-28,7284.576171875,7284.60986328125,7354.7998046875,7257.6298828125,7332.490234375,2706200
2009-09-29,7429.94580078125,7429.97998046875,7436.2900390625,7378.97021484375,7385.83984375,3576200
2009-09-30,7509.1357421875,7509.169921875,7534.5498046875,7443.8798828125,7456.56982421875,4198800
2009-10-01,7545.2548828125,7545.2900390625,7599.6201171875,7492.6201171875,7581.3798828125,4968000
2009-10-02,7411.845703125,7411.8798828125,7483.43017578125,7391.6298828125,7415.16015625,4034400
2009-10-05,7437.94580078125,7437.97998046875,7437.97998046875,7381.02001953125,7424.240234375,3274000
2009-10-06,7536.01513671875,7536.0498046875,7566.8798828125,7447.5400390625,7479.509765625,4920600
2009-10-07,7608.625,7608.66015625,7619.02978515625,7562.89990234375,7617.7900390625,5540000
2009-10-08,7503.27587890625,7503.31005859375,7635.66015625,7500.31982421875,7615.60986328125,5664000
2009-10-09,7571.9248046875,7571.9599609375,7597.7900390625,7506.77001953125,7572.7900390625,4741200
2009-10-12,7599.8447265625,7599.8798828125,7620.169921875,7537.2001953125,7620.169921875,4193400
2009-10-13,7596.56494140625,7596.60009765625,7607.41015625,7471.52978515625,7484.4599609375,4785600
2009-10-14,7695.71484375,7695.75,7700.419921875,7618.7900390625,7649.06982421875,5239000
2009-10-15,7710.36474609375,7710.39990234375,7780.66015625,7692.580078125,7778.35009765625,6033800
2009-10-16,7715.06494140625,7715.10009765625,7738.0400390625,7691.39013671875,7712.02978515625,4219000
2009-10-19,7751.2841796875,7751.31982421875,7758.1298828125,7691.2099609375,7712.330078125,4011000
2009-10-20,7753.484375,7753.52001953125,7811.919921875,7753.52001953125,7808.02978515625,4478600
2009-10-21,7701.46484375,7701.5,7774.39990234375,7675.60986328125,7751.75,4621000
2009-10-22,7607.89501953125,7607.93017578125,7710.81982421875,7577.89013671875,7692.75,4868600
2009-10-23,7649.24462890625,7649.27978515625,7671.91015625,7614.75,7651.64013671875,3945200
2009-10-26,7668.36474609375,7668.39990234375,7751.68017578125,7658.22021484375,7701.18994140625,3758000
2009-10-27,7657.3046875,7657.33984375,7657.33984375,7586.52978515625,7635.08984375,3260600
2009-10-28,7533.91552734375,7533.9501953125,7675.14990234375,7533.9501953125,7637.43994140625,3735200
2009-10-29,7355.65625,7355.68994140625,7426.47021484375,7233.6298828125,7417.1298828125,5153800
2009-10-30,7340.04638671875,7340.080078125,7433.2099609375,7340.080078125,7428.72021484375,3621000
2009-11-02,7335.146484375,7335.18017578125,7336.64990234375,7218.89013671875,7238.2998046875,3131000
2009-11-03,7322.896484375,7322.93017578125,7368.27978515625,7314.97021484375,7339.35986328125,2929000
2009-11-04,7467.005859375,7467.0400390625,7467.0400390625,7365.259765625,7375.81982421875,3706800
2009-11-05,7417.42578125,7417.4599609375,7481.580078125,7412.740234375,7471.60986328125,3193400
2009-11-06,7463.015625,7463.0498046875,7521.009765625,7450.68017578125,7516.39990234375,3327200
2009-11-09,7536.66552734375,7536.7001953125,7562.58984375,7512.5,7562.58984375,2950400
2009-11-10,7593.455078125,7593.490234375,7614.5400390625,7576.27978515625,7613.33984375,3245200
2009-11-11,7668.02490234375,7668.06005859375,7670.759765625,7555.830078125,7603.68017578125,3483200
2009-11-12,7670.89501953125,7670.93017578125,7709.89013671875,7658.60009765625,7682.75,4008400
2009-11-13,7665.5947265625,7665.6298828125,7695.10986328125,7639.56982421875,7651.1298828125,3472400
2009-11-16,7792.64453125,7792.68017578125,7792.68017578125,7699.31982421875,7701.97021484375,4253800
2009-11-17,7733.1748046875,7733.2099609375,7875.47998046875,7733.2099609375,7875.47998046875,5580800
2009-11-18,7766.654296875,7766.68994140625,7803.35986328125,7737.58984375,7766.68017578125,4668200
2009-11-19,7759.9443359375,7759.97998046875,7797.41015625,7751.06005859375,7767.97998046875,4462200
2009-11-20,7682.93505859375,7682.97021484375,7741.72021484375,7649.18994140625,7741.72021484375,4312200
2009-11-23,7687.11474609375,7687.14990234375,7714.7001953125,7671.5400390625,7694.89990234375,3229800
2009-11-24,7714.52490234375,7714.56005859375,7735.91015625,7696.10009765625,7723.1298828125,3854600
2009-11-25,7756.2744140625,7756.31005859375,7784.27978515625,7716.35986328125,7718.77978515625,4332400
2009-11-26,7739.12451171875,7739.16015625,7818.0,7733.75,7795.259765625,4478000
2009-11-27,7490.8759765625,7490.91015625,7633.5,7490.91015625,7614.41015625,5113000
2009-11-30,7582.1748046875,7582.2099609375,7604.5498046875,7569.240234375,7582.68994140625,3368600
2009-12-01,7649.19482421875,7649.22998046875,7659.81982421875,7549.009765625,7615.9501953125,4044400
2009-12-02,7677.5849609375,7677.6201171875,7741.85009765625,7671.990234375,7715.64013671875,4569600
2009-12-03,7684.634765625,7684.669921875,7738.02978515625,7658.509765625,7733.509765625,3625600
2009-12-04,7650.875,7650.91015625,7707.10986328125,7650.77001953125,7685.14013671875,3648400
2009-12-07,7775.6044921875,7775.64013671875,7783.2001953125,7704.68994140625,7704.68994140625,4278400
2009-12-08,7768.67431640625,7768.7099609375,7802.27001953125,7731.009765625,7802.27001953125,4230200
2009-12-09,7797.38427734375,7797.419921875,7797.419921875,7742.919921875,7747.60009765625,4522800
2009-12-10,7677.875,7677.91015625,7829.41015625,7631.06005859375,7822.66015625,5702200
2009-12-11,7795.0341796875,7795.06982421875,7795.06982421875,7700.759765625,7709.9599609375,4659000
2009-12-14,7819.09423828125,7819.1298828125,7841.509765625,7770.2001953125,7793.14013671875,4857800
2009-12-15,7807.58447265625,7807.6201171875,7846.77978515625,7792.56005859375,7838.52978515625,4637400
2009-12-16,7751.564453125,7751.60009765625,7801.2998046875,7724.580078125,7801.2998046875,3958400
2009-12-17,7742.13427734375,7742.169921875,7836.43017578125,7728.8798828125,7804.7001953125,4446200
2009-12-18,7753.59423828125,7753.6298828125,7753.6298828125,7688.0,7690.43994140625,3473600
2009-12-21,7787.234375,7787.27001953125,7827.14013671875,7787.27001953125,7797.64990234375,3749600
2009-12-22,7855.96337890625,7856.0,7871.58984375,7823.33984375,7850.0498046875,3844600
2009-12-23,7901.462890625,7901.5,7910.8798828125,7873.22021484375,7892.75,4158200
2009-12-24,7963.5029296875,7963.5400390625,7988.14990234375,7928.08984375,7935.33984375,4802600
2009-12-25,7972.552734375,7972.58984375,8009.0,7965.3701171875,8007.5,4429400
2009-12-28,8057.45263671875,8057.490234375,8079.6201171875,8007.5400390625,8007.5400390625,5306400
2009-12-29,8053.79248046875,8053.830078125,8088.009765625,8031.490234375,8088.009765625,4764000
2009-12-30,8112.2421875,8112.27978515625,8118.6298828125,8060.330078125,8078.91015625,5184200
2009-12-31,8188.072265625,8188.10986328125,8188.7998046875,8138.580078125,8155.169921875,5857800
2010-01-04,8207.8095703125,8207.849609375,8240.4501953125,8143.4501953125,8222.419921875,6429400
2010-01-05,8211.3603515625,8211.400390625,8283.6396484375,8162.5400390625,8277.7099609375,6762000
2010-01-06,8327.580078125,8327.6201171875,8327.8701171875,8216.919921875,8237.099609375,6421600
2010-01-07,8237.3798828125,8237.419921875,8369.5498046875,8233.58984375,8344.5595703125,7133000
2010-01-08,8280.8603515625,8280.900390625,8290.66015625,8178.93017578125,8266.8701171875,5764400
2010-01-11,8323.7802734375,8323.8203125,8357.900390625,8281.7197265625,8291.51953125,5857000
2010-01-12,8309.330078125,8309.3701171875,8356.9697265625,8262.580078125,8343.73046875,5246000
2010-01-13,8196.51953125,8196.5595703125,8257.830078125,8194.8095703125,8229.25,4925600
2010-01-14,8289.9404296875,8289.98046875,8313.9404296875,8237.669921875,8245.8603515625,4837200
2010-01-15,8356.849609375,8356.8896484375,8380.23046875,8325.8203125,8340.599609375,5643400
2010-01-18,8337.7802734375,8337.8203125,8367.650390625,8290.3798828125,8290.3798828125,5100400
2010-01-19,8248.9599609375,8249.0,8395.3896484375,8227.2998046875,8387.66015625,5582400
2010-01-20,8220.8896484375,8220.9296875,8309.1904296875,8191.43994140625,8309.1904296875,5009800
2010-01-21,8127.83251953125,8127.8701171875,8208.2099609375,8107.5498046875,8189.5,4596800
2010-01-22,7927.27294921875,7927.31005859375,8015.9501953125,7912.85009765625,7986.43017578125,4907200
2010-01-25,7872.95361328125,7872.990234375,7938.14013671875,7828.33984375,7845.2998046875,3663800
2010-01-26,7598.77490234375,7598.81005859375,7922.06982421875,7572.580078125,7903.02978515625,5680000
2010-01-27,7559.99462890625,7560.02978515625,7656.9501953125,7530.41015625,7639.72021484375,3986200
2010-01-28,7694.544921875,7694.580078125,7756.77001953125,7607.56005859375,7630.16015625,3931200
2010-01-29,7640.40478515625,7640.43994140625,7649.72998046875,7481.89990234375,7593.3798828125,3949400
2010-02-01,7524.63525390625,7524.669921875,7661.7001953125,7493.81005859375,7653.89013671875,3222400
2010-02-02,7429.57568359375,7429.60986328125,7635.72998046875,7398.7998046875,7633.740234375,3759800
2010-02-03,7547.94482421875,7547.97998046875,7550.81982421875,7441.919921875,7523.7900390625,3152400
2010-02-04,7542.00537109375,7542.0400390625,7578.18017578125,7504.9599609375,7563.18994140625,2813800
2010-02-05,7217.796875,7217.830078125,7352.97998046875,7196.39013671875,7323.16015625,4614600
2010-02-08,7215.8466796875,7215.8798828125,7253.240234375,7173.18017578125,7236.6298828125,3033600
2010-02-09,7361.00634765625,7361.0400390625,7381.81982421875,7197.1298828125,7225.7099609375,3730000
2010-02-10,7441.8056640625,7441.83984375,7496.33984375,7404.97021484375,7438.1201171875,3984400
2010-02-22,7560.0048828125,7560.0400390625,7619.8701171875,7553.2900390625,7619.8701171875,3187400
2010-02-23,7597.40478515625,7597.43994140625,7597.43994140625,7502.4501953125,7575.6201171875,2992800
2010-02-24,7529.63525390625,7529.669921875,7585.18994140625,7515.3798828125,7516.47021484375,2858200
2010-02-25,7426.92578125,7426.9599609375,7568.419921875,7400.419921875,7568.419921875,3420800
2010-02-26,7436.06591796875,7436.10009765625,7479.27978515625,7383.68017578125,7451.169921875,2737400
2010-03-01,7577.71484375,7577.75,7620.56005859375,7451.08984375,7492.83984375,3501600
2010-03-02,7597.5849609375,7597.6201171875,7664.490234375,7592.66015625,7649.6201171875,3158200
2010-03-03,7629.48486328125,7629.52001953125,7670.25,7604.85986328125,7628.77978515625,3005000
2010-03-04,7569.7646484375,7569.7998046875,7664.0,7524.18994140625,7664.0,3480400
2010-03-05,7666.224609375,7666.259765625,7694.89013671875,7618.0,7659.759765625,3218800
2010-03-08,7762.234375,7762.27001953125,7763.759765625,7716.27978515625,7741.7998046875,3455000
2010-03-09,7770.55419921875,7770.58984375,7770.58984375,7737.64990234375,7762.39990234375,2978600
2010-03-10,7779.04443359375,7779.080078125,7803.27001953125,7736.7001953125,7797.7001953125,2974000
2010-03-11,7749.62451171875,7749.66015625,7818.83984375,7749.39990234375,7817.58984375,3106000
2010-03-12,7748.29443359375,7748.330078125,7773.52001953125,7726.08984375,7773.52001953125,2575400
2010-03-15,7634.884765625,7634.919921875,7766.35986328125,7634.919921875,7750.8701171875,2705800
2010-03-16,7695.5947265625,7695.6298828125,7695.81005859375,7645.169921875,7671.41015625,2343400
2010-03-17,7847.8037109375,7847.83984375,7849.3798828125,7762.85009765625,7763.43017578125,3959000
2010-03-18,7886.302734375,7886.33984375,7922.47998046875,7847.5498046875,7861.27001953125,4674600
2010-03-19,7897.873046875,7897.91015625,7899.009765625,7859.2900390625,7899.009765625,4037000
2010-03-22,7835.94384765625,7835.97998046875,7872.77978515625,7791.25,7861.89990234375,3768800
2010-03-23,7811.83447265625,7811.8701171875,7889.0400390625,7804.39990234375,7880.1201171875,4063400
2010-03-24,7822.673828125,7822.7099609375,7881.3701171875,7822.7099609375,7875.27001953125,4041400
2010-03-25,7838.06396484375,7838.10009765625,7856.31005859375,7753.509765625,7824.740234375,3696800
2010-03-26,7876.8232421875,7876.85986328125,7909.41015625,7770.419921875,7808.14990234375,3781000
2010-03-29,7947.4130859375,7947.4501953125,7961.14013671875,7909.06005859375,7918.9501953125,3972800
2010-03-30,7962.18310546875,7962.22021484375,7994.6201171875,7942.47021484375,7992.1201171875,3880200
2010-03-31,7920.02294921875,7920.06005859375,7974.89013671875,7920.06005859375,7962.91015625,3841600
2010-04-01,8013.05224609375,8013.08984375,8026.06005859375,7952.6201171875,7952.6201171875,4758600
2010-04-02,8025.892578125,8025.93017578125,8050.990234375,8021.91015625,8046.2900390625,3764600
2010-04-06,8089.6123046875,8089.64990234375,8128.080078125,8082.3701171875,8083.02978515625,4339600
2010-04-07,8121.7421875,8121.77978515625,8133.4501953125,8091.27978515625,8131.39990234375,4172600
2010-04-08,8057.5625,8057.60009765625,8149.68017578125,8038.3701171875,8106.0,5082800
2010-04-09,8091.9921875,8092.02978515625,8094.35009765625,8039.41015625,8073.52001953125,3819000
2010-04-12,8117.71240234375,8117.75,8152.52978515625,8092.93994140625,8149.759765625,4184800
2010-04-13,8029.6923828125,8029.72998046875,8104.14013671875,8022.93994140625,8090.5400390625,4054200
2010-04-14,8097.09228515625,8097.1298828125,8102.3798828125,8040.009765625,8077.93994140625,3749000
2010-04-15,8171.90234375,8171.93994140625,8190.009765625,8136.31982421875,8168.10986328125,5190600
2010-04-16,8111.5322265625,8111.56982421875,8162.85009765625,8090.68017578125,8161.85009765625,4369400
2010-04-19,7854.18359375,7854.22021484375,8042.0498046875,7845.77001953125,8003.02001953125,5187400
2010-04-20,7900.3828125,7900.419921875,7923.27001953125,7842.06982421875,7908.10986328125,3753600
2010-04-21,7990.4921875,7990.52978515625,7998.759765625,7947.89990234375,7949.9599609375,3901200
2010-04-22,7978.65234375,7978.68994140625,7985.490234375,7897.14013671875,7948.89013671875,3692800
2010-04-23,8004.8525390625,8004.89013671875,8030.10986328125,7996.77001953125,8021.7099609375,4027600
2010-04-26,8158.1025390625,8158.14013671875,8168.47021484375,8093.14013671875,8107.22021484375,4437400
2010-04-27,8146.40234375,8146.43994140625,8174.85009765625,8121.14013671875,8174.85009765625,3716000
2010-04-28,8081.51220703125,8081.5498046875,8092.47998046875,7944.7001953125,7944.7001953125,4334800
2010-04-29,8054.01220703125,8054.0498046875,8107.35986328125,8053.02001953125,8105.9599609375,4648600
2010-04-30,8004.21240234375,8004.25,8163.93994140625,7999.27978515625,8116.39013671875,5150600
2010-05-03,7952.1328125,7952.169921875,8022.4501953125,7916.0400390625,7979.7998046875,3430400
2010-05-04,7930.73291015625,7930.77001953125,8010.97998046875,7889.93017578125,8006.7900390625,3672800
2010-05-05,7696.86474609375,7696.89990234375,7785.5498046875,7695.68994140625,7759.18017578125,4732200
2010-05-06,7579.44482421875,7579.47998046875,7702.10986328125,7562.02978515625,7696.27001953125,4090600
2010-05-07,7567.06494140625,7567.10009765625,7572.7900390625,7387.18994140625,7393.27001953125,4756000
2010-05-10,7664.69482421875,7664.72998046875,7664.72998046875,7577.31005859375,7610.8798828125,3267400
2010-05-11,7608.40478515625,7608.43994140625,7743.41015625,7608.43994140625,7718.169921875,3875600
2010-05-12,7602.6650390625,7602.7001953125,7674.52001953125,7596.2099609375,7663.33984375,2929200
2010-05-13,7770.5341796875,7770.56982421875,7787.31982421875,7687.5498046875,7703.47998046875,3779600
2010-05-14,7772.09423828125,7772.1298828125,7772.5400390625,7725.81982421875,7735.60009765625,2810200
2010-05-17,7598.68505859375,7598.72021484375,7697.7900390625,7574.06005859375,7697.7900390625,3083600
2010-05-18,7585.2646484375,7585.2998046875,7637.990234375,7560.89013671875,7630.10009765625,2829800
2010-05-19,7559.125,7559.16015625,7588.08984375,7467.2001953125,7527.6201171875,3417800
2010-05-20,7424.39599609375,7424.43017578125,7557.169921875,7424.43017578125,7557.169921875,3058800
2010-05-21,7237.6767578125,7237.7099609375,7277.93017578125,7164.2099609375,7229.169921875,3918400
2010-05-24,7322.6962890625,7322.72998046875,7344.919921875,7269.81005859375,7296.14990234375,2518600
2010-05-25,7086.337890625,7086.3701171875,7241.83984375,7032.39990234375,7238.16015625,3914000
2010-05-26,7167.3173828125,7167.35009765625,7174.3798828125,7079.85009765625,7161.39990234375,3536200
2010-05-27,7243.126953125,7243.16015625,7254.68017578125,7105.10986328125,7139.4501953125,3097400
2010-05-28,7295.2861328125,7295.31982421875,7364.009765625,7271.2998046875,7338.77001953125,3575800
2010-05-31,7373.94580078125,7373.97998046875,7373.97998046875,7292.5400390625,7312.259765625,2443000
2010-06-01,7289.29638671875,7289.330078125,7348.56005859375,7276.52001953125,7327.009765625,2518000
2010-06-02,7195.6767578125,7195.7099609375,7304.1298828125,7159.75,7252.7900390625,2794200
2010-06-03,7360.24609375,7360.27978515625,7361.7001953125,7309.4599609375,7322.509765625,2820800
2010-06-04,7344.55615234375,7344.58984375,7377.56005859375,7337.35009765625,7377.56005859375,2484600
2010-06-07,7157.79736328125,7157.830078125,7172.2998046875,7085.5498046875,7139.759765625,2801400
2010-06-08,7151.95751953125,7151.990234375,7179.14013671875,7128.919921875,7142.31005859375,2772200
2010-06-09,7071.63818359375,7071.669921875,7193.0400390625,7048.60009765625,7166.18994140625,3194200
2010-06-10,7181.73681640625,7181.77001953125,7182.990234375,7085.33984375,7134.16015625,2467200
2010-06-11,7299.45654296875,7299.490234375,7321.60009765625,7273.7001953125,7302.97021484375,3280800
2010-06-14,7387.36572265625,7387.39990234375,7393.41015625,7347.22998046875,7372.93017578125,2681000
2010-06-15,7454.02587890625,7454.06005859375,7489.68017578125,7364.33984375,7388.56982421875,2928800
2010-06-17,7515.7451171875,7515.77978515625,7534.06005859375,7481.72021484375,7503.1201171875,3259000
2010-06-18,7493.07568359375,7493.10986328125,7538.5498046875,7459.93017578125,7538.5498046875,2359000
2010-06-21,7635.52490234375,7635.56005859375,7645.7099609375,7562.25,7595.93017578125,3884600
2010-06-22,7612.64501953125,7612.68017578125,7639.66015625,7610.6201171875,7630.64013671875,2901200
2010-06-23,7582.11474609375,7582.14990234375,7615.43994140625,7549.97998046875,7576.2900390625,2991200
2010-06-24,7589.85498046875,7589.89013671875,7607.6298828125,7567.9599609375,7601.72021484375,3013000
2010-06-25,7474.67578125,7474.7099609375,7537.3701171875,7463.2900390625,7509.72021484375,3368200
2010-06-28,7500.755859375,7500.7900390625,7536.60986328125,7489.5498046875,7507.14990234375,3169800
2010-06-29,7423.53564453125,7423.56982421875,7584.81005859375,7423.56982421875,7554.77978515625,3366600
2010-06-30,7329.33642578125,7329.3701171875,7337.31982421875,7255.08984375,7277.39013671875,3332000
2010-07-01,7254.0263671875,7254.06005859375,7327.39990234375,7251.60009765625,7326.89013671875,3086400
2010-07-02,7330.70654296875,7330.740234375,7378.77001953125,7285.009765625,7285.009765625,3677600
2010-07-05,7439.92578125,7439.9599609375,7447.18017578125,7351.18017578125,7351.18017578125,3403400
2010-07-06,7548.44482421875,7548.47998046875,7548.47998046875,7382.3701171875,7385.330078125,4087000
2010-07-07,7534.42529296875,7534.4599609375,7565.3701171875,7517.68017578125,7560.22021484375,3765400
2010-07-08,7608.81494140625,7608.85009765625,7622.4599609375,7583.35986328125,7612.7099609375,4278000
2010-07-09,7647.21484375,7647.25,7652.5498046875,7599.83984375,7644.10986328125,3585200
2010-07-12,7639.5146484375,7639.5498046875,7705.10986328125,7636.81005859375,7674.259765625,3604800
2010-07-13,7597.384765625,7597.419921875,7671.47998046875,7587.8701171875,7664.7099609375,3037600
2010-07-14,7714.474609375,7714.509765625,7720.6298828125,7683.830078125,7688.81982421875,4078000
2010-07-15,7704.48486328125,7704.52001953125,7732.31005859375,7681.8701171875,7699.490234375,3892600
2010-07-16,7664.53466796875,7664.56982421875,7719.0498046875,7660.759765625,7717.240234375,4754200
2010-07-19,7649.794921875,7649.830078125,7666.580078125,7596.259765625,7602.68017578125,3152200
2010-07-20,7711.99462890625,7712.02978515625,7730.8798828125,7638.490234375,7678.89013671875,3555000
2010-07-21,7701.2548828125,7701.2900390625,7752.7998046875,7678.2998046875,7742.47998046875,3832000
2010-07-22,7666.3046875,7666.33984375,7718.919921875,7665.77978515625,7699.35986328125,3409400
2010-07-23,7761.1845703125,7761.22021484375,7782.02001953125,7739.0400390625,7747.02978515625,4402800
2010-07-26,7787.41455078125,7787.4501953125,7807.06982421875,7765.68017578125,7787.06982421875,3916600
2010-07-27,7747.97412109375,7748.009765625,7806.25,7748.009765625,7806.25,3609200
2010-07-28,7784.7744140625,7784.81005859375,7786.22998046875,7726.39990234375,7736.58984375,4175400
2010-07-29,7798.95458984375,7798.990234375,7799.56982421875,7738.47998046875,7778.740234375,4541000
2010-07-30,7760.59423828125,7760.6298828125,7781.240234375,7731.18994140625,7765.25,4154600
2010-08-02,7911.64306640625,7911.68017578125,7917.9501953125,7829.18994140625,7829.18994140625,5231200
2010-08-03,7957.49267578125,7957.52978515625,7970.580078125,7915.830078125,7961.68017578125,5229600
2010-08-04,7972.623046875,7972.66015625,7978.16015625,7938.919921875,7960.2998046875,4822400
2010-08-05,7936.81298828125,7936.85009765625,8018.740234375,7921.97998046875,8010.06982421875,6156600
2010-08-06,7963.2626953125,7963.2998046875,7963.2998046875,7922.2900390625,7938.08984375,4304800
2010-08-09,8034.45263671875,8034.490234375,8040.93994140625,7971.18994140625,7974.669921875,4990400
2010-08-10,7976.70263671875,7976.740234375,8054.2900390625,7975.3798828125,8054.2900390625,5258800
2010-08-11,7894.99267578125,7895.02978515625,7956.89990234375,7869.52001953125,7923.56982421875,4870400
2010-08-12,7829.75390625,7829.7900390625,7837.3798828125,7776.66015625,7789.4599609375,4390000
2010-08-13,7891.54296875,7891.580078125,7906.35009765625,7830.4599609375,7845.97998046875,4814200
2010-08-16,7941.18310546875,7941.22021484375,7941.22021484375,7850.1298828125,7884.27978515625,4424600
2010-08-17,7931.052734375,7931.08984375,7973.14990234375,7931.08984375,7962.7001953125,5046000
2010-08-18,7924.06298828125,7924.10009765625,7984.56982421875,7897.18017578125,7978.52001953125,5324400
2010-08-19,7928.90283203125,7928.93994140625,7948.72998046875,7886.72998046875,7925.47998046875,4969400
2010-08-20,7927.27294921875,7927.31005859375,7941.60986328125,7905.009765625,7915.16015625,4005400
2010-08-23,7975.89306640625,7975.93017578125,8013.1201171875,7924.10009765625,7938.2099609375,4635000
2010-08-24,7940.60302734375,7940.64013671875,7990.490234375,7940.64013671875,7983.6201171875,4714600
2010-08-25,7736.9443359375,7736.97998046875,7889.56982421875,7736.97998046875,7889.56982421875,5725600
2010-08-26,7689.705078125,7689.740234375,7758.14013671875,7666.509765625,7743.31982421875,4425200
2010-08-27,7722.875,7722.91015625,7722.91015625,7662.22998046875,7702.58984375,3458600
2010-08-30,7741.16455078125,7741.2001953125,7806.91015625,7737.27978515625,7797.259765625,3380800
2010-08-31,7616.24462890625,7616.27978515625,7687.47021484375,7577.10009765625,7669.31005859375,4190400
2010-09-01,7668.21484375,7668.25,7679.43017578125,7625.72021484375,7643.60986328125,3612200
2010-09-02,7720.78466796875,7720.81982421875,7780.52978515625,7715.31005859375,7764.7998046875,4080600
2010-09-03,7830.173828125,7830.2099609375,7830.2099609375,7770.93017578125,7770.93017578125,4494800
2010-09-06,7890.9130859375,7890.9501953125,7902.56005859375,7841.830078125,7879.7001953125,4269000
2010-09-07,7884.36279296875,7884.39990234375,7922.06982421875,7876.669921875,7914.3798828125,4480400
2010-09-08,7851.2734375,7851.31005859375,7898.759765625,7824.64990234375,7866.35009765625,4209200
2010-09-09,7835.50390625,7835.5400390625,7903.47021484375,7817.8701171875,7901.830078125,4295800
2010-09-10,7890.07275390625,7890.10986328125,7911.66015625,7859.330078125,7900.56005859375,4179400
2010-09-13,8091.26220703125,8091.2998046875,8091.2998046875,7946.97998046875,7961.97998046875,5166600
2010-09-14,8132.5625,8132.60009765625,8132.60009765625,8081.7900390625,8121.68017578125,4819400
2010-09-15,8163.7822265625,8163.81982421875,8163.81982421875,8113.97021484375,8152.6298828125,4851200
2010-09-16,8099.71240234375,8099.75,8182.7998046875,8099.75,8174.85009765625,4603800
2010-09-17,8158.29248046875,8158.330078125,8197.8203125,8134.2998046875,8150.93994140625,5165000
2010-09-20,8186.92236328125,8186.9599609375,8195.740234375,8161.81982421875,8174.8798828125,4425800
2010-09-21,8196.3603515625,8196.400390625,8251.419921875,8177.39990234375,8249.599609375,4656400
2010-09-23,8202.5,8202.5400390625,8223.2197265625,8154.97021484375,8201.6796875,4565800
2010-09-24,8166.58251953125,8166.6201171875,8190.9599609375,8129.2099609375,8182.16015625,4142800
2010-09-27,8191.50244140625,8191.5400390625,8240.8603515625,8189.3798828125,8239.1103515625,4624400
2010-09-28,8189.40234375,8189.43994140625,8211.419921875,8173.259765625,8201.8095703125,3635400
2010-09-29,8240.849609375,8240.8896484375,8286.9296875,8218.75,8241.650390625,5151200
2010-09-30,8237.740234375,8237.7802734375,8267.5498046875,8204.83984375,8259.240234375,4496600
2010-10-01,8244.1396484375,8244.1796875,8260.2802734375,8220.73046875,8259.080078125,3893000
2010-10-04,8246.0595703125,8246.099609375,8300.0400390625,8240.669921875,8261.16015625,5026400
2010-10-05,8200.3896484375,8200.4296875,8217.8603515625,8155.2998046875,8217.8603515625,4383800
2010-10-06,8283.990234375,8284.0302734375,8301.3896484375,8267.6103515625,8296.23046875,5662000
2010-10-07,8283.8798828125,8283.919921875,8310.7998046875,8270.3095703125,8304.91015625,5161200
2010-10-08,8244.150390625,8244.1904296875,8309.91015625,8232.01953125,8306.3203125,4236200
2010-10-11,8176.72216796875,8176.759765625,8277.7802734375,8165.2001953125,8277.7802734375,3743400
2010-10-12,8090.1826171875,8090.22021484375,8180.39013671875,8058.58984375,8176.7001953125,4025600
2010-10-13,8106.62255859375,8106.66015625,8143.18994140625,8067.8701171875,8116.68994140625,3692600
2010-10-14,8215.41015625,8215.4501953125,8252.2001953125,8178.33984375,8181.509765625,4537400
2010-10-15,8205.259765625,8205.2998046875,8242.76953125,8184.2900390625,8216.8701171875,4791800
2010-10-18,8060.50244140625,8060.5400390625,8209.3896484375,8057.1201171875,8209.3896484375,4396000
2010-10-19,8046.1923828125,8046.22998046875,8074.68017578125,8018.31005859375,8044.89990234375,3176000
2010-10-20,8124.58251953125,8124.6201171875,8131.18994140625,7992.81005859375,7993.43017578125,3668000
2010-10-21,8131.1923828125,8131.22998046875,8171.490234375,8109.7900390625,8135.56982421875,4223400
2010-10-22,8168.0224609375,8168.06005859375,8174.02978515625,8148.259765625,8169.509765625,3782000
2010-10-25,8306.9404296875,8306.98046875,8307.58984375,8199.490234375,8204.009765625,3311400
2010-10-26,8343.1904296875,8343.23046875,8353.8603515625,8319.009765625,8336.9501953125,3161600
2010-10-27,8291.0,8291.0400390625,8372.51953125,8285.73046875,8369.75,2910600
2010-10-28,8354.009765625,8354.0498046875,8386.2900390625,8281.51953125,8315.0,3361800
2010-10-29,8287.0498046875,8287.08984375,8348.3896484375,8278.7197265625,8348.3896484375,2584200
2010-11-01,8379.7099609375,8379.75,8407.91015625,8343.51953125,8343.51953125,3116000
2010-11-02,8344.7197265625,8344.759765625,8390.099609375,8344.759765625,8380.0595703125,3004600
2010-11-03,8293.8603515625,8293.900390625,8398.2998046875,8273.4697265625,8394.5302734375,3449400
2010-11-04,8357.8095703125,8357.849609375,8367.1904296875,8317.8603515625,8321.3603515625,2705000
2010-11-05,8449.2998046875,8449.33984375,8458.4697265625,8420.650390625,8444.8095703125,4335000
2010-11-08,8430.5400390625,8430.580078125,8473.66015625,8416.2001953125,8473.66015625,3672600
2010-11-09,8445.58984375,8445.6298828125,8457.41015625,8421.1298828125,8430.7001953125,2671000
2010-11-10,8450.58984375,8450.6298828125,8471.5703125,8425.240234375,8457.08984375,3159000
2010-11-11,8436.91015625,8436.9501953125,8458.490234375,8422.9599609375,8437.01953125,2604800
2010-11-12,8316.009765625,8316.0498046875,8416.349609375,8309.3603515625,8404.4296875,2601400
2010-11-15,8240.6103515625,8240.650390625,8301.349609375,8226.7099609375,8287.830078125,2337600
2010-11-16,8312.169921875,8312.2099609375,8324.509765625,8234.2197265625,8234.2197265625,2166200
2010-11-17,8255.5,8255.5400390625,8284.509765625,8228.240234375,8249.9501953125,2068400
2010-11-18,8283.41015625,8283.4501953125,8286.919921875,8238.76953125,8285.5498046875,1930800
2010-11-19,8306.080078125,8306.1201171875,8372.16015625,8283.26953125,8344.66015625,2313000
2010-11-22,8374.8701171875,8374.91015625,8391.25,8334.419921875,8343.3203125,2074600
2010-11-23,8328.58984375,8328.6298828125,8396.490234375,8323.8095703125,8388.259765625,2436200
2010-11-24,8297.009765625,8297.0498046875,8337.1904296875,8277.330078125,8277.330078125,2207400
2010-11-25,8349.9501953125,8349.990234375,8355.3896484375,8330.919921875,8337.900390625,2383800
2010-11-26,8312.1103515625,8312.150390625,8371.26953125,8312.150390625,8371.26953125,2532000
2010-11-29,8367.1298828125,8367.169921875,8401.419921875,8331.509765625,8399.76953125,2661400
2010-11-30,8372.4404296875,8372.48046875,8443.3798828125,8363.9697265625,8384.6396484375,3732200
2010-12-01,8520.0703125,8520.1103515625,8520.1103515625,8428.6396484375,8430.599609375,4202800
2010-12-02,8585.7294921875,8585.76953125,8641.1298828125,8572.650390625,8598.009765625,4731800
2010-12-03,8623.9697265625,8624.009765625,8659.6201171875,8618.259765625,8630.8798828125,3710800
2010-12-06,8702.1904296875,8702.23046875,8718.5302734375,8675.4501953125,8675.4501953125,3623200
2010-12-07,8704.349609375,8704.3896484375,8716.0,8654.490234375,8716.0,3208800
2010-12-08,8703.75,8703.7900390625,8729.7001953125,8683.98046875,8727.8798828125,3183800
2010-12-09,8753.7998046875,8753.83984375,8782.8203125,8736.76953125,8769.33984375,4398800
2010-12-10,8718.7900390625,8718.830078125,8744.669921875,8684.0498046875,8740.7099609375,3880200
2010-12-13,8736.5498046875,8736.58984375,8764.509765625,8736.5400390625,8748.6396484375,3237800
2010-12-14,8740.3896484375,8740.4296875,8789.25,8717.5302734375,8771.900390625,3574600
2010-12-15,8756.669921875,8756.7099609375,8756.7099609375,8698.41015625,8755.3203125,3622600
2010-12-16,8782.16015625,8782.2001953125,8797.98046875,8767.4404296875,8770.740234375,3719600
2010-12-17,8817.8603515625,8817.900390625,8860.3798828125,8817.509765625,8828.0498046875,4232000
2010-12-20,8768.6796875,8768.7197265625,8861.08984375,8740.2998046875,8861.08984375,3183800
2010-12-21,8827.75,8827.7900390625,8827.7900390625,8772.58984375,8802.8603515625,2753200
2010-12-22,8860.4501953125,8860.490234375,8865.419921875,8834.3203125,8847.26953125,3464800
2010-12-23,8898.8291015625,8898.8701171875,8914.33984375,8874.8701171875,8891.41015625,4002600
2010-12-24,8861.0595703125,8861.099609375,8911.41015625,8861.009765625,8910.6103515625,3616800
2010-12-27,8892.2685546875,8892.3095703125,8908.419921875,8828.669921875,8866.669921875,3458600
2010-12-28,8870.7197265625,8870.759765625,8919.259765625,8839.830078125,8919.259765625,3177200
2010-12-29,8866.3095703125,8866.349609375,8893.1396484375,8844.669921875,8878.099609375,4915200
2010-12-30,8907.869140625,8907.91015625,8920.7900390625,8871.0703125,8883.2099609375,3983000
2010-12-31,8972.458984375,8972.5,8990.3798828125,8932.6396484375,8936.1103515625,4857800
2011-01-03,9025.2587890625,9025.2998046875,9041.3203125,8994.5,9039.6298828125,5067400
2011-01-04,8997.1494140625,8997.1904296875,9046.1796875,8988.580078125,9045.1103515625,5270400
2011-01-05,8846.26953125,8846.3095703125,9027.16015625,8812.3603515625,9014.3203125,5796600
2011-01-06,8883.1689453125,8883.2099609375,8883.2099609375,8813.6298828125,8866.23046875,4362200
2011-01-07,8782.6796875,8782.7197265625,8907.1103515625,8738.9296875,8905.25,4500800
2011-01-10,8817.83984375,8817.8798828125,8817.8798828125,8762.5,8798.0498046875,2885200
2011-01-11,8931.3193359375,8931.3603515625,8935.26953125,8794.76953125,8810.76953125,3573400
2011-01-12,8964.958984375,8965.0,9000.7802734375,8955.4697265625,8992.009765625,3922200
2011-01-13,8975.5390625,8975.580078125,9034.169921875,8948.23046875,9034.169921875,3951000
2011-01-14,8972.46875,8972.509765625,8998.1396484375,8937.5,8985.33984375,2756200
2011-01-17,8925.048828125,8925.08984375,9006.3603515625,8921.1904296875,8998.8896484375,3579600
2011-01-18,8987.958984375,8988.0,9003.4501953125,8887.0302734375,8889.83984375,3723200
2011-01-19,9085.9775390625,9086.01953125,9092.2802734375,9005.76953125,9023.2998046875,3935000
2011-01-20,9022.12890625,9022.169921875,9063.51953125,9017.7998046875,9059.7998046875,3066400
2011-01-21,8954.3388671875,8954.3798828125,8980.5400390625,8892.26953125,8935.2900390625,3170400
2011-01-24,8947.7490234375,8947.7900390625,8993.5595703125,8927.490234375,8983.58984375,2580000
2011-01-25,8991.3486328125,8991.3896484375,9032.2998046875,8991.3896484375,9001.740234375,2925600
2011-01-26,9055.5478515625,9055.58984375,9072.759765625,9009.1796875,9010.41015625,3204800
2011-01-27,9102.2880859375,9102.330078125,9126.9296875,9092.9697265625,9093.5400390625,3296800
2011-01-28,9145.3076171875,9145.349609375,9154.9296875,9095.7099609375,9122.16015625,3372600
2011-02-08,9111.41796875,9111.4599609375,9220.6904296875,9085.41015625,9220.6904296875,3854200
2011-02-09,9006.779296875,9006.8203125,9129.8798828125,8992.6396484375,9107.9599609375,3537600
2011-02-10,8836.51953125,8836.5595703125,8979.349609375,8836.5595703125,8962.0703125,3685600
2011-02-11,8609.8203125,8609.8603515625,8842.41015625,8574.650390625,8842.41015625,4563000
2011-02-14,8685.4296875,8685.4697265625,8715.9697265625,8626.66015625,8666.6103515625,3074000
2011-02-15,8721.8896484375,8721.9296875,8753.0498046875,8565.0498046875,8679.1201171875,3209400
2011-02-16,8712.919921875,8712.9599609375,8767.08984375,8702.8095703125,8740.3203125,2959800
2011-02-17,8683.83984375,8683.8798828125,8745.650390625,8669.76953125,8738.7099609375,3118400
2011-02-18,8843.7998046875,8843.83984375,8874.5,8763.6904296875,8763.6904296875,3326600
2011-02-21,8839.1796875,8839.2197265625,8867.16015625,8797.25,8867.16015625,2736800
2011-02-22,8673.6298828125,8673.669921875,8744.8095703125,8613.33984375,8744.8095703125,3728400
2011-02-23,8528.900390625,8528.9404296875,8673.2001953125,8521.25,8604.3203125,3337800
2011-02-24,8541.599609375,8541.6396484375,8633.240234375,8541.6396484375,8561.16015625,2738400
2011-02-25,8599.6103515625,8599.650390625,8635.0400390625,8470.08984375,8597.8701171875,3641600
2011-03-01,8727.51953125,8727.5595703125,8734.240234375,8611.7900390625,8611.7900390625,2811800
2011-03-02,8619.8603515625,8619.900390625,8709.5703125,8619.900390625,8675.3701171875,2677400
2011-03-03,8738.330078125,8738.3701171875,8758.8896484375,8661.6298828125,8661.6298828125,3099000
2011-03-04,8784.3603515625,8784.400390625,8829.23046875,8771.8896484375,8815.51953125,3112800
2011-03-07,8713.75,8713.7900390625,8769.8701171875,8706.3798828125,8769.8701171875,2288200
2011-03-08,8747.7099609375,8747.75,8768.3095703125,8692.099609375,8692.099609375,2487400
2011-03-09,8749.9794921875,8750.01953125,8824.41015625,8730.740234375,8810.349609375,2811200
2011-03-10,8642.8603515625,8642.900390625,8754.41015625,8635.75,8754.41015625,2763000
2011-03-11,8567.7802734375,8567.8203125,8593.7099609375,8513.509765625,8566.91015625,2422200
2011-03-14,8519.9794921875,8520.01953125,8616.2900390625,8395.1103515625,8616.2900390625,3309000
2011-03-15,8234.740234375,8234.7802734375,8519.900390625,8070.52001953125,8493.830078125,4871800
2011-03-16,8324.5400390625,8324.580078125,8372.01953125,8257.080078125,8317.3798828125,3250800
2011-03-17,8282.650390625,8282.6904296875,8282.6904296875,8150.72998046875,8190.5,3048000
2011-03-18,8394.7099609375,8394.75,8399.169921875,8312.8798828125,8343.7900390625,3085400
2011-03-21,8467.669921875,8467.7099609375,8508.2001953125,8394.2197265625,8421.66015625,2464000
2011-03-22,8508.0,8508.0400390625,8552.8203125,8508.0400390625,8523.26953125,2781400
2011-03-23,8545.0400390625,8545.080078125,8551.1201171875,8481.9599609375,8529.9296875,2474600
2011-03-24,8576.3603515625,8576.400390625,8603.4296875,8550.599609375,8589.7099609375,2431800
2011-03-25,8610.349609375,8610.3896484375,8658.0498046875,8587.83984375,8645.3701171875,2449400
2011-03-28,8553.01953125,8553.0595703125,8604.240234375,8549.259765625,8587.990234375,1942800
2011-03-29,8596.5302734375,8596.5703125,8596.5703125,8522.5703125,8538.4404296875,2214000
2011-03-30,8646.26953125,8646.3095703125,8671.58984375,8605.830078125,8605.830078125,2544000
2011-03-31,8683.259765625,8683.2998046875,8685.4404296875,8608.0498046875,8683.6904296875,2411400
2011-04-01,8705.08984375,8705.1298828125,8705.1298828125,8654.400390625,8697.83984375,1912600
2011-04-06,8851.9404296875,8851.98046875,8860.01953125,8767.2099609375,8772.1298828125,2992600
2011-04-07,8901.6787109375,8901.7197265625,8901.7197265625,8828.919921875,8884.83984375,2638400
2011-04-08,8894.4990234375,8894.5400390625,8929.0595703125,8862.490234375,8904.4404296875,3122600
2011-04-11,8880.228515625,8880.26953125,8922.75,8836.3798828125,8922.75,2322000
2011-04-12,8732.5498046875,8732.58984375,8839.2197265625,8708.8603515625,8839.2197265625,2297200
2011-04-13,8780.16015625,8780.2001953125,8780.2001953125,8700.080078125,8727.9501953125,2134800
2011-04-14,8802.6904296875,8802.73046875,8835.3896484375,8772.2998046875,8787.75,2277200
2011-04-15,8718.080078125,8718.1201171875,8834.0703125,8716.7001953125,8828.6298828125,2372400
2011-04-18,8714.4404296875,8714.48046875,8764.650390625,8703.1103515625,8752.5595703125,2042400
2011-04-19,8638.509765625,8638.5498046875,8658.9697265625,8592.23046875,8643.400390625,2233000
2011-04-20,8813.240234375,8813.2802734375,8813.2802734375,8698.9697265625,8704.48046875,2643200
2011-04-21,8957.609375,8957.650390625,8992.080078125,8892.0595703125,8893.0703125,3689400
2011-04-22,8969.388671875,8969.4296875,8992.669921875,8956.0703125,8980.4296875,2776600
2011-04-25,8950.708984375,8950.75,9037.08984375,8950.75,9015.91015625,2696800
2011-04-26,8948.0986328125,8948.1396484375,8966.8603515625,8866.740234375,8894.009765625,2392200
2011-04-27,9049.208984375,9049.25,9060.5,9012.2802734375,9012.2802734375,3110000
2011-04-28,9040.728515625,9040.76953125,9099.75,9021.3603515625,9088.9697265625,3087000
2011-04-29,9007.8291015625,9007.8701171875,9058.7802734375,8943.990234375,9050.490234375,3385400
2011-05-03,8946.0390625,8946.080078125,9018.7001953125,8895.25,9014.330078125,2675400
2011-05-04,8947.30859375,8947.349609375,8947.349609375,8864.5498046875,8937.2998046875,2336800
2011-05-05,9018.5693359375,9018.6103515625,9029.580078125,8907.9697265625,8930.240234375,2702600
2011-05-06,8977.189453125,8977.23046875,9018.400390625,8954.8095703125,8997.73046875,2796600
2011-05-09,9035.439453125,9035.48046875,9081.259765625,8984.4296875,9001.7998046875,2852600
2011-05-10,9023.2392578125,9023.2802734375,9055.91015625,9007.9296875,9048.25,2172800
2011-05-11,9020.359375,9020.400390625,9082.009765625,9014.3603515625,9073.8798828125,2358800
2011-05-12,9033.638671875,9033.6796875,9052.98046875,8963.240234375,8977.76953125,2339800
2011-05-13,9006.5693359375,9006.6103515625,9059.4599609375,8986.1796875,9039.5498046875,2471800
2011-05-16,8911.6689453125,8911.7099609375,8996.7001953125,8911.7099609375,8996.7001953125,1993800
2011-05-17,8884.048828125,8884.08984375,8928.990234375,8854.1396484375,8917.25,2180000
2011-05-18,8944.798828125,8944.83984375,8946.990234375,8885.400390625,8885.400390625,2060600
2011-05-19,8892.8388671875,8892.8798828125,9026.1796875,8888.2099609375,8952.25,2573200
2011-05-20,8836.990234375,8837.0302734375,8944.3798828125,8822.75,8944.3798828125,2277600
2011-05-23,8747.4697265625,8747.509765625,8776.4599609375,8695.33984375,8767.2998046875,2123800
2011-05-24,8756.5703125,8756.6103515625,8756.900390625,8673.3798828125,8730.23046875,2153400
2011-05-25,8727.0498046875,8727.08984375,8763.6396484375,8682.490234375,8732.2998046875,2107400
2011-05-26,8788.3603515625,8788.400390625,8807.080078125,8751.51953125,8797.2900390625,1908000
2011-05-27,8809.9599609375,8810.0,8860.0302734375,8803.58984375,8806.2900390625,2083800
2011-05-30,8823.6396484375,8823.6796875,8844.0302734375,8748.1298828125,8757.66015625,1871400
2011-05-31,8988.798828125,8988.83984375,9003.599609375,8860.580078125,8860.580078125,2901000
2011-06-01,9062.3076171875,9062.349609375,9089.4697265625,8999.83984375,8999.83984375,2648800
2011-06-02,8991.3193359375,8991.3603515625,9036.26953125,8977.669921875,8981.7099609375,2220600
2011-06-03,9046.2392578125,9046.2802734375,9052.1796875,8997.349609375,9024.5400390625,1890800
2011-06-07,9057.0576171875,9057.099609375,9059.1904296875,8981.4404296875,9025.2099609375,1770400
2011-06-08,9007.4892578125,9007.5302734375,9070.25,9007.5302734375,9044.849609375,1884200
2011-06-09,9000.8994140625,9000.9404296875,9045.4404296875,8996.080078125,9020.599609375,1718400
2011-06-10,8837.7802734375,8837.8203125,9053.3896484375,8837.8203125,9042.349609375,2192800
2011-06-13,8712.91015625,8712.9501953125,8811.9697265625,8703.51953125,8791.669921875,1959600
2011-06-14,8829.169921875,8829.2099609375,8836.509765625,8737.240234375,8737.240234375,1685800
2011-06-15,8831.41015625,8831.4501953125,8876.1396484375,8733.599609375,8833.8603515625,2652000
2011-06-16,8654.3896484375,8654.4296875,8739.83984375,8654.4296875,8739.83984375,2089000
2011-06-17,8636.0595703125,8636.099609375,8702.0,8618.849609375,8671.4501953125,2252000
2011-06-20,8530.6396484375,8530.6796875,8685.330078125,8518.66015625,8679.150390625,2202800
2011-06-21,8597.580078125,8597.6201171875,8617.9599609375,8523.0400390625,8571.9296875,2089200
2011-06-22,8621.0,8621.0400390625,8679.3701171875,8598.080078125,8663.8603515625,2079600
2011-06-23,8567.240234375,8567.2802734375,8619.3896484375,8559.330078125,8601.150390625,1841400
2011-06-24,8532.7900390625,8532.830078125,8569.58984375,8508.16015625,8567.4599609375,2049400
2011-06-27,8500.1201171875,8500.16015625,8519.2099609375,8433.4599609375,8456.3603515625,2003800
2011-06-28,8478.8203125,8478.8603515625,8572.6201171875,8478.6904296875,8536.1298828125,1840800
2011-06-29,8573.33984375,8573.3798828125,8598.2197265625,8499.240234375,8540.349609375,2338600
2011-06-30,8652.5498046875,8652.58984375,8652.58984375,8576.650390625,8582.080078125,2275800
2011-07-01,8739.7802734375,8739.8203125,8744.2001953125,8659.5703125,8684.3896484375,2416000
2011-07-04,8774.6796875,8774.7197265625,8808.4697265625,8772.330078125,8801.509765625,2317600
2011-07-05,8784.400390625,8784.4404296875,8794.1396484375,8743.4501953125,8777.2197265625,2195200
2011-07-06,8824.400390625,8824.4404296875,8842.169921875,8768.349609375,8790.9404296875,2197000
2011-07-07,8773.3798828125,8773.419921875,8795.8798828125,8757.4697265625,8795.0,2347600
2011-07-08,8749.509765625,8749.5498046875,8839.1396484375,8740.0,8782.7197265625,2652000
2011-07-11,8665.8095703125,8665.849609375,8749.5498046875,8633.5498046875,8749.5498046875,2013200
2011-07-12,8490.9697265625,8491.009765625,8595.0703125,8479.900390625,8581.4296875,2547400
2011-07-13,8488.01953125,8488.0595703125,8539.1796875,8452.8603515625,8480.259765625,2393600
2011-07-14,8481.3095703125,8481.349609375,8531.9599609375,8410.4404296875,8495.509765625,2518200
2011-07-15,8574.8701171875,8574.91015625,8579.7998046875,8462.0498046875,8494.7001953125,2598800
2011-07-18,8538.5302734375,8538.5703125,8580.330078125,8473.91015625,8550.16015625,2457000
2011-07-19,8524.5302734375,8524.5703125,8554.41015625,8490.7900390625,8528.2001953125,2247800
2011-07-20,8706.1298828125,8706.169921875,8706.169921875,8612.5302734375,8612.5302734375,2872000
2011-07-21,8717.099609375,8717.1396484375,8725.9697265625,8683.0498046875,8705.83984375,2804400
2011-07-22,8765.2802734375,8765.3203125,8794.48046875,8741.08984375,8770.9501953125,3259600
2011-07-25,8683.4697265625,8683.509765625,8786.0302734375,8661.759765625,8764.6796875,2429400
2011-07-26,8794.2001953125,8794.240234375,8794.240234375,8689.150390625,8700.58984375,2358200
2011-07-27,8817.4501953125,8817.490234375,8819.9296875,8754.509765625,8775.1796875,2979000
2011-07-28,8767.16015625,8767.2001953125,8790.6796875,8702.83984375,8739.830078125,2852400
2011-07-29,8644.1396484375,8644.1796875,8771.6396484375,8638.669921875,8737.7197265625,3088600
2011-08-01,8701.33984375,8701.3798828125,8707.8701171875,8629.9697265625,8629.9697265625,3193600
2011-08-02,8584.6796875,8584.7197265625,8629.08984375,8557.7001953125,8629.08984375,2822400
2011-08-03,8456.8203125,8456.8603515625,8472.26953125,8360.73046875,8466.349609375,3447400
2011-08-04,8317.2294921875,8317.26953125,8496.0703125,8317.26953125,8472.3701171875,3285200
2011-08-05,7853.09326171875,7853.1298828125,7975.81982421875,7844.77001953125,7962.8701171875,4304800
2011-08-08,7552.7646484375,7552.7998046875,7799.490234375,7451.2900390625,7769.60009765625,4298800
2011-08-09,7493.0859375,7493.1201171875,7599.14013671875,7148.759765625,7261.5400390625,5373400
2011-08-10,7736.28466796875,7736.31982421875,7751.58984375,7632.33984375,7717.580078125,4546000
2011-08-11,7719.0546875,7719.08984375,7761.39990234375,7499.5400390625,7566.39013671875,3751200
2011-08-12,7636.98486328125,7637.02001953125,7853.52978515625,7637.02001953125,7825.7998046875,3474600
2011-08-15,7819.3544921875,7819.39013671875,7819.39013671875,7748.4599609375,7769.169921875,2220000
2011-08-16,7798.55419921875,7798.58984375,7896.18994140625,7778.64990234375,7886.93017578125,2422600
2011-08-17,7741.72412109375,7741.759765625,7821.990234375,7732.31982421875,7807.669921875,2395200
2011-08-18,7614.93505859375,7614.97021484375,7721.18994140625,7561.02001953125,7721.18994140625,2615600
2011-08-19,7342.92626953125,7342.9599609375,7429.9599609375,7316.830078125,7414.35986328125,2901400
2011-08-22,7312.55615234375,7312.58984375,7468.740234375,7248.68994140625,7348.7099609375,2848000
2011-08-23,7550.19482421875,7550.22998046875,7564.64013671875,7349.56982421875,7369.43017578125,2798400
2011-08-24,7502.89599609375,7502.93017578125,7594.81005859375,7432.52001953125,7592.509765625,2874400
2011-08-25,7410.8359375,7410.8701171875,7564.8701171875,7409.02001953125,7559.47021484375,2588200
2011-08-26,7445.06591796875,7445.10009765625,7503.3798828125,7389.56982421875,7438.52001953125,2441000
2011-08-29,7577.974609375,7578.009765625,7608.77001953125,7474.31005859375,7482.919921875,1952800
2011-08-30,7646.15478515625,7646.18994140625,7675.169921875,7599.27001953125,7654.3701171875,2556600
2011-08-31,7741.32421875,7741.35986328125,7741.35986328125,7602.68017578125,7665.22021484375,2482400
2011-09-01,7757.72412109375,7757.759765625,7886.0400390625,7755.5498046875,7799.18017578125,3465400
2011-09-02,7757.0244140625,7757.06005859375,7801.27978515625,7703.10009765625,7801.27978515625,2128800
2011-09-05,7551.53466796875,7551.56982421875,7637.89990234375,7538.580078125,7637.89990234375,2161200
2011-09-06,7367.15625,7367.18994140625,7522.93994140625,7357.759765625,7496.240234375,2654200
2011-09-07,7528.97509765625,7529.009765625,7529.009765625,7428.7001953125,7468.2900390625,2179800
2011-09-08,7548.3349609375,7548.3701171875,7626.77978515625,7520.759765625,7601.2900390625,2342000
2011-09-09,7610.53466796875,7610.56982421875,7651.27001953125,7547.0,7568.22021484375,2094200
2011-09-13,7391.3359375,7391.3701171875,7538.0400390625,7382.0,7530.0,2371600
2011-09-14,7228.43701171875,7228.47021484375,7477.85986328125,7186.75,7455.5,3096600
2011-09-15,7385.64599609375,7385.68017578125,7430.2900390625,7348.2099609375,7374.580078125,2425000
2011-09-16,7577.36474609375,7577.39990234375,7606.7001953125,7494.2900390625,7494.2900390625,3027600
2011-09-19,7480.845703125,7480.8798828125,7572.93994140625,7468.77001953125,7572.830078125,1743600
2011-09-20,7492.81591796875,7492.85009765625,7544.8798828125,7389.39013671875,7485.60009765625,2267200
2011-09-21,7535.84521484375,7535.8798828125,7574.77978515625,7465.97998046875,7515.66015625,2492600
2011-09-22,7305.46630859375,7305.5,7419.490234375,7287.759765625,7419.490234375,2665400
2011-09-23,7046.1884765625,7046.22021484375,7126.81005859375,6997.60986328125,7101.33984375,3274800
2011-09-26,6877.08837890625,6877.1201171875,7058.43017578125,6877.1201171875,7026.490234375,2739400
2011-09-27,7089.91796875,7089.9501953125,7119.14013671875,7027.89013671875,7031.1298828125,2696600
2011-09-28,7146.947265625,7146.97998046875,7154.39990234375,7099.72998046875,7148.3798828125,2370600
2011-09-29,7182.57666015625,7182.60986328125,7218.56982421875,7061.009765625,7090.1201171875,2291800
2011-09-30,7225.3466796875,7225.3798828125,7251.8701171875,7163.75,7222.16015625,2340800
2011-10-03,7013.9384765625,7013.97021484375,7128.66015625,6998.3701171875,7128.66015625,2067600
2011-10-04,7047.83837890625,7047.8701171875,7047.990234375,6889.990234375,6937.240234375,2281000
2011-10-05,6989.1181640625,6989.14990234375,7091.009765625,6989.14990234375,7061.169921875,1735200
2011-10-06,7131.96728515625,7132.0,7170.919921875,7094.60986328125,7094.60986328125,2206600
2011-10-07,7211.9267578125,7211.9599609375,7253.08984375,7196.22021484375,7210.919921875,2301800
2011-10-11,7398.67578125,7398.7099609375,7398.7099609375,7348.85986328125,7348.85986328125,2742000
2011-10-12,7382.31591796875,7382.35009765625,7407.080078125,7323.5400390625,7390.06005859375,2189800
2011-10-13,7428.2958984375,7428.330078125,7444.330078125,7372.41015625,7423.18017578125,2356600
2011-10-14,7358.04638671875,7358.080078125,7430.5,7353.7998046875,7430.5,1807200
2011-10-17,7461.0859375,7461.1201171875,7475.06005859375,7401.2998046875,7412.8798828125,1882200
2011-10-18,7359.4462890625,7359.47998046875,7379.080078125,7322.009765625,7352.1201171875,1638200
2011-10-19,7353.33642578125,7353.3701171875,7393.72998046875,7316.580078125,7393.72998046875,1715800
2011-10-20,7244.28662109375,7244.31982421875,7361.22021484375,7240.14990234375,7347.93017578125,1616000
2011-10-21,7254.47607421875,7254.509765625,7272.509765625,7205.2099609375,7272.509765625,1398600
2011-10-24,7470.265625,7470.2998046875,7472.5,7352.43017578125,7352.43017578125,2411600
2011-10-25,7491.17578125,7491.2099609375,7506.080078125,7468.52978515625,7506.080078125,2211400
2011-10-26,7535.78515625,7535.81982421875,7548.509765625,7425.990234375,7437.77001953125,2069600
2011-10-27,7565.1748046875,7565.2099609375,7590.8798828125,7504.9599609375,7548.35986328125,2870200
2011-10-28,7616.02490234375,7616.06005859375,7743.3701171875,7602.6298828125,7693.240234375,3591000
2011-10-31,7587.65478515625,7587.68994140625,7658.97021484375,7557.0498046875,7637.47998046875,2165000
2011-11-01,7621.974609375,7622.009765625,7656.259765625,7505.9599609375,7547.240234375,2232000
2011-11-02,7598.4150390625,7598.4501953125,7599.5400390625,7448.27978515625,7500.5400390625,2494800
2011-11-03,7460.27587890625,7460.31005859375,7603.4501953125,7460.31005859375,7603.4501953125,2586600
2011-11-04,7603.19482421875,7603.22998046875,7635.75,7578.35986328125,7581.60986328125,2759400
2011-11-07,7621.68505859375,7621.72021484375,7638.02978515625,7586.85986328125,7623.16015625,2045000
2011-11-08,7600.7548828125,7600.7900390625,7683.08984375,7600.7900390625,7652.47021484375,2185400
2011-11-09,7561.82470703125,7561.85986328125,7654.14990234375,7561.85986328125,7646.1201171875,2032800
2011-11-10,7308.646484375,7308.68017578125,7434.3701171875,7274.83984375,7431.259765625,2922600
2011-11-11,7367.25634765625,7367.2900390625,7385.97998046875,7288.490234375,7369.72998046875,2100800
2011-11-14,7525.615234375,7525.64990234375,7544.22998046875,7472.16015625,7472.16015625,2009600
2011-11-15,7491.02587890625,7491.06005859375,7528.77978515625,7475.330078125,7515.5,1588000
2011-11-16,7387.48583984375,7387.52001953125,7541.68017578125,7385.1298828125,7520.9501953125,2116600
2011-11-17,7387.77587890625,7387.81005859375,7392.81982421875,7284.2998046875,7333.56982421875,1819800
2011-11-18,7233.74658203125,7233.77978515625,7327.669921875,7233.77978515625,7296.08984375,2100200
2011-11-21,7042.6083984375,7042.64013671875,7183.47021484375,7042.64013671875,7166.259765625,2351600
2011-11-22,6999.998046875,7000.02978515625,7082.39990234375,6970.72021484375,7064.60986328125,2248200
2011-11-23,6806.39892578125,6806.43017578125,6981.5400390625,6806.43017578125,6967.66015625,2482200
2011-11-24,6864.3583984375,6864.39013671875,6885.240234375,6744.259765625,6748.919921875,2408800
2011-11-25,6784.48876953125,6784.52001953125,6950.5,6751.47998046875,6906.33984375,2380000
2011-11-28,6898.748046875,6898.77978515625,6920.7900390625,6844.2998046875,6844.2998046875,1637000
2011-11-29,6988.6181640625,6988.64990234375,6998.06005859375,6934.8701171875,6966.580078125,1959600
2011-11-30,6904.08837890625,6904.1201171875,7001.58984375,6860.0498046875,7001.58984375,3089600
2011-12-01,7178.65673828125,7178.68994140625,7199.259765625,7129.06982421875,7132.41015625,3336600
2011-12-02,7140.6474609375,7140.68017578125,7186.66015625,7109.7099609375,7164.0,2061200
2011-12-05,7098.0478515625,7098.080078125,7149.58984375,7057.330078125,7149.580078125,1560600
2011-12-06,6956.248046875,6956.27978515625,7075.83984375,6956.27978515625,7075.83984375,1738800
2011-12-07,7032.96826171875,7033.0,7046.39013671875,6992.27001953125,7004.18017578125,1731200
2011-12-08,6982.8681640625,6982.89990234375,7018.64013671875,6907.9501953125,7018.64013671875,1753400
2011-12-09,6893.26806640625,6893.2998046875,6927.990234375,6831.39013671875,6891.47021484375,1918000
2011-12-12,6949.00830078125,6949.0400390625,7002.08984375,6923.8798828125,6975.6201171875,1391400
2011-12-13,6896.2783203125,6896.31005859375,6919.68017578125,6850.8798828125,6883.080078125,1525400
2011-12-14,6922.5380859375,6922.56982421875,6926.08984375,6860.39013671875,6912.5400390625,1554400
2011-12-15,6764.55859375,6764.58984375,6874.18017578125,6764.58984375,6874.18017578125,1828200
2011-12-16,6785.05859375,6785.08984375,6810.080078125,6757.330078125,6783.02001953125,1469400
2011-12-19,6633.29931640625,6633.330078125,6780.64013671875,6609.10986328125,6780.64013671875,2068200
2011-12-20,6662.609375,6662.64013671875,6696.93017578125,6646.2998046875,6654.669921875,1770800
2011-12-21,6966.4482421875,6966.47998046875,6966.47998046875,6878.6298828125,6878.6298828125,2138600
2011-12-22,6966.318359375,6966.35009765625,6989.58984375,6940.85009765625,6968.22021484375,1957000
2011-12-23,7110.69775390625,7110.72998046875,7122.27978515625,7035.10009765625,7035.10009765625,2717400
2011-12-26,7092.5478515625,7092.580078125,7125.669921875,7078.06005859375,7125.0400390625,1730800
2011-12-27,7084.99755859375,7085.02978515625,7107.669921875,7043.64013671875,7085.5,1653800
2011-12-28,7056.63818359375,7056.669921875,7093.47021484375,7036.919921875,7086.10009765625,1799600
2011-12-29,7074.7880859375,7074.81982421875,7074.81982421875,6998.97021484375,7026.85986328125,1516200
2011-12-30,7072.04833984375,7072.080078125,7139.02978515625,7054.7900390625,7109.85009765625,1704800
2012-01-03,7053.34814453125,7053.3798828125,7073.7900390625,7005.39013671875,7005.39013671875,1818200
2012-01-04,7082.93798828125,7082.97021484375,7116.22021484375,7064.580078125,7093.06982421875,2132200
2012-01-05,7130.8271484375,7130.85986328125,7130.85986328125,7073.31982421875,7099.35009765625,2209000
2012-01-06,7120.47705078125,7120.509765625,7139.0400390625,7090.47021484375,7129.52978515625,2354400
2012-01-09,7093.0078125,7093.0400390625,7103.08984375,7050.25,7103.08984375,1741000
2012-01-10,7178.8369140625,7178.8701171875,7181.740234375,7128.85986328125,7128.85986328125,2546400
2012-01-11,7188.1767578125,7188.2099609375,7212.35986328125,7184.3798828125,7203.10009765625,2389000
2012-01-12,7186.546875,7186.580078125,7209.740234375,7173.8701171875,7202.3798828125,2178800
2012-01-13,7181.5068359375,7181.5400390625,7249.93994140625,7169.919921875,7226.240234375,2530000
2012-01-16,7103.587890625,7103.6201171875,7258.83984375,7091.35009765625,7241.919921875,2092600
2012-01-17,7221.046875,7221.080078125,7221.080078125,7118.35986328125,7144.2001953125,2607400
2012-01-18,7233.65673828125,7233.68994140625,7245.1298828125,7194.5498046875,7235.5400390625,3019600
2012-01-30,7407.3759765625,7407.41015625,7443.02978515625,7382.72021484375,7382.72021484375,3584800
2012-01-31,7517.04541015625,7517.080078125,7517.080078125,7421.009765625,7436.52001953125,4300400
2012-02-01,7549.1748046875,7549.2099609375,7566.080078125,7488.97021484375,7520.35986328125,4049800
2012-02-02,7652.4248046875,7652.4599609375,7652.4599609375,7578.759765625,7613.7900390625,4452800
2012-02-03,7674.955078125,7674.990234375,7674.990234375,7608.41015625,7658.68017578125,4261800
2012-02-06,7687.94482421875,7687.97998046875,7752.27978515625,7677.56005859375,7752.27978515625,3712400
2012-02-07,7707.40478515625,7707.43994140625,7751.759765625,7673.91015625,7680.35986328125,2997600
2012-02-08,7869.87353515625,7869.91015625,7869.91015625,7766.3798828125,7766.3798828125,3991000
2012-02-09,7910.74267578125,7910.77978515625,7910.77978515625,7840.3798828125,7863.35986328125,4228800
2012-02-10,7862.2333984375,7862.27001953125,7941.6298828125,7848.77978515625,7922.60986328125,3965600
2012-02-13,7912.873046875,7912.91015625,7917.9599609375,7837.580078125,7849.2099609375,3467600
2012-02-14,7884.04296875,7884.080078125,7937.27978515625,7829.759765625,7937.27978515625,3394800
2012-02-15,8005.20263671875,8005.240234375,8011.8701171875,7902.080078125,7919.41015625,3961800
2012-02-16,7869.66357421875,7869.7001953125,8010.5,7851.6201171875,7983.75,4457800
2012-02-17,7894.32275390625,7894.35986328125,8013.4599609375,7862.10986328125,7956.91015625,3787200
2012-02-20,7954.78271484375,7954.81982421875,7985.5,7913.64990234375,7959.990234375,2815200
2012-02-21,7921.462890625,7921.5,7973.47021484375,7870.259765625,7953.06005859375,2942600
2012-02-22,8001.642578125,8001.68017578125,8018.5400390625,7897.64990234375,7908.3798828125,3485200
2012-02-23,7937.2626953125,7937.2998046875,7991.919921875,7935.419921875,7981.919921875,2861400
2012-02-24,7959.302734375,7959.33984375,7974.580078125,7899.6201171875,7971.6201171875,2811000
2012-02-29,8121.40234375,8121.43994140625,8121.43994140625,8046.14013671875,8046.14013671875,3454400
2012-03-01,8118.30224609375,8118.33984375,8151.7001953125,8103.75,8127.56982421875,2838000
2012-03-02,8144.00244140625,8144.0400390625,8170.72021484375,8114.14013671875,8161.8701171875,3160600
2012-03-05,8004.70263671875,8004.740234375,8115.490234375,7998.9599609375,8105.27001953125,2834600
2012-03-06,7937.93310546875,7937.97021484375,8028.02001953125,7860.8701171875,8006.85009765625,3057000
2012-03-07,7903.04296875,7903.080078125,7937.10986328125,7824.4501953125,7846.490234375,2595200
2012-03-08,7984.5224609375,7984.56005859375,8000.93017578125,7905.5,7952.93994140625,2728800
2012-03-09,8015.97216796875,8016.009765625,8027.080078125,7965.68017578125,8012.58984375,2700200
2012-03-12,7927.5126953125,7927.5498046875,8028.8701171875,7927.5498046875,8028.8701171875,2189200
2012-03-13,8031.47216796875,8031.509765625,8045.60986328125,7974.3798828125,7990.60009765625,2546000
2012-03-14,8125.22216796875,8125.259765625,8170.31005859375,8113.759765625,8132.9599609375,3113400
2012-03-15,8121.58251953125,8121.6201171875,8142.97998046875,8088.10009765625,8141.93017578125,2435400
2012-03-16,8054.90234375,8054.93994140625,8130.52001953125,8054.93994140625,8130.27978515625,2726400
2012-03-19,8043.88232421875,8043.919921875,8123.14990234375,7997.0498046875,8113.4599609375,2103800
2012-03-20,7972.6630859375,7972.7001953125,8062.91015625,7965.9599609375,8062.91015625,1996000
2012-03-21,7981.90234375,7981.93994140625,8013.669921875,7940.18994140625,7993.4599609375,2182400
2012-03-22,8059.90234375,8059.93994140625,8075.97021484375,7995.56982421875,7997.66015625,2196000
2012-03-23,8076.572265625,8076.60986328125,8076.60986328125,8030.8798828125,8067.93017578125,1973800
2012-03-26,7967.5830078125,7967.6201171875,8073.93017578125,7958.72021484375,8073.93017578125,2166800
2012-03-27,8029.42236328125,8029.4599609375,8033.22021484375,7978.740234375,8033.22021484375,1976800
2012-03-28,8038.0322265625,8038.06982421875,8085.43017578125,8013.7998046875,8074.64013671875,1997800
2012-03-29,7872.62353515625,7872.66015625,7997.8701171875,7808.5498046875,7997.8701171875,3208800
2012-03-30,7932.962890625,7933.0,7933.0,7775.75,7832.22021484375,2408600
2012-04-02,7862.86328125,7862.89990234375,7928.43017578125,7859.56005859375,7905.8798828125,1675400
2012-04-03,7760.814453125,7760.85009765625,7907.6201171875,7723.39013671875,7896.72021484375,2535800
2012-04-05,7639.78466796875,7639.81982421875,7667.0400390625,7528.02978515625,7603.31005859375,2431800
2012-04-06,7706.224609375,7706.259765625,7713.240234375,7638.0498046875,7667.89990234375,1921400
2012-04-09,7600.8349609375,7600.8701171875,7650.89013671875,7529.39013671875,7587.68017578125,1478200
2012-04-10,7640.64501953125,7640.68017578125,7692.93994140625,7605.669921875,7659.02978515625,1692200
2012-04-11,7656.634765625,7656.669921875,7666.06982421875,7573.0498046875,7592.93994140625,1641000
2012-04-12,7662.884765625,7662.919921875,7673.83984375,7599.0,7669.4599609375,1762800
2012-04-13,7788.234375,7788.27001953125,7788.27001953125,7733.18017578125,7734.5498046875,2215400
2012-04-16,7729.82470703125,7729.85986328125,7749.490234375,7714.14013671875,7747.35986328125,1476200
2012-04-17,7585.8349609375,7585.8701171875,7752.10009765625,7585.8701171875,7736.7001953125,1955600
2012-04-18,7604.96484375,7605.0,7683.9501953125,7590.97998046875,7676.47998046875,1684000
2012-04-19,7622.65478515625,7622.68994140625,7632.72998046875,7528.0400390625,7602.27978515625,1619600
2012-04-20,7507.11572265625,7507.14990234375,7605.22021484375,7507.14990234375,7601.56982421875,1825600
2012-04-23,7481.0556640625,7481.08984375,7521.419921875,7430.93017578125,7488.81982421875,1621600
2012-04-24,7498.8056640625,7498.83984375,7533.5498046875,7444.7900390625,7457.02001953125,1516400
2012-04-25,7563.14501953125,7563.18017578125,7569.25,7525.68994140625,7552.77978515625,1553200
2012-04-26,7521.3154296875,7521.35009765625,7600.4501953125,7509.8798828125,7596.52978515625,1598600
2012-04-27,7480.4658203125,7480.5,7598.4501953125,7459.75,7569.2900390625,1940800
2012-04-30,7501.68603515625,7501.72021484375,7501.72021484375,7422.14013671875,7439.22021484375,1614600
2012-05-02,7676.77490234375,7676.81005859375,7679.06982421875,7511.759765625,7511.759765625,2695600
2012-05-03,7659.49462890625,7659.52978515625,7681.22998046875,7643.08984375,7671.06005859375,1847200
2012-05-04,7700.9150390625,7700.9501953125,7704.8701171875,7614.990234375,7619.72998046875,2075800
2012-05-07,7538.04541015625,7538.080078125,7608.35009765625,7515.68994140625,7608.35009765625,1866000
2012-05-08,7545.6748046875,7545.7099609375,7572.31005859375,7522.2900390625,7572.16015625,1506000
2012-05-09,7475.67578125,7475.7099609375,7513.7099609375,7448.89990234375,7485.330078125,1653800
2012-05-10,7483.9755859375,7484.009765625,7523.3701171875,7470.81005859375,7479.14013671875,1362200
2012-05-11,7401.3359375,7401.3701171875,7473.5498046875,7382.9501953125,7472.56005859375,1595600
2012-05-14,7377.14599609375,7377.18017578125,7412.58984375,7346.85986328125,7389.89013671875,1144200
2012-05-15,7395.60595703125,7395.64013671875,7396.419921875,7291.43994140625,7328.740234375,1547000
2012-05-16,7234.53662109375,7234.56982421875,7399.830078125,7234.56982421875,7376.7099609375,1879600
2012-05-17,7356.736328125,7356.77001953125,7356.77001953125,7274.31982421875,7304.39990234375,1840600
2012-05-18,7151.1572265625,7151.18994140625,7253.10009765625,7149.35986328125,7252.240234375,2143800
2012-05-21,7192.19677734375,7192.22998046875,7220.10009765625,7164.89990234375,7164.89990234375,1296000
2012-05-22,7274.8564453125,7274.89013671875,7274.89013671875,7232.52001953125,7257.9599609375,1506600
2012-05-23,7147.71728515625,7147.75,7213.60009765625,7130.52001953125,7213.60009765625,1546800
2012-05-24,7124.857421875,7124.89013671875,7190.5498046875,7090.47021484375,7155.740234375,1644600
2012-05-25,7071.59814453125,7071.6298828125,7139.759765625,7066.39013671875,7116.330078125,1330800
2012-05-28,7135.96728515625,7136.0,7136.0,7047.31982421875,7067.5498046875,1110800
2012-05-29,7342.25634765625,7342.2900390625,7349.85009765625,7178.669921875,7179.580078125,2326000
2012-05-30,7261.76611328125,7261.7998046875,7331.64013671875,7222.8798828125,7331.64013671875,2155200
2012-05-31,7301.46630859375,7301.5,7301.5,7132.7998046875,7184.91015625,2517000
2012-06-01,7106.0576171875,7106.08984375,7218.75,7106.08984375,7213.68994140625,1836600
2012-06-04,6894.62841796875,6894.66015625,6937.330078125,6857.35009765625,6907.1298828125,2139600
2012-06-05,7000.41845703125,7000.4501953125,7037.56982421875,6967.31005859375,6988.52001953125,1634000
2012-06-06,7056.1181640625,7056.14990234375,7076.27978515625,7004.39990234375,7037.919921875,1709000
2012-06-07,7080.27783203125,7080.31005859375,7139.16015625,7052.35986328125,7133.77978515625,1657800
2012-06-08,6999.6181640625,6999.64990234375,7063.080078125,6979.81982421875,7033.509765625,1222000
2012-06-11,7120.197265625,7120.22998046875,7137.97998046875,7081.72021484375,7081.72021484375,1485200
2012-06-12,7072.04833984375,7072.080078125,7076.3701171875,7026.27001953125,7036.43994140625,1160600
2012-06-13,7088.7978515625,7088.830078125,7109.33984375,7059.85009765625,7103.2001953125,1321800
2012-06-14,7075.06787109375,7075.10009765625,7114.06982421875,7070.35986328125,7096.85986328125,1212800
2012-06-15,7155.79736328125,7155.830078125,7166.080078125,7085.919921875,7094.0,2347200
2012-06-18,7281.46630859375,7281.5,7302.81982421875,7262.7998046875,7263.81005859375,2049600
2012-06-19,7273.09619140625,7273.1298828125,7288.97998046875,7239.419921875,7286.5400390625,1335800
2012-06-20,7334.59619140625,7334.6298828125,7334.6298828125,7281.740234375,7309.22998046875,1568400
2012-06-21,7279.01611328125,7279.0498046875,7311.39013671875,7259.10986328125,7301.7900390625,1513000
2012-06-22,7222.0166015625,7222.0498046875,7229.72998046875,7185.31005859375,7210.7998046875,1374600
2012-06-25,7166.34716796875,7166.3798828125,7222.60986328125,7157.89990234375,7222.60986328125,1277000
2012-06-26,7137.8974609375,7137.93017578125,7156.990234375,7117.169921875,7145.22021484375,1349400
2012-06-27,7182.9765625,7183.009765625,7199.31982421875,7127.97998046875,7137.990234375,1275200
2012-06-28,7169.57666015625,7169.60986328125,7236.7099609375,7165.33984375,7230.47021484375,1380000
2012-06-29,7296.24609375,7296.27978515625,7296.27978515625,7177.58984375,7183.4501953125,1617200
2012-07-02,7345.12646484375,7345.16015625,7359.990234375,7318.22021484375,7332.08984375,1833800
2012-07-03,7418.32568359375,7418.35986328125,7431.7001953125,7357.669921875,7363.3701171875,1918000
2012-07-04,7422.5556640625,7422.58984375,7442.5498046875,7397.7998046875,7414.56005859375,2111000
2012-07-05,7387.74560546875,7387.77978515625,7426.6201171875,7376.4501953125,7412.5498046875,1614800
2012-07-06,7368.55615234375,7368.58984375,7406.6201171875,7328.02978515625,7392.77978515625,1536400
2012-07-09,7309.92626953125,7309.9599609375,7333.27978515625,7293.10986328125,7301.72021484375,1212400
2012-07-10,7251.31640625,7251.35009765625,7328.75,7228.8798828125,7305.759765625,1614000
2012-07-11,7257.87646484375,7257.91015625,7261.58984375,7202.3798828125,7207.080078125,1463800
2012-07-12,7130.8974609375,7130.93017578125,7242.77978515625,7130.93017578125,7240.8798828125,1603400
2012-07-13,7104.23779296875,7104.27001953125,7153.85009765625,7103.7099609375,7113.14013671875,1408400
2012-07-16,7090.0078125,7090.0400390625,7147.3798828125,7085.3798828125,7135.93994140625,1345000
2012-07-17,7126.96728515625,7127.0,7133.0498046875,7051.759765625,7056.7998046875,1630200
2012-07-18,7049.01806640625,7049.0498046875,7132.64990234375,7046.08984375,7132.64990234375,1416600
2012-07-19,7148.537109375,7148.56982421875,7163.75,7098.18017578125,7109.330078125,1587200
2012-07-20,7164.6474609375,7164.68017578125,7164.68017578125,7130.7099609375,7136.47998046875,1183400
2012-07-23,7028.6982421875,7028.72998046875,7105.990234375,6996.18017578125,7105.990234375,1392000
2012-07-24,7008.318359375,7008.35009765625,7015.759765625,6968.77978515625,7004.43994140625,1498200
2012-07-25,6979.09814453125,6979.1298828125,7036.9501953125,6922.72998046875,6932.1201171875,1588400
2012-07-26,6970.658203125,6970.68994140625,7023.97998046875,6963.56982421875,7012.93994140625,1604200
2012-07-27,7124.45751953125,7124.490234375,7124.490234375,7045.31005859375,7060.43017578125,1832200
2012-07-30,7158.84716796875,7158.8798828125,7184.31005859375,7146.06982421875,7159.2099609375,1782200
2012-07-31,7270.45654296875,7270.490234375,7270.490234375,7140.52978515625,7140.52978515625,2121200
2012-08-01,7267.92626953125,7267.9599609375,7273.6201171875,7223.169921875,7242.580078125,1899400
2012-08-03,7217.4765625,7217.509765625,7235.6298828125,7186.77978515625,7220.509765625,1885600
2012-08-06,7286.29638671875,7286.330078125,7340.56005859375,7276.60009765625,7311.740234375,2001000
2012-08-07,7295.42626953125,7295.4599609375,7300.990234375,7265.9599609375,7289.89013671875,1793000
2012-08-08,7319.76611328125,7319.7998046875,7357.419921875,7302.89990234375,7331.58984375,2231000
2012-08-09,7433.666015625,7433.7001953125,7435.0,7341.8701171875,7341.8701171875,2654200
2012-08-10,7441.0859375,7441.1201171875,7458.22998046875,7409.43017578125,7443.35986328125,2080400
2012-08-13,7436.265625,7436.2998046875,7495.81005859375,7423.83984375,7495.81005859375,1704200
2012-08-14,7479.2158203125,7479.25,7520.64990234375,7447.02978515625,7447.02978515625,2058600
2012-08-15,7467.7060546875,7467.740234375,7489.81005859375,7442.72021484375,7489.81005859375,1840400
2012-08-16,7490.17578125,7490.2099609375,7515.02001953125,7456.39990234375,7475.68017578125,2097200
2012-08-17,7467.8857421875,7467.919921875,7516.7099609375,7467.919921875,7502.85009765625,1945200
2012-08-20,7431.8759765625,7431.91015625,7485.16015625,7422.43994140625,7482.0498046875,1526800
2012-08-21,7506.77587890625,7506.81005859375,7536.31982421875,7459.5,7459.5,1986600
2012-08-22,7496.5458984375,7496.580078125,7501.259765625,7461.06982421875,7495.8701171875,1721000
2012-08-23,7505.1357421875,7505.169921875,7519.02978515625,7475.08984375,7486.580078125,1747800
2012-08-24,7477.49560546875,7477.52978515625,7494.35986328125,7454.85009765625,7479.56982421875,1779200
2012-08-27,7468.18603515625,7468.22021484375,7523.5400390625,7457.75,7504.4501953125,1568200
2012-08-28,7361.90625,7361.93994140625,7445.080078125,7359.830078125,7440.56005859375,1746800
2012-08-29,7391.11572265625,7391.14990234375,7405.2998046875,7368.39990234375,7379.47998046875,1451600
2012-08-30,7371.40625,7371.43994140625,7404.93994140625,7360.10009765625,7372.06005859375,1892600
2012-08-31,7397.02587890625,7397.06005859375,7406.52001953125,7363.25,7363.25,1582800
2012-09-03,7450.49560546875,7450.52978515625,7462.14990234375,7389.68017578125,7430.39990234375,1820400
2012-09-04,7451.31591796875,7451.35009765625,7479.009765625,7440.02978515625,7471.31005859375,1888800
2012-09-05,7367.40625,7367.43994140625,7429.93017578125,7364.68017578125,7429.93017578125,1910000
2012-09-06,7326.6865234375,7326.72021484375,7390.759765625,7313.56005859375,7383.0400390625,1820200
2012-09-07,7424.8759765625,7424.91015625,7446.10009765625,7409.8798828125,7434.43017578125,2176200
2012-09-10,7482.7060546875,7482.740234375,7482.740234375,7435.33984375,7435.33984375,2304200
2012-09-11,7485.095703125,7485.1298828125,7509.16015625,7468.18017578125,7497.22998046875,1837000
2012-09-12,7570.4150390625,7570.4501953125,7571.419921875,7515.0400390625,7518.68017578125,2700400
2012-09-13,7578.7646484375,7578.7998046875,7594.759765625,7557.27978515625,7577.16015625,2330000
2012-09-14,7738.01416015625,7738.0498046875,7738.0498046875,7660.3798828125,7660.3798828125,3645800
2012-09-17,7762.1845703125,7762.22021484375,7778.06005859375,7725.89990234375,7768.4501953125,3299400
2012-09-18,7734.224609375,7734.259765625,7757.0400390625,7714.43017578125,7740.56982421875,2445600
2012-09-19,7781.87451171875,7781.91015625,7781.91015625,7726.35009765625,7739.52001953125,2740400
2012-09-20,7727.5146484375,7727.5498046875,7785.47021484375,7704.60986328125,7781.81005859375,2531400
2012-09-21,7754.55419921875,7754.58984375,7765.009765625,7737.02978515625,7763.2900390625,2249600
2012-09-24,7768.26416015625,7768.2998046875,7781.5498046875,7706.9501953125,7760.330078125,2099200
2012-09-25,7734.0947265625,7734.1298828125,7789.39013671875,7720.43994140625,7766.43994140625,2068400
2012-09-26,7669.5947265625,7669.6298828125,7708.89990234375,7649.5,7702.77001953125,2122800
2012-09-27,7683.7646484375,7683.7998046875,7699.22998046875,7658.509765625,7665.89013671875,1925200
2012-09-28,7715.125,7715.16015625,7721.2900390625,7665.35009765625,7704.22998046875,2022400
2012-10-01,7675.68505859375,7675.72021484375,7707.89013671875,7657.8798828125,7702.1201171875,1410200
2012-10-02,7718.64501953125,7718.68017578125,7726.60986328125,7683.02978515625,7703.10009765625,1613000
2012-10-03,7684.5947265625,7684.6298828125,7727.52978515625,7680.97998046875,7727.47998046875,1531200
2012-10-04,7682.3046875,7682.33984375,7689.080078125,7621.3798828125,7678.47998046875,1783200
2012-10-05,7690.61474609375,7690.64990234375,7721.93017578125,7675.47998046875,7694.0498046875,1803200
2012-10-08,7615.85498046875,7615.89013671875,7707.97021484375,7612.8701171875,7707.97021484375,1545200
2012-10-09,7591.974609375,7592.009765625,7631.9599609375,7590.75,7593.580078125,1845000
2012-10-11,7451.68603515625,7451.72021484375,7501.22021484375,7448.06005859375,7494.580078125,1956600
2012-10-12,7437.005859375,7437.0400390625,7478.509765625,7398.7998046875,7456.509765625,1560800
2012-10-15,7418.86572265625,7418.89990234375,7433.68017578125,7392.60986328125,7433.22021484375,1186200
2012-10-16,7470.98583984375,7471.02001953125,7471.02001953125,7437.7900390625,7437.7900390625,1487000
2012-10-17,7464.36572265625,7464.39990234375,7518.35986328125,7450.2900390625,7505.41015625,1839800
2012-10-18,7465.3759765625,7465.41015625,7495.4501953125,7448.06005859375,7474.06982421875,1300800
2012-10-19,7408.7255859375,7408.759765625,7449.22021484375,7402.66015625,7443.60986328125,1410400
2012-10-22,7373.005859375,7373.0400390625,7373.0400390625,7310.7900390625,7333.240234375,1241400
2012-10-23,7337.4462890625,7337.47998046875,7375.5,7326.39013671875,7367.4599609375,1201000
2012-10-24,7314.84619140625,7314.8798828125,7348.4501953125,7274.8798828125,7288.14013671875,1380800
2012-10-25,7262.04638671875,7262.080078125,7339.2099609375,7260.0,7329.5,1509400
2012-10-26,7134.02734375,7134.06005859375,7298.47998046875,7132.77001953125,7291.97998046875,2529400
2012-10-29,7091.6376953125,7091.669921875,7165.10009765625,7091.18994140625,7147.2001953125,1832200
2012-10-30,7182.556640625,7182.58984375,7206.35009765625,7131.14990234375,7131.14990234375,1781000
2012-10-31,7166.01708984375,7166.0498046875,7222.83984375,7139.169921875,7220.02001953125,1588000
2012-11-01,7179.60693359375,7179.64013671875,7188.22998046875,7050.0498046875,7141.97021484375,1918000
2012-11-02,7210.43701171875,7210.47021484375,7235.1298828125,7199.56982421875,7232.2001953125,1967600
2012-11-05,7185.32666015625,7185.35986328125,7216.2998046875,7161.7001953125,7200.77001953125,1253800
2012-11-06,7236.64697265625,7236.68017578125,7236.68017578125,7165.580078125,7223.02001953125,1262000
2012-11-07,7287.146484375,7287.18017578125,7287.18017578125,7220.0400390625,7249.75,1593400
2012-11-08,7242.5966796875,7242.6298828125,7242.6298828125,7190.990234375,7229.0,1573400
2012-11-09,7293.1865234375,7293.22021484375,7302.27001953125,7170.2900390625,7206.16015625,1911000
2012-11-12,7267.71630859375,7267.75,7307.58984375,7264.02001953125,7303.93017578125,1519200
2012-11-13,7136.01708984375,7136.0498046875,7262.64990234375,7129.8701171875,7262.64990234375,1702800
2012-11-14,7159.71728515625,7159.75,7165.85986328125,7107.77978515625,7141.580078125,1287400
2012-11-15,7143.80712890625,7143.83984375,7158.740234375,7066.27978515625,7132.02001953125,1327800
2012-11-16,7130.037109375,7130.06982421875,7194.27978515625,7108.83984375,7125.240234375,1422200
2012-11-19,7129.00732421875,7129.0400390625,7162.1201171875,7125.2099609375,7134.7099609375,1214400
2012-11-20,7145.7373046875,7145.77001953125,7189.10009765625,7141.16015625,7179.10009765625,1228800
2012-11-21,7088.4580078125,7088.490234375,7169.39990234375,7061.8701171875,7150.240234375,1433800
2012-11-22,7105.7275390625,7105.759765625,7134.77978515625,7097.3798828125,7116.7998046875,1171600
2012-11-23,7325.97607421875,7326.009765625,7326.009765625,7148.97021484375,7148.97021484375,2264600
2012-11-26,7407.3359375,7407.3701171875,7407.3701171875,7370.27978515625,7372.3798828125,2199600
2012-11-27,7430.166015625,7430.2001953125,7436.77978515625,7384.97021484375,7408.740234375,1985400
2012-11-28,7434.89599609375,7434.93017578125,7434.93017578125,7385.91015625,7418.419921875,1973000
2012-11-29,7503.515625,7503.5498046875,7521.52001953125,7466.490234375,7468.93017578125,2635600
2012-11-30,7580.134765625,7580.169921875,7590.68994140625,7515.14990234375,7519.06982421875,3157800
2012-12-03,7599.875,7599.91015625,7628.2900390625,7562.18994140625,7582.64990234375,2437800
2012-12-04,7600.94482421875,7600.97998046875,7600.97998046875,7536.66015625,7572.10986328125,2494600
2012-12-05,7649.0146484375,7649.0498046875,7650.1201171875,7567.4599609375,7575.6298828125,3147200
2012-12-06,7623.224609375,7623.259765625,7673.6201171875,7616.7900390625,7660.97021484375,2726600
2012-12-07,7642.224609375,7642.259765625,7672.919921875,7631.6298828125,7640.25,2334600
2012-12-10,7609.46484375,7609.5,7669.0498046875,7603.25,7658.39013671875,1913200
2012-12-11,7613.65478515625,7613.68994140625,7630.66015625,7556.669921875,7621.0,2256200
2012-12-12,7690.15478515625,7690.18994140625,7696.02001953125,7645.5400390625,7653.89990234375,2206800
2012-12-13,7757.05419921875,7757.08984375,7757.08984375,7699.41015625,7713.68994140625,2968600
2012-12-14,7698.73486328125,7698.77001953125,7723.740234375,7686.31982421875,7722.8798828125,2683200
2012-12-17,7631.24462890625,7631.27978515625,7683.31982421875,7603.509765625,7664.97021484375,2267000
2012-12-18,7643.705078125,7643.740234375,7643.740234375,7616.0400390625,7620.2900390625,2017800
2012-12-19,7677.43505859375,7677.47021484375,7685.6298828125,7647.009765625,7671.1298828125,2504600
2012-12-20,7595.4248046875,7595.4599609375,7646.1298828125,7574.56005859375,7646.1298828125,2252400
2012-12-21,7519.8955078125,7519.93017578125,7608.81005859375,7491.52001953125,7592.56982421875,2356200
2012-12-24,7535.4853515625,7535.52001953125,7566.08984375,7520.6201171875,7542.66015625,1590800
2012-12-25,7636.53466796875,7636.56982421875,7654.60009765625,7543.830078125,7556.240234375,1870600
2012-12-26,7634.15478515625,7634.18994140625,7683.08984375,7633.830078125,7646.509765625,1974200
2012-12-27,7648.375,7648.41015625,7661.009765625,7622.72998046875,7634.7998046875,1801600
2012-12-28,7699.46484375,7699.5,7708.31005859375,7665.0400390625,7700.8701171875,1978600
2013-01-02,7779.1845703125,7779.22021484375,7793.47998046875,7715.259765625,7738.0498046875,2194600
2013-01-03,7836.8037109375,7836.83984375,7855.16015625,7815.2900390625,7826.33984375,2964400
2013-01-04,7805.95458984375,7805.990234375,7818.27001953125,7773.06005859375,7818.27001953125,2696800
2013-01-07,7755.05419921875,7755.08984375,7797.0498046875,7725.47021484375,7797.0498046875,2421000
2013-01-08,7721.625,7721.66015625,7751.7998046875,7692.97998046875,7737.06982421875,2211200
2013-01-09,7738.6044921875,7738.64013671875,7763.97021484375,7703.22998046875,7726.39990234375,2471400
2013-01-10,7811.6044921875,7811.64013671875,7825.06005859375,7760.08984375,7780.97998046875,3319400
2013-01-11,7819.1142578125,7819.14990234375,7845.35986328125,7801.68994140625,7843.56982421875,2405200
2013-01-14,7823.93408203125,7823.97021484375,7823.97021484375,7731.31982421875,7795.68017578125,2142800
2013-01-15,7764.984375,7765.02001953125,7823.509765625,7744.39013671875,7823.509765625,2520200
2013-01-16,7700.39501953125,7700.43017578125,7769.18017578125,7700.43017578125,7766.08984375,2272200
2013-01-17,7616.60498046875,7616.64013671875,7774.97021484375,7603.27001953125,7748.56982421875,2929200
2013-01-18,7732.8349609375,7732.8701171875,7732.8701171875,7676.10986328125,7697.27978515625,2113400
2013-01-21,7724.884765625,7724.919921875,7739.3701171875,7674.18017578125,7725.35986328125,1515400
2013-01-22,7759.064453125,7759.10009765625,7759.47021484375,7699.25,7746.7900390625,1580400
2013-01-23,7744.14453125,7744.18017578125,7773.2001953125,7730.10009765625,7773.2001953125,1655600
2013-01-24,7695.955078125,7695.990234375,7724.68017578125,7653.6201171875,7717.0400390625,1862000
2013-01-25,7672.544921875,7672.580078125,7704.31005859375,7637.2001953125,7695.25,1697200
2013-01-28,7714.634765625,7714.669921875,7717.35009765625,7685.669921875,7685.669921875,1602400
2013-01-29,7801.96435546875,7802.0,7802.0,7739.60009765625,7744.14990234375,1904200
2013-01-30,7832.94384765625,7832.97998046875,7847.2099609375,7804.7099609375,7832.9501953125,2252800
2013-01-31,7849.98388671875,7850.02001953125,7850.02001953125,7800.89990234375,7832.8701171875,2116800
2013-02-01,7855.93359375,7855.97021484375,7866.22998046875,7832.0,7853.75,1838800
2013-02-04,7923.123046875,7923.16015625,7929.97021484375,7880.2900390625,7882.759765625,2678600
2013-02-05,7886.90283203125,7886.93994140625,7896.669921875,7863.91015625,7896.669921875,2316000
2013-02-06,7906.61279296875,7906.64990234375,7941.64990234375,7906.64990234375,7925.259765625,2554200
2013-02-18,7943.49267578125,7943.52978515625,8005.72998046875,7927.9501953125,8000.68994140625,2578000
2013-02-19,7960.8427734375,7960.8798828125,7974.39990234375,7946.08984375,7974.39990234375,2308600
2013-02-20,8029.0625,8029.10009765625,8029.10009765625,7995.16015625,8021.31005859375,2992000
2013-02-21,7957.4228515625,7957.4599609375,8020.52001953125,7957.4599609375,8020.52001953125,2235600
2013-02-22,7947.68310546875,7947.72021484375,7970.240234375,7913.16015625,7947.8798828125,2307600
2013-02-25,7947.64306640625,7947.68017578125,7995.10986328125,7947.68017578125,7986.8701171875,2144800
2013-02-26,7880.86279296875,7880.89990234375,7927.490234375,7871.22998046875,7891.41015625,1918400
2013-02-27,7897.94287109375,7897.97998046875,7912.85009765625,7873.2900390625,7886.02978515625,1921400
2013-03-01,7964.5927734375,7964.6298828125,7964.6298828125,7917.72021484375,7917.72021484375,2114200
2013-03-04,7867.30322265625,7867.33984375,7966.22021484375,7849.52001953125,7966.22021484375,2278000
2013-03-05,7932.6728515625,7932.7099609375,7939.85009765625,7882.56005859375,7910.43994140625,2246200
2013-03-06,7950.2626953125,7950.2998046875,7982.39013671875,7936.85986328125,7958.10986328125,2329600
2013-03-07,7960.47265625,7960.509765625,7984.2900390625,7942.3701171875,7950.89990234375,2261400
2013-03-08,8015.1025390625,8015.14013671875,8029.14013671875,7981.0,7981.0,2719000
2013-03-11,8038.6826171875,8038.72021484375,8089.2099609375,8001.85009765625,8021.8798828125,2878800
2013-03-12,7994.67236328125,7994.7099609375,8063.22998046875,7986.58984375,8039.0,2738000
2013-03-13,7995.47216796875,7995.509765625,8047.56005859375,7962.419921875,8018.89990234375,2224400
2013-03-14,7951.72265625,7951.759765625,8002.7099609375,7946.2900390625,8002.419921875,2150200
2013-03-15,7927.453125,7927.490234375,7999.919921875,7924.93994140625,7989.669921875,2530400
2013-03-18,7811.30419921875,7811.33984375,7888.16015625,7807.60986328125,7886.68994140625,2031400
2013-03-19,7838.43408203125,7838.47021484375,7863.77001953125,7823.81005859375,7843.47021484375,1804200
2013-03-20,7797.994140625,7798.02978515625,7844.5400390625,7786.56005859375,7834.72998046875,1954200
2013-03-21,7811.80419921875,7811.83984375,7843.16015625,7811.83984375,7828.9501953125,1695800
2013-03-22,7796.1845703125,7796.22021484375,7832.58984375,7796.22021484375,7811.52001953125,1727200
2013-03-25,7856.08349609375,7856.1201171875,7877.0498046875,7854.47021484375,7862.580078125,1806800
2013-03-26,7856.3232421875,7856.35986328125,7876.68017578125,7845.56005859375,7873.7001953125,1850200
2013-03-27,7894.0830078125,7894.1201171875,7894.259765625,7857.31982421875,7872.75,1851200
2013-03-28,7866.84326171875,7866.8798828125,7905.7099609375,7844.83984375,7905.7099609375,1813200
2013-03-29,7918.57275390625,7918.60986328125,7931.7001953125,7883.81005859375,7904.5,1594000
2013-04-01,7899.203125,7899.240234375,7937.72998046875,7896.56982421875,7934.25,1560000
2013-04-02,7913.14306640625,7913.18017578125,7924.4599609375,7879.5498046875,7897.16015625,1638000
2013-04-03,7942.31298828125,7942.35009765625,7954.14990234375,7913.77001953125,7949.1201171875,1919600
2013-04-08,7752.75439453125,7752.7900390625,7843.10009765625,7747.47021484375,7831.22021484375,2561600
2013-04-09,7728.5048828125,7728.5400390625,7781.1298828125,7714.93017578125,7766.6201171875,1888800
2013-04-10,7752.76416015625,7752.7998046875,7772.9501953125,7739.990234375,7772.9501953125,1736400
2013-04-11,7857.943359375,7857.97998046875,7857.97998046875,7788.580078125,7788.580078125,1842000
2013-04-12,7821.59375,7821.6298828125,7864.85986328125,7810.5400390625,7861.1201171875,1677600
2013-04-15,7763.494140625,7763.52978515625,7835.1201171875,7753.240234375,7815.31982421875,1634200
2013-04-16,7801.01416015625,7801.0498046875,7801.0498046875,7688.6201171875,7690.91015625,1548000
2013-04-17,7809.0341796875,7809.06982421875,7822.81005859375,7791.52978515625,7822.81005859375,1906600
2013-04-18,7791.314453125,7791.35009765625,7826.1298828125,7757.330078125,7781.47998046875,1784600
2013-04-19,7930.7626953125,7930.7998046875,7933.72021484375,7862.919921875,7868.89990234375,2033800
2013-04-22,7970.3427734375,7970.3798828125,7996.5498046875,7950.009765625,7976.10009765625,1947200
2013-04-23,7942.73291015625,7942.77001953125,7968.7900390625,7913.60009765625,7955.919921875,1876400
2013-04-24,8023.67236328125,8023.7099609375,8025.4501953125,7968.27978515625,7977.39990234375,2412000
2013-04-25,8021.71240234375,8021.75,8026.4599609375,7994.18994140625,8015.3798828125,1941400
2013-04-26,8022.0224609375,8022.06005859375,8081.3701171875,8020.47021484375,8034.47021484375,2227800
2013-04-29,8029.70263671875,8029.740234375,8046.22021484375,8014.27001953125,8043.7099609375,1796200
2013-04-30,8093.62255859375,8093.66015625,8115.58984375,8065.919921875,8065.919921875,2283200
2013-05-02,8128.47216796875,8128.509765625,8139.490234375,8095.7001953125,8111.43017578125,2151000
2013-05-03,8134.9921875,8135.02978515625,8175.330078125,8121.06982421875,8157.509765625,2032400
2013-05-06,8169.01220703125,8169.0498046875,8197.51953125,8153.9599609375,8188.47998046875,1971000
2013-05-07,8163.0224609375,8163.06005859375,8181.7998046875,8145.10009765625,8177.580078125,1872600
2013-05-08,8267.0498046875,8267.08984375,8284.08984375,8177.93994140625,8177.93994140625,2467800
2013-05-09,8285.849609375,8285.8896484375,8322.6904296875,8279.4599609375,8314.3701171875,2414000
2013-05-10,8280.2197265625,8280.259765625,8297.330078125,8258.6201171875,8284.3798828125,2270000
2013-05-13,8248.2802734375,8248.3203125,8296.5400390625,8230.650390625,8285.4501953125,1958400
2013-05-14,8251.7802734375,8251.8203125,8295.41015625,8233.98046875,8272.2001953125,1960600
2013-05-15,8318.5498046875,8318.58984375,8320.3203125,8251.509765625,8264.099609375,2302600
2013-05-16,8390.009765625,8390.0498046875,8414.8798828125,8346.4501953125,8362.490234375,3446200
2013-05-17,8368.150390625,8368.1904296875,8402.33984375,8356.7900390625,8377.259765625,2547200
2013-05-20,8377.009765625,8377.0498046875,8385.6796875,8347.330078125,8364.9501953125,2114400
2013-05-21,8383.009765625,8383.0498046875,8420.6796875,8361.9599609375,8381.3603515625,2660600
2013-05-22,8398.7998046875,8398.83984375,8439.150390625,8376.2099609375,8414.0595703125,3031400
2013-05-23,8237.7900390625,8237.830078125,8373.08984375,8235.5,8367.849609375,3340000
2013-05-24,8209.740234375,8209.7802734375,8277.5595703125,8172.5400390625,8273.2099609375,2450400
2013-05-27,8280.0595703125,8280.099609375,8280.099609375,8210.3203125,8218.8798828125,1894000
2013-05-28,8263.009765625,8263.0498046875,8303.7099609375,8261.5400390625,8289.150390625,1988600
2013-05-29,8337.8603515625,8337.900390625,8344.2099609375,8303.2001953125,8303.2001953125,2471400
2013-05-30,8243.25,8243.2900390625,8316.9697265625,8228.7998046875,8316.9697265625,2458800
2013-05-31,8254.759765625,8254.7998046875,8334.4404296875,8237.080078125,8318.76953125,3586800
2013-06-03,8200.9794921875,8201.01953125,8225.7900390625,8149.4501953125,8177.97021484375,2142200
2013-06-04,8191.1826171875,8191.22021484375,8250.169921875,8180.39013671875,8243.2197265625,2192000
2013-06-05,8181.87255859375,8181.91015625,8216.3095703125,8161.10009765625,8195.51953125,2282800
2013-06-06,8096.1025390625,8096.14013671875,8162.25,8088.31005859375,8135.56005859375,2347800
2013-06-07,8095.16259765625,8095.2001953125,8146.77978515625,8071.97998046875,8113.9501953125,2536400
2013-06-10,8160.51220703125,8160.5498046875,8190.8701171875,8142.7099609375,8161.509765625,1703000
2013-06-11,8116.1123046875,8116.14990234375,8178.9501953125,8116.14990234375,8178.9501953125,1809000
2013-06-13,7951.623046875,7951.66015625,8057.330078125,7951.66015625,8041.5,2286800
2013-06-14,7937.703125,7937.740234375,7989.18994140625,7912.3701171875,7978.75,2085600
2013-06-17,7992.8525390625,7992.89013671875,7999.43017578125,7940.72021484375,7953.64990234375,1509200
2013-06-18,8010.982421875,8011.02001953125,8024.9501953125,7955.740234375,7994.81005859375,1719200
2013-06-19,8007.3525390625,8007.39013671875,8056.18994140625,8005.56982421875,8033.31982421875,1797800
2013-06-20,7898.873046875,7898.91015625,7962.759765625,7890.93017578125,7952.35986328125,2156200
2013-06-21,7793.2744140625,7793.31005859375,7815.7900390625,7739.08984375,7778.83984375,3274800
2013-06-24,7757.994140625,7758.02978515625,7815.10009765625,7744.490234375,7788.4501953125,2153600
2013-06-25,7663.19482421875,7663.22998046875,7792.27001953125,7663.22998046875,7750.33984375,2368000
2013-06-26,7784.76416015625,7784.7998046875,7821.14013671875,7742.2001953125,7789.33984375,2405200
2013-06-27,7883.86279296875,7883.89990234375,7884.1298828125,7834.330078125,7841.31982421875,2369400
2013-06-28,8062.17236328125,8062.2099609375,8062.2099609375,7891.06005859375,7928.5400390625,2251800
2013-07-01,8035.96240234375,8036.0,8063.47021484375,7974.14990234375,8011.9501953125,2063400
2013-07-02,8015.822265625,8015.85986328125,8064.1201171875,8012.7900390625,8061.83984375,1986800
2013-07-03,7911.3828125,7911.419921875,7995.2998046875,7899.080078125,7991.52978515625,2276800
2013-07-04,7893.68310546875,7893.72021484375,7927.080078125,7877.06005859375,7919.259765625,1796800
2013-07-05,8001.7822265625,8001.81982421875,8018.93017578125,7926.35009765625,7932.2998046875,1885000
2013-07-08,7886.302734375,7886.33984375,7992.16015625,7885.0,7980.10986328125,1742000
2013-07-09,7971.14306640625,7971.18017578125,7975.64013671875,7891.3701171875,7891.52978515625,1739400
2013-07-10,8011.65234375,8011.68994140625,8057.919921875,7974.990234375,7974.990234375,2279800
2013-07-11,8179.50244140625,8179.5400390625,8179.5400390625,8080.97021484375,8080.97021484375,2724800
2013-07-12,8220.4501953125,8220.490234375,8220.490234375,8169.919921875,8187.85986328125,2277800
2013-07-15,8254.6396484375,8254.6796875,8254.6796875,8175.5498046875,8178.259765625,2128200
2013-07-16,8260.0703125,8260.1103515625,8260.1103515625,8222.169921875,8243.6201171875,2449000
2013-07-17,8258.91015625,8258.9501953125,8260.25,8208.7099609375,8239.099609375,2677400
2013-07-18,8194.83984375,8194.8798828125,8265.7001953125,8181.990234375,8238.2802734375,2557800
2013-07-19,8061.9921875,8062.02978515625,8139.81005859375,8046.7001953125,8117.93994140625,2541200
2013-07-22,8105.41259765625,8105.4501953125,8137.3701171875,8092.02978515625,8092.02978515625,1948400
2013-07-23,8214.6103515625,8214.650390625,8220.8896484375,8145.08984375,8152.72021484375,2607200
2013-07-24,8196.150390625,8196.1904296875,8233.099609375,8172.22998046875,8222.849609375,2210200
2013-07-25,8163.54248046875,8163.580078125,8203.490234375,8140.41015625,8173.18994140625,2044600
2013-07-26,8149.3623046875,8149.39990234375,8222.8203125,8135.72998046875,8188.35986328125,1833800
2013-07-29,8084.46240234375,8084.5,8163.89013671875,8074.2900390625,8146.14013671875,1566000
2013-07-30,8163.51220703125,8163.5498046875,8176.740234375,8112.91015625,8113.169921875,1789200
2013-07-31,8107.90234375,8107.93994140625,8170.56982421875,8107.60009765625,8163.43994140625,2083500
2013-08-01,8056.1826171875,8056.22021484375,8113.39990234375,8056.22021484375,8110.72998046875,2017200
2013-08-02,8099.84228515625,8099.8798828125,8162.91015625,8087.10009765625,8114.509765625,2267000
2013-08-05,8138.59228515625,8138.6298828125,8143.43994140625,8075.990234375,8104.2001953125,1870100
2013-08-06,8038.87255859375,8038.91015625,8129.85009765625,8028.93017578125,8129.85009765625,2093500
2013-08-07,7921.2529296875,7921.2900390625,7993.56982421875,7921.2900390625,7993.56982421875,2091200
2013-08-08,7907.6328125,7907.669921875,7932.35009765625,7894.18017578125,7910.2001953125,1950400
2013-08-09,7856.103515625,7856.14013671875,7955.0,7853.97021484375,7955.0,2009000
2013-08-12,7903.3427734375,7903.3798828125,7908.68017578125,7862.0400390625,7878.22021484375,1668000
2013-08-13,7986.232421875,7986.27001953125,7986.27001953125,7935.7900390625,7935.7900390625,1916200
2013-08-14,7951.29296875,7951.330078125,7981.56005859375,7926.22998046875,7978.740234375,2004300
2013-08-15,7887.22265625,7887.259765625,7916.02001953125,7850.27001953125,7903.009765625,2166600
2013-08-16,7924.962890625,7925.0,7949.43017578125,7850.490234375,7854.68017578125,2037700
2013-08-19,7900.1728515625,7900.2099609375,7944.740234375,7888.8701171875,7937.4501953125,1804300
2013-08-20,7832.61376953125,7832.64990234375,7924.52001953125,7829.77978515625,7896.3798828125,2051400
2013-08-22,7814.34423828125,7814.3798828125,7825.56005859375,7737.330078125,7779.43994140625,2255900
2013-08-23,7873.2734375,7873.31005859375,7895.1298828125,7845.919921875,7863.72998046875,1946600
2013-08-26,7894.93310546875,7894.97021484375,7913.740234375,7874.0498046875,7906.52001953125,1564000
2013-08-27,7820.8037109375,7820.83984375,7895.22998046875,7820.83984375,7875.93017578125,1852400
2013-08-28,7824.50390625,7824.5400390625,7834.10986328125,7761.759765625,7776.8701171875,1666200
2013-08-29,7917.623046875,7917.66015625,7931.0498046875,7841.990234375,7841.990234375,1754200
2013-08-30,8021.8525390625,8021.89013671875,8021.89013671875,7936.81982421875,7949.990234375,2087800
2013-09-02,8038.822265625,8038.85986328125,8052.7099609375,7993.1298828125,8010.14990234375,1807200
2013-09-03,8088.33251953125,8088.3701171875,8102.66015625,8067.6201171875,8095.66015625,2107400
2013-09-04,8083.40234375,8083.43994140625,8094.1201171875,8041.490234375,8066.669921875,2034100
2013-09-05,8169.0625,8169.10009765625,8169.10009765625,8107.22021484375,8109.240234375,2419300
2013-09-06,8164.16259765625,8164.2001953125,8182.56005859375,8155.5,8180.52978515625,2418400
2013-09-09,8192.0703125,8192.1103515625,8192.1103515625,8117.8701171875,8176.47021484375,2156500
2013-09-10,8208.7294921875,8208.76953125,8238.91015625,8155.8701171875,8217.2099609375,2388600
2013-09-11,8208.9501953125,8208.990234375,8208.990234375,8137.06982421875,8174.5400390625,2169100
2013-09-12,8225.3203125,8225.3603515625,8226.6103515625,8177.02978515625,8180.3798828125,2168200
2013-09-13,8168.16259765625,8168.2001953125,8228.669921875,8162.14013671875,8210.150390625,1606400
2013-09-16,8255.2998046875,8255.33984375,8255.33984375,8189.60986328125,8189.60986328125,1894800
2013-09-17,8249.740234375,8249.7802734375,8249.7802734375,8218.9404296875,8241.0302734375,1632500
2013-09-18,8209.1396484375,8209.1796875,8263.0498046875,8209.1796875,8248.1796875,1853300
2013-09-23,8292.7900390625,8292.830078125,8293.0302734375,8221.33984375,8226.7998046875,2274900
2013-09-24,8299.080078125,8299.1201171875,8310.9404296875,8265.5498046875,8295.5,2283200
2013-09-25,8283.8603515625,8283.900390625,8285.2802734375,8253.4296875,8283.599609375,2257100
2013-09-26,8184.642578125,8184.68017578125,8290.099609375,8184.68017578125,8290.099609375,2068800
2013-09-27,8230.6396484375,8230.6796875,8244.8603515625,8207.7197265625,8222.1298828125,2154900
2013-09-30,8173.83251953125,8173.8701171875,8204.400390625,8137.10986328125,8174.85986328125,1885800
2013-10-01,8186.982421875,8187.02001953125,8222.3798828125,8172.7900390625,8173.990234375,2001300
2013-10-02,8216.4794921875,8216.51953125,8228.8095703125,8204.33984375,8215.9599609375,2471200
2013-10-03,8358.9794921875,8359.01953125,8376.7900390625,8231.6796875,8231.6796875,3252800
2013-10-04,8364.509765625,8364.5498046875,8376.0595703125,8336.6103515625,8345.8203125,2566700
2013-10-07,8333.6201171875,8333.66015625,8361.5,8323.7900390625,8354.91015625,2777100
2013-10-08,8375.6103515625,8375.650390625,8375.650390625,8311.58984375,8340.330078125,2581600
2013-10-09,8344.6904296875,8344.73046875,8378.3701171875,8330.7900390625,8352.25,2605200
2013-10-11,8349.330078125,8349.3701171875,8433.5302734375,8349.3701171875,8407.4501953125,2618600
2013-10-14,8273.919921875,8273.9599609375,8343.650390625,8269.16015625,8339.990234375,2278900
2013-10-15,8367.83984375,8367.8798828125,8368.01953125,8320.48046875,8320.48046875,2286900
2013-10-16,8332.1396484375,8332.1796875,8384.0302734375,8332.1796875,8384.0302734375,2017400
2013-10-17,8374.6396484375,8374.6796875,8415.16015625,8364.8896484375,8390.8798828125,2263300
2013-10-18,8441.150390625,8441.1904296875,8441.1904296875,8390.3203125,8416.330078125,2315100
2013-10-21,8419.2802734375,8419.3203125,8459.2998046875,8400.0595703125,8456.6796875,1980700
2013-10-22,8418.2294921875,8418.26953125,8425.3095703125,8376.26953125,8407.6201171875,1945800
2013-10-23,8393.580078125,8393.6201171875,8438.9501953125,8380.150390625,8419.7998046875,1912600
2013-10-24,8413.6796875,8413.7197265625,8413.7197265625,8346.51953125,8364.4501953125,1662800
2013-10-25,8346.580078125,8346.6201171875,8390.25,8322.150390625,8380.3095703125,1962800
2013-10-28,8407.7900390625,8407.830078125,8414.8095703125,8348.419921875,8365.4296875,1712900
2013-10-29,8420.9404296875,8420.98046875,8432.900390625,8380.2099609375,8394.849609375,1822800
2013-10-30,8465.01953125,8465.0595703125,8465.0595703125,8419.2099609375,8429.400390625,2049400
2013-10-31,8450.01953125,8450.0595703125,8469.580078125,8424.4697265625,8437.759765625,2269000
2013-11-01,8388.1396484375,8388.1796875,8476.6298828125,8378.9404296875,8474.4697265625,2146900
2013-11-04,8354.099609375,8354.1396484375,8371.830078125,8333.6298828125,8371.830078125,2064200
2013-11-05,8262.16015625,8262.2001953125,8372.7998046875,8262.2001953125,8354.919921875,2292100
2013-11-06,8281.9296875,8281.9697265625,8297.5703125,8232.5,8275.0703125,2237200
2013-11-07,8283.669921875,8283.7099609375,8298.0595703125,8250.7197265625,8298.0595703125,2161800
2013-11-08,8229.5498046875,8229.58984375,8266.7197265625,8216.330078125,8235.2998046875,1863300
2013-11-11,8182.5224609375,8182.56005859375,8242.41015625,8168.919921875,8228.900390625,1862200
2013-11-12,8195.2197265625,8195.259765625,8233.6201171875,8160.169921875,8233.6201171875,2131400
2013-11-13,8104.22216796875,8104.259765625,8199.259765625,8104.259765625,8199.259765625,1783600
2013-11-14,8134.87255859375,8134.91015625,8161.7001953125,8100.72998046875,8137.81982421875,2146800
2013-11-15,8177.08251953125,8177.1201171875,8210.099609375,8160.27978515625,8168.89990234375,1940800
2013-11-18,8191.42236328125,8191.4599609375,8226.6103515625,8186.47021484375,8201.849609375,1750600
2013-11-19,8260.169921875,8260.2099609375,8260.8203125,8215.0,8215.0,1918200
2013-11-20,8204.419921875,8204.4599609375,8262.91015625,8204.4599609375,8250.3095703125,1928700
2013-11-21,8099.41259765625,8099.4501953125,8203.4501953125,8093.81982421875,8197.8603515625,1835300
2013-11-22,8116.7421875,8116.77978515625,8142.72021484375,8107.97998046875,8107.97998046875,1605200
2013-11-25,8187.47216796875,8187.509765625,8217.6201171875,8182.89990234375,8182.89990234375,1923100
2013-11-26,8247.9794921875,8248.01953125,8281.3798828125,8187.27978515625,8200.7001953125,2635900
2013-11-27,8295.83984375,8295.8798828125,8312.3203125,8279.509765625,8287.6298828125,2058100
2013-11-28,8362.3896484375,8362.4296875,8377.8095703125,8320.650390625,8320.650390625,2379200
2013-11-29,8406.7900390625,8406.830078125,8414.7900390625,8365.3203125,8374.1396484375,2180600
2013-12-02,8414.5703125,8414.6103515625,8437.1298828125,8391.8203125,8429.240234375,1737900
2013-12-03,8392.509765625,8392.5498046875,8418.23046875,8390.73046875,8407.740234375,1925000
2013-12-04,8417.9599609375,8418.0,8435.23046875,8375.7900390625,8379.4404296875,2133000
2013-12-05,8375.5,8375.5400390625,8437.599609375,8362.3896484375,8430.5302734375,1962700
2013-12-06,8367.6796875,8367.7197265625,8410.1904296875,8361.990234375,8372.6103515625,1851000
2013-12-09,8444.580078125,8444.6201171875,8477.8701171875,8433.8095703125,8439.759765625,2056400
2013-12-10,8443.349609375,8443.3896484375,8459.490234375,8421.58984375,8451.8095703125,1839200
2013-12-11,8433.7294921875,8433.76953125,8501.76953125,8413.51953125,8450.9599609375,2122800
2013-12-12,8361.2900390625,8361.330078125,8406.9296875,8361.330078125,8405.6201171875,1620900
2013-12-13,8376.900390625,8376.9404296875,8391.8203125,8346.830078125,8355.009765625,1787700
2013-12-16,8313.830078125,8313.8701171875,8374.2099609375,8313.8701171875,8368.830078125,1717500
2013-12-17,8352.8896484375,8352.9296875,8384.259765625,8351.98046875,8351.98046875,1800100
2013-12-18,8349.0,8349.0400390625,8375.51953125,8333.3095703125,8361.75,1814900
2013-12-19,8407.3603515625,8407.400390625,8426.080078125,8378.7802734375,8400.3896484375,2037300
2013-12-20,8408.490234375,8408.5302734375,8439.3701171875,8392.3798828125,8400.2099609375,2007200
2013-12-23,8456.419921875,8456.4599609375,8477.4697265625,8441.16015625,8441.16015625,2120800
2013-12-24,8450.4501953125,8450.490234375,8478.08984375,8450.490234375,8473.01953125,1701500
2013-12-25,8467.7197265625,8467.759765625,8484.0498046875,8457.8701171875,8461.490234375,1725200
2013-12-26,8485.849609375,8485.8896484375,8492.7099609375,8465.849609375,8467.73046875,1618300
2013-12-27,8535.0,8535.0400390625,8543.5,8488.4404296875,8490.73046875,1975600
2013-12-30,8623.3896484375,8623.4296875,8623.4296875,8552.1298828125,8552.1298828125,2361800
2013-12-31,8611.4697265625,8611.509765625,8647.240234375,8593.75,8636.5,2324300
2014-01-02,8612.5,8612.5400390625,8632.8095703125,8587.5400390625,8618.599609375,2537600
2014-01-03,8546.5,8546.5400390625,8584.740234375,8537.8603515625,8584.740234375,2539700
2014-01-06,8499.9697265625,8500.009765625,8568.240234375,8488.6396484375,8553.0,2640100
2014-01-07,8512.259765625,8512.2998046875,8547.1904296875,8512.2998046875,8515.3603515625,2598900
2014-01-08,8555.9697265625,8556.009765625,8587.080078125,8548.6103515625,8548.6103515625,3206300
2014-01-09,8514.6396484375,8514.6796875,8569.1103515625,8506.01953125,8555.7998046875,3819600
2014-01-10,8529.3095703125,8529.349609375,8559.1796875,8521.5,8559.1796875,2730100
2014-01-13,8566.16015625,8566.2001953125,8607.23046875,8558.9599609375,8587.490234375,2662700
2014-01-14,8548.099609375,8548.1396484375,8568.3095703125,8523.4599609375,8545.4599609375,2289900
2014-01-15,8602.509765625,8602.5498046875,8619.5595703125,8567.8095703125,8567.8095703125,2869000
2014-01-16,8612.0703125,8612.1103515625,8668.9501953125,8610.240234375,8653.5400390625,2832700
2014-01-17,8595.9599609375,8596.0,8628.8603515625,8580.490234375,8628.490234375,2288800
2014-01-20,8621.51953125,8621.5595703125,8636.2099609375,8584.5,8595.58984375,2277900
2014-01-21,8599.8603515625,8599.900390625,8650.1396484375,8599.900390625,8639.7099609375,2478200
2014-01-22,8625.259765625,8625.2998046875,8633.5703125,8596.990234375,8598.98046875,2141700
2014-01-23,8595.0595703125,8595.099609375,8647.8701171875,8595.099609375,8644.5595703125,2056700
2014-01-24,8598.26953125,8598.3095703125,8608.6396484375,8577.1396484375,8581.490234375,1936800
2014-01-27,8462.5302734375,8462.5703125,8519.48046875,8442.1904296875,8519.48046875,2605100
2014-02-05,8264.4404296875,8264.48046875,8313.830078125,8230.4599609375,8290.169921875,3156100
2014-02-06,8310.9697265625,8311.009765625,8333.5595703125,8284.76953125,8286.16015625,2451100
2014-02-07,8387.3095703125,8387.349609375,8409.0302734375,8356.9296875,8383.990234375,2427200
2014-02-10,8391.91015625,8391.9501953125,8447.01953125,8391.9501953125,8416.419921875,2048200
2014-02-11,8430.51953125,8430.5595703125,8439.330078125,8401.5400390625,8413.8603515625,1955500
2014-02-12,8510.830078125,8510.8701171875,8510.8701171875,8471.509765625,8471.509765625,2388700
2014-02-13,8467.66015625,8467.7001953125,8511.01953125,8467.7001953125,8506.2197265625,2100200
2014-02-14,8513.6396484375,8513.6796875,8566.990234375,8508.240234375,8524.5400390625,2340800
2014-02-17,8519.509765625,8519.5498046875,8558.5,8512.599609375,8537.830078125,1889000
2014-02-18,8556.1904296875,8556.23046875,8556.23046875,8506.0595703125,8530.8095703125,1903400
2014-02-19,8576.9697265625,8577.009765625,8577.009765625,8543.150390625,8565.0595703125,2203700
2014-02-20,8524.580078125,8524.6201171875,8567.5,8513.080078125,8555.26953125,2399900
2014-02-21,8601.8203125,8601.8603515625,8612.080078125,8571.2900390625,8571.2900390625,2588600
2014-02-24,8560.5703125,8560.6103515625,8612.2099609375,8541.650390625,8603.6103515625,2464800
2014-02-25,8575.580078125,8575.6201171875,8598.73046875,8564.509765625,8581.1396484375,2395800
2014-02-26,8600.8203125,8600.8603515625,8626.6796875,8563.8701171875,8569.0400390625,2598300
2014-02-27,8639.5400390625,8639.580078125,8647.900390625,8615.41015625,8626.509765625,2515200
2014-03-03,8601.9404296875,8601.98046875,8628.0498046875,8545.240234375,8627.150390625,2549200
2014-03-04,8554.5,8554.5400390625,8595.58984375,8554.5400390625,8583.580078125,2380400
2014-03-05,8632.8896484375,8632.9296875,8652.2197265625,8622.1904296875,8622.1904296875,2453300
2014-03-06,8713.75,8713.7900390625,8719.169921875,8660.2900390625,8660.2900390625,2719200
2014-03-07,8713.919921875,8713.9599609375,8787.6201171875,8698.599609375,8754.740234375,3139500
2014-03-10,8665.2001953125,8665.240234375,8712.8798828125,8651.5400390625,8706.4296875,2100000
2014-03-11,8702.2900390625,8702.330078125,8716.3095703125,8684.6298828125,8694.9599609375,2194700
2014-03-12,8684.6904296875,8684.73046875,8684.73046875,8651.990234375,8671.400390625,2232300
2014-03-13,8747.75,8747.7900390625,8768.66015625,8732.150390625,8737.8095703125,2708000
2014-03-14,8687.58984375,8687.6298828125,8709.5595703125,8677.8095703125,8697.73046875,2247300
2014-03-17,8700.0595703125,8700.099609375,8708.400390625,8662.490234375,8697.259765625,2240400
2014-03-18,8731.900390625,8731.9404296875,8759.5498046875,8713.509765625,8747.3798828125,2490300
2014-03-19,8689.419921875,8689.4599609375,8749.7998046875,8682.75,8745.01953125,2362300
2014-03-20,8597.2900390625,8597.330078125,8638.58984375,8580.400390625,8638.58984375,2381800
2014-03-21,8577.1298828125,8577.169921875,8642.8203125,8562.5703125,8642.8203125,2469800
2014-03-24,8605.33984375,8605.3798828125,8605.3798828125,8508.009765625,8540.26953125,1978400
2014-03-25,8689.259765625,8689.2998046875,8689.2998046875,8589.1904296875,8589.1904296875,2018100
2014-03-26,8737.2294921875,8737.26953125,8746.7099609375,8717.7900390625,8741.0302734375,2308500
2014-03-27,8779.5302734375,8779.5703125,8780.419921875,8723.8203125,8737.5595703125,2333300
2014-03-28,8774.599609375,8774.6396484375,8812.41015625,8751.0703125,8779.91015625,2284900
2014-03-31,8849.240234375,8849.2802734375,8849.2802734375,8769.9697265625,8802.9296875,2044700
2014-04-01,8873.1103515625,8873.150390625,8873.150390625,8826.16015625,8847.33984375,2291600
2014-04-02,8905.4091796875,8905.4501953125,8922.7900390625,8883.1396484375,8906.51953125,2439600
2014-04-03,8888.4990234375,8888.5400390625,8913.740234375,8871.16015625,8902.9404296875,2584100
2014-04-07,8876.3994140625,8876.4404296875,8876.4404296875,8828.58984375,8844.91015625,2350400
2014-04-08,8888.208984375,8888.25,8899.1201171875,8860.7001953125,8878.8798828125,2079300
2014-04-09,8930.529296875,8930.5703125,8936.5703125,8912.3896484375,8912.3896484375,2341700
2014-04-10,8948.05859375,8948.099609375,8978.51953125,8898.2998046875,8964.33984375,2782700
2014-04-11,8908.0087890625,8908.0498046875,8909.9697265625,8848.240234375,8900.1298828125,2296800
2014-04-14,8857.3798828125,8857.419921875,8899.509765625,8852.66015625,8897.23046875,1785900
2014-04-15,8916.6689453125,8916.7099609375,8918.9404296875,8889.4404296875,8898.650390625,2081400
2014-04-16,8923.779296875,8923.8203125,8968.5595703125,8894.2900390625,8921.0703125,2175300
2014-04-17,8944.119140625,8944.16015625,8962.66015625,8921.5595703125,8942.23046875,2287200
2014-04-18,8966.619140625,8966.66015625,9002.7001953125,8945.5595703125,8994.76953125,1853200
2014-04-21,8951.1494140625,8951.1904296875,8965.580078125,8938.4697265625,8961.51953125,1811600
2014-04-22,8974.6689453125,8974.7099609375,8989.0595703125,8955.1904296875,8956.2197265625,2187000
2014-04-23,8956.87890625,8956.919921875,9022.2802734375,8947.8603515625,9009.58984375,2615700
2014-04-24,8945.4091796875,8945.4501953125,8971.9404296875,8926.5498046875,8968.8203125,2391300
2014-04-25,8774.080078125,8774.1201171875,8951.0595703125,8749.509765625,8945.8095703125,3379600
2014-04-28,8809.669921875,8809.7099609375,8825.9296875,8671.650390625,8680.1396484375,2347800
2014-04-29,8872.0703125,8872.1103515625,8884.48046875,8833.3701171875,8845.599609375,2084300
2014-04-30,8791.400390625,8791.4404296875,8890.08984375,8791.4404296875,8885.7001953125,2414300
2014-05-02,8867.2802734375,8867.3203125,8875.900390625,8839.919921875,8846.8603515625,2118600
2014-05-05,8870.3896484375,8870.4296875,8911.080078125,8844.4501953125,8895.8701171875,1935700
2014-05-06,8912.3486328125,8912.3896484375,8927.3896484375,8853.7197265625,8888.4501953125,2300600
2014-05-07,8893.1787109375,8893.2197265625,8911.0302734375,8856.98046875,8903.7197265625,2352500
2014-05-08,8930.859375,8930.900390625,8941.4599609375,8891.740234375,8925.2099609375,2466100
2014-05-09,8889.6494140625,8889.6904296875,8945.6298828125,8878.3203125,8943.1396484375,2428800
2014-05-12,8808.5703125,8808.6103515625,8898.3095703125,8803.4296875,8893.7197265625,2068600
2014-05-13,8817.900390625,8817.9404296875,8886.66015625,8809.0595703125,8865.6103515625,2167800
2014-05-14,8875.119140625,8875.16015625,8875.16015625,8812.1904296875,8842.0498046875,2097100
2014-05-15,8880.609375,8880.650390625,8880.650390625,8839.4404296875,8852.919921875,1708000
2014-05-16,8888.4091796875,8888.4501953125,8896.7197265625,8816.919921875,8857.1201171875,1797600
2014-05-19,8899.859375,8899.900390625,8912.349609375,8877.4599609375,8901.5400390625,1798700
2014-05-20,8887.7490234375,8887.7900390625,8930.7900390625,8887.7900390625,8922.080078125,1739900
2014-05-21,8862.3798828125,8862.419921875,8905.0400390625,8848.5302734375,8894.16015625,1651800
2014-05-22,8969.5888671875,8969.6298828125,8969.6298828125,8899.8203125,8899.8203125,2030100
2014-05-23,9008.1787109375,9008.2197265625,9008.2197265625,8960.7900390625,8960.7900390625,2229400
2014-05-26,9036.0791015625,9036.1201171875,9053.75,9026.76953125,9040.490234375,2254800
2014-05-27,9055.248046875,9055.2900390625,9059.1904296875,9035.6904296875,9045.080078125,2064100
2014-05-28,9121.66796875,9121.7099609375,9125.1396484375,9069.8896484375,9072.0400390625,2500300
2014-05-29,9108.9580078125,9109.0,9131.66015625,9093.5703125,9123.4599609375,2347400
2014-05-30,9075.8681640625,9075.91015625,9139.5703125,9075.91015625,9130.66015625,3481800
2014-06-03,9123.41796875,9123.4599609375,9128.33984375,9070.4501953125,9106.6103515625,2367700
2014-06-04,9119.91796875,9119.9599609375,9140.5498046875,9114.1796875,9135.009765625,2575200
2014-06-05,9140.677734375,9140.7197265625,9140.7197265625,9094.1298828125,9127.5595703125,2772700
2014-06-06,9134.41796875,9134.4599609375,9174.76953125,9122.5595703125,9167.830078125,2858700
2014-06-09,9162.6982421875,9162.740234375,9166.580078125,9138.9296875,9153.9296875,2464400
2014-06-10,9222.328125,9222.3701171875,9222.3701171875,9171.75,9181.900390625,2518700
2014-06-11,9229.7578125,9229.7998046875,9229.7998046875,9204.759765625,9218.5,2437300
2014-06-12,9204.6083984375,9204.650390625,9220.8896484375,9186.7900390625,9209.990234375,2618000
2014-06-13,9196.34765625,9196.3896484375,9207.740234375,9171.509765625,9192.73046875,2357800
2014-06-16,9202.8876953125,9202.9296875,9214.1904296875,9179.5595703125,9196.23046875,2374500
2014-06-17,9240.5576171875,9240.599609375,9249.8701171875,9200.8603515625,9223.01953125,2507800
2014-06-18,9279.8876953125,9279.9296875,9316.6396484375,9204.349609375,9257.650390625,3014200
2014-06-19,9316.767578125,9316.8095703125,9324.400390625,9283.3798828125,9288.6904296875,2202700
2014-06-20,9273.748046875,9273.7900390625,9339.830078125,9273.7900390625,9330.349609375,2242200
2014-06-23,9228.3076171875,9228.349609375,9302.650390625,9225.73046875,9293.0595703125,2702500
2014-06-24,9246.158203125,9246.2001953125,9276.240234375,9232.349609375,9232.349609375,1913700
2014-06-25,9242.1181640625,9242.16015625,9255.8701171875,9229.7998046875,9250.1298828125,1987600
2014-06-26,9320.8984375,9320.9404296875,9320.9404296875,9271.349609375,9273.3603515625,2767400
2014-06-27,9306.7880859375,9306.830078125,9330.9501953125,9303.5703125,9316.8896484375,2252200
2014-06-30,9393.0283203125,9393.0703125,9393.0703125,9327.8896484375,9332.4404296875,2580300
2014-07-01,9441.8779296875,9441.919921875,9463.0595703125,9374.2802734375,9393.0703125,3004800
2014-07-02,9484.9169921875,9484.9599609375,9547.0498046875,9421.8701171875,9482.0,4105500
2014-07-03,9526.1875,9526.23046875,9538.650390625,9449.7802734375,9468.7802734375,2908200
2014-07-04,9510.0068359375,9510.0498046875,9550.1103515625,9482.9404296875,9525.9296875,2889200
2014-07-07,9520.1572265625,9520.2001953125,9520.2001953125,9454.669921875,9497.26953125,2805800
2014-07-08,9530.9375,9530.98046875,9540.5703125,9499.169921875,9515.1796875,2811300
2014-07-09,9489.9375,9489.98046875,9522.990234375,9478.759765625,9510.0,2679700
2014-07-10,9565.076171875,9565.1201171875,9568.75,9512.8896484375,9512.8896484375,3202100
2014-07-11,9495.796875,9495.83984375,9591.26953125,9478.0703125,9561.7099609375,3371800
2014-07-14,9520.2568359375,9520.2998046875,9545.990234375,9488.1201171875,9497.8095703125,2798700
2014-07-15,9569.1259765625,9569.169921875,9593.6796875,9547.9404296875,9558.419921875,2960700
2014-07-16,9484.6875,9484.73046875,9574.1298828125,9471.650390625,9570.330078125,3060700
2014-07-17,9408.1982421875,9408.240234375,9461.8603515625,9373.8701171875,9420.1103515625,2920100
2014-07-18,9400.927734375,9400.9697265625,9421.33984375,9335.3798828125,9335.3798828125,2324700
2014-07-21,9440.927734375,9440.9697265625,9480.1396484375,9426.2998046875,9453.7802734375,2228000
2014-07-22,9499.3173828125,9499.3603515625,9499.3603515625,9418.740234375,9453.23046875,2277700
2014-07-23,9499.3173828125,9499.3603515625,9499.3603515625,9418.740234375,9453.23046875,2277700
2014-07-24,9527.4970703125,9527.5400390625,9538.0703125,9483.51953125,9508.259765625,2684600
2014-07-25,9439.248046875,9439.2900390625,9528.7001953125,9412.48046875,9519.990234375,2532200
2014-07-28,9420.1376953125,9420.1796875,9460.4296875,9385.5595703125,9415.900390625,2509800
2014-07-29,9391.837890625,9391.8798828125,9483.75,9357.3203125,9457.7998046875,3528000
2014-07-30,9446.9775390625,9447.01953125,9456.0302734375,9398.8203125,9409.6201171875,2519700
2014-07-31,9315.8076171875,9315.849609375,9438.9697265625,9313.8701171875,9436.0400390625,2521900
2014-08-01,9266.4677734375,9266.509765625,9274.6396484375,9201.830078125,9223.75,2400600
2014-08-04,9330.1484375,9330.1904296875,9330.1904296875,9258.1796875,9280.2900390625,2281900
2014-08-05,9141.3984375,9141.4404296875,9316.8203125,9141.4404296875,9316.8203125,2611000
2014-08-06,9143.927734375,9143.9697265625,9163.8095703125,9070.08984375,9148.3603515625,2616100
2014-08-07,9131.3984375,9131.4404296875,9172.8798828125,9108.849609375,9162.650390625,1910100
2014-08-08,9085.91796875,9085.9599609375,9120.2001953125,9014.8896484375,9120.2001953125,2139900
2014-08-11,9172.8681640625,9172.91015625,9184.9599609375,9107.2099609375,9109.830078125,1921900
2014-08-12,9163.078125,9163.1201171875,9198.099609375,9146.98046875,9188.849609375,1930900
2014-08-13,9231.267578125,9231.3095703125,9231.66015625,9147.1396484375,9155.01953125,2033400
2014-08-14,9230.568359375,9230.6103515625,9282.009765625,9218.5498046875,9276.41015625,2183500
2014-08-15,9206.767578125,9206.8095703125,9243.669921875,9172.91015625,9243.669921875,1924300
2014-08-18,9141.267578125,9141.3095703125,9222.73046875,9128.66015625,9222.73046875,1992200
2014-08-19,9243.73828125,9243.7802734375,9255.08984375,9188.6298828125,9188.6298828125,1977100
2014-08-20,9288.0078125,9288.0498046875,9294.490234375,9249.3095703125,9278.150390625,2122000
2014-08-21,9253.337890625,9253.3798828125,9289.01953125,9217.9697265625,9286.8203125,2038000
2014-08-22,9380.0576171875,9380.099609375,9380.599609375,9271.8701171875,9273.0703125,2488700
2014-08-25,9390.578125,9390.6201171875,9409.349609375,9369.240234375,9393.240234375,1912300
2014-08-26,9393.91796875,9393.9599609375,9418.76953125,9386.490234375,9394.2802734375,1984100
2014-08-27,9485.546875,9485.58984375,9491.75,9426.2900390625,9426.2900390625,2940500
2014-08-28,9478.3271484375,9478.3701171875,9502.419921875,9453.490234375,9499.2197265625,2707500
2014-08-29,9436.2275390625,9436.26953125,9470.150390625,9425.349609375,9459.8095703125,2271500
2014-09-01,9513.0166015625,9513.0595703125,9532.66015625,9472.9599609375,9474.41015625,2065000
2014-09-02,9399.677734375,9399.7197265625,9503.650390625,9388.1298828125,9503.650390625,2082900
2014-09-03,9450.3076171875,9450.349609375,9455.7802734375,9396.7900390625,9434.8798828125,1948400
2014-09-04,9428.84765625,9428.8896484375,9439.759765625,9389.2900390625,9439.759765625,1708100
2014-09-05,9407.8984375,9407.9404296875,9451.3896484375,9365.7001953125,9446.4501953125,1650700
2014-09-09,9434.7275390625,9434.76953125,9465.9296875,9426.990234375,9452.1396484375,1868600
2014-09-10,9357.568359375,9357.6103515625,9410.6201171875,9309.0498046875,9410.6201171875,1839600
2014-09-11,9322.908203125,9322.9501953125,9381.0498046875,9322.9501953125,9376.3798828125,1702100
2014-09-12,9223.1376953125,9223.1796875,9333.2802734375,9223.1796875,9324.740234375,1793200
2014-09-15,9217.41796875,9217.4599609375,9242.23046875,9175.6103515625,9206.41015625,1482600
2014-09-16,9133.3583984375,9133.400390625,9219.419921875,9133.400390625,9218.849609375,1719500
2014-09-17,9195.1279296875,9195.169921875,9252.3798828125,9159.849609375,9171.0400390625,1884000
2014-09-18,9236.98828125,9237.0302734375,9237.8798828125,9201.91015625,9211.7998046875,1554700
2014-09-19,9240.408203125,9240.4501953125,9289.2197265625,9235.4404296875,9268.4404296875,1815800
2014-09-22,9134.6083984375,9134.650390625,9220.5400390625,9106.26953125,9220.5400390625,1780200
2014-09-23,9084.8583984375,9084.900390625,9147.2099609375,9084.900390625,9134.2900390625,1642800
2014-09-24,9098.4482421875,9098.490234375,9123.1103515625,9071.7998046875,9071.7998046875,1582000
2014-09-25,9011.548828125,9011.58984375,9149.41015625,8982.509765625,9126.759765625,2039500
2014-09-26,8989.779296875,8989.8203125,9001.98046875,8913.509765625,8957.5595703125,1705600
2014-09-29,8960.71875,8960.759765625,9018.4599609375,8948.08984375,9018.4599609375,1713100
2014-09-30,8966.87890625,8966.919921875,8998.830078125,8860.169921875,8954.580078125,2295900
2014-10-01,8990.21875,8990.259765625,9014.259765625,8918.9599609375,8958.8701171875,1648000
2014-10-02,8975.1494140625,8975.1904296875,9010.26953125,8913.009765625,8959.3701171875,1825200
2014-10-03,9106.23828125,9106.2802734375,9113.7998046875,8998.26953125,9010.2998046875,1873800
2014-10-06,9095.09765625,9095.1396484375,9122.5400390625,9065.33984375,9118.2802734375,1626000
2014-10-07,9040.7685546875,9040.8095703125,9074.7998046875,8993.4501953125,9065.669921875,1569500
2014-10-08,8955.138671875,8955.1796875,9038.6103515625,8955.1796875,8989.990234375,1558600
2014-10-09,8966.3994140625,8966.4404296875,9054.669921875,8946.16015625,9021.3095703125,1777200
2014-10-13,8711.349609375,8711.3896484375,8795.76953125,8711.3896484375,8767.419921875,2328700
2014-10-14,8768.349609375,8768.3896484375,8768.3896484375,8684.1904296875,8691.830078125,1735500
2014-10-15,8655.4697265625,8655.509765625,8776.91015625,8635.41015625,8769.3896484375,2304300
2014-10-16,8633.650390625,8633.6904296875,8676.4599609375,8501.2900390625,8602.650390625,2514700
2014-10-17,8512.83984375,8512.8798828125,8699.76953125,8512.8798828125,8688.7099609375,2655100
2014-10-20,8663.099609375,8663.1396484375,8679.849609375,8611.169921875,8617.080078125,1747800
2014-10-21,8654.599609375,8654.6396484375,8676.3203125,8636.669921875,8676.3203125,1380900
2014-10-22,8748.7900390625,8748.830078125,8775.349609375,8729.76953125,8744.91015625,1911300
2014-10-23,8731.0302734375,8731.0703125,8751.669921875,8714.8798828125,8735.3798828125,1442500
2014-10-24,8645.9697265625,8646.009765625,8750.419921875,8629.240234375,8740.2802734375,1539700
2014-10-27,8627.740234375,8627.7802734375,8689.669921875,8607.23046875,8671.509765625,1503400
2014-10-28,8773.509765625,8773.5498046875,8788.2802734375,8692.51953125,8692.51953125,1851800
2014-10-29,8903.638671875,8903.6796875,8903.6796875,8821.849609375,8821.849609375,2169000
2014-10-30,8888.029296875,8888.0703125,8892.990234375,8842.7998046875,8890.1904296875,1969100
2014-10-31,8974.71875,8974.759765625,8974.759765625,8885.2099609375,8909.33984375,2025800
2014-11-03,9004.8193359375,9004.8603515625,9029.7099609375,8965.5,9009.3798828125,2063400
2014-11-04,8989.138671875,8989.1796875,9046.2197265625,8980.9599609375,9030.9599609375,1704900
2014-11-05,8962.55859375,8962.599609375,9013.0595703125,8941.1796875,8997.759765625,1633400
2014-11-06,8890.978515625,8891.01953125,8979.9697265625,8887.3603515625,8968.7900390625,1597400
2014-11-07,8912.5791015625,8912.6201171875,8925.6201171875,8867.7802734375,8881.1904296875,1492600
2014-11-10,9049.939453125,9049.98046875,9062.8896484375,8937.58984375,8937.58984375,1844200
2014-11-11,9034.0986328125,9034.1396484375,9069.4404296875,9021.5400390625,9067.5400390625,1788700
2014-11-12,8918.9091796875,8918.9501953125,9030.1298828125,8894.1103515625,9030.1298828125,1688500
2014-11-13,8980.62890625,8980.669921875,8980.669921875,8927.08984375,8947.9697265625,1337100
2014-11-14,8982.8388671875,8982.8798828125,8996.3798828125,8950.23046875,8992.400390625,1670000
2014-11-17,8884.3486328125,8884.3896484375,9024.0,8878.3798828125,9003.3701171875,1620300
2014-11-18,8859.0302734375,8859.0703125,8944.259765625,8828.150390625,8916.080078125,1875200
2014-11-19,8963.19921875,8963.240234375,8988.6396484375,8879.2900390625,8896.16015625,1933300
2014-11-20,9078.828125,9078.8701171875,9078.8701171875,8984.9296875,8984.9296875,1984700
2014-11-21,9091.48828125,9091.5302734375,9111.1796875,9071.8603515625,9104.33984375,1711900
2014-11-24,9122.2880859375,9122.330078125,9165.7099609375,9104.5400390625,9144.419921875,1688500
2014-11-25,9116.1982421875,9116.240234375,9153.5498046875,9098.3203125,9125.26953125,1863300
2014-11-26,9122.34765625,9122.3896484375,9146.0400390625,9112.1904296875,9125.080078125,1572900
2014-11-27,9165.267578125,9165.3095703125,9217.73046875,9153.490234375,9153.490234375,1657900
2014-11-28,9187.1083984375,9187.150390625,9201.7998046875,9158.2802734375,9163.1904296875,1671500
2014-12-01,9117.66796875,9117.7099609375,9164.5400390625,8998.5498046875,9038.41015625,2000200
2014-12-02,9034.7490234375,9034.7900390625,9104.83984375,9009.6904296875,9098.3603515625,2121500
2014-12-03,9175.2177734375,9175.259765625,9188.3203125,9045.2001953125,9073.4697265625,2695800
2014-12-04,9225.068359375,9225.1103515625,9251.849609375,9195.150390625,9212.849609375,2423500
2014-12-05,9206.5283203125,9206.5703125,9240.509765625,9192.2900390625,9220.25,2074700
2014-12-08,9187.248046875,9187.2900390625,9241.6298828125,9174.509765625,9231.240234375,2002500
2014-12-09,9128.8583984375,9128.900390625,9177.1396484375,9127.1201171875,9163.4296875,1841800
2014-12-10,9032.119140625,9032.16015625,9140.490234375,9015.51953125,9115.330078125,2150000
2014-12-11,9013.029296875,9013.0703125,9046.400390625,8971.5302734375,9003.83984375,1673000
2014-12-12,9027.2890625,9027.330078125,9084.26953125,9022.5595703125,9041.5400390625,1621300
2014-12-15,8985.5888671875,8985.6298828125,8997.080078125,8943.0400390625,8987.9501953125,1671300
2014-12-16,8950.869140625,8950.91015625,9031.0703125,8950.91015625,8967.8203125,1836200
2014-12-17,8828.3203125,8828.3603515625,8972.1201171875,8826.0302734375,8961.6396484375,2319700
2014-12-18,8878.5888671875,8878.6298828125,8946.419921875,8876.8798828125,8912.7802734375,1975300
2014-12-19,8999.478515625,8999.51953125,9035.76953125,8953.169921875,8981.849609375,2477900
2014-12-22,9094.9580078125,9095.0,9099.849609375,9024.009765625,9032.419921875,1954900
2014-12-23,9097.66796875,9097.7099609375,9138.150390625,9093.4296875,9123.7802734375,1867800
2014-12-24,9186.1376953125,9186.1796875,9186.1796875,9096.48046875,9096.48046875,2610200
2014-12-25,9158.658203125,9158.7001953125,9198.0400390625,9153.76953125,9186.830078125,1831400
2014-12-26,9214.0283203125,9214.0703125,9214.0703125,9158.3896484375,9171.91015625,1649700
2014-12-29,9286.23828125,9286.2802734375,9313.330078125,9216.4296875,9216.4296875,2137000
2014-12-30,9268.3876953125,9268.4296875,9338.0595703125,9262.7001953125,9299.099609375,1891600
2014-12-31,9307.2177734375,9307.259765625,9307.259765625,9252.3095703125,9260.4599609375,1578600
2015-01-05,9274.068359375,9274.1103515625,9292.3095703125,9182.01953125,9292.3095703125,2311000
2015-01-06,9048.298828125,9048.33984375,9209.9296875,9043.4404296875,9209.9296875,2725800
2015-01-07,9080.0478515625,9080.08984375,9108.66015625,9050.5400390625,9051.9404296875,2384100
2015-01-08,9237.98828125,9238.0302734375,9246.6201171875,9154.0302734375,9154.0302734375,2657600
2015-01-09,9215.5380859375,9215.580078125,9284.5703125,9215.580078125,9247.400390625,2398800
2015-01-12,9178.2578125,9178.2998046875,9229.650390625,9178.2998046875,9198.01953125,2205700
2015-01-13,9231.7578125,9231.7998046875,9253.8203125,9161.7099609375,9162.76953125,2324800
2015-01-14,9180.1884765625,9180.23046875,9242.2001953125,9161.7099609375,9235.900390625,2271500
2015-01-15,9165.0478515625,9165.08984375,9219.4296875,9149.099609375,9197.3203125,2210200
2015-01-16,9138.248046875,9138.2900390625,9256.8603515625,9109.4599609375,9245.76953125,2591100
2015-01-19,9174.017578125,9174.0595703125,9247.08984375,9151.8203125,9183.759765625,1893500
2015-01-20,9251.6484375,9251.6904296875,9259.3095703125,9177.48046875,9188.759765625,1795000
2015-01-21,9319.66796875,9319.7099609375,9319.7099609375,9275.6796875,9283.7900390625,2174400
2015-01-22,9369.4677734375,9369.509765625,9386.5595703125,9336.8095703125,9336.8095703125,2387200
2015-01-23,9470.8974609375,9470.9404296875,9471.7998046875,9422.0,9422.0,2647100
2015-01-26,9477.626953125,9477.669921875,9478.5302734375,9436.4697265625,9474.5595703125,1906500
2015-01-27,9521.546875,9521.58984375,9523.73046875,9471.1904296875,9505.5595703125,1875400
2015-01-28,9510.876953125,9510.919921875,9515.2900390625,9471.3095703125,9503.2001953125,1784400
2015-01-29,9426.8583984375,9426.900390625,9482.1298828125,9403.75,9479.3603515625,1849600
2015-01-30,9361.8681640625,9361.91015625,9466.650390625,9361.91015625,9452.849609375,2041700
2015-02-02,9386.9482421875,9386.990234375,9410.4296875,9352.1904296875,9368.830078125,1650800
2015-02-03,9448.6884765625,9448.73046875,9460.169921875,9394.4697265625,9394.4697265625,1649300
2015-02-04,9513.876953125,9513.919921875,9533.8798828125,9477.51953125,9477.51953125,2134800
2015-02-05,9512.0068359375,9512.0498046875,9517.419921875,9472.419921875,9511.0595703125,1523200
2015-02-06,9456.13671875,9456.1796875,9521.8798828125,9448.650390625,9521.8798828125,1533300
2015-02-09,9421.4580078125,9421.5,9465.1201171875,9413.1796875,9465.1201171875,1425200
2015-02-10,9393.658203125,9393.7001953125,9435.0703125,9390.1298828125,9405.58984375,1631400
2015-02-11,9462.1767578125,9462.2197265625,9488.7197265625,9430.169921875,9430.169921875,1909200
2015-02-12,9496.2666015625,9496.3095703125,9500.349609375,9447.1904296875,9496.3896484375,1563800
2015-02-13,9529.466796875,9529.509765625,9542.08984375,9499.9697265625,9500.0400390625,1601700
2015-02-24,9629.326171875,9629.3701171875,9638.48046875,9582.3896484375,9582.3896484375,2332200
2015-02-25,9699.4951171875,9699.5400390625,9699.5400390625,9653.76953125,9655.7197265625,2209800
2015-02-26,9622.0556640625,9622.099609375,9688.0703125,9610.58984375,9687.48046875,2117000
2015-03-02,9601.31640625,9601.3603515625,9690.4296875,9588.3603515625,9665.1103515625,2202800
2015-03-03,9605.7255859375,9605.76953125,9642.9501953125,9571.6396484375,9628.0595703125,1882000
2015-03-04,9621.6865234375,9621.73046875,9635.1796875,9580.7802734375,9596.240234375,1910300
2015-03-05,9595.0458984375,9595.08984375,9631.0400390625,9564.4404296875,9627.0400390625,1921600
2015-03-06,9645.7255859375,9645.76953125,9645.76953125,9574.5498046875,9587.58984375,2120500
2015-03-09,9562.9365234375,9562.98046875,9617.0400390625,9549.759765625,9617.0400390625,1785400
2015-03-10,9536.4873046875,9536.5302734375,9583.7802734375,9520.330078125,9566.25,2012200
2015-03-11,9523.13671875,9523.1796875,9561.8095703125,9472.5400390625,9503.2802734375,2230500
2015-03-12,9595.9560546875,9596.0,9608.01953125,9530.740234375,9537.23046875,2358800
2015-03-13,9579.3056640625,9579.349609375,9633.509765625,9579.349609375,9608.4404296875,1941300
2015-03-16,9512.8671875,9512.91015625,9590.759765625,9512.91015625,9583.4501953125,1773200
2015-03-17,9539.3974609375,9539.4404296875,9629.7998046875,9539.4404296875,9555.099609375,2021100
2015-03-18,9653.3857421875,9653.4296875,9653.4296875,9561.5,9563.740234375,2195500
2015-03-19,9736.685546875,9736.73046875,9745.58984375,9668.009765625,9668.009765625,2389700
2015-03-20,9749.6455078125,9749.6904296875,9749.6904296875,9705.3203125,9706.349609375,2580300
2015-03-23,9758.044921875,9758.08984375,9775.6298828125,9729.8095703125,9759.8798828125,2206800
2015-03-24,9731.615234375,9731.66015625,9768.7099609375,9701.330078125,9759.9599609375,1945600
2015-03-25,9667.7861328125,9667.830078125,9743.580078125,9653.4697265625,9739.25,1966300
2015-03-26,9619.076171875,9619.1201171875,9619.1201171875,9540.0302734375,9579.6298828125,2194600
2015-03-27,9503.6767578125,9503.7197265625,9608.4404296875,9503.7197265625,9593.0703125,2251300
2015-03-30,9521.8271484375,9521.8701171875,9556.25,9503.5302734375,9533.3798828125,1783800
2015-03-31,9586.396484375,9586.4404296875,9594.75,9527.8701171875,9568.3798828125,2184800
2015-04-01,9507.6171875,9507.66015625,9575.1103515625,9503.5302734375,9575.1103515625,1788200
2015-04-02,9600.2763671875,9600.3203125,9628.9501953125,9535.98046875,9535.98046875,1860500
2015-04-07,9641.8564453125,9641.900390625,9653.9697265625,9613.330078125,9619.9697265625,2011600
2015-04-08,9571.92578125,9571.9697265625,9654.669921875,9562.0,9646.0703125,1983700
2015-04-09,9567.99609375,9568.0400390625,9663.0498046875,9559.7099609375,9597.2099609375,2165100
2015-04-10,9617.65625,9617.7001953125,9648.33984375,9582.83984375,9626.8798828125,2002700
2015-04-13,9666.4755859375,9666.51953125,9666.51953125,9622.58984375,9622.6396484375,1855700
2015-04-14,9642.17578125,9642.2197265625,9664.099609375,9631.1904296875,9646.2802734375,2034000
2015-04-15,9540.0166015625,9540.0595703125,9654.150390625,9508.1396484375,9629.7001953125,2435600
2015-04-16,9656.826171875,9656.8701171875,9656.8701171875,9578.7099609375,9578.7099609375,2224100
2015-04-17,9570.8857421875,9570.9296875,9615.51953125,9570.9296875,9608.599609375,2047400
2015-04-20,9552.806640625,9552.849609375,9572.650390625,9508.5703125,9541.830078125,1925300
2015-04-21,9533.9375,9533.98046875,9598.8603515625,9512.6396484375,9554.7998046875,2098100
2015-04-22,9612.9560546875,9613.0,9630.7900390625,9549.6103515625,9549.6103515625,2128600
2015-04-23,9797.4453125,9797.490234375,9814.8798828125,9655.2998046875,9655.2998046875,3637800
2015-04-24,9913.2353515625,9913.2802734375,9961.3095703125,9839.7099609375,9839.7099609375,3791200
2015-04-27,9973.07421875,9973.1201171875,10002.580078125,9937.0400390625,9941.1796875,3381800
2015-04-28,9956.7841796875,9956.830078125,10014.2802734375,9918.009765625,9998.080078125,2770800
2015-04-29,9853.78515625,9853.830078125,9978.8701171875,9842.5,9934.8203125,2859900
2015-04-30,9820.0048828125,9820.0498046875,9894.900390625,9820.0498046875,9841.150390625,2644700
2015-05-04,9844.9951171875,9845.0400390625,9871.650390625,9800.48046875,9853.509765625,2298800
2015-05-05,9820.0849609375,9820.1298828125,9855.6396484375,9788.1298828125,9849.1298828125,2134800
2015-05-06,9818.1552734375,9818.2001953125,9829.4296875,9735.9404296875,9780.3896484375,2353700
2015-05-07,9704.0654296875,9704.1103515625,9789.8203125,9704.1103515625,9789.8203125,2315900
2015-05-08,9691.955078125,9692.0,9760.509765625,9692.0,9724.2900390625,2012000
2015-05-11,9663.67578125,9663.7197265625,9797.1904296875,9635.8798828125,9763.9404296875,2383200
2015-05-12,9680.6865234375,9680.73046875,9702.669921875,9637.2099609375,9637.7099609375,2141500
2015-05-13,9724.0654296875,9724.1103515625,9743.330078125,9687.66015625,9697.169921875,2129200
2015-05-14,9610.7861328125,9610.830078125,9734.5498046875,9600.240234375,9730.330078125,2198400
2015-05-15,9579.4365234375,9579.48046875,9644.830078125,9552.8603515625,9638.0595703125,1997700
2015-05-18,9606.0556640625,9606.099609375,9612.4404296875,9550.759765625,9603.75,2154300
2015-05-19,9716.724609375,9716.76953125,9722.7998046875,9623.9501953125,9623.9501953125,2439000
2015-05-20,9685.2646484375,9685.3095703125,9736.08984375,9662.8603515625,9726.01953125,2182900
2015-05-21,9578.515625,9578.5595703125,9647.5302734375,9536.16015625,9647.5302734375,2176000
2015-05-22,9638.755859375,9638.7998046875,9674.76953125,9606.509765625,9606.509765625,2176100
2015-05-25,9645.1259765625,9645.169921875,9654.2802734375,9589.3203125,9654.2802734375,1568200
2015-05-26,9669.3662109375,9669.41015625,9724.3603515625,9649.6201171875,9688.3095703125,1727100
2015-05-27,9693.4951171875,9693.5400390625,9710.2900390625,9648.7099609375,9666.8896484375,2376600
2015-05-28,9712.794921875,9712.83984375,9766.2099609375,9704.9296875,9741.5703125,2366200
2015-05-29,9701.025390625,9701.0703125,9747.26953125,9693.0,9727.58984375,3159400
2015-06-01,9625.646484375,9625.6904296875,9692.33984375,9589.08984375,9688.1298828125,1981100
2015-06-02,9614.2158203125,9614.259765625,9657.01953125,9584.5595703125,9619.8798828125,2134600
2015-06-03,9556.4765625,9556.51953125,9645.48046875,9550.4404296875,9617.75,2285900
2015-06-04,9348.587890625,9348.6298828125,9558.76953125,9325.009765625,9537.08984375,2951500
2015-06-05,9340.087890625,9340.1298828125,9371.41015625,9272.9404296875,9328.01953125,2478600
2015-06-08,9368.3876953125,9368.4296875,9419.2197265625,9258.98046875,9324.2197265625,2178100
2015-06-09,9191.828125,9191.8701171875,9363.51953125,9191.8701171875,9346.1103515625,2785900
2015-06-10,9298.4580078125,9298.5,9334.5,9246.66015625,9246.66015625,2190900
2015-06-11,9302.4482421875,9302.490234375,9358.48046875,9251.1796875,9330.990234375,2059600
2015-06-12,9301.8876953125,9301.9296875,9339.330078125,9263.41015625,9304.75,1713100
2015-06-15,9259.4384765625,9259.48046875,9324.9404296875,9252.33984375,9304.66015625,1595200
2015-06-16,9212.73828125,9212.7802734375,9272.7001953125,9177.9501953125,9272.7001953125,1737300
2015-06-17,9189.7880859375,9189.830078125,9242.2197265625,9170.08984375,9232.8095703125,2054200
2015-06-18,9218.328125,9218.3701171875,9243.83984375,9187.8701171875,9189.4404296875,1959000
2015-06-22,9341.7275390625,9341.76953125,9371.48046875,9247.759765625,9247.759765625,1993500
2015-06-23,9391.09765625,9391.1396484375,9438.3896484375,9375.7802734375,9375.7802734375,1944900
2015-06-24,9397.267578125,9397.3095703125,9409.4404296875,9364.3798828125,9390.26953125,1725600
2015-06-25,9476.296875,9476.33984375,9500.5703125,9415.7802734375,9415.7802734375,2096500
2015-06-26,9462.52734375,9462.5703125,9489.91015625,9442.9404296875,9481.9501953125,1584100
2015-06-29,9236.0576171875,9236.099609375,9358.9599609375,9227.1103515625,9358.9599609375,1867400
2015-06-30,9322.9775390625,9323.01953125,9323.01953125,9204.4501953125,9223.26953125,1858800
2015-07-01,9375.1884765625,9375.23046875,9404.759765625,9298.3603515625,9311.759765625,1618400
2015-07-02,9379.1982421875,9379.240234375,9400.6796875,9350.0498046875,9372.4599609375,1753300
2015-07-03,9358.1884765625,9358.23046875,9369.5,9265.1396484375,9369.5,1571900
2015-07-06,9255.91796875,9255.9599609375,9347.5400390625,9255.9599609375,9309.8603515625,1580600
2015-07-07,9250.1181640625,9250.16015625,9332.9697265625,9244.4599609375,9278.330078125,1872800
2015-07-08,8976.0693359375,8976.1103515625,9225.91015625,8946.75,9225.91015625,3059900
2015-07-09,8914.0888671875,8914.1298828125,8946.240234375,8750.919921875,8861.2802734375,2589100
2015-07-13,9033.87890625,9033.919921875,9041.8798828125,8946.7197265625,8946.7197265625,2077600
2015-07-14,9041.71875,9041.759765625,9124.759765625,9041.759765625,9061.580078125,2139300
2015-07-15,9054.1591796875,9054.2001953125,9089.4697265625,9005.099609375,9063.5400390625,1789400
2015-07-16,9042.1689453125,9042.2099609375,9085.3095703125,9021.8203125,9062.759765625,1666800
2015-07-17,9045.939453125,9045.98046875,9079.23046875,9018.0,9060.919921875,1615500
2015-07-20,8974.958984375,8975.0,9124.8798828125,8952.6396484375,9085.0,1767100
2015-07-21,9005.9189453125,9005.9599609375,9010.7099609375,8940.3798828125,8997.5595703125,1714600
2015-07-22,8918.6591796875,8918.7001953125,8968.3896484375,8896.099609375,8955.58984375,1720100
2015-07-23,8791.080078125,8791.1201171875,8895.8798828125,8751.7099609375,8865.3603515625,2076700
2015-07-24,8767.8203125,8767.8603515625,8811.759765625,8733.4296875,8809.650390625,1622400
2015-07-27,8556.6396484375,8556.6796875,8733.240234375,8553.08984375,8733.240234375,2322200
2015-07-28,8582.4501953125,8582.490234375,8635.8798828125,8532.0,8566.419921875,2273000
2015-07-29,8563.4404296875,8563.48046875,8619.41015625,8516.23046875,8587.7001953125,2046200
2015-07-30,8651.4501953125,8651.490234375,8697.1796875,8567.23046875,8567.23046875,2008700
2015-07-31,8665.2998046875,8665.33984375,8676.2900390625,8591.3701171875,8670.919921875,2024400
2015-08-03,8524.3701171875,8524.41015625,8636.5302734375,8482.919921875,8636.5302734375,1822300
2015-08-04,8510.8203125,8510.8603515625,8590.2998046875,8433.919921875,8538.4404296875,2242500
2015-08-05,8542.2294921875,8542.26953125,8563.009765625,8486.26953125,8504.9404296875,1849400
2015-08-06,8449.51953125,8449.5595703125,8586.240234375,8404.669921875,8564.5498046875,1995900
2015-08-07,8442.25,8442.2900390625,8458.0400390625,8368.400390625,8409.009765625,1654200
2015-08-10,8466.7998046875,8466.83984375,8484.1796875,8374.080078125,8410.6298828125,1708400
2015-08-11,8394.099609375,8394.1396484375,8586.2197265625,8393.080078125,8542.1298828125,2176400
2015-08-12,8283.33984375,8283.3798828125,8376.58984375,8235.9501953125,8365.150390625,2319000
2015-08-13,8311.7001953125,8311.740234375,8348.3896484375,8271.6904296875,8284.9599609375,2002800
2015-08-14,8305.599609375,8305.6396484375,8343.98046875,8283.349609375,8315.1396484375,1771200
2015-08-17,8213.3798828125,8213.419921875,8308.5400390625,8213.419921875,8307.900390625,1730700
2015-08-18,8177.1826171875,8177.22021484375,8277.2197265625,8166.77001953125,8237.080078125,1910300
2015-08-19,8021.80224609375,8021.83984375,8182.81005859375,7987.56982421875,8182.81005859375,2562600
2015-08-20,8029.7724609375,8029.81005859375,8063.7998046875,7951.72021484375,8008.68017578125,2051500
2015-08-21,7786.88427734375,7786.919921875,7941.9501953125,7786.919921875,7941.9501953125,2548500
2015-08-24,7410.3056640625,7410.33984375,7719.6298828125,7203.06982421875,7719.6298828125,3913000
2015-08-25,7675.60498046875,7675.64013671875,7677.93017578125,7368.47021484375,7427.35986328125,3020700
2015-08-26,7715.5546875,7715.58984375,7762.4501953125,7547.60986328125,7636.1201171875,2504000
2015-08-27,7824.513671875,7824.5498046875,7856.39990234375,7762.6298828125,7762.6298828125,2625000
2015-08-28,8019.142578125,8019.18017578125,8039.759765625,7923.77001953125,7923.77001953125,2574100
2015-08-31,8174.88232421875,8174.919921875,8174.919921875,7961.77001953125,8026.6201171875,2653300
2015-09-01,8017.5224609375,8017.56005859375,8119.89990234375,8002.18017578125,8117.5,2184600
2015-09-02,8035.25244140625,8035.2900390625,8068.06005859375,7907.31005859375,7970.39990234375,2197000
2015-09-03,8095.91259765625,8095.9501953125,8101.1298828125,8007.47998046875,8071.3701171875,2443000
2015-09-04,8000.5625,8000.60009765625,8128.22998046875,7990.85986328125,8087.6201171875,2329400
2015-09-07,7986.5224609375,7986.56005859375,8053.2001953125,7957.7998046875,7990.759765625,1496400
2015-09-08,8001.46240234375,8001.5,8031.259765625,7978.77978515625,7993.10009765625,1503100
2015-09-09,8286.8798828125,8286.919921875,8296.1298828125,8097.22021484375,8097.22021484375,2746900
2015-09-10,8268.6396484375,8268.6796875,8274.8203125,8214.5,8247.6396484375,2036300
2015-09-11,8305.7802734375,8305.8203125,8313.1796875,8233.1396484375,8271.25,1841800
2015-09-14,8307.25,8307.2900390625,8360.0302734375,8259.3095703125,8332.5703125,1769100
2015-09-15,8259.9501953125,8259.990234375,8327.9501953125,8226.0703125,8320.2197265625,1622000
2015-09-16,8333.25,8333.2900390625,8342.3603515625,8276.9404296875,8298.1298828125,1864800
2015-09-17,8445.4599609375,8445.5,8467.150390625,8377.3095703125,8377.3095703125,2321600
2015-09-18,8462.099609375,8462.1396484375,8488.5302734375,8399.7099609375,8427.51953125,2296800
2015-09-21,8307.0,8307.0400390625,8404.5,8285.4296875,8404.5,1810100
2015-09-22,8365.8798828125,8365.919921875,8365.919921875,8325.7802734375,8331.4404296875,1758200
2015-09-23,8193.3798828125,8193.419921875,8310.8203125,8186.22021484375,8310.8203125,1933600
2015-09-24,8123.0625,8123.10009765625,8257.1396484375,8101.89990234375,8224.23046875,1964900
2015-09-25,8132.3125,8132.35009765625,8152.5,8061.8701171875,8131.490234375,1654300
2015-09-30,8181.20263671875,8181.240234375,8181.240234375,8059.68017578125,8097.14990234375,2283600
2015-10-01,8295.900390625,8295.9404296875,8317.7900390625,8170.77978515625,8194.2998046875,2108700
2015-10-02,8304.990234375,8305.0302734375,8320.66015625,8253.75,8290.4296875,1758800
2015-10-05,8352.3203125,8352.3603515625,8364.58984375,8316.830078125,8342.990234375,1933400
2015-10-06,8394.0595703125,8394.099609375,8482.830078125,8390.8896484375,8409.3095703125,2193800
2015-10-07,8495.1904296875,8495.23046875,8495.23046875,8385.0400390625,8398.5302734375,2089300
2015-10-08,8445.919921875,8445.9599609375,8544.9296875,8434.5,8528.4599609375,1977700
2015-10-12,8573.6796875,8573.7197265625,8578.2197265625,8478.33984375,8478.33984375,2081500
2015-10-13,8567.8798828125,8567.919921875,8574.1103515625,8518.41015625,8571.5703125,1877100
2015-10-14,8522.4697265625,8522.509765625,8553.8701171875,8515.5302734375,8545.1396484375,1941200
2015-10-15,8601.4794921875,8601.51953125,8652.4697265625,8573.3798828125,8573.3798828125,2055300
2015-10-16,8604.91015625,8604.9501953125,8627.830078125,8574.6396484375,8596.4296875,2165800
2015-10-19,8631.4599609375,8631.5,8670.3203125,8603.080078125,8628.7900390625,1765400
2015-10-20,8653.5595703125,8653.599609375,8663.1201171875,8618.48046875,8651.080078125,1994500
2015-10-21,8609.1904296875,8609.23046875,8690.3896484375,8591.419921875,8668.080078125,2022800
2015-10-22,8608.419921875,8608.4599609375,8631.169921875,8594.2099609375,8600.400390625,1675200
2015-10-23,8673.76953125,8673.8095703125,8740.080078125,8662.0302734375,8671.51953125,1974500
2015-10-26,8745.3203125,8745.3603515625,8757.1396484375,8706.8095703125,8706.8095703125,1778100
2015-10-27,8701.2802734375,8701.3203125,8733.5302734375,8662.76953125,8724.0,1841000
2015-10-28,8665.9501953125,8665.990234375,8714.009765625,8632.3798828125,8679.240234375,1784700
2015-10-29,8571.0400390625,8571.080078125,8704.58984375,8568.1298828125,8682.580078125,1985000
2015-10-30,8554.26953125,8554.3095703125,8586.900390625,8503.6904296875,8578.25,1963300
2015-11-02,8614.7294921875,8614.76953125,8614.76953125,8524.009765625,8571.5302734375,1570900
2015-11-03,8713.150390625,8713.1904296875,8728.0595703125,8643.2099609375,8643.2099609375,2018200
2015-11-04,8856.9794921875,8857.01953125,8864.169921875,8754.1796875,8759.9404296875,2620400
2015-11-05,8850.1396484375,8850.1796875,8871.8701171875,8828.0400390625,8858.73046875,1999200
2015-11-06,8693.5302734375,8693.5703125,8857.6103515625,8671.8896484375,8857.6103515625,2240500
2015-11-09,8642.4404296875,8642.48046875,8746.2802734375,8623.7001953125,8702.669921875,1754100
2015-11-10,8536.8603515625,8536.900390625,8614.5498046875,8529.5400390625,8614.5498046875,1703500
2015-11-11,8414.9697265625,8415.009765625,8557.6904296875,8415.009765625,8543.6298828125,1930600
2015-11-12,8428.0498046875,8428.08984375,8467.3095703125,8374.0703125,8426.759765625,1541900
2015-11-13,8329.4599609375,8329.5,8453.0400390625,8329.5,8402.1103515625,1693800
2015-11-16,8295.3603515625,8295.400390625,8312.0595703125,8217.33984375,8278.1201171875,1820000
2015-11-17,8419.3798828125,8419.419921875,8471.8896484375,8369.1396484375,8369.1396484375,1799600
2015-11-18,8340.4296875,8340.4697265625,8455.1396484375,8326.7197265625,8432.25,1761600
2015-11-19,8477.16015625,8477.2001953125,8477.2001953125,8357.2001953125,8382.08984375,1792800
2015-11-20,8465.41015625,8465.4501953125,8484.0595703125,8434.330078125,8472.650390625,1579100
2015-11-23,8485.6904296875,8485.73046875,8503.080078125,8450.009765625,8480.58984375,1530200
2015-11-24,8400.099609375,8400.1396484375,8497.830078125,8397.4404296875,8472.240234375,1630600
2015-11-25,8386.08984375,8386.1298828125,8426.6201171875,8352.169921875,8407.5400390625,1693600
2015-11-26,8484.8603515625,8484.900390625,8510.7001953125,8411.16015625,8411.16015625,1659700
2015-11-27,8398.3603515625,8398.400390625,8505.080078125,8397.490234375,8493.1796875,1419800
2015-11-30,8320.5703125,8320.6103515625,8339.830078125,8239.0,8339.830078125,3289700
2015-12-01,8463.259765625,8463.2998046875,8463.2998046875,8339.5,8359.26953125,1974700
2015-12-02,8457.3603515625,8457.400390625,8497.1904296875,8441.2802734375,8475.9599609375,1939900
2015-12-03,8456.01953125,8456.0595703125,8484.51953125,8393.2900390625,8424.5400390625,1826900
2015-12-04,8398.5595703125,8398.599609375,8423.7001953125,8355.75,8423.7001953125,1789400
2015-12-07,8454.2294921875,8454.26953125,8535.3603515625,8432.4697265625,8432.4697265625,1799000
2015-12-08,8343.8203125,8343.8603515625,8453.6298828125,8335.669921875,8442.0595703125,2054400
2015-12-09,8229.580078125,8229.6201171875,8343.3701171875,8229.6201171875,8329.8603515625,2149800
2015-12-10,8216.1298828125,8216.169921875,8228.4296875,8133.419921875,8214.26953125,2110400
2015-12-11,8115.8525390625,8115.89013671875,8253.1103515625,8108.68017578125,8217.330078125,2056200
2015-12-14,8040.12255859375,8040.16015625,8068.97998046875,7980.58984375,8058.669921875,1808300
2015-12-15,8073.3125,8073.35009765625,8140.06005859375,8073.35009765625,8074.47998046875,1674400
2015-12-16,8184.62255859375,8184.66015625,8204.2001953125,8121.06005859375,8144.02978515625,1987800
2015-12-17,8319.6298828125,8319.669921875,8319.669921875,8214.6201171875,8214.6201171875,2194700
2015-12-18,8257.2802734375,8257.3203125,8317.48046875,8241.3203125,8272.41015625,1959000
2015-12-21,8282.1298828125,8282.169921875,8289.58984375,8191.52978515625,8228.0498046875,2161800
2015-12-22,8292.7001953125,8292.740234375,8316.4404296875,8261.7197265625,8283.0302734375,1832100
2015-12-23,8315.66015625,8315.7001953125,8359.25,8296.580078125,8296.580078125,1938800
2015-12-24,8324.3203125,8324.3603515625,8393.41015625,8324.3603515625,8351.2001953125,1710600
2015-12-25,8363.240234375,8363.2802734375,8364.2998046875,8320.099609375,8328.9404296875,1236500
2015-12-28,8358.4501953125,8358.490234375,8394.599609375,8358.490234375,8374.1796875,1219000
2015-12-29,8293.8701171875,8293.91015625,8351.16015625,8286.83984375,8349.26953125,1186200
2015-12-30,8279.9501953125,8279.990234375,8342.33984375,8262.51953125,8313.3701171875,1300600
2015-12-31,8338.01953125,8338.0595703125,8338.0595703125,8258.73046875,8273.76953125,1191500
2016-01-04,8114.22216796875,8114.259765625,8326.330078125,8109.08984375,8315.7900390625,1717400
2016-01-05,8075.072265625,8075.10986328125,8142.64013671875,8055.9599609375,8105.0,1710600
2016-01-06,7990.3525390625,7990.39013671875,8076.5400390625,7948.43017578125,8064.25,2040600
2016-01-07,7852.0234375,7852.06005859375,7980.5,7770.16015625,7963.240234375,2544700
2016-01-08,7893.93310546875,7893.97021484375,7906.5498046875,7788.7099609375,7811.2001953125,1875700
2016-01-11,7788.38427734375,7788.419921875,7855.7998046875,7726.22021484375,7855.7998046875,1949300
2016-01-12,7768.41455078125,7768.4501953125,7851.81005859375,7732.10986328125,7807.93017578125,2027700
2016-01-13,7824.57373046875,7824.60986328125,7865.97998046875,7786.330078125,7799.56005859375,1698800
2016-01-14,7742.84423828125,7742.8798828125,7752.08984375,7662.33984375,7752.08984375,1809100
2016-01-15,7761.97412109375,7762.009765625,7842.33984375,7708.66015625,7809.0,1991800
2016-01-18,7811.14453125,7811.18017578125,7834.25,7627.89013671875,7678.669921875,1942500
2016-01-19,7854.84326171875,7854.8798828125,7854.8798828125,7786.77001953125,7816.4501953125,1581200
2016-01-20,7699.0849609375,7699.1201171875,7835.169921875,7687.60009765625,7835.169921875,2046500
2016-01-21,7663.974609375,7664.009765625,7748.3701171875,7664.009765625,7713.169921875,1763600
2016-01-22,7756.14453125,7756.18017578125,7774.1201171875,7706.14013671875,7729.009765625,1637300
2016-01-25,7894.11279296875,7894.14990234375,7899.66015625,7813.72998046875,7813.72998046875,1623500
2016-01-26,7828.6337890625,7828.669921875,7848.6298828125,7799.580078125,7832.10009765625,1524700
2016-01-27,7849.7939453125,7849.830078125,7888.6298828125,7830.330078125,7863.66015625,1478800
2016-01-28,7905.06298828125,7905.10009765625,7921.06005859375,7821.1201171875,7825.22021484375,1830200
2016-01-29,8080.5625,8080.60009765625,8080.60009765625,7876.81982421875,7880.77978515625,2552200
2016-02-01,8156.92236328125,8156.9599609375,8166.7998046875,8110.8701171875,8164.240234375,1818300
2016-02-02,8131.20263671875,8131.240234375,8156.25,8091.14013671875,8141.52001953125,1768200
2016-02-03,8062.96533203125,8063.0,8117.22021484375,8036.60009765625,8117.22021484375,1781300
2016-02-15,8066.484375,8066.509765625,8074.7998046875,7953.990234375,7976.64990234375,1935700
2016-02-16,8212.04296875,8212.0703125,8227.1904296875,8090.91015625,8090.91015625,2009100
2016-02-17,8214.22265625,8214.25,8253.7998046875,8196.1298828125,8240.73046875,1847300
2016-02-18,8314.642578125,8314.669921875,8337.9697265625,8261.740234375,8261.740234375,2044500
2016-02-19,8325.0126953125,8325.0400390625,8325.0400390625,8280.3896484375,8291.830078125,1715700
2016-02-22,8326.65234375,8326.6796875,8396.6201171875,8296.1796875,8315.7900390625,1697400
2016-02-23,8334.6123046875,8334.6396484375,8361.7900390625,8311.9404296875,8333.58984375,1849900
2016-02-24,8282.8330078125,8282.8603515625,8382.25,8264.3896484375,8332.66015625,1825000
2016-02-25,8365.8330078125,8365.8603515625,8388.6298828125,8304.1796875,8304.1796875,2028600
2016-02-26,8411.1328125,8411.16015625,8432.740234375,8347.7998046875,8380.5302734375,1967500
2016-03-01,8485.6630859375,8485.6904296875,8489.009765625,8378.0595703125,8381.3798828125,1945500
2016-03-02,8544.0224609375,8544.0498046875,8586.25,8540.169921875,8544.66015625,2308200
2016-03-03,8611.7626953125,8611.7900390625,8630.76953125,8561.740234375,8569.0498046875,2574500
2016-03-04,8643.5224609375,8643.5498046875,8648.9404296875,8584.0595703125,8611.3701171875,2396100
2016-03-07,8659.5224609375,8659.5498046875,8727.8798828125,8632.2099609375,8656.740234375,2424900
2016-03-08,8664.2822265625,8664.3095703125,8668.509765625,8575.7001953125,8655.8603515625,2643600
2016-03-09,8634.0830078125,8634.1103515625,8657.169921875,8588.41015625,8649.099609375,2198200
2016-03-10,8660.6728515625,8660.7001953125,8680.4296875,8614.9697265625,8633.66015625,2165700
2016-03-11,8706.1123046875,8706.1396484375,8707.9697265625,8640.9599609375,8663.2900390625,2073100
2016-03-14,8747.873046875,8747.900390625,8777.0498046875,8739.5703125,8746.48046875,2236200
2016-03-15,8611.15234375,8611.1796875,8759.9404296875,8589.41015625,8745.5703125,2606100
2016-03-16,8699.1123046875,8699.1396484375,8699.1396484375,8637.6298828125,8637.6298828125,1985300
2016-03-17,8734.5126953125,8734.5400390625,8826.83984375,8716.8798828125,8763.509765625,2375000
2016-03-18,8810.6826171875,8810.7099609375,8810.7099609375,8747.0498046875,8747.0498046875,2473700
2016-03-21,8812.6728515625,8812.7001953125,8840.75,8747.58984375,8826.16015625,1740400
2016-03-22,8785.65234375,8785.6796875,8814.3701171875,8713.240234375,8806.01953125,1884200
2016-03-23,8766.0625,8766.08984375,8814.5,8734.5498046875,8777.8798828125,1743000
2016-03-24,8743.3525390625,8743.3798828125,8765.9599609375,8676.8701171875,8745.419921875,1753200
2016-03-25,8704.9423828125,8704.9697265625,8765.6201171875,8699.8896484375,8758.1396484375,1484000
2016-03-28,8690.4228515625,8690.4501953125,8737.8603515625,8676.0302734375,8713.7197265625,1609600
2016-03-29,8617.322265625,8617.349609375,8711.1103515625,8585.7099609375,8687.0595703125,1903600
2016-03-30,8737.0126953125,8737.0400390625,8744.4697265625,8624.9296875,8624.9296875,1920800
2016-03-31,8744.802734375,8744.830078125,8803.91015625,8695.080078125,8757.2197265625,2006100
2016-04-01,8657.5224609375,8657.5498046875,8704.5302734375,8628.9404296875,8700.3798828125,1542800
2016-04-06,8513.2724609375,8513.2998046875,8605.16015625,8496.8896484375,8605.16015625,2018500
2016-04-07,8490.22265625,8490.25,8529.4404296875,8436.5400390625,8523.25,1783400
2016-04-08,8541.47265625,8541.5,8546.3095703125,8452.0498046875,8464.7802734375,1796500
2016-04-11,8562.5625,8562.58984375,8568.4404296875,8476.5703125,8518.9599609375,1435100
2016-04-12,8531.15234375,8531.1796875,8613.5595703125,8520.1396484375,8561.2099609375,1695400
2016-04-13,8652.052734375,8652.080078125,8653.080078125,8561.900390625,8562.7900390625,1698200
2016-04-14,8667.6826171875,8667.7099609375,8719.150390625,8653.83984375,8684.9296875,1742000
2016-04-15,8700.3623046875,8700.3896484375,8700.3896484375,8613.25,8634.23046875,1565500
2016-04-18,8665.982421875,8666.009765625,8686.98046875,8650.1298828125,8681.7998046875,1311400
2016-04-19,8633.6923828125,8633.7197265625,8743.349609375,8627.2900390625,8701.75,1525800
2016-04-20,8514.453125,8514.48046875,8695.2197265625,8502.5498046875,8649.08984375,1800900
2016-04-21,8568.623046875,8568.650390625,8568.650390625,8508.919921875,8549.1396484375,1397500
2016-04-22,8535.72265625,8535.75,8580.330078125,8501.0302734375,8560.2099609375,1593200
2016-04-25,8560.2529296875,8560.2802734375,8560.2802734375,8513.73046875,8541.1396484375,1113800
2016-04-26,8581.54296875,8581.5703125,8622.419921875,8554.5498046875,8556.3701171875,1291300
2016-04-27,8563.0224609375,8563.0498046875,8597.6396484375,8537.0302734375,8561.3701171875,1429000
2016-04-28,8473.8427734375,8473.8701171875,8595.990234375,8456.3798828125,8586.919921875,1614700
2016-04-29,8377.873046875,8377.900390625,8424.0400390625,8352.23046875,8424.0400390625,1575700
2016-05-03,8294.0927734375,8294.1201171875,8363.58984375,8268.41015625,8362.349609375,1644000
2016-05-04,8185.44482421875,8185.47021484375,8285.9599609375,8153.56982421875,8282.51953125,1801400
2016-05-05,8167.9345703125,8167.9599609375,8207.98046875,8122.33984375,8182.0498046875,1609100
2016-05-06,8146.40478515625,8146.43017578125,8170.68017578125,8104.16015625,8169.5400390625,1678500
2016-05-09,8131.8046875,8131.830078125,8177.35986328125,8106.1298828125,8156.64990234375,1365700
2016-05-10,8156.2646484375,8156.2900390625,8168.1298828125,8075.580078125,8119.7099609375,1320800
2016-05-11,8135.53466796875,8135.56005859375,8204.509765625,8115.43994140625,8182.919921875,1584800
2016-05-12,8108.0244140625,8108.0498046875,8162.43994140625,8105.490234375,8122.77978515625,1359700
2016-05-13,8053.66455078125,8053.68994140625,8095.93017578125,7999.97998046875,8095.93017578125,2020700
2016-05-16,8067.57470703125,8067.60009765625,8091.47998046875,8003.93017578125,8035.2099609375,1449600
2016-05-17,8140.45458984375,8140.47998046875,8151.2001953125,8047.31005859375,8081.89013671875,1500000
2016-05-18,8159.65478515625,8159.68017578125,8159.68017578125,8061.259765625,8115.60986328125,1482200
2016-05-19,8095.95458984375,8095.97998046875,8166.9599609375,8067.330078125,8159.93017578125,1377200
2016-05-20,8131.234375,8131.259765625,8165.97998046875,8080.64990234375,8108.68017578125,1228000
2016-05-23,8344.4130859375,8344.4404296875,8356.9599609375,8119.7099609375,8150.3798828125,1882300
2016-05-24,8300.6328125,8300.66015625,8354.6201171875,8298.0,8329.6904296875,1382700
2016-05-25,8396.1728515625,8396.2001953125,8417.26953125,8352.83984375,8352.83984375,1675500
2016-05-26,8394.0927734375,8394.1201171875,8410.740234375,8376.599609375,8400.8896484375,1328900
2016-05-27,8463.5830078125,8463.6103515625,8463.6103515625,8415.58984375,8415.58984375,1546200
2016-05-30,8535.8427734375,8535.8701171875,8563.400390625,8462.150390625,8476.6201171875,1612400
2016-05-31,8535.5625,8535.58984375,8545.73046875,8488.900390625,8532.2099609375,2368300
2016-06-01,8597.1328125,8597.16015625,8603.6298828125,8514.1201171875,8516.080078125,1713400
2016-06-02,8555.9921875,8556.01953125,8635.0302734375,8553.5400390625,8598.4697265625,1713200
2016-06-03,8587.3330078125,8587.3603515625,8601.0498046875,8559.76953125,8565.1796875,1446300
2016-06-06,8597.0830078125,8597.1103515625,8664.1201171875,8557.6796875,8605.150390625,1253900
2016-06-07,8679.873046875,8679.900390625,8692.73046875,8621.4599609375,8622.2099609375,1653300
2016-06-08,8715.453125,8715.48046875,8754.8203125,8690.58984375,8704.66015625,1745300
2016-06-13,8536.19921875,8536.2197265625,8634.240234375,8520.2099609375,8634.240234375,1795700
2016-06-14,8576.099609375,8576.1201171875,8577.3095703125,8503.419921875,8513.509765625,1324500
2016-06-15,8606.349609375,8606.3701171875,8608.2900390625,8524.5498046875,8566.4296875,1631200
2016-06-16,8494.119140625,8494.1396484375,8584.669921875,8476.83984375,8583.1904296875,1614200
2016-06-17,8568.0595703125,8568.080078125,8607.16015625,8538.2802734375,8538.2802734375,1676500
2016-06-20,8625.8994140625,8625.919921875,8642.150390625,8604.8095703125,8612.259765625,1441600
2016-06-21,8684.8291015625,8684.849609375,8684.849609375,8627.400390625,8633.2099609375,1522900
2016-06-22,8716.2294921875,8716.25,8716.25,8653.0400390625,8675.1201171875,1616300
2016-06-23,8676.6591796875,8676.6796875,8711.2099609375,8662.7802734375,8706.080078125,1277400
2016-06-24,8476.9697265625,8476.990234375,8691.2998046875,8374.259765625,8684.5302734375,2544000
2016-06-27,8458.849609375,8458.8701171875,8468.66015625,8386.26953125,8406.2900390625,1349900
2016-06-28,8505.4892578125,8505.509765625,8505.509765625,8396.009765625,8438.759765625,1527200
2016-06-29,8586.5390625,8586.5595703125,8609.23046875,8530.3701171875,8530.3701171875,1952800
2016-06-30,8666.5595703125,8666.580078125,8666.580078125,8583.76953125,8615.4599609375,2157300
2016-07-01,8738.2197265625,8738.240234375,8755.6201171875,8680.5302734375,8692.48046875,1877900
2016-07-04,8760.5595703125,8760.580078125,8782.3798828125,8712.1201171875,8728.3203125,1488300
2016-07-05,8716.0498046875,8716.0703125,8747.0595703125,8693.759765625,8738.41015625,1539800
2016-07-06,8575.7294921875,8575.75,8673.5302734375,8569.150390625,8673.5302734375,1803000
2016-07-07,8640.8896484375,8640.91015625,8653.7001953125,8605.3798828125,8605.3798828125,1591200
2016-07-08,8640.8896484375,8640.91015625,8653.7001953125,8605.3798828125,8605.3798828125,1591200
2016-07-11,8786.44921875,8786.4697265625,8795.7998046875,8728.23046875,8728.23046875,2165600
2016-07-12,8841.439453125,8841.4599609375,8841.4599609375,8794.2998046875,8794.73046875,1993200
2016-07-13,8857.7294921875,8857.75,8865.419921875,8800.169921875,8847.0400390625,2219500
2016-07-14,8866.33984375,8866.3603515625,8877.3095703125,8818.259765625,8837.759765625,2035000
2016-07-15,8949.828125,8949.849609375,8949.849609375,8857.150390625,8857.150390625,2268200
2016-07-18,9008.1884765625,9008.2099609375,9008.2099609375,8952.6103515625,8952.6103515625,2099900
2016-07-19,9034.8486328125,9034.8701171875,9034.8701171875,8972.830078125,9018.7998046875,2370800
2016-07-20,9007.658203125,9007.6796875,9034.1298828125,8969.1904296875,9013.51953125,2140900
2016-07-21,9056.5380859375,9056.5595703125,9075.8896484375,9009.7900390625,9010.2197265625,2658600
2016-07-22,9013.1181640625,9013.1396484375,9060.150390625,9004.240234375,9055.169921875,2094400
2016-07-25,8991.6484375,8991.669921875,9085.91015625,8916.0498046875,9030.3603515625,1980900
2016-07-26,9024.7685546875,9024.7900390625,9024.7900390625,8960.48046875,8983.5498046875,1792500
2016-07-27,9063.3681640625,9063.3896484375,9084.900390625,9042.1396484375,9058.1904296875,2133200
2016-07-28,9076.6181640625,9076.6396484375,9081.400390625,9015.349609375,9060.48046875,2369500
2016-07-29,8984.388671875,8984.41015625,9071.509765625,8984.41015625,9066.3701171875,1899200
2016-08-01,9080.6884765625,9080.7099609375,9080.7099609375,9008.740234375,9008.740234375,1830200
2016-08-02,9068.73828125,9068.759765625,9086.419921875,9052.7099609375,9081.0595703125,1733700
2016-08-03,9001.6884765625,9001.7099609375,9033.9501953125,8948.400390625,9000.8203125,1685800
2016-08-04,9024.6884765625,9024.7099609375,9035.25,8972.3095703125,9009.2900390625,1640000
2016-08-05,9092.0986328125,9092.1201171875,9101.7099609375,9023.23046875,9025.759765625,1959600
2016-08-08,9150.23828125,9150.259765625,9153.990234375,9104.4296875,9123.0703125,1891100
2016-08-09,9155.05859375,9155.080078125,9168.33984375,9127.6298828125,9154.0,1911500
2016-08-10,9200.3984375,9200.419921875,9200.419921875,9131.6298828125,9160.9404296875,2158200
2016-08-11,9131.80859375,9131.830078125,9187.1796875,9063.8095703125,9168.7001953125,2218600
2016-08-12,9150.3681640625,9150.3896484375,9173.7197265625,9135.33984375,9135.33984375,1924700
2016-08-15,9148.48828125,9148.509765625,9162.01953125,9117.259765625,9152.3603515625,1666600
2016-08-16,9110.3388671875,9110.3603515625,9165.580078125,9082.33984375,9146.08984375,1762700
2016-08-17,9117.6787109375,9117.7001953125,9133.0703125,9073.26953125,9121.1796875,1704800
2016-08-18,9122.478515625,9122.5,9128.7998046875,9093.509765625,9104.8798828125,1779500
2016-08-19,9034.248046875,9034.26953125,9175.1298828125,9034.26953125,9139.6904296875,1966900
2016-08-22,8981.7880859375,8981.8095703125,9012.7197265625,8928.330078125,9004.6796875,1680100
2016-08-23,9030.908203125,9030.9296875,9046.2998046875,8986.759765625,8987.0703125,1606000
2016-08-24,9017.3583984375,9017.3798828125,9054.759765625,9016.3896484375,9043.1298828125,1538600
2016-08-25,9115.4482421875,9115.4697265625,9115.4697265625,9031.33984375,9034.4697265625,1843600
2016-08-26,9131.6982421875,9131.7197265625,9131.7197265625,9092.080078125,9097.01953125,1535600
2016-08-29,9110.1484375,9110.169921875,9136.419921875,9027.349609375,9117.5302734375,1604400
2016-08-30,9110.5380859375,9110.5595703125,9134.3701171875,9093.8701171875,9113.33984375,1631700
2016-08-31,9068.8291015625,9068.849609375,9130.759765625,9044.5,9122.1904296875,2149900
2016-09-01,9001.1298828125,9001.150390625,9069.1298828125,8980.2099609375,9055.73046875,1891700
2016-09-02,8987.529296875,8987.5498046875,9038.48046875,8958.8095703125,9015.6298828125,1968000
2016-09-05,9090.109375,9090.1298828125,9100.0498046875,9032.3798828125,9032.3798828125,1467300
2016-09-06,9181.8291015625,9181.849609375,9181.849609375,9098.599609375,9102.830078125,1709300
2016-09-07,9259.0498046875,9259.0703125,9278.8798828125,9202.23046875,9202.23046875,1969500
2016-09-08,9262.869140625,9262.8896484375,9273.5703125,9224.8896484375,9241.9501953125,1860000
2016-09-09,9164.859375,9164.8798828125,9217.3701171875,9142.1298828125,9217.3701171875,1587900
2016-09-12,8947.0390625,8947.0595703125,9031.509765625,8947.0595703125,9031.509765625,1673200
2016-09-13,8940.8095703125,8940.830078125,9014.75,8885.5498046875,8983.9501953125,1797200
2016-09-14,8902.279296875,8902.2998046875,8965.3203125,8895.849609375,8913.1103515625,1755900
2016-09-19,9152.859375,9152.8798828125,9155.3798828125,9003.41015625,9003.41015625,1678200
2016-09-20,9161.5595703125,9161.580078125,9173.4599609375,9130.900390625,9141.2099609375,1425100
2016-09-21,9228.4794921875,9228.5,9228.5,9133.16015625,9141.919921875,1624800
2016-09-22,9235.2392578125,9235.259765625,9290.759765625,9207.41015625,9265.2802734375,1489300
2016-09-23,9284.599609375,9284.6201171875,9284.6201171875,9228.66015625,9240.25,1566400
2016-09-26,9194.4990234375,9194.51953125,9229.33984375,9189.490234375,9229.33984375,1242800
2016-09-29,9270.8798828125,9270.900390625,9303.1298828125,9238.490234375,9241.6103515625,1843300
2016-09-30,9166.8291015625,9166.849609375,9240.650390625,9160.91015625,9240.4404296875,1606100
2016-10-03,9234.1796875,9234.2001953125,9256.580078125,9212.3798828125,9219.51953125,1379500
2016-10-04,9287.7490234375,9287.76953125,9287.76953125,9224.4501953125,9228.66015625,1396600
2016-10-05,9272.259765625,9272.2802734375,9276.1298828125,9244.41015625,9260.6904296875,1339700
2016-10-06,9284.2890625,9284.3095703125,9284.3095703125,9242.830078125,9263.400390625,1405800
2016-10-07,9265.7890625,9265.8095703125,9289.9501953125,9249.0595703125,9289.66015625,1501300
2016-10-11,9219.7998046875,9219.8203125,9327.7099609375,9167.7197265625,9311.7900390625,2070400
2016-10-12,9252.5791015625,9252.599609375,9258.6904296875,9166.580078125,9201.5498046875,1385400
2016-10-13,9219.1494140625,9219.169921875,9285.0498046875,9187.7802734375,9268.2197265625,1523400
2016-10-14,9165.1494140625,9165.169921875,9216.6298828125,9149.8701171875,9198.259765625,1479500
2016-10-17,9176.19921875,9176.2197265625,9182.669921875,9074.990234375,9150.669921875,1260400
2016-10-18,9222.5595703125,9222.580078125,9222.580078125,9157.400390625,9175.0703125,1276700
2016-10-19,9283.9697265625,9283.990234375,9298.8701171875,9226.4599609375,9227.98046875,1506800
2016-10-20,9317.2197265625,9317.240234375,9331.8896484375,9279.150390625,9288.490234375,1631700
2016-10-21,9306.5498046875,9306.5703125,9348.08984375,9292.5302734375,9322.5498046875,1895600
2016-10-24,9322.4794921875,9322.5,9343.5703125,9308.5302734375,9333.9404296875,1257600
2016-10-25,9385.6298828125,9385.650390625,9399.9697265625,9334.7998046875,9338.08984375,1429900
2016-10-26,9362.2294921875,9362.25,9372.740234375,9338.83984375,9355.66015625,1311100
2016-10-27,9299.529296875,9299.5498046875,9370.3203125,9286.8603515625,9363.900390625,1445200
2016-10-28,9306.8994140625,9306.919921875,9320.5703125,9276.7099609375,9307.3896484375,1372600
2016-10-31,9290.099609375,9290.1201171875,9314.33984375,9194.48046875,9283.2001953125,1320100
2016-11-01,9272.6796875,9272.7001953125,9289.1201171875,9236.8203125,9272.2998046875,1119300
2016-11-02,9139.01953125,9139.0400390625,9230.23046875,9139.0400390625,9230.23046875,1373000
2016-11-03,9067.2490234375,9067.26953125,9154.1904296875,9067.26953125,9126.2900390625,1401300
2016-11-04,9068.1298828125,9068.150390625,9098.8798828125,9048.2099609375,9065.1103515625,1181400
2016-11-07,9189.8193359375,9189.83984375,9191.669921875,9102.9697265625,9102.9697265625,1245000
2016-11-08,9217.4091796875,9217.4296875,9230.2001953125,9165.0,9214.9501953125,1347800
2016-11-09,8943.1796875,8943.2001953125,9296.8603515625,8926.599609375,9252.26953125,2656500
2016-11-10,9152.1591796875,9152.1796875,9179.1796875,9070.6396484375,9070.6396484375,1998400
2016-11-11,8957.7392578125,8957.759765625,9067.650390625,8949.3798828125,9067.650390625,2518700
2016-11-14,8940.3798828125,8940.400390625,8991.9404296875,8879.6904296875,8955.26953125,2151600
2016-11-15,8931.009765625,8931.0302734375,8981.0498046875,8923.3603515625,8927.919921875,1949200
2016-11-16,8962.19921875,8962.2197265625,9032.3095703125,8955.759765625,8955.759765625,1851700
2016-11-17,8995.2392578125,8995.259765625,8998.23046875,8936.2998046875,8984.5703125,1704600
2016-11-18,9008.76953125,9008.7900390625,9025.98046875,8958.2197265625,8991.5,1779800
2016-11-21,9041.08984375,9041.1103515625,9049.759765625,8986.400390625,9009.7802734375,1807800
2016-11-22,9133.369140625,9133.3896484375,9161.1904296875,9058.580078125,9058.580078125,2146700
2016-11-23,9178.2099609375,9178.23046875,9202.7197265625,9146.7197265625,9146.7197265625,1926800
2016-11-24,9152.08984375,9152.1103515625,9183.16015625,9137.5595703125,9164.83984375,2022700
2016-11-25,9159.0498046875,9159.0703125,9191.33984375,9148.6298828125,9149.349609375,1840100
2016-11-28,9222.2197265625,9222.240234375,9241.5400390625,9167.330078125,9167.330078125,1910200
2016-11-29,9192.365234375,9192.3798828125,9249.0595703125,9192.3798828125,9220.9501953125,1889200
2016-11-30,9240.6953125,9240.7099609375,9240.7099609375,9189.6201171875,9196.08984375,2538900
2016-12-01,9263.515625,9263.5302734375,9278.9599609375,9241.7802734375,9245.5498046875,1996000
2016-12-02,9189.4755859375,9189.490234375,9214.5595703125,9165.900390625,9214.5595703125,1730600
2016-12-05,9160.6455078125,9160.66015625,9212.1904296875,9138.6396484375,9194.4599609375,1547800
2016-12-06,9250.7548828125,9250.76953125,9280.650390625,9209.7998046875,9209.7998046875,1649700
2016-12-07,9263.8779296875,9263.8896484375,9299.919921875,9247.5,9279.0,1682800
2016-12-08,9375.8486328125,9375.8603515625,9376.41015625,9308.900390625,9308.900390625,2170000
2016-12-09,9392.66796875,9392.6796875,9399.25,9366.8603515625,9383.0703125,1811800
2016-12-12,9349.9287109375,9349.9404296875,9430.33984375,9336.4501953125,9402.0498046875,1697400
2016-12-13,9382.1279296875,9382.1396484375,9382.1396484375,9342.5595703125,9361.9697265625,1856000
2016-12-14,9368.5078125,9368.51953125,9413.1298828125,9353.25,9395.599609375,1658400
2016-12-15,9360.337890625,9360.349609375,9370.509765625,9309.7900390625,9337.2099609375,1692100
2016-12-16,9326.7685546875,9326.7802734375,9379.75,9326.7802734375,9352.26953125,1858100
2016-12-19,9239.30859375,9239.3203125,9317.0302734375,9237.98046875,9316.0595703125,1454800
2016-12-20,9242.3984375,9242.41015625,9258.6904296875,9199.83984375,9229.740234375,1349900
2016-12-21,9204.248046875,9204.259765625,9263.5,9204.259765625,9234.9404296875,1439700
2016-12-22,9118.73828125,9118.75,9209.7197265625,9118.75,9204.2900390625,1427400
2016-12-23,9078.6279296875,9078.6396484375,9128.830078125,9078.6396484375,9112.330078125,1333800
2016-12-26,9110.5283203125,9110.5400390625,9127.740234375,9083.2802734375,9088.990234375,799000
2016-12-27,9109.2626953125,9109.26953125,9132.0498046875,9100.830078125,9120.8798828125,880800
2016-12-28,9201.3935546875,9201.400390625,9203.5595703125,9120.900390625,9120.900390625,1195900
2016-12-29,9153.0830078125,9153.08984375,9196.01953125,9149.16015625,9172.3896484375,1239800
2016-12-30,9253.4931640625,9253.5,9259.08984375,9186.2998046875,9186.2998046875,1329700
2017-01-03,9272.873046875,9272.8798828125,9273.650390625,9235.9501953125,9252.5595703125,1186600
2017-01-04,9286.953125,9286.9599609375,9299.6201171875,9266.0302734375,9279.51953125,1322300
2017-01-05,9358.1328125,9358.1396484375,9358.419921875,9282.4501953125,9282.5595703125,1859300
2017-01-06,9372.212890625,9372.2197265625,9381.1103515625,9351.25,9371.41015625,1743800
2017-01-09,9342.4130859375,9342.419921875,9404.900390625,9328.1904296875,9376.48046875,1708500
2017-01-10,9349.6328125,9349.6396484375,9353.599609375,9319.4501953125,9344.1904296875,1514800
2017-01-11,9345.7333984375,9345.740234375,9384.0,9333.490234375,9370.169921875,1801200
2017-01-12,9410.1728515625,9410.1796875,9430.580078125,9356.1201171875,9356.1201171875,1919300
2017-01-13,9378.8232421875,9378.830078125,9387.6796875,9352.080078125,9373.7001953125,1560100
2017-01-16,9292.3232421875,9292.330078125,9359.009765625,9281.2099609375,9356.5400390625,1445700
2017-01-17,9354.5234375,9354.5302734375,9354.5302734375,9294.6796875,9301.9599609375,1449700
2017-01-18,9341.962890625,9341.9697265625,9350.9501953125,9322.4404296875,9344.740234375,1882800
2017-01-19,9318.11328125,9318.1201171875,9337.6396484375,9287.5400390625,9324.830078125,1796100
2017-01-20,9331.453125,9331.4599609375,9350.0703125,9317.6201171875,9326.7998046875,1613400
2017-01-23,9424.04296875,9424.0498046875,9427.4599609375,9363.66015625,9363.66015625,1796100
2017-01-24,9447.943359375,9447.9501953125,9468.33984375,9416.0595703125,9423.0498046875,2147200
2017-02-02,9428.962890625,9428.9697265625,9521.33984375,9413.76953125,9502.25,3341600
2017-02-03,9455.552734375,9455.5595703125,9478.009765625,9423.9296875,9450.0595703125,2264200
2017-02-06,9538.0029296875,9538.009765625,9548.6796875,9467.669921875,9467.669921875,3053900
2017-02-07,9554.552734375,9554.5595703125,9555.7998046875,9512.5595703125,9527.419921875,2607300
2017-02-08,9543.2431640625,9543.25,9564.0703125,9505.7900390625,9540.76953125,2893600
2017-02-09,9590.1728515625,9590.1796875,9600.08984375,9540.509765625,9555.51953125,2733900
2017-02-10,9665.5830078125,9665.58984375,9688.150390625,9612.669921875,9612.669921875,3443400
2017-02-13,9710.3134765625,9710.3203125,9711.4296875,9681.099609375,9690.3896484375,2743600
2017-02-14,9718.7734375,9718.7802734375,9760.009765625,9698.2900390625,9726.740234375,2798500
2017-02-15,9799.7529296875,9799.759765625,9813.98046875,9723.0400390625,9724.1298828125,2986500
2017-02-16,9771.2431640625,9771.25,9869.58984375,9753.16015625,9826.8896484375,2654800
2017-02-17,9759.7529296875,9759.759765625,9791.58984375,9754.5400390625,9779.16015625,2180300
2017-02-20,9753.193359375,9753.2001953125,9817.1396484375,9743.3603515625,9795.8095703125,2480000
2017-02-21,9763.9228515625,9763.9296875,9775.490234375,9721.3603515625,9761.26953125,2406100
2017-02-22,9778.7734375,9778.7802734375,9820.0703125,9770.099609375,9786.25,2566100
2017-02-23,9769.302734375,9769.3095703125,9810.5595703125,9748.9404296875,9774.080078125,2525500
2017-02-24,9750.462890625,9750.4697265625,9784.3896484375,9740.1796875,9757.669921875,2454600
2017-03-01,9674.7734375,9674.7802734375,9758.7802734375,9674.7802734375,9751.1201171875,2474000
2017-03-02,9691.79296875,9691.7998046875,9774.599609375,9646.33984375,9727.599609375,2522300
2017-03-03,9648.203125,9648.2099609375,9679.8203125,9633.8798828125,9672.259765625,2180100
2017-03-06,9682.623046875,9682.6298828125,9688.5,9647.0,9647.0,1906000
2017-03-07,9738.0634765625,9738.0703125,9738.0703125,9690.2001953125,9690.259765625,1882200
2017-03-08,9753.443359375,9753.4501953125,9773.490234375,9712.5,9744.259765625,2048400
2017-03-09,9658.603515625,9658.6103515625,9743.7802734375,9650.3203125,9740.0498046875,2432800
2017-03-10,9627.8828125,9627.8896484375,9656.650390625,9562.75,9653.7900390625,2283500
2017-03-13,9697.3330078125,9697.33984375,9697.33984375,9656.5595703125,9656.5595703125,1858800
2017-03-14,9744.203125,9744.2099609375,9767.66015625,9720.5302734375,9720.5302734375,2212800
2017-03-15,9740.302734375,9740.3095703125,9749.009765625,9714.580078125,9741.2900390625,1836600
2017-03-16,9837.8232421875,9837.830078125,9842.169921875,9768.849609375,9768.849609375,2102200
2017-03-17,9908.68359375,9908.6904296875,9908.6904296875,9835.509765625,9845.58984375,2689700
2017-03-20,9912.962890625,9912.9697265625,9916.1796875,9869.349609375,9905.8095703125,2118700
2017-03-21,9972.4833984375,9972.490234375,9976.6103515625,9918.3896484375,9923.1796875,2317100
2017-03-22,9922.6533203125,9922.66015625,9922.66015625,9843.0703125,9911.9599609375,2270500
2017-03-23,9930.7333984375,9930.740234375,9945.240234375,9897.4501953125,9921.9697265625,2615300
2017-03-24,9902.9736328125,9902.98046875,9932.6796875,9892.3095703125,9914.1201171875,2324400
2017-03-27,9876.7626953125,9876.76953125,9917.849609375,9859.5302734375,9907.599609375,2296100
2017-03-28,9876.443359375,9876.4501953125,9924.1396484375,9799.2802734375,9909.990234375,2595900
2017-03-29,9856.2431640625,9856.25,9906.759765625,9831.6298828125,9887.0,2272800
2017-03-30,9848.1435546875,9848.150390625,9878.6201171875,9836.330078125,9869.2802734375,2296100
2017-03-31,9811.5126953125,9811.51953125,9869.650390625,9811.51953125,9846.3798828125,2362400
2017-04-05,9949.4736328125,9949.48046875,9949.48046875,9856.4404296875,9856.4404296875,2734200
2017-04-06,9897.79296875,9897.7998046875,9946.66015625,9879.849609375,9946.66015625,2015700
2017-04-07,9873.36328125,9873.3701171875,9900.8798828125,9788.51953125,9892.98046875,2422600
2017-04-10,9882.533203125,9882.5400390625,9898.6396484375,9859.0302734375,9880.2900390625,2364800
2017-04-11,9832.4130859375,9832.419921875,9896.58984375,9820.41015625,9881.5302734375,2287200
2017-04-12,9817.6728515625,9817.6796875,9837.1904296875,9789.58984375,9831.5595703125,2339400
2017-04-13,9836.6728515625,9836.6796875,9868.4501953125,9800.7998046875,9808.830078125,2222700
2017-04-14,9732.9228515625,9732.9296875,9808.330078125,9730.9404296875,9806.150390625,2179100
2017-04-17,9716.3935546875,9716.400390625,9762.4697265625,9670.1103515625,9740.8095703125,2118300
2017-04-18,9746.552734375,9746.5595703125,9771.0703125,9727.259765625,9735.759765625,1763700
2017-04-19,9639.93359375,9639.9404296875,9725.3896484375,9631.6396484375,9725.3896484375,2145200
2017-04-20,9632.68359375,9632.6904296875,9664.240234375,9622.25,9639.9296875,1820400
2017-04-21,9717.4033203125,9717.41015625,9718.8203125,9657.0498046875,9657.0498046875,1626700
2017-04-24,9717.943359375,9717.9501953125,9772.9599609375,9683.7001953125,9742.91015625,1467700
2017-04-25,9841.703125,9841.7099609375,9841.7099609375,9737.8203125,9737.8203125,2097800
2017-04-26,9856.443359375,9856.4501953125,9865.8798828125,9827.4697265625,9859.1103515625,2146400
2017-04-27,9860.61328125,9860.6201171875,9863.51953125,9823.849609375,9859.4501953125,1830500
2017-04-28,9871.9931640625,9872.0,9897.0400390625,9845.83984375,9868.3798828125,2208800
2017-05-02,9941.2626953125,9941.26953125,9951.1396484375,9925.75,9926.4404296875,2064300
2017-05-03,9955.3232421875,9955.330078125,9979.91015625,9937.990234375,9957.6201171875,1702700
2017-05-04,9967.6396484375,9967.6396484375,9973.759765625,9938.9599609375,9962.73046875,1816700
2017-05-05,9899.9404296875,9899.9404296875,9960.990234375,9899.9404296875,9954.9404296875,1708400
2017-05-08,9937.25,9937.25,9964.8603515625,9900.0703125,9934.1298828125,1860700
2017-05-09,9915.48046875,9915.48046875,10001.9404296875,9899.080078125,9967.009765625,2425200
2017-05-10,9968.3203125,9968.3203125,9971.98046875,9932.169921875,9935.2197265625,1972100
2017-05-11,10001.48046875,10001.48046875,10018.7900390625,9964.2998046875,9968.509765625,2145200
2017-05-12,9986.8203125,9986.8203125,10008.25,9961.3701171875,9981.76953125,1833700
2017-05-15,10036.8203125,10036.8203125,10036.8203125,9978.2802734375,9978.2802734375,1810800
2017-05-16,10031.490234375,10031.490234375,10058.58984375,9991.080078125,10037.580078125,2176300
2017-05-17,10013.669921875,10013.669921875,10029.6201171875,9967.9697265625,10019.6201171875,1822400
2017-05-18,9969.4501953125,9969.4501953125,9969.4501953125,9895.650390625,9952.6396484375,1786200
2017-05-19,9947.6201171875,9947.6201171875,9979.73046875,9947.1396484375,9970.400390625,1852200
2017-05-22,9997.259765625,9997.259765625,9997.259765625,9960.9404296875,9965.080078125,1636800
2017-05-23,10007.83984375,10007.83984375,10038.2001953125,9992.580078125,9994.6796875,1747800
2017-05-24,10044.419921875,10044.419921875,10059.740234375,10014.150390625,10014.150390625,1748400
2017-05-25,10108.490234375,10108.490234375,10108.490234375,10059.2001953125,10059.91015625,2021300
2017-05-26,10101.9501953125,10101.9501953125,10121.8798828125,10072.83984375,10090.1796875,1914300
2017-05-31,10040.7197265625,10040.7197265625,10116.1298828125,10025.8798828125,10095.9501953125,2713500
2017-06-01,10087.419921875,10087.419921875,10100.3701171875,10059.9296875,10064.4404296875,1983100
2017-06-02,10152.5302734375,10152.5302734375,10152.5302734375,10117.0595703125,10117.759765625,2100600
2017-06-05,10226.83984375,10226.83984375,10226.83984375,10164.8896484375,10164.8896484375,2208100
2017-06-06,10206.1796875,10206.1796875,10221.6396484375,10190.3896484375,10213.169921875,2078600
2017-06-07,10209.990234375,10209.990234375,10242.3896484375,10183.150390625,10216.1396484375,2239900
2017-06-08,10225.7802734375,10225.7802734375,10235.7001953125,10211.0,10215.9296875,1756200
2017-06-09,10199.650390625,10199.650390625,10268.3701171875,10198.7998046875,10238.5498046875,2205300
2017-06-12,10109.9599609375,10109.9599609375,10158.6396484375,10109.9599609375,10137.0400390625,1800300
2017-06-13,10128.150390625,10128.150390625,10146.669921875,10109.7001953125,10109.7001953125,1635400
2017-06-14,10072.4599609375,10072.4599609375,10165.3095703125,10033.25,10142.7998046875,2131200
2017-06-15,10088.349609375,10088.349609375,10089.0703125,10046.7998046875,10079.1396484375,1647300
2017-06-16,10156.73046875,10156.73046875,10159.4697265625,10073.1201171875,10078.6904296875,2120200
2017-06-19,10250.599609375,10250.599609375,10250.599609375,10162.2197265625,10162.2197265625,1878500
2017-06-20,10324.4599609375,10324.4599609375,10354.3701171875,10286.7900390625,10286.7900390625,1913800
2017-06-21,10349.7197265625,10349.7197265625,10379.8203125,10274.75,10310.9697265625,2399200
2017-06-22,10399.0595703125,10399.0595703125,10403.3603515625,10368.9296875,10369.080078125,2010500
2017-06-23,10377.7001953125,10377.7001953125,10422.330078125,10374.009765625,10403.5595703125,1952000
2017-06-26,10513.9599609375,10513.9599609375,10513.9599609375,10341.8603515625,10341.8603515625,2648600
2017-06-27,10512.0595703125,10512.0595703125,10545.7001953125,10489.099609375,10513.0,2660200
2017-06-28,10390.5498046875,10390.5498046875,10459.169921875,10382.8095703125,10459.169921875,3121300
2017-06-29,10421.650390625,10421.650390625,10476.509765625,10390.900390625,10442.1796875,2867000
2017-06-30,10395.0703125,10395.0703125,10395.0703125,10329.83984375,10367.259765625,2376900
2017-07-03,10412.7900390625,10412.7900390625,10412.7900390625,10363.5,10368.990234375,2157100
2017-07-04,10347.7802734375,10347.7802734375,10421.7197265625,10347.7802734375,10397.9296875,2445100
2017-07-05,10404.7900390625,10404.7900390625,10404.7900390625,10304.740234375,10352.3896484375,1994200
2017-07-06,10368.2001953125,10368.2001953125,10381.2001953125,10336.3203125,10380.66015625,1694000
2017-07-07,10297.25,10297.25,10343.2998046875,10294.6904296875,10343.2998046875,1754100
2017-07-10,10289.91015625,10289.91015625,10331.1103515625,10283.9501953125,10310.740234375,1964700
2017-07-11,10415.5703125,10415.5703125,10415.5703125,10313.080078125,10313.080078125,2039900
2017-07-12,10420.6796875,10420.6796875,10450.8701171875,10393.5400390625,10396.9697265625,2196800
2017-07-13,10460.150390625,10460.150390625,10485.2802734375,10418.740234375,10418.740234375,2645100
2017-07-14,10443.91015625,10443.91015625,10466.33984375,10423.400390625,10450.919921875,2292900
2017-07-17,10457.5400390625,10457.5400390625,10490.0498046875,10436.3095703125,10467.26953125,2183500
2017-07-18,10481.259765625,10481.259765625,10481.259765625,10429.849609375,10447.4697265625,2035100
2017-07-19,10506.099609375,10506.099609375,10537.419921875,10472.8095703125,10472.8095703125,2351900
2017-07-20,10499.3603515625,10499.3603515625,10534.51953125,10483.5400390625,10513.1201171875,2273600
2017-07-21,10436.7001953125,10436.7001953125,10477.7197265625,10428.5595703125,10468.4697265625,1904900
2017-07-24,10461.2802734375,10461.2802734375,10461.2802734375,10406.8095703125,10426.1298828125,1756400
2017-07-25,10463.150390625,10463.150390625,10473.98046875,10442.849609375,10455.1396484375,1959500
2017-07-26,10419.1103515625,10419.1103515625,10500.1103515625,10416.5703125,10477.150390625,2344100
2017-07-27,10508.3701171875,10508.3701171875,10516.23046875,10427.830078125,10427.830078125,2487900
2017-07-28,10423.0498046875,10423.0498046875,10480.669921875,10410.5302734375,10480.669921875,1915800
2017-07-31,10427.330078125,10427.330078125,10427.330078125,10366.169921875,10396.759765625,2036800
2017-08-01,10437.2900390625,10437.2900390625,10470.0302734375,10408.5302734375,10408.5302734375,2391000
2017-08-02,10519.26953125,10519.26953125,10519.26953125,10479.259765625,10479.259765625,2351400
2017-08-03,10469.8798828125,10469.8798828125,10478.6201171875,10427.7197265625,10464.099609375,2125000
2017-08-04,10506.5595703125,10506.5595703125,10510.7001953125,10466.25,10470.9599609375,2439200
2017-08-07,10579.3798828125,10579.3798828125,10592.3095703125,10521.6904296875,10521.6904296875,2543100
2017-08-08,10568.9697265625,10568.9697265625,10619.419921875,10533.7197265625,10598.58984375,2898600
2017-08-09,10470.3798828125,10470.3798828125,10536.1904296875,10457.51953125,10523.509765625,2590000
2017-08-10,10329.740234375,10329.740234375,10477.7900390625,10303.4697265625,10470.0302734375,3032100
2017-08-11,10329.5703125,10329.5703125,10338.0595703125,10238.5,10267.0498046875,2408500
2017-08-14,10225.2802734375,10225.2802734375,10365.2197265625,10225.2802734375,10347.66015625,2531500
2017-08-15,10311.16015625,10311.16015625,10336.2197265625,10271.0302734375,10271.0302734375,2296200
2017-08-16,10290.3896484375,10290.3896484375,10322.3798828125,10245.7197265625,10302.830078125,2510400
2017-08-17,10369.3701171875,10369.3701171875,10372.41015625,10302.5400390625,10302.5400390625,2588000
2017-08-18,10321.330078125,10321.330078125,10330.3896484375,10259.830078125,10324.830078125,2316000
2017-08-21,10326.3896484375,10326.3896484375,10336.3701171875,10282.7197265625,10316.08984375,2165200
2017-08-22,10392.0703125,10392.0703125,10410.4697265625,10353.3701171875,10353.3701171875,2482000
2017-08-23,10406.8095703125,10406.8095703125,10458.91015625,10378.009765625,10418.3203125,2465700
2017-08-24,10488.9599609375,10488.9599609375,10488.9599609375,10410.73046875,10414.66015625,2716400
2017-08-25,10515.509765625,10515.509765625,10519.83984375,10478.7197265625,10497.8603515625,2826800
2017-08-28,10525.98046875,10525.98046875,10542.3701171875,10498.8798828125,10502.7998046875,2738000
2017-08-29,10496.5703125,10496.5703125,10518.6904296875,10463.2197265625,10518.6904296875,2815800
2017-08-30,10569.400390625,10569.400390625,10574.5302734375,10511.58984375,10511.58984375,2765700
2017-08-31,10585.7802734375,10585.7802734375,10609.48046875,10551.9501953125,10586.650390625,2800700
2017-09-01,10594.8203125,10594.8203125,10619.51953125,10568.7197265625,10576.26953125,3121700
2017-09-04,10569.8701171875,10569.8701171875,10610.0400390625,10555.33984375,10585.4404296875,2619800
2017-09-05,10617.83984375,10617.83984375,10617.83984375,10564.259765625,10584.099609375,2761000
2017-09-06,10547.8603515625,10547.8603515625,10604.919921875,10519.7099609375,10593.8701171875,2815600
2017-09-07,10538.509765625,10538.509765625,10604.01953125,10509.91015625,10564.7900390625,3227300
2017-09-08,10609.9501953125,10609.9501953125,10609.9501953125,10550.7197265625,10553.900390625,2818200
2017-09-11,10572.16015625,10572.16015625,10656.25,10565.7802734375,10630.16015625,2977700
2017-09-12,10610.349609375,10610.349609375,10646.5498046875,10586.2802734375,10610.330078125,2920800
2017-09-13,10532.8798828125,10532.8798828125,10620.3095703125,10532.8798828125,10596.3603515625,2711500
2017-09-14,10553.5703125,10553.5703125,10572.7099609375,10508.7197265625,10533.990234375,2491800
2017-09-15,10580.41015625,10580.41015625,10580.7802734375,10520.150390625,10556.8203125,3365900
2017-09-18,10631.5703125,10631.5703125,10642.400390625,10581.8095703125,10590.7998046875,3575300
2017-09-19,10576.1396484375,10576.1396484375,10664.1796875,10561.2099609375,10653.33984375,3071500
2017-09-20,10519.169921875,10519.169921875,10589.1904296875,10490.7099609375,10568.580078125,2745000
2017-09-21,10578.4404296875,10578.4404296875,10603.080078125,10493.9501953125,10506.849609375,2312400
2017-09-22,10449.6796875,10449.6796875,10579.01953125,10446.4501953125,10571.650390625,2427200
2017-09-25,10335.8896484375,10335.8896484375,10447.08984375,10322.099609375,10442.0498046875,2622600
2017-09-26,10257.01953125,10257.01953125,10374.5400390625,10257.01953125,10333.4404296875,2348600
2017-09-27,10326.6796875,10326.6796875,10357.23046875,10315.9697265625,10322.4404296875,1954500
2017-09-28,10296.4501953125,10296.4501953125,10365.58984375,10288.240234375,10351.419921875,2054900
2017-09-29,10329.9404296875,10329.9404296875,10338.9501953125,10273.599609375,10319.6904296875,1942400
2017-10-02,10465.16015625,10465.16015625,10472.8095703125,10414.5302734375,10425.099609375,1730200
2017-10-03,10469.349609375,10469.349609375,10495.33984375,10445.8603515625,10462.7001953125,1916100
2017-10-05,10518.26953125,10518.26953125,10530.9296875,10473.2802734375,10473.2802734375,1905900
2017-10-06,10532.8095703125,10532.8095703125,10557.669921875,10511.5,10538.2099609375,1950000
2017-10-11,10641.1904296875,10641.1904296875,10668.490234375,10576.1201171875,10576.1201171875,2859400
2017-10-12,10711.4404296875,10711.4404296875,10711.4404296875,10668.3896484375,10668.3896484375,2367700
2017-10-13,10724.08984375,10724.08984375,10724.08984375,10675.830078125,10712.48046875,2301200
2017-10-16,10774.2099609375,10774.2099609375,10774.2099609375,10723.3701171875,10735.1396484375,2451900
2017-10-17,10723.150390625,10723.150390625,10798.51953125,10723.150390625,10790.349609375,2368600
2017-10-18,10720.2802734375,10720.2802734375,10790.3095703125,10684.3203125,10773.849609375,2651200
2017-10-19,10760.2900390625,10760.2900390625,10798.5400390625,10745.76953125,10745.76953125,2173500
2017-10-20,10728.8798828125,10728.8798828125,10753.76953125,10702.5595703125,10737.8701171875,2314000
2017-10-23,10735.2099609375,10735.2099609375,10792.26953125,10731.900390625,10759.4697265625,2041300
2017-10-24,10743.7802734375,10743.7802734375,10766.6396484375,10726.25,10749.900390625,2253000
2017-10-25,10750.5703125,10750.5703125,10794.5498046875,10740.0703125,10771.400390625,2517700
2017-10-26,10734.759765625,10734.759765625,10756.509765625,10716.51953125,10735.349609375,2228900
2017-10-27,10709.1103515625,10709.1103515625,10803.599609375,10701.080078125,10757.349609375,3016300
2017-10-30,10756.8701171875,10756.8701171875,10842.25,10743.1298828125,10777.599609375,2240000
2017-10-31,10793.7998046875,10793.7998046875,10829.330078125,10747.3701171875,10768.900390625,2185500
2017-11-01,10806.3603515625,10806.3603515625,10843.41015625,10785.3203125,10816.0400390625,2414200
2017-11-02,10788.509765625,10788.509765625,10827.669921875,10788.509765625,10797.6298828125,2534500
2017-11-03,10800.76953125,10800.76953125,10835.7001953125,10765.3095703125,10797.91015625,2213600
2017-11-06,10786.1904296875,10786.1904296875,10858.5,10769.1904296875,10856.5595703125,2241200
2017-11-07,10840.33984375,10840.33984375,10842.6103515625,10807.8896484375,10820.830078125,2593500
2017-11-08,10818.990234375,10818.990234375,10844.740234375,10806.009765625,10839.4404296875,2513400
2017-11-09,10743.26953125,10743.26953125,10831.3798828125,10721.8701171875,10802.9501953125,3008000
2017-11-10,10732.669921875,10732.669921875,10742.6103515625,10659.2900390625,10713.669921875,2347400
2017-11-13,10683.919921875,10683.919921875,10749.3896484375,10683.919921875,10728.2197265625,2850600
2017-11-14,10687.1796875,10687.1796875,10735.080078125,10654.580078125,10716.58984375,2676900
2017-11-15,10630.650390625,10630.650390625,10669.58984375,10600.259765625,10662.080078125,2325600
2017-11-16,10625.0400390625,10625.0400390625,10666.66015625,10609.23046875,10629.16015625,2189300
2017-11-17,10701.6396484375,10701.6396484375,10729.4501953125,10673.4296875,10673.4296875,2471200
2017-11-20,10664.5498046875,10664.5498046875,10728.3896484375,10656.1796875,10706.7900390625,2503700
2017-11-21,10779.240234375,10779.240234375,10787.580078125,10687.259765625,10688.2197265625,3285200
2017-11-22,10822.58984375,10822.58984375,10882.650390625,10801.099609375,10815.400390625,3911700
2017-11-23,10854.5703125,10854.5703125,10872.2900390625,10809.08984375,10837.6103515625,2681100
2017-11-24,10854.08984375,10854.08984375,10873.91015625,10833.7802734375,10847.7900390625,2746900
2017-11-27,10750.9296875,10750.9296875,10856.0,10746.740234375,10836.8203125,2668100
2017-11-28,10707.0703125,10707.0703125,10752.580078125,10692.5302734375,10733.5595703125,2961000
2017-11-29,10713.5498046875,10713.5498046875,10762.91015625,10697.6201171875,10735.240234375,3096300
2017-11-30,10560.4404296875,10560.4404296875,10650.1796875,10560.4404296875,10623.2001953125,4939100
2017-12-01,10600.3701171875,10600.3701171875,10665.919921875,10495.150390625,10591.6201171875,3776200
2017-12-04,10651.1103515625,10651.1103515625,10665.4296875,10565.6796875,10617.26953125,2864500
2017-12-05,10566.849609375,10566.849609375,10635.7099609375,10540.740234375,10607.6201171875,3126100
2017-12-06,10393.919921875,10393.919921875,10541.0302734375,10376.650390625,10541.0302734375,3022600
2017-12-07,10355.759765625,10355.759765625,10418.9697265625,10322.759765625,10404.419921875,2740500
2017-12-08,10398.6201171875,10398.6201171875,10419.2802734375,10336.259765625,10406.349609375,2683800
2017-12-11,10473.08984375,10473.08984375,10504.669921875,10438.330078125,10438.330078125,2334200
2017-12-12,10443.2802734375,10443.2802734375,10495.240234375,10408.0595703125,10488.73046875,2164400
2017-12-13,10470.7001953125,10470.7001953125,10489.169921875,10444.7001953125,10447.1103515625,2324000
2017-12-14,10538.009765625,10538.009765625,10577.5302734375,10494.599609375,10494.599609375,2447400
2017-12-15,10491.4404296875,10491.4404296875,10520.66015625,10436.1103515625,10517.2099609375,2590700
2017-12-18,10506.51953125,10506.51953125,10526.41015625,10472.3896484375,10478.740234375,1861300
2017-12-19,10467.33984375,10467.33984375,10544.0,10452.080078125,10508.330078125,2190500
2017-12-20,10504.51953125,10504.51953125,10514.3095703125,10470.3603515625,10470.3603515625,2155800
2017-12-21,10488.9697265625,10488.9697265625,10545.7802734375,10488.9697265625,10526.9697265625,2116400
2017-12-22,10537.26953125,10537.26953125,10537.26953125,10486.51953125,10503.099609375,2049900
2017-12-25,10522.490234375,10522.490234375,10556.650390625,10514.5400390625,10546.6396484375,1928200
2017-12-26,10421.91015625,10421.91015625,10528.919921875,10408.1201171875,10526.1396484375,2037800
2017-12-27,10486.669921875,10486.669921875,10497.76953125,10419.8095703125,10419.8095703125,2103300
2017-12-28,10567.6396484375,10567.6396484375,10592.0400390625,10513.2900390625,10513.2900390625,2223700
2017-12-29,10642.8603515625,10642.8603515625,10659.98046875,10590.9501953125,10590.9501953125,2411700
2018-01-02,10710.73046875,10710.73046875,10710.73046875,10650.76953125,10664.8203125,2375900
2018-01-03,10801.5703125,10801.5703125,10813.16015625,10759.6103515625,10759.6103515625,2964800
2018-01-04,10848.6298828125,10848.6298828125,10853.4599609375,10794.25,10834.580078125,3048500
2018-01-05,10879.7998046875,10879.7998046875,10879.7998046875,10815.6796875,10856.919921875,3028400
2018-01-08,10915.75,10915.75,10918.4697265625,10869.1201171875,10899.08984375,3246900
2018-01-09,10914.8896484375,10914.8896484375,10931.0,10860.76953125,10922.349609375,2933100
2018-01-10,10831.08984375,10831.08984375,10934.75,10819.25,10915.3203125,3224000
2018-01-11,10810.0595703125,10810.0595703125,10844.080078125,10770.099609375,10824.5400390625,2736200
2018-01-12,10883.9599609375,10883.9599609375,10899.98046875,10818.240234375,10818.240234375,2900300
2018-01-15,10956.3095703125,10956.3095703125,10962.5498046875,10911.8896484375,10932.3701171875,2672500
2018-01-16,10986.1103515625,10986.1103515625,10986.1103515625,10920.5,10955.8095703125,2943900
2018-01-17,11004.7998046875,11004.7998046875,11030.2197265625,10942.9501953125,10976.1298828125,3337400
2018-01-18,11071.5703125,11071.5703125,11122.8203125,11048.0595703125,11048.0595703125,3069900
2018-01-19,11150.849609375,11150.849609375,11150.849609375,11095.849609375,11123.580078125,2661500
2018-01-22,11231.4599609375,11231.4599609375,11231.4599609375,11142.3798828125,11169.7900390625,3222600
2018-01-23,11253.1103515625,11253.1103515625,11270.1796875,11201.51953125,11243.490234375,3399800
2018-01-24,11152.16015625,11152.16015625,11228.7099609375,11107.3203125,11228.7099609375,3171100
2018-01-25,11165.9501953125,11165.9501953125,11268.6103515625,11131.849609375,11154.3603515625,3457900
2018-01-26,11147.099609375,11147.099609375,11178.2998046875,11089.48046875,11152.5302734375,2701400
2018-01-29,11221.8095703125,11221.8095703125,11246.1796875,11161.830078125,11202.26953125,2450400
2018-01-30,11076.7802734375,11076.7802734375,11189.5703125,11076.7802734375,11189.5703125,2709200
2018-01-31,11103.7900390625,11103.7900390625,11158.2900390625,11007.8896484375,11054.3603515625,2642900
2018-02-01,11160.25,11160.25,11212.099609375,11139.400390625,11139.400390625,2257600
2018-02-02,11126.23046875,11126.23046875,11153.3203125,11070.4296875,11151.650390625,2023400
2018-02-05,10946.25,10946.25,10970.2998046875,10855.4296875,10970.2998046875,2393600
2018-02-06,10404.0,10404.0,10761.009765625,10300.400390625,10761.009765625,5183600
2018-02-07,10551.5400390625,10551.5400390625,10697.8203125,10547.6396484375,10547.6396484375,3145300
2018-02-08,10528.51953125,10528.51953125,10609.5,10512.9296875,10559.4404296875,2287100
2018-02-09,10371.75,10371.75,10392.3095703125,10189.0400390625,10371.009765625,2895400
2018-02-12,10421.08984375,10421.08984375,10473.509765625,10416.009765625,10429.08984375,2387100
2018-02-21,10714.4404296875,10714.4404296875,10720.48046875,10559.7900390625,10559.7900390625,2770600
2018-02-22,10662.3798828125,10662.3798828125,10698.4697265625,10620.7998046875,10698.4697265625,2385800
2018-02-23,10794.5498046875,10794.5498046875,10799.2900390625,10688.9697265625,10688.9697265625,2623500
2018-02-26,10836.7001953125,10836.7001953125,10890.6904296875,10827.98046875,10827.98046875,2295300
2018-02-27,10815.4697265625,10815.4697265625,10937.900390625,10815.4697265625,10896.16015625,2697700
2018-03-01,10785.7900390625,10785.7900390625,10805.5498046875,10709.6904296875,10779.099609375,2508100
2018-03-02,10698.169921875,10698.169921875,10719.2900390625,10638.98046875,10719.2900390625,2135500
2018-03-05,10642.900390625,10642.900390625,10756.3701171875,10642.900390625,10727.4501953125,2203900
2018-03-06,10784.33984375,10784.33984375,10784.33984375,10711.150390625,10711.150390625,1905900
2018-03-07,10745.3203125,10745.3203125,10818.0498046875,10745.3203125,10762.990234375,2106300
2018-03-08,10823.240234375,10823.240234375,10852.330078125,10788.4296875,10788.4296875,2535200
2018-03-09,10864.8203125,10864.8203125,10882.759765625,10845.3798828125,10847.740234375,2457800
2018-03-12,11002.099609375,11002.099609375,11016.5595703125,10908.990234375,10908.990234375,2759800
2018-03-13,11095.6298828125,11095.6298828125,11095.6298828125,11014.8701171875,11022.150390625,2433800
2018-03-14,11038.7998046875,11038.7998046875,11070.2900390625,11015.4697265625,11063.73046875,2331000
2018-03-15,11018.4501953125,11018.4501953125,11052.1103515625,11008.1796875,11039.599609375,2124400
2018-03-16,11027.7001953125,11027.7001953125,11054.8603515625,10933.4599609375,11010.240234375,3071600
2018-03-19,11046.900390625,11046.900390625,11066.0,10983.25,11004.8095703125,2206800
2018-03-20,11010.83984375,11010.83984375,11020.7802734375,10981.0400390625,11016.849609375,2159800
2018-03-21,11011.0703125,11011.0703125,11072.3095703125,11011.0703125,11037.349609375,2360400
2018-03-22,11005.83984375,11005.83984375,11120.2001953125,10975.330078125,11045.900390625,2637400
2018-03-23,10823.330078125,10823.330078125,10863.669921875,10758.0595703125,10863.669921875,2618800
2018-03-26,10840.0498046875,10840.0498046875,10840.0498046875,10781.4296875,10783.5703125,2048600
2018-03-27,10986.7900390625,10986.7900390625,10986.7900390625,10901.6904296875,10901.6904296875,2297400
2018-03-28,10865.66015625,10865.66015625,10939.9697265625,10853.48046875,10939.9697265625,1953100
2018-03-29,10845.919921875,10845.919921875,10889.599609375,10815.4599609375,10855.66015625,2158300
2018-03-30,10906.2197265625,10906.2197265625,10969.2197265625,10905.2998046875,10905.2998046875,2263300
2018-04-02,10888.26953125,10888.26953125,10969.8798828125,10882.0498046875,10936.259765625,2071400
2018-04-03,10821.5302734375,10821.5302734375,10837.5400390625,10775.4501953125,10837.5400390625,2124100
2018-04-09,10893.5302734375,10893.5302734375,10904.75,10829.01953125,10880.1396484375,2664500
2018-04-10,10927.1796875,10927.1796875,10975.669921875,10874.830078125,10885.6396484375,2943400
2018-04-11,10974.01953125,10974.01953125,11016.349609375,10953.3095703125,10961.7001953125,2560400
2018-04-12,10955.2900390625,10955.2900390625,11008.2001953125,10920.6201171875,10984.1201171875,2248200
2018-04-13,10965.3896484375,10965.3896484375,10988.23046875,10938.3701171875,10975.580078125,2400400
2018-04-16,10954.5498046875,10954.5498046875,10974.9404296875,10921.169921875,10962.3603515625,2341000
2018-04-17,10810.4501953125,10810.4501953125,10965.2001953125,10799.0703125,10953.509765625,2646400
2018-04-18,10847.8896484375,10847.8896484375,10917.599609375,10809.8896484375,10842.8798828125,2189700
2018-04-19,10971.2197265625,10971.2197265625,10983.9599609375,10889.7099609375,10891.66015625,2490200
2018-04-20,10779.3798828125,10779.3798828125,10831.5595703125,10770.0498046875,10802.419921875,2349600
2018-04-23,10697.1298828125,10697.1298828125,10774.73046875,10687.25,10756.8896484375,2324700
2018-04-24,10579.5,10579.5,10692.1904296875,10540.150390625,10680.3798828125,2664800
2018-04-25,10559.9697265625,10559.9697265625,10573.73046875,10489.2001953125,10541.830078125,2555100
2018-04-26,10488.580078125,10488.580078125,10618.6796875,10478.98046875,10583.080078125,2633700
2018-04-27,10553.4296875,10553.4296875,10573.6103515625,10495.669921875,10546.2900390625,2079000
2018-04-30,10657.8798828125,10657.8798828125,10660.6103515625,10539.6298828125,10553.41015625,2120800
2018-05-02,10618.8095703125,10618.8095703125,10683.900390625,10601.099609375,10665.51953125,2252100
2018-05-03,10514.1796875,10514.1796875,10578.98046875,10509.0302734375,10578.98046875,2113300
2018-05-04,10529.3701171875,10529.3701171875,10566.3701171875,10500.9697265625,10516.4501953125,2055900
2018-05-07,10604.91015625,10604.91015625,10632.6201171875,10555.5595703125,10581.7802734375,1965200
2018-05-08,10691.3798828125,10691.3798828125,10691.3798828125,10609.0400390625,10610.4404296875,2300800
2018-05-09,10703.349609375,10703.349609375,10748.599609375,10689.8095703125,10692.8896484375,2414400
2018-05-10,10760.2099609375,10760.2099609375,10782.0595703125,10731.6796875,10731.6796875,2472700
2018-05-11,10858.98046875,10858.98046875,10874.6298828125,10808.400390625,10808.400390625,2782800
2018-05-14,10952.3896484375,10952.3896484375,10970.240234375,10908.8603515625,10938.2998046875,2550800
2018-05-15,10874.73046875,10874.73046875,10978.3798828125,10874.73046875,10965.080078125,2652800
2018-05-16,10897.5703125,10897.5703125,10915.740234375,10865.0703125,10873.5400390625,2905400
2018-05-17,10833.8095703125,10833.8095703125,10938.6298828125,10833.8095703125,10911.740234375,2510000
2018-05-18,10830.83984375,10830.83984375,10893.349609375,10819.0703125,10844.08984375,2570800
2018-05-21,10966.2001953125,10966.2001953125,10979.099609375,10861.66015625,10861.66015625,2401700
2018-05-22,10938.73046875,10938.73046875,11034.1201171875,10938.73046875,10986.76953125,2535800
2018-05-23,10886.1796875,10886.1796875,10991.8603515625,10886.1796875,10974.51953125,2468500
2018-05-24,10936.9296875,10936.9296875,10942.6396484375,10883.51953125,10910.6103515625,2239900
2018-05-25,10942.2998046875,10942.2998046875,10977.8095703125,10918.1201171875,10946.6201171875,2219900
2018-05-28,10987.76953125,10987.76953125,10999.4296875,10965.1796875,10976.490234375,2463800
2018-05-29,10964.1201171875,10964.1201171875,10986.5302734375,10929.5595703125,10979.6796875,2424700
2018-05-30,10821.169921875,10821.169921875,10925.2099609375,10799.75,10925.2099609375,3159000
2018-05-31,10874.9599609375,10874.9599609375,10909.6103515625,10853.650390625,10856.0302734375,4494100
2018-06-01,10949.080078125,10949.080078125,10954.669921875,10876.9697265625,10882.6796875,2817400
2018-06-04,11109.5,11109.5,11109.5,11002.150390625,11002.150390625,2890900
2018-06-05,11100.1103515625,11100.1103515625,11131.080078125,11054.6201171875,11130.0302734375,3024000
2018-06-06,11201.830078125,11201.830078125,11207.150390625,11111.1396484375,11111.1396484375,3038200
2018-06-07,11251.75,11251.75,11261.6796875,11188.990234375,11228.6396484375,3563000
2018-06-08,11156.419921875,11156.419921875,11243.58984375,11122.98046875,11243.58984375,2935100
2018-06-11,11149.23046875,11149.23046875,11186.669921875,11118.8095703125,11168.990234375,2763200
2018-06-12,11144.7900390625,11144.7900390625,11160.0498046875,11088.5302734375,11140.01953125,3009100
2018-06-13,11173.2099609375,11173.2099609375,11188.009765625,11119.240234375,11153.2001953125,3259400
2018-06-14,11013.98046875,11013.98046875,11143.0400390625,11013.98046875,11143.0400390625,3145600
2018-06-15,11087.4697265625,11087.4697265625,11087.4697265625,10981.6103515625,10998.2001953125,3547100
2018-06-19,10904.1904296875,10904.1904296875,11008.76953125,10904.1904296875,11008.76953125,3158000
2018-06-20,10927.4404296875,10927.4404296875,10969.2001953125,10842.5595703125,10904.7998046875,3060000
2018-06-21,10941.0703125,10941.0703125,10992.3095703125,10941.0703125,10949.849609375,2522200
2018-06-22,10899.2802734375,10899.2802734375,10914.830078125,10828.8603515625,10901.25,2733900
2018-06-25,10786.4599609375,10786.4599609375,10851.16015625,10786.4599609375,10834.0703125,2393700
2018-06-26,10742.169921875,10742.169921875,10752.990234375,10651.419921875,10730.900390625,2616000
2018-06-27,10701.0302734375,10701.0302734375,10800.33984375,10701.0302734375,10766.8798828125,2357900
2018-06-28,10654.2802734375,10654.2802734375,10723.83984375,10633.009765625,10669.419921875,2259600
2018-06-29,10836.91015625,10836.91015625,10836.91015625,10667.6396484375,10667.6396484375,2256100
2018-07-02,10777.9404296875,10777.9404296875,10886.2001953125,10777.9404296875,10852.169921875,2244500
2018-07-03,10715.7197265625,10715.7197265625,10873.48046875,10707.6796875,10802.8798828125,2685900
2018-07-04,10721.8701171875,10721.8701171875,10752.0498046875,10680.4404296875,10714.25,2081200
2018-07-05,10611.8095703125,10611.8095703125,10709.7998046875,10585.26953125,10690.91015625,2075800
2018-07-06,10608.5703125,10608.5703125,10665.7197265625,10523.580078125,10645.66015625,2613100
2018-07-09,10720.2802734375,10720.2802734375,10746.740234375,10638.900390625,10638.900390625,2329300
2018-07-10,10756.8896484375,10756.8896484375,10776.4697265625,10728.240234375,10737.6201171875,2427500
2018-07-11,10676.83984375,10676.83984375,10693.6396484375,10635.0302734375,10693.6396484375,2140700
2018-07-12,10738.3798828125,10738.3798828125,10752.5703125,10643.650390625,10644.91015625,2053500
2018-07-13,10864.5400390625,10864.5400390625,10864.5400390625,10769.7001953125,10769.7001953125,2134000
2018-07-16,10817.4501953125,10817.4501953125,10890.2001953125,10817.4501953125,10867.9697265625,1889400
2018-07-17,10778.990234375,10778.990234375,10818.83984375,10758.830078125,10802.75,2029100
2018-07-18,10842.4599609375,10842.4599609375,10872.740234375,10788.3701171875,10811.4296875,2388600
2018-07-19,10835.3798828125,10835.3798828125,10896.25,10826.1396484375,10868.5595703125,2052700
2018-07-20,10932.1103515625,10932.1103515625,10963.9501953125,10893.73046875,10932.509765625,2245800
2018-07-23,10946.8896484375,10946.8896484375,10984.83984375,10901.75,10929.4599609375,2153400
2018-07-24,10995.3896484375,10995.3896484375,10995.3896484375,10917.6103515625,10937.76953125,2213600
2018-07-25,10965.7900390625,10965.7900390625,10992.2900390625,10956.0,10957.66015625,1970700
2018-07-26,11010.6103515625,11010.6103515625,11018.1904296875,10966.330078125,10969.349609375,2336000
2018-07-27,11075.7802734375,11075.7802734375,11075.7802734375,11009.16015625,11023.0703125,2230900
2018-07-30,11033.5400390625,11033.5400390625,11080.41015625,11001.150390625,11072.7001953125,2141500
2018-07-31,11057.509765625,11057.509765625,11057.509765625,10976.4599609375,10997.73046875,2513500
2018-08-01,11098.1298828125,11098.1298828125,11100.01953125,11058.2802734375,11062.3603515625,2144000
2018-08-02,10929.76953125,10929.76953125,11095.669921875,10919.1298828125,11095.669921875,2168200
2018-08-03,11012.4296875,11012.4296875,11012.4296875,10957.2998046875,10957.2998046875,1956900
2018-08-06,11024.099609375,11024.099609375,11054.490234375,10994.9697265625,10997.259765625,1896400
2018-08-07,10983.4404296875,10983.4404296875,11030.08984375,10983.4404296875,11024.9697265625,1987900
2018-08-08,11075.25,11075.25,11095.5,11026.0703125,11026.0703125,2141000
2018-08-09,11028.0703125,11028.0703125,11063.6201171875,11001.9599609375,11063.6201171875,2004300
2018-08-10,10983.6796875,10983.6796875,11033.8896484375,10972.25,11009.9599609375,2143300
2018-08-13,10748.919921875,10748.919921875,10939.6796875,10693.73046875,10939.6796875,2883800
2018-08-14,10824.23046875,10824.23046875,10829.849609375,10755.5302734375,10797.9501953125,2280700
2018-08-15,10716.75,10716.75,10827.2802734375,10688.58984375,10827.2802734375,2450800
2018-08-16,10683.900390625,10683.900390625,10725.7099609375,10606.259765625,10663.5703125,2348700
2018-08-17,10690.9599609375,10690.9599609375,10757.009765625,10688.5498046875,10702.599609375,2069100
2018-08-20,10699.0498046875,10699.0498046875,10729.900390625,10663.4404296875,10698.759765625,2057400
2018-08-21,10792.2001953125,10792.2001953125,10792.2001953125,10697.009765625,10697.009765625,1972500
2018-08-22,10804.2001953125,10804.2001953125,10828.2099609375,10774.6904296875,10790.240234375,2018400
2018-08-23,10863.1298828125,10863.1298828125,10863.1298828125,10802.7900390625,10817.330078125,1938600
2018-08-24,10809.349609375,10809.349609375,10865.91015625,10770.3203125,10865.91015625,1748700
2018-08-27,10902.2099609375,10902.2099609375,10916.6904296875,10847.169921875,10847.169921875,1710800
2018-08-28,10989.5498046875,10989.5498046875,11005.5498046875,10946.330078125,10946.330078125,1940600
2018-08-29,11099.5703125,11099.5703125,11099.5703125,11029.1103515625,11029.1201171875,1822900
2018-08-30,11093.75,11093.75,11186.0498046875,11080.0703125,11153.9697265625,1915800
2018-08-31,11063.9404296875,11063.9404296875,11063.9404296875,10987.6796875,11037.259765625,2081900
2018-09-03,10964.2197265625,10964.2197265625,11097.1103515625,10952.849609375,11087.8603515625,1897900
2018-09-04,11021.3798828125,11021.3798828125,11028.26953125,10956.490234375,10981.3896484375,1653400
2018-09-05,10995.1298828125,10995.1298828125,11058.0595703125,10989.9296875,11042.41015625,1898700
2018-09-06,10924.2998046875,10924.2998046875,11016.919921875,10905.33984375,11016.919921875,2038400
2018-09-07,10846.990234375,10846.990234375,10922.5498046875,10807.5595703125,10922.5498046875,2491300
2018-09-10,10725.7998046875,10725.7998046875,10877.7197265625,10689.2900390625,10869.7998046875,2600600
2018-09-11,10752.2998046875,10752.2998046875,10765.419921875,10669.58984375,10723.0,2098700
2018-09-12,10722.5703125,10722.5703125,10779.9296875,10667.25,10762.91015625,1938500
2018-09-13,10727.23046875,10727.23046875,10758.83984375,10701.25,10726.669921875,1811500
2018-09-14,10868.1396484375,10868.1396484375,10882.0400390625,10770.4697265625,10776.5302734375,2068800
2018-09-17,10828.6103515625,10828.6103515625,10883.98046875,10806.73046875,10881.7802734375,1698100
2018-09-18,10760.2099609375,10760.2099609375,10806.5595703125,10750.8095703125,10794.2197265625,1938500
2018-09-19,10857.26953125,10857.26953125,10882.75,10808.5,10808.5,1999200
2018-09-20,10831.41015625,10831.41015625,10908.3603515625,10814.5400390625,10886.1904296875,2090900
2018-09-21,10972.41015625,10972.41015625,10972.41015625,10835.83984375,10857.099609375,2539000
2018-09-25,10978.849609375,10978.849609375,11003.490234375,10941.76953125,10959.5595703125,1987200
2018-09-26,10974.1904296875,10974.1904296875,11007.349609375,10947.2900390625,10974.080078125,1855200
2018-09-27,11034.1904296875,11034.1904296875,11051.08984375,10961.26953125,10973.76953125,2089800
2018-09-28,11006.33984375,11006.33984375,11073.9501953125,10966.9599609375,11050.08984375,2192700
2018-10-01,11051.7998046875,11051.7998046875,11062.4296875,11012.9501953125,11014.1904296875,1646700
2018-10-02,10919.6298828125,10919.6298828125,11064.33984375,10906.419921875,11048.8896484375,1802400
2018-10-03,10863.9404296875,10863.9404296875,10926.73046875,10839.4599609375,10918.740234375,1696000
2018-10-04,10718.91015625,10718.91015625,10826.1904296875,10707.759765625,10826.1904296875,1874000
2018-10-05,10517.1201171875,10517.1201171875,10669.6298828125,10446.9404296875,10665.2900390625,2735700
2018-10-08,10455.9296875,10455.9296875,10507.830078125,10403.1298828125,10467.849609375,1796600
2018-10-09,10466.830078125,10466.830078125,10503.099609375,10428.9697265625,10464.3896484375,2097200
2018-10-11,9806.1103515625,9806.1103515625,10272.0400390625,9797.9296875,10272.0400390625,4348500
2018-10-12,10045.8095703125,10045.8095703125,10046.009765625,9740.759765625,9811.580078125,2724400
2018-10-15,9901.1201171875,9901.1201171875,9989.6298828125,9890.4697265625,9989.6298828125,2044700
2018-10-16,9981.099609375,9981.099609375,10011.1904296875,9888.73046875,9891.9697265625,1888800
2018-10-17,9979.1396484375,9979.1396484375,10127.009765625,9978.25,10048.4296875,1856700
2018-10-18,9953.73046875,9953.73046875,10019.5,9919.7900390625,9975.4599609375,1611800
2018-10-19,9919.259765625,9919.259765625,9919.259765625,9762.91015625,9879.4697265625,2417000
2018-10-22,9974.2802734375,9974.2802734375,9984.150390625,9822.150390625,9871.2998046875,1481700
2018-10-23,9775.2001953125,9775.2001953125,9912.2802734375,9775.2001953125,9912.2802734375,1711300
2018-10-24,9759.400390625,9759.400390625,9809.1904296875,9667.849609375,9774.2900390625,2135200
2018-10-25,9520.7900390625,9520.7900390625,9622.9501953125,9475.6103515625,9622.9501953125,2456900
2018-10-26,9489.1796875,9489.1796875,9629.0703125,9400.6904296875,9570.1904296875,2247500
2018-10-29,9516.3203125,9516.3203125,9554.349609375,9459.1201171875,9515.4296875,1787600
2018-10-30,9526.1103515625,9526.1103515625,9574.830078125,9481.66015625,9508.8095703125,1671600
2018-10-31,9802.1298828125,9802.1298828125,9802.1298828125,9588.8603515625,9588.8603515625,2211300
2018-11-01,9844.740234375,9844.740234375,9869.58984375,9742.6103515625,9812.2001953125,1992200
2018-11-02,9906.58984375,9906.58984375,9906.58984375,9817.2900390625,9871.400390625,2238700
2018-11-05,9889.8095703125,9889.8095703125,9889.8095703125,9786.25,9856.849609375,1847700
2018-11-06,9824.9501953125,9824.9501953125,9899.9697265625,9782.8603515625,9888.41015625,1984100
2018-11-07,9908.349609375,9908.349609375,9912.5302734375,9817.9501953125,9818.150390625,1867900
2018-11-08,9945.3095703125,9945.3095703125,10014.419921875,9938.5498046875,9958.4697265625,2038400
2018-11-09,9830.009765625,9830.009765625,9921.7802734375,9798.4501953125,9921.7802734375,1597500
2018-11-12,9831.2099609375,9831.2099609375,9875.83984375,9764.4599609375,9806.7998046875,1553300
2018-11-13,9775.83984375,9775.83984375,9777.349609375,9616.16015625,9727.169921875,1893900
2018-11-14,9791.8798828125,9791.8798828125,9823.25,9763.8896484375,9799.6904296875,1936800
2018-11-15,9826.4599609375,9826.4599609375,9844.3896484375,9755.1201171875,9806.580078125,1981500
2018-11-16,9797.08984375,9797.08984375,9851.2900390625,9770.8701171875,9819.0498046875,2128300
2018-11-19,9828.6904296875,9828.6904296875,9836.01953125,9779.400390625,9795.4697265625,1612100
2018-11-20,9743.990234375,9743.990234375,9800.0302734375,9726.7998046875,9788.9501953125,1494300
2018-11-21,9741.51953125,9741.51953125,9753.6904296875,9632.4697265625,9698.51953125,1656500
2018-11-22,9714.7099609375,9714.7099609375,9792.990234375,9702.76953125,9769.330078125,1653700
2018-11-23,9667.2998046875,9667.2998046875,9738.7998046875,9654.91015625,9730.6396484375,1478500
2018-11-26,9765.3603515625,9765.3603515625,9847.349609375,9679.98046875,9679.98046875,1721700
2018-11-27,9778.6201171875,9778.6201171875,9781.400390625,9688.740234375,9728.9501953125,1887000
2018-11-28,9884.3095703125,9884.3095703125,9890.8896484375,9767.1396484375,9774.0302734375,2320700
2018-11-29,9885.3603515625,9885.3603515625,10001.849609375,9885.3603515625,9959.8701171875,2548900
2018-11-30,9888.0302734375,9888.0302734375,9957.6298828125,9888.0302734375,9899.240234375,3655700
2018-12-03,10137.8701171875,10137.8701171875,10148.75,9979.2099609375,9979.2099609375,3055000
2018-12-04,10083.5400390625,10083.5400390625,10126.01953125,10061.7001953125,10120.4296875,2576200
2018-12-05,9916.740234375,9916.740234375,9971.98046875,9895.2900390625,9971.98046875,2025400
2018-12-06,9684.7197265625,9684.7197265625,9850.080078125,9664.75,9850.080078125,2658000
2018-12-07,9760.8798828125,9760.8798828125,9785.2001953125,9719.4599609375,9719.4599609375,1716300
2018-12-10,9647.5400390625,9647.5400390625,9722.9697265625,9626.4697265625,9722.9697265625,1868800
2018-12-11,9707.0400390625,9707.0400390625,9720.9599609375,9661.7197265625,9661.7197265625,1768400
2018-12-12,9816.4501953125,9816.4501953125,9835.5595703125,9741.4501953125,9741.4501953125,1860200
2018-12-13,9858.759765625,9858.759765625,9871.9599609375,9815.5,9827.3203125,2034600
2018-12-14,9774.16015625,9774.16015625,9818.9501953125,9718.9404296875,9818.9501953125,1837600
2018-12-17,9787.5302734375,9787.5302734375,9826.8798828125,9733.98046875,9762.490234375,1597900
2018-12-18,9718.8203125,9718.8203125,9756.669921875,9701.099609375,9756.4599609375,1881600
2018-12-19,9783.2099609375,9783.2099609375,9783.2099609375,9720.919921875,9720.919921875,1782800
2018-12-20,9674.51953125,9674.51953125,9741.5498046875,9658.5,9729.2900390625,1696500
2018-12-21,9676.669921875,9676.669921875,9683.9501953125,9585.3203125,9648.98046875,2087300
2018-12-24,9639.7001953125,9639.7001953125,9658.9501953125,9613.2900390625,9646.5302734375,1385100
2018-12-25,9527.08984375,9527.08984375,9559.7001953125,9479.0595703125,9559.7001953125,1458500
2018-12-26,9478.990234375,9478.990234375,9591.91015625,9473.2998046875,9544.8701171875,1299700
2018-12-27,9641.5595703125,9641.5595703125,9670.9697265625,9555.009765625,9555.009765625,1511100
2018-12-28,9727.41015625,9727.41015625,9727.41015625,9630.76953125,9649.9697265625,1411300
2019-01-02,9554.1396484375,9554.1396484375,9737.6796875,9542.51953125,9725.26953125,1239100
2019-01-03,9492.419921875,9492.419921875,9554.5302734375,9474.4697265625,9494.25,1560800
2019-01-04,9382.509765625,9382.509765625,9427.240234375,9319.2802734375,9427.240234375,1842100
2019-01-07,9590.2998046875,9590.2998046875,9596.349609375,9460.2001953125,9460.2001953125,1722300
2019-01-08,9563.599609375,9563.599609375,9600.9404296875,9547.6298828125,9591.5595703125,1423100
2019-01-09,9738.3095703125,9738.3095703125,9741.6396484375,9584.6298828125,9584.6298828125,2281800
2019-01-10,9720.6904296875,9720.6904296875,9731.1103515625,9683.2001953125,9731.1103515625,1609200
2019-01-11,9759.400390625,9759.400390625,9796.98046875,9736.0,9753.6298828125,1618600
2019-01-14,9708.2197265625,9708.2197265625,9762.3701171875,9677.490234375,9737.669921875,1356000
2019-01-15,9806.0400390625,9806.0400390625,9806.0400390625,9701.9296875,9701.9296875,1709500
2019-01-16,9763.8095703125,9763.8095703125,9803.990234375,9763.8095703125,9781.349609375,1796800
2019-01-17,9789.150390625,9789.150390625,9826.25,9759.509765625,9773.3095703125,1634200
2019-01-18,9836.0595703125,9836.0595703125,9842.7998046875,9771.150390625,9781.3896484375,1545600
2019-01-21,9889.400390625,9889.400390625,9919.9404296875,9870.26953125,9870.26953125,1593600
2019-01-22,9894.66015625,9894.66015625,9894.66015625,9855.4697265625,9880.5400390625,1408000
2019-01-23,9846.400390625,9846.400390625,9873.3896484375,9828.0302734375,9869.5400390625,1140300
2019-01-24,9877.1201171875,9877.1201171875,9892.8203125,9847.3203125,9865.0,1452000
2019-01-25,9969.6103515625,9969.6103515625,9980.080078125,9918.2099609375,9923.3896484375,1944600
2019-01-28,10013.330078125,10013.330078125,10020.599609375,9990.0703125,10006.4599609375,1656900
2019-01-29,9931.58984375,9931.58984375,9952.33984375,9893.9599609375,9944.7099609375,1647200
2019-01-30,9932.259765625,9932.259765625,9959.0302734375,9909.8095703125,9915.9697265625,1981800
2019-02-11,10004.25,10004.25,10065.51953125,9988.830078125,10029.83984375,2320500
2019-02-12,10097.740234375,10097.740234375,10100.23046875,10032.080078125,10032.080078125,2264900
2019-02-13,10090.580078125,10090.580078125,10140.98046875,10074.33984375,10123.6103515625,2455200
2019-02-14,10089.009765625,10089.009765625,10135.6201171875,10082.0,10095.990234375,2140200
2019-02-15,10064.7802734375,10064.7802734375,10135.16015625,10055.5,10111.1796875,2137700
2019-02-18,10145.2802734375,10145.2802734375,10165.76953125,10096.9404296875,10096.9404296875,1911900
2019-02-19,10152.259765625,10152.259765625,10173.4697265625,10143.150390625,10152.1103515625,1765600
2019-02-20,10272.4599609375,10272.4599609375,10272.4599609375,10181.9404296875,10181.9404296875,2246700
2019-02-21,10319.5302734375,10319.5302734375,10319.5302734375,10256.5302734375,10282.3203125,2282400
2019-02-22,10322.919921875,10322.919921875,10322.919921875,10269.9501953125,10309.01953125,2188700
2019-02-25,10390.9296875,10390.9296875,10390.9296875,10343.4501953125,10343.4501953125,2325300
2019-02-26,10391.5498046875,10391.5498046875,10416.91015625,10368.8603515625,10403.0302734375,2295000
2019-02-27,10389.169921875,10389.169921875,10403.0498046875,10343.5595703125,10385.8095703125,2510800
2019-03-04,10349.8798828125,10349.8798828125,10402.3896484375,10313.1796875,10385.25,2273800
2019-03-05,10305.259765625,10305.259765625,10334.33984375,10295.4404296875,10323.25,1773500
2019-03-06,10357.150390625,10357.150390625,10359.1201171875,10327.900390625,10328.1796875,1865800
2019-03-07,10311.6796875,10311.6796875,10367.98046875,10299.4599609375,10359.4697265625,2007700
2019-03-08,10241.75,10241.75,10274.2802734375,10204.2099609375,10274.2802734375,1780600
2019-03-11,10250.2802734375,10250.2802734375,10269.2998046875,10214.01953125,10224.26953125,1774800
2019-03-12,10343.330078125,10343.330078125,10382.1201171875,10294.3701171875,10294.3701171875,1970500
2019-03-13,10373.3203125,10373.3203125,10373.3203125,10331.26953125,10331.26953125,1810600
2019-03-14,10348.650390625,10348.650390625,10407.26953125,10339.6396484375,10391.2998046875,2101900
2019-03-15,10439.240234375,10439.240234375,10439.240234375,10370.0,10374.66015625,2821000
2019-03-18,10512.7001953125,10512.7001953125,10512.7001953125,10445.740234375,10455.1904296875,2211800
2019-03-19,10512.3203125,10512.3203125,10525.599609375,10484.6904296875,10497.400390625,2284300
2019-03-20,10551.5595703125,10551.5595703125,10556.8095703125,10506.9599609375,10529.2998046875,2260000
2019-03-21,10609.5498046875,10609.5498046875,10612.33984375,10551.669921875,10563.9296875,2137700
2019-03-22,10639.0703125,10639.0703125,10667.9404296875,10589.4697265625,10642.5703125,2427100
2019-03-25,10479.48046875,10479.48046875,10535.1201171875,10458.7900390625,10535.1201171875,2215900
2019-03-26,10559.2001953125,10559.2001953125,10559.2001953125,10506.6796875,10506.6796875,1978500
2019-03-27,10542.7001953125,10542.7001953125,10556.75,10515.8603515625,10542.6796875,1974900
2019-03-28,10536.259765625,10536.259765625,10536.259765625,10499.2900390625,10529.01953125,1931300
2019-03-29,10641.0400390625,10641.0400390625,10641.0400390625,10525.26953125,10551.990234375,2220600
2019-04-01,10642.6298828125,10642.6298828125,10735.0703125,10627.009765625,10714.6796875,2667600
2019-04-02,10690.2998046875,10690.2998046875,10728.3798828125,10685.099609375,10695.4697265625,2311900
2019-04-03,10704.3798828125,10704.3798828125,10741.5595703125,10690.23046875,10725.169921875,2223400
2019-04-08,10800.5703125,10800.5703125,10807.0498046875,10759.9599609375,10759.9599609375,2775100
2019-04-09,10851.599609375,10851.599609375,10851.599609375,10793.76953125,10805.3896484375,2515400
2019-04-10,10868.1396484375,10868.1396484375,10875.650390625,10815.6103515625,10839.9296875,2380600
2019-04-11,10808.76953125,10808.76953125,10887.1201171875,10797.759765625,10869.240234375,2465900
2019-04-12,10805.2998046875,10805.2998046875,10836.4404296875,10782.01953125,10820.9404296875,2240000
2019-04-15,10875.599609375,10875.599609375,10897.2099609375,10849.5498046875,10849.83984375,2225000
2019-04-16,10927.849609375,10927.849609375,10927.849609375,10876.33984375,10905.6298828125,2542500
2019-04-17,10997.259765625,10997.259765625,11016.919921875,10961.6103515625,10961.6103515625,2918400
2019-04-18,10962.01953125,10962.01953125,11077.990234375,10926.849609375,11038.240234375,2903900
2019-04-19,10968.5,10968.5,11045.080078125,10950.4296875,11017.6904296875,2135400
2019-04-22,10987.7099609375,10987.7099609375,11027.490234375,10974.8203125,10994.51953125,2117600
2019-04-23,11025.6796875,11025.6796875,11025.6796875,10949.2998046875,10994.2802734375,1997200
2019-04-24,11027.6396484375,11027.6396484375,11070.849609375,10995.830078125,11054.01953125,2158600
2019-04-25,11039.8603515625,11039.8603515625,11046.76953125,11006.6796875,11017.73046875,2203500
2019-04-26,10952.4697265625,10952.4697265625,10986.5302734375,10906.4404296875,10986.5302734375,2174600
2019-04-29,10939.0595703125,10939.0595703125,10992.5498046875,10905.7802734375,10952.91015625,2124700
2019-04-30,10967.73046875,10967.73046875,10978.099609375,10910.7802734375,10945.9404296875,1865000
2019-05-02,11004.490234375,11004.490234375,11046.6396484375,10988.7001953125,10992.759765625,1843600
2019-05-03,11096.2998046875,11096.2998046875,11097.0,11018.8603515625,11037.990234375,1868300
2019-05-06,10897.1201171875,10897.1201171875,11005.3603515625,10870.400390625,11005.3603515625,2240200
2019-05-07,10987.1396484375,10987.1396484375,11004.759765625,10913.9501953125,10913.9501953125,1781400
2019-05-08,10923.7099609375,10923.7099609375,10946.8203125,10867.0595703125,10938.4697265625,1846400
2019-05-09,10733.669921875,10733.669921875,10910.4697265625,10732.9697265625,10910.4697265625,2458000
2019-05-10,10712.990234375,10712.990234375,10834.6904296875,10669.3896484375,10751.5498046875,2139200
2019-05-13,10558.2900390625,10558.2900390625,10693.4404296875,10549.0595703125,10684.0400390625,2021900
2019-05-14,10519.25,10519.25,10544.9697265625,10363.01953125,10480.2099609375,2502400
2019-05-15,10560.7099609375,10560.7099609375,10612.5,10535.240234375,10535.240234375,2024100
2019-05-16,10474.6103515625,10474.6103515625,10573.9296875,10474.6103515625,10556.580078125,2169600
2019-05-17,10384.1103515625,10384.1103515625,10564.9697265625,10384.1103515625,10508.5595703125,2375500
2019-05-20,10398.41015625,10398.41015625,10465.83984375,10385.1796875,10405.3603515625,1909200
2019-05-21,10464.5,10464.5,10477.2001953125,10342.3203125,10362.349609375,2268700
2019-05-22,10457.2197265625,10457.2197265625,10520.6201171875,10453.5,10481.099609375,1664400
2019-05-23,10308.3701171875,10308.3701171875,10404.0,10289.6904296875,10404.0,1960700
2019-05-24,10328.2802734375,10328.2802734375,10370.9697265625,10308.58984375,10313.150390625,1754200
2019-05-27,10334.1298828125,10334.1298828125,10365.4404296875,10305.2802734375,10344.1796875,1661800
2019-05-28,10312.3095703125,10312.3095703125,10361.6103515625,10312.3095703125,10348.580078125,3192400
2019-05-29,10301.7802734375,10301.7802734375,10307.75,10227.4404296875,10277.349609375,1853800
2019-05-30,10382.990234375,10382.990234375,10384.3603515625,10306.0302734375,10307.1201171875,1788400
2019-05-31,10498.490234375,10498.490234375,10515.099609375,10369.01953125,10386.1201171875,2168100
2019-06-03,10500.0703125,10500.0703125,10511.2001953125,10383.509765625,10482.4501953125,1635900
2019-06-04,10429.1201171875,10429.1201171875,10518.330078125,10421.8095703125,10499.509765625,1621700
2019-06-05,10461.6201171875,10461.6201171875,10541.2900390625,10446.509765625,10497.5,1703200
2019-06-06,10409.2001953125,10409.2001953125,10429.330078125,10371.080078125,10409.900390625,1716000
2019-06-10,10566.4697265625,10566.4697265625,10566.4697265625,10466.240234375,10486.23046875,1819200
2019-06-11,10607.759765625,10607.759765625,10637.900390625,10548.0595703125,10567.5400390625,2350800
2019-06-12,10615.66015625,10615.66015625,10630.6904296875,10566.3701171875,10605.75,2034500
2019-06-13,10561.009765625,10561.009765625,10617.0595703125,10539.490234375,10582.1904296875,1685400
2019-06-14,10524.669921875,10524.669921875,10568.919921875,10517.8203125,10546.419921875,1505300
2019-06-17,10530.5400390625,10530.5400390625,10562.9697265625,10474.1904296875,10488.7001953125,1444800
2019-06-18,10566.740234375,10566.740234375,10573.76953125,10521.7001953125,10547.150390625,1524200
2019-06-19,10775.33984375,10775.33984375,10778.6396484375,10650.48046875,10650.48046875,2370300
2019-06-20,10785.009765625,10785.009765625,10799.1396484375,10745.25,10749.41015625,2079800
2019-06-21,10803.76953125,10803.76953125,10840.2900390625,10773.4697265625,10817.7099609375,2780700
2019-06-24,10779.4501953125,10779.4501953125,10786.330078125,10695.490234375,10734.25,1711700
2019-06-25,10706.7197265625,10706.7197265625,10787.6201171875,10693.0400390625,10777.1796875,1790000
2019-06-26,10652.5498046875,10652.5498046875,10690.98046875,10645.3701171875,10661.3896484375,1555600
2019-06-27,10773.900390625,10773.900390625,10800.2900390625,10674.2001953125,10674.2001953125,2226300
2019-06-28,10730.830078125,10730.830078125,10788.080078125,10719.080078125,10786.66015625,1693000
2019-07-01,10895.4599609375,10895.4599609375,10914.849609375,10821.2998046875,10821.2998046875,2277900
2019-07-02,10865.1201171875,10865.1201171875,10888.2099609375,10843.6396484375,10878.009765625,2034200
2019-07-03,10743.76953125,10743.76953125,10812.650390625,10720.66015625,10793.099609375,1875300
2019-07-04,10775.900390625,10775.900390625,10791.2802734375,10750.900390625,10755.8701171875,1576600
2019-07-05,10785.73046875,10785.73046875,10812.3798828125,10756.669921875,10785.849609375,1573800
2019-07-08,10751.2197265625,10751.2197265625,10781.1103515625,10708.919921875,10742.8095703125,1628900
2019-07-09,10702.7802734375,10702.7802734375,10733.5703125,10680.849609375,10729.830078125,1723300
2019-07-10,10798.48046875,10798.48046875,10810.16015625,10723.23046875,10723.23046875,2038800
2019-07-11,10843.419921875,10843.419921875,10856.509765625,10799.650390625,10817.599609375,2378800
2019-07-12,10824.349609375,10824.349609375,10867.58984375,10823.8896484375,10855.16015625,2352200
2019-07-15,10876.4296875,10876.4296875,10880.5595703125,10769.5703125,10819.919921875,2211100
2019-07-16,10886.0498046875,10886.0498046875,10899.83984375,10865.0,10865.0,2352100
2019-07-17,10828.48046875,10828.48046875,10861.1103515625,10804.33984375,10861.1103515625,2420400
2019-07-18,10799.2802734375,10799.2802734375,10835.4296875,10792.26953125,10821.919921875,2208600
2019-07-19,10873.1904296875,10873.1904296875,10919.9599609375,10861.990234375,10861.990234375,2136100
2019-07-22,10944.5302734375,10944.5302734375,10949.759765625,10909.150390625,10910.5,2145600
2019-07-23,10947.259765625,10947.259765625,10994.4404296875,10932.5302734375,10963.8603515625,2326900
2019-07-24,10935.759765625,10935.759765625,10976.4599609375,10912.919921875,10969.740234375,2400800
2019-07-25,10941.41015625,10941.41015625,10945.919921875,10879.400390625,10892.25,2543700
2019-07-26,10891.98046875,10891.98046875,10907.4404296875,10879.240234375,10898.25,2243400
2019-07-29,10885.73046875,10885.73046875,10905.740234375,10863.330078125,10872.6298828125,2149500
2019-07-30,10830.900390625,10830.900390625,10927.16015625,10827.740234375,10909.98046875,2415700
2019-07-31,10823.8095703125,10823.8095703125,10835.7998046875,10754.0703125,10824.150390625,2427500
2019-08-01,10731.75,10731.75,10773.25,10714.73046875,10773.0595703125,2335400
2019-08-02,10549.0400390625,10549.0400390625,10641.2802734375,10524.6796875,10641.2802734375,2828900
2019-08-05,10423.41015625,10423.41015625,10542.490234375,10418.25,10528.8701171875,2297300
2019-08-06,10394.75,10394.75,10425.599609375,10180.0400390625,10304.8798828125,2451800
2019-08-07,10386.1796875,10386.1796875,10461.3701171875,10366.5400390625,10422.8896484375,2041200
2019-08-08,10494.490234375,10494.490234375,10500.76953125,10383.6201171875,10383.6201171875,2086500
2019-08-12,10472.3603515625,10472.3603515625,10514.0498046875,10440.76953125,10491.7900390625,2361300
2019-08-13,10362.66015625,10362.66015625,10436.6201171875,10361.8896484375,10436.6201171875,2269300
2019-08-14,10427.73046875,10427.73046875,10518.01953125,10427.73046875,10444.5,2618400
2019-08-15,10327.1298828125,10327.1298828125,10374.75,10287.759765625,10374.75,2414000
2019-08-16,10420.8896484375,10420.8896484375,10456.3203125,10318.3701171875,10345.419921875,2566100
2019-08-19,10488.75,10488.75,10516.0498046875,10449.3896484375,10449.3896484375,2353800
2019-08-20,10522.5,10522.5,10538.1201171875,10497.1298828125,10508.419921875,2290800
2019-08-21,10525.7998046875,10525.7998046875,10545.25,10504.490234375,10526.8701171875,2139300
2019-08-22,10529.7802734375,10529.7802734375,10596.41015625,10515.7197265625,10560.009765625,2281400
2019-08-23,10538.1103515625,10538.1103515625,10541.73046875,10503.0703125,10526.150390625,1896100
2019-08-26,10354.5703125,10354.5703125,10453.400390625,10340.150390625,10453.400390625,2015700
2019-08-27,10387.23046875,10387.23046875,10431.7802734375,10368.9599609375,10386.2099609375,2298800
2019-08-28,10434.2900390625,10434.2900390625,10456.2998046875,10397.599609375,10397.599609375,1678300
2019-08-29,10462.4296875,10462.4296875,10466.990234375,10406.490234375,10440.150390625,2063000
2019-08-30,10618.0498046875,10618.0498046875,10618.0498046875,10504.2802734375,10504.2802734375,2823700
2019-09-02,10634.849609375,10634.849609375,10634.849609375,10589.419921875,10613.1904296875,2078600
2019-09-03,10558.2099609375,10558.2099609375,10650.150390625,10557.0302734375,10629.2197265625,1997000
2019-09-04,10657.3095703125,10657.3095703125,10670.4296875,10566.3203125,10566.3203125,2090600
2019-09-05,10756.9296875,10756.9296875,10766.599609375,10714.26953125,10718.400390625,2805200
2019-09-06,10780.6396484375,10780.6396484375,10803.0703125,10753.4501953125,10783.4599609375,2376200
2019-09-10,10753.580078125,10753.580078125,10810.0302734375,10732.7802734375,10791.9501953125,2275000
2019-09-11,10790.349609375,10790.349609375,10815.58984375,10746.8701171875,10787.650390625,2151800
2019-09-12,10827.5498046875,10827.5498046875,10862.6796875,10804.01953125,10830.25,2035900
2019-09-16,10898.1298828125,10898.1298828125,10898.1298828125,10822.6904296875,10822.6904296875,2107200
2019-09-17,10874.5,10874.5,10912.23046875,10866.4296875,10908.849609375,2104900
2019-09-18,10929.4501953125,10929.4501953125,10971.5400390625,10878.33984375,10887.419921875,2121900
2019-09-19,10894.7001953125,10894.7001953125,10954.1796875,10874.66015625,10947.6201171875,1876200
2019-09-20,10929.6904296875,10929.6904296875,10931.759765625,10903.4501953125,10908.099609375,2822000
2019-09-23,10919.01953125,10919.01953125,10948.1904296875,10905.919921875,10924.8095703125,1996500
2019-09-24,10918.009765625,10918.009765625,10947.5302734375,10886.6201171875,10917.4404296875,2057900
2019-09-25,10873.6904296875,10873.6904296875,10885.669921875,10825.849609375,10885.669921875,1969200
2019-09-26,10871.990234375,10871.990234375,10934.91015625,10856.9599609375,10909.5703125,1930900
2019-09-27,10829.6796875,10829.6796875,10921.169921875,10827.6103515625,10904.0,2084900
2019-10-01,10967.650390625,10967.650390625,10967.650390625,10855.599609375,10855.599609375,2028800
2019-10-02,10947.8798828125,10947.8798828125,10965.2001953125,10927.3896484375,10945.919921875,1628000
2019-10-03,10875.91015625,10875.91015625,10888.400390625,10809.2802734375,10866.5,1753500
2019-10-04,10894.48046875,10894.48046875,10941.490234375,10854.1201171875,10907.6904296875,1759200
2019-10-07,10935.0595703125,10935.0595703125,10954.4501953125,10919.4296875,10932.240234375,1617600
2019-10-08,11017.3095703125,11017.3095703125,11020.509765625,10986.009765625,10986.009765625,1872400
2019-10-09,10889.9599609375,10889.9599609375,10989.3896484375,10889.9599609375,10976.9296875,1941600
2019-10-14,11066.9501953125,11066.9501953125,11085.490234375,11004.740234375,11004.740234375,2395500
2019-10-15,11111.7998046875,11111.7998046875,11126.4501953125,11091.2900390625,11103.5,2031800
2019-10-16,11162.830078125,11162.830078125,11180.1103515625,11113.1796875,11166.169921875,2346500
2019-10-17,11186.8798828125,11186.8798828125,11186.8798828125,11131.4501953125,11156.1396484375,2151300
2019-10-18,11180.2197265625,11180.2197265625,11237.3798828125,11154.8603515625,11190.2099609375,2561700
2019-10-21,11184.150390625,11184.150390625,11188.1298828125,11147.8603515625,11166.240234375,1760000
2019-10-22,11271.25,11271.25,11271.25,11218.25,11221.1904296875,2112800
2019-10-23,11239.669921875,11239.669921875,11281.1201171875,11209.099609375,11266.1796875,2304700
2019-10-24,11320.1396484375,11320.1396484375,11320.1396484375,11254.58984375,11266.83984375,2106800
2019-10-25,11296.1201171875,11296.1201171875,11347.1796875,11281.3701171875,11336.6396484375,1966200
2019-10-28,11315.01953125,11315.01953125,11341.0302734375,11295.4404296875,11321.990234375,1737800
2019-10-29,11333.8701171875,11333.8701171875,11373.9501953125,11292.830078125,11347.3896484375,2228000
2019-10-30,11380.2802734375,11380.2802734375,11380.2802734375,11306.9501953125,11336.9697265625,1993100
2019-10-31,11358.7099609375,11358.7099609375,11428.419921875,11358.7099609375,11393.6796875,2507400
2019-11-01,11399.5302734375,11399.5302734375,11399.5302734375,11335.509765625,11373.7001953125,1920500
2019-11-04,11556.849609375,11556.849609375,11559.0703125,11451.7197265625,11451.7197265625,2378900
2019-11-05,11644.0302734375,11644.0302734375,11644.0302734375,11576.1796875,11576.1796875,2333100
2019-11-06,11653.0703125,11653.0703125,11668.2001953125,11601.7001953125,11645.080078125,2666600
2019-11-07,11606.5595703125,11606.5595703125,11647.4697265625,11552.080078125,11642.91015625,2358500
2019-11-08,11579.5400390625,11579.5400390625,11642.41015625,11561.3095703125,11620.8896484375,2109500
2019-11-11,11427.2802734375,11427.2802734375,11570.330078125,11409.830078125,11570.330078125,2387200
2019-11-12,11520.3701171875,11520.3701171875,11520.3701171875,11459.6796875,11463.330078125,2003100
2019-11-13,11467.830078125,11467.830078125,11509.3701171875,11439.08984375,11483.240234375,1957000
2019-11-14,11450.419921875,11450.419921875,11498.25,11424.76953125,11488.740234375,2312000
2019-11-15,11525.599609375,11525.599609375,11552.25,11485.4599609375,11485.4599609375,2446300
2019-11-18,11599.7802734375,11599.7802734375,11599.7802734375,11532.9697265625,11543.7998046875,1943800
2019-11-19,11656.400390625,11656.400390625,11656.400390625,11576.7900390625,11608.48046875,1908800
2019-11-20,11631.2001953125,11631.2001953125,11649.0703125,11591.73046875,11645.73046875,1896800
2019-11-21,11558.26953125,11558.26953125,11573.83984375,11478.4296875,11573.83984375,1861200
2019-11-22,11566.7998046875,11566.7998046875,11577.01953125,11534.150390625,11556.75,1840600
2019-11-25,11561.580078125,11561.580078125,11604.75,11559.330078125,11590.8095703125,2150400
2019-11-26,11576.8203125,11576.8203125,11642.9599609375,11576.8203125,11608.3701171875,3254400
2019-11-27,11647.4599609375,11647.4599609375,11651.73046875,11590.8095703125,11590.8095703125,2166700
2019-11-28,11617.080078125,11617.080078125,11654.0595703125,11604.6796875,11641.7001953125,1977000
2019-11-29,11489.5703125,11489.5703125,11623.58984375,11485.16015625,11616.8798828125,2296900
2019-12-02,11502.830078125,11502.830078125,11524.849609375,11454.3798828125,11509.9404296875,2131300
2019-12-03,11531.580078125,11531.580078125,11531.580078125,11460.0595703125,11473.3203125,1884000
2019-12-04,11510.4697265625,11510.4697265625,11513.830078125,11457.4296875,11511.8203125,0
2019-12-05,11594.650390625,11594.650390625,11604.3896484375,11546.75,11546.75,0
2019-12-06,11609.6396484375,11609.6396484375,11657.650390625,11577.830078125,11639.7998046875,1975900
2019-12-09,11660.76953125,11660.76953125,11678.3603515625,11631.0302734375,11635.4697265625,0
2019-12-10,11627.83984375,11627.83984375,11649.73046875,11607.259765625,11647.7802734375,0
2019-12-11,11700.76953125,11700.76953125,11700.76953125,11622.580078125,11635.0703125,2258900
2019-12-12,11836.419921875,11836.419921875,11875.98046875,11766.98046875,11766.98046875,2486200
2019-12-13,11927.73046875,11927.73046875,11990.7802734375,11913.01953125,11937.900390625,2969000
2019-12-16,11939.76953125,11939.76953125,11975.73046875,11915.6103515625,11915.6103515625,2643500
2019-12-17,12097.009765625,12097.009765625,12097.009765625,11939.6201171875,11939.6201171875,2495800
2019-12-18,12122.4501953125,12122.4501953125,12125.900390625,12059.919921875,12061.099609375,0
2019-12-19,12018.900390625,12018.900390625,12111.76953125,12008.16015625,12082.98046875,2236200
2019-12-20,11959.080078125,11959.080078125,12028.2197265625,11937.4501953125,12001.5595703125,2649800
2019-12-23,12022.23046875,12022.23046875,12022.23046875,11960.2099609375,11969.1396484375,1907900
2019-12-24,11976.3798828125,11976.3798828125,12027.599609375,11976.3798828125,12023.7900390625,1724100
2019-12-25,12008.1298828125,12008.1298828125,12032.3701171875,11973.9501953125,11978.9404296875,1518600
2019-12-26,12001.009765625,12001.009765625,12030.66015625,11982.6396484375,12018.3798828125,1618300
2019-12-27,12091.58984375,12091.58984375,12093.01953125,12032.7197265625,12032.7197265625,1868500
2019-12-30,12053.3701171875,12053.3701171875,12114.8896484375,12046.2197265625,12094.8095703125,1890200
2019-12-31,11997.1396484375,11997.1396484375,12047.75,11997.1396484375,12019.1904296875,1742700
2020-01-02,12100.48046875,12100.48046875,12110.740234375,12026.23046875,12026.5,2023800
2020-01-03,12110.4296875,12110.4296875,12197.6396484375,12023.599609375,12167.4404296875,2572900
2020-01-06,11953.3603515625,11953.3603515625,12040.080078125,11953.3603515625,12035.7099609375,2345200
2020-01-07,11880.3203125,11880.3203125,11986.0302734375,11822.400390625,11961.9697265625,2338400
2020-01-08,11817.099609375,11817.099609375,11899.669921875,11777.4501953125,11818.759765625,2428800
2020-01-09,11970.6298828125,11970.6298828125,11992.5498046875,11889.4599609375,11889.4599609375,2036900
2020-01-10,12024.650390625,12024.650390625,12038.2099609375,11959.0595703125,12009.26953125,1869000
2020-01-13,12113.419921875,12113.419921875,12113.419921875,12037.240234375,12069.6103515625,2292300
2020-01-14,12179.8095703125,12179.8095703125,12186.6201171875,12140.26953125,12161.73046875,2255300
2020-01-15,12091.8798828125,12091.8798828125,12169.919921875,12048.009765625,12169.919921875,1943800
2020-01-16,12066.9296875,12066.9296875,12075.5400390625,12006.080078125,12006.080078125,2049000
2020-01-17,12090.2900390625,12090.2900390625,12117.5498046875,12055.91015625,12080.7197265625,2009700
2020-01-20,12118.7099609375,12118.7099609375,12151.419921875,12101.5498046875,12107.5595703125,2095100
2020-01-30,11421.740234375,11421.740234375,11933.23046875,11418.2197265625,11933.23046875,4917300
2020-01-31,11495.099609375,11495.099609375,11594.2099609375,11436.9501953125,11494.0302734375,3130700
2020-02-03,11354.919921875,11354.919921875,11365.900390625,11138.0302734375,11365.900390625,3472200
2020-02-04,11555.919921875,11555.919921875,11581.3603515625,11393.0302734375,11399.4599609375,2731100
2020-02-05,11573.6201171875,11573.6201171875,11620.419921875,11512.7099609375,11601.5498046875,2624400
2020-02-06,11749.6796875,11749.6796875,11749.6796875,11605.1103515625,11605.1103515625,2305400
2020-02-07,11612.8095703125,11612.8095703125,11712.7099609375,11592.08984375,11712.7099609375,2182700
2020-02-10,11574.0703125,11574.0703125,11598.0302734375,11423.33984375,11514.7197265625,2328300
2020-02-11,11664.0400390625,11664.0400390625,11678.580078125,11614.25,11614.25,1845400
2020-02-12,11774.1904296875,11774.1904296875,11801.51953125,11693.400390625,11693.400390625,2120500
2020-02-13,11791.7802734375,11791.7802734375,11854.98046875,11784.9404296875,11813.5,2132400
2020-02-14,11815.7001953125,11815.7001953125,11840.7900390625,11788.8701171875,11806.51953125,1697100
2020-02-17,11763.509765625,11763.509765625,11775.5595703125,11724.8203125,11770.2998046875,1837200
2020-02-18,11648.98046875,11648.98046875,11717.099609375,11642.9501953125,11700.91015625,1882600
2020-02-19,11758.83984375,11758.83984375,11783.4296875,11654.16015625,11655.3701171875,2169000
2020-02-20,11725.08984375,11725.08984375,11827.830078125,11714.150390625,11785.7802734375,2035400
2020-02-21,11686.349609375,11686.349609375,11755.169921875,11661.6298828125,11721.16015625,1952700
2020-02-24,11534.8701171875,11534.8701171875,11615.2802734375,11512.080078125,11615.2802734375,2347100
2020-02-25,11540.23046875,11540.23046875,11567.08984375,11415.4697265625,11506.740234375,2158400
2020-02-26,11433.6201171875,11433.6201171875,11494.2197265625,11408.0595703125,11468.599609375,2640000
2020-02-27,11292.169921875,11292.169921875,11470.23046875,11274.51953125,11436.9599609375,3360600
2020-03-02,11170.4599609375,11170.4599609375,11282.0498046875,11049.849609375,11184.66015625,3204100
2020-03-03,11327.7197265625,11327.7197265625,11390.240234375,11279.8603515625,11279.8603515625,2572300
2020-03-04,11392.349609375,11392.349609375,11392.349609375,11297.8095703125,11368.25,2245300
2020-03-05,11514.8203125,11514.8203125,11525.3203125,11454.650390625,11454.650390625,2291000
2020-03-06,11321.8095703125,11321.8095703125,11471.3603515625,11310.3203125,11471.3603515625,2518500
2020-03-09,10977.6396484375,10977.6396484375,11221.759765625,10977.6396484375,11221.759765625,3897400
2020-03-10,11003.5400390625,11003.5400390625,11032.4697265625,10830.2197265625,10907.6201171875,3544100
2020-03-11,10893.75,10893.75,11088.23046875,10885.91015625,11022.8203125,2804700
2020-03-12,10422.3203125,10422.3203125,10845.3896484375,10359.669921875,10845.3896484375,4844200
2020-03-13,10128.8701171875,10128.8701171875,10171.2001953125,9636.150390625,10091.0302734375,5906200
2020-03-16,9717.76953125,9717.76953125,10130.7998046875,9717.76953125,10069.419921875,3783600
2020-03-17,9439.6298828125,9439.6298828125,9677.0703125,9371.349609375,9538.6396484375,4504100
2020-03-18,9218.669921875,9218.669921875,9509.6103515625,9218.669921875,9453.98046875,3991000
2020-03-19,8681.33984375,8681.33984375,9085.2802734375,8523.6298828125,9085.2802734375,5702600
2020-03-20,9234.08984375,9234.08984375,9264.419921875,8816.8603515625,8816.8603515625,4683400
2020-03-23,8890.0302734375,8890.0302734375,9029.51953125,8750.1396484375,9025.5498046875,136500
2020-03-24,9285.6201171875,9285.6201171875,9415.6396484375,9083.7802734375,9083.7802734375,2920600
2020-03-25,9644.75,9644.75,9722.3701171875,9426.4296875,9426.4296875,3565400
2020-03-26,9736.3603515625,9736.3603515625,9739.73046875,9565.01953125,9667.1396484375,2795400
2020-03-27,9698.919921875,9698.919921875,9954.8603515625,9691.1396484375,9807.900390625,3349400
2020-03-30,9629.4296875,9629.4296875,9655.7001953125,9415.51953125,9571.2197265625,2274000
2020-03-31,9708.0595703125,9708.0595703125,9789.8095703125,9630.2998046875,9689.6201171875,2882300
2020-04-01,9663.6298828125,9663.6298828125,9736.0,9663.6298828125,9726.2001953125,2434800
2020-04-06,9818.740234375,9818.740234375,9818.740234375,9651.51953125,9707.75,2987300
2020-04-07,9996.3896484375,9996.3896484375,10039.150390625,9928.16015625,9928.16015625,3205000
2020-04-08,10137.4697265625,10137.4697265625,10149.759765625,9984.66015625,10010.6396484375,3117000
2020-04-09,10119.4296875,10119.4296875,10246.83984375,10092.3603515625,10173.259765625,3058700
2020-04-10,10157.6103515625,10157.6103515625,10165.1201171875,10103.76953125,10105.4296875,2365200
2020-04-13,10099.2197265625,10099.2197265625,10179.400390625,10080.650390625,10147.5595703125,2456300
2020-04-14,10332.9404296875,10332.9404296875,10344.1298828125,10130.650390625,10130.650390625,2847000
2020-04-15,10447.2099609375,10447.2099609375,10461.83984375,10366.76953125,10366.76953125,3333800
2020-04-16,10375.48046875,10375.48046875,10425.2900390625,10317.1298828125,10385.7802734375,2770300
2020-04-17,10597.0400390625,10597.0400390625,10710.150390625,10552.580078125,10554.5498046875,3725200
2020-04-20,10586.7099609375,10586.7099609375,10637.6396484375,10542.9599609375,10612.4501953125,2298700
2020-04-21,10288.419921875,10288.419921875,10544.7998046875,10278.9501953125,10544.7998046875,3392700
2020-04-22,10307.740234375,10307.740234375,10310.849609375,10140.08984375,10256.1103515625,2531000
2020-04-23,10366.509765625,10366.509765625,10462.7001953125,10294.8798828125,10370.1298828125,2633300
2020-04-24,10347.3603515625,10347.3603515625,10386.9296875,10324.2001953125,10367.9697265625,2400100
2020-04-27,10567.26953125,10567.26953125,10578.9599609375,10407.490234375,10407.490234375,3281100
2020-04-28,10616.0595703125,10616.0595703125,10620.51953125,10537.7099609375,10580.25,3260300
2020-04-29,10772.2197265625,10772.2197265625,10794.830078125,10656.400390625,10656.400390625,3529100
2020-04-30,10992.1396484375,10992.1396484375,11012.7802734375,10826.259765625,10826.259765625,3909100
2020-05-04,10720.48046875,10720.48046875,10781.509765625,10658.5,10781.509765625,3113100
2020-05-05,10774.6103515625,10774.6103515625,10833.5302734375,10735.009765625,10756.9501953125,2817200
2020-05-06,10774.98046875,10774.98046875,10828.73046875,10708.099609375,10771.08984375,3137600
2020-05-07,10842.919921875,10842.919921875,10890.8701171875,10775.16015625,10778.5302734375,2849600
2020-05-08,10901.419921875,10901.419921875,10970.7001953125,10883.2197265625,10883.2197265625,3169900
2020-05-11,11013.259765625,11013.259765625,11039.1103515625,10942.1796875,10942.1796875,3370600
2020-05-12,10879.4697265625,10879.4697265625,10974.509765625,10854.509765625,10974.509765625,3047800
2020-05-13,10938.26953125,10938.26953125,10938.26953125,10828.9296875,10861.009765625,2677400
2020-05-14,10780.8798828125,10780.8798828125,10894.169921875,10777.4599609375,10894.169921875,3054300
2020-05-15,10814.919921875,10814.919921875,10904.009765625,10730.5498046875,10833.16015625,2749400
2020-05-18,10740.5498046875,10740.5498046875,10812.8701171875,10730.7001953125,10753.2099609375,2716100
2020-05-19,10860.4404296875,10860.4404296875,10924.7900390625,10812.7900390625,10812.7900390625,3048200
2020-05-20,10907.7998046875,10907.7998046875,10933.98046875,10860.150390625,10892.759765625,2731300
2020-05-21,11008.3095703125,11008.3095703125,11021.66015625,10933.2099609375,10933.2099609375,2787700
2020-05-22,10811.150390625,10811.150390625,10977.5498046875,10804.5595703125,10977.5498046875,2923700
2020-05-25,10871.1796875,10871.1796875,10874.5400390625,10719.25,10812.9404296875,2222100
2020-05-26,10997.2099609375,10997.2099609375,11046.2197265625,10903.3203125,10903.3203125,2886300
2020-05-27,11014.66015625,11014.66015625,11069.7197265625,10972.25,11023.9296875,2794500
2020-05-28,10944.1904296875,10944.1904296875,11087.5302734375,10915.2998046875,11040.6201171875,3122300
2020-05-29,10942.16015625,10942.16015625,10965.0302734375,10861.900390625,10921.16015625,3589800
2020-06-01,11079.01953125,11079.01953125,11109.2900390625,10971.400390625,10971.400390625,2655700
2020-06-02,11127.9296875,11127.9296875,11170.490234375,11102.9697265625,11109.26953125,2754300
2020-06-03,11320.16015625,11320.16015625,11330.51953125,11182.51953125,11182.51953125,3776100
2020-06-04,11393.23046875,11393.23046875,11425.419921875,11341.580078125,11373.9404296875,3539700
2020-06-05,11479.400390625,11479.400390625,11482.3603515625,11411.9404296875,11418.009765625,3400800
2020-06-08,11610.3203125,11610.3203125,11631.8896484375,11528.4404296875,11539.0,3822500
2020-06-09,11637.1103515625,11637.1103515625,11640.4501953125,11537.3798828125,11600.6103515625,3023600
2020-06-10,11720.16015625,11720.16015625,11740.900390625,11621.01953125,11635.990234375,3477600
2020-06-11,11535.76953125,11535.76953125,11771.1201171875,11516.58984375,11738.490234375,4457500
2020-06-12,11429.9404296875,11429.9404296875,11442.2998046875,11244.6396484375,11406.5400390625,3367500
2020-06-15,11306.259765625,11306.259765625,11469.83984375,11299.4501953125,11436.2802734375,3034000
2020-06-16,11511.6396484375,11511.6396484375,11542.25,11380.669921875,11380.669921875,2915500
2020-06-17,11534.58984375,11534.58984375,11550.3203125,11482.3203125,11525.5,3138800
2020-06-18,11548.330078125,11548.330078125,11567.419921875,11485.3896484375,11534.2001953125,3404900
2020-06-19,11549.8603515625,11549.8603515625,11584.8798828125,11542.3701171875,11557.26953125,4580400
2020-06-22,11572.9296875,11572.9296875,11632.8798828125,11553.91015625,11553.91015625,2950700
2020-06-23,11612.3603515625,11612.3603515625,11679.400390625,11530.849609375,11618.419921875,3057500
2020-06-24,11660.669921875,11660.669921875,11701.23046875,11637.7900390625,11647.8603515625,2861900
2020-06-29,11542.6201171875,11542.6201171875,11608.7998046875,11500.650390625,11608.7998046875,2922300
2020-06-30,11621.240234375,11621.240234375,11638.0,11563.599609375,11563.599609375,2935300
2020-07-01,11703.419921875,11703.419921875,11736.3896484375,11622.6396484375,11622.6396484375,2868400
2020-07-02,11805.1396484375,11805.1396484375,11805.2099609375,11690.9501953125,11694.099609375,3060100
2020-07-03,11909.16015625,11909.16015625,11933.58984375,11857.900390625,11857.900390625,3536100
2020-07-06,12116.7001953125,12116.7001953125,12116.7001953125,11941.83984375,11941.83984375,4451500
2020-07-07,12092.9697265625,12092.9697265625,12249.9501953125,12028.5703125,12176.7900390625,4263000
2020-07-08,12170.1904296875,12170.1904296875,12190.26953125,12083.83984375,12086.1298828125,3598500
2020-07-09,12192.6904296875,12192.6904296875,12273.4296875,12181.33984375,12222.900390625,3882900
2020-07-10,12073.6796875,12073.6796875,12253.580078125,12030.2001953125,12250.4404296875,4166700
2020-07-13,12211.5595703125,12211.5595703125,12216.240234375,12109.6103515625,12109.6103515625,3558300
2020-07-14,12209.009765625,12209.009765625,12228.3095703125,12143.91015625,12202.8896484375,3333000
2020-07-15,12202.849609375,12202.849609375,12320.48046875,12162.51953125,12233.990234375,3905800
2020-07-16,12157.740234375,12157.740234375,12220.9296875,12107.0400390625,12173.0400390625,3196600
2020-07-17,12181.5595703125,12181.5595703125,12266.9296875,12144.6201171875,12195.7197265625,3396200
2020-07-20,12174.5400390625,12174.5400390625,12221.330078125,12065.7998046875,12205.25,2819300
2020-07-21,12397.5498046875,12397.5498046875,12450.16015625,12242.3203125,12242.3203125,3529000
2020-07-22,12473.26953125,12473.26953125,12486.9501953125,12389.400390625,12389.759765625,3424000
2020-07-23,12413.0400390625,12413.0400390625,12429.759765625,12347.8603515625,12423.01953125,3426700
2020-07-24,12304.0400390625,12304.0400390625,12502.83984375,12266.5498046875,12467.4296875,3996200
2020-07-27,12588.2998046875,12588.2998046875,12686.3603515625,12586.91015625,12618.6904296875,3687300
2020-07-28,12586.73046875,12586.73046875,13031.7001953125,12533.1904296875,12951.7197265625,4457700
2020-07-29,12540.9697265625,12540.9697265625,12660.8701171875,12488.009765625,12530.740234375,3067000
2020-07-30,12722.919921875,12722.919921875,12769.4697265625,12616.830078125,12691.8603515625,3244900
2020-07-31,12664.7998046875,12664.7998046875,12733.48046875,12635.7099609375,12653.4599609375,3171700
2020-08-03,12513.0302734375,12513.0302734375,12673.01953125,12506.58984375,12642.73046875,3391600
2020-08-04,12709.919921875,12709.919921875,12709.919921875,12577.8798828125,12577.8798828125,3465700
2020-08-05,12802.2998046875,12802.2998046875,12816.3896484375,12739.990234375,12762.33984375,3917200
2020-08-06,12913.5,12913.5,12971.8701171875,12851.2001953125,12894.240234375,4098100
2020-08-07,12828.8701171875,12828.8701171875,12912.6298828125,12791.1796875,12901.4296875,3831300
2020-08-10,12894.0,12894.0,12933.16015625,12786.7998046875,12786.7998046875,3952000
2020-08-11,12780.1904296875,12780.1904296875,12906.009765625,12780.1904296875,12856.4599609375,3726400
2020-08-12,12670.349609375,12670.349609375,12730.9599609375,12625.5400390625,12713.6298828125,3440300
2020-08-13,12763.1298828125,12763.1298828125,12812.7998046875,12717.1298828125,12758.8701171875,3631900
2020-08-14,12795.4599609375,12795.4599609375,12801.3095703125,12679.1904296875,12709.9697265625,3896200
2020-08-17,12956.1103515625,12956.1103515625,12956.1103515625,12800.6904296875,12813.9404296875,4310300
2020-08-18,12872.1396484375,12872.1396484375,12981.580078125,12840.25,12974.9599609375,3911700
2020-08-19,12778.6396484375,12778.6396484375,12950.1103515625,12778.6396484375,12904.83984375,4459400
2020-08-20,12362.6396484375,12362.6396484375,12764.75,12144.759765625,12764.75,6063400
2020-08-21,12607.83984375,12607.83984375,12638.650390625,12462.51953125,12462.51953125,3778800
2020-08-24,12647.1298828125,12647.1298828125,12702.9404296875,12567.9501953125,12629.7802734375,3397300
2020-08-25,12758.25,12758.25,12814.5595703125,12698.849609375,12706.400390625,3891600
2020-08-26,12833.2900390625,12833.2900390625,12833.2900390625,12734.6904296875,12768.9599609375,3413200
2020-08-27,12797.3095703125,12797.3095703125,12960.6796875,12786.4501953125,12888.650390625,4956500
2020-08-28,12728.849609375,12728.849609375,12799.16015625,12674.5703125,12759.2998046875,3774200
2020-08-31,12591.4501953125,12591.4501953125,12831.3798828125,12591.4501953125,12763.4404296875,4820400
2020-09-01,12703.2802734375,12703.2802734375,12703.2802734375,12565.830078125,12617.3896484375,4070500
2020-09-02,12699.5,12699.5,12802.6103515625,12646.4697265625,12772.4296875,3968600
2020-09-03,12757.9697265625,12757.9697265625,12857.7900390625,12732.3203125,12774.9697265625,5711400
2020-09-04,12637.9501953125,12637.9501953125,12655.669921875,12559.7802734375,12645.919921875,5122000
2020-09-07,12601.400390625,12601.400390625,12725.0498046875,12575.3603515625,12645.9296875,5406000
2020-09-08,12663.5595703125,12663.5595703125,12702.5498046875,12614.7197265625,12637.419921875,4243200
2020-09-09,12608.580078125,12608.580078125,12616.5703125,12480.5,12592.1796875,4223700
2020-09-10,12691.75,12691.75,12708.6396484375,12650.400390625,12665.740234375,4738300
2020-09-11,12675.9501953125,12675.9501953125,12701.7900390625,12616.6796875,12697.4599609375,4644800
2020-09-14,12787.8203125,12787.8203125,12793.0703125,12680.41015625,12680.41015625,3515300
2020-09-15,12845.650390625,12845.650390625,12857.73046875,12773.23046875,12787.419921875,3475900
2020-09-16,12976.759765625,12976.759765625,13021.6796875,12948.7197265625,12989.8095703125,3609400
2020-09-17,12872.740234375,12872.740234375,12972.51953125,12851.51953125,12920.150390625,3259900
2020-09-18,12875.6201171875,12875.6201171875,12927.8095703125,12841.08984375,12858.599609375,3858100
2020-09-21,12795.1201171875,12795.1201171875,12952.3095703125,12795.08984375,12874.6103515625,3612600
2020-09-22,12645.509765625,12645.509765625,12786.91015625,12632.740234375,12786.91015625,3420700
2020-09-23,12583.8798828125,12583.8798828125,12700.8896484375,12548.0703125,12656.2998046875,3552700
2020-09-24,12264.3798828125,12264.3798828125,12487.48046875,12264.3798828125,12487.48046875,4698500
2020-09-25,12232.91015625,12232.91015625,12385.8095703125,12149.8095703125,12312.9404296875,4286100
2020-09-28,12462.759765625,12462.759765625,12462.759765625,12282.3603515625,12282.3603515625,3002400
2020-09-29,12467.73046875,12467.73046875,12571.33984375,12429.7197265625,12488.099609375,2887800
2020-09-30,12515.6103515625,12515.6103515625,12568.6796875,12466.580078125,12483.650390625,2462100
2020-10-05,12548.2802734375,12548.2802734375,12637.6201171875,12519.1201171875,12567.8798828125,2876800
2020-10-06,12704.23046875,12704.23046875,12706.3896484375,12644.08984375,12644.08984375,3064800
2020-10-07,12746.3701171875,12746.3701171875,12774.3603515625,12619.8095703125,12667.509765625,2873000
2020-10-08,12887.1904296875,12887.1904296875,12887.1904296875,12818.009765625,12832.5400390625,3427200
2020-10-12,12955.91015625,12955.91015625,12997.7900390625,12898.8896484375,12959.150390625,3714400
2020-10-13,12947.1298828125,12947.1298828125,12994.66015625,12857.099609375,12988.4404296875,3354400
2020-10-14,12919.3095703125,12919.3095703125,12960.0,12895.7900390625,12927.08984375,3672900
2020-10-15,12827.8203125,12827.8203125,12909.1103515625,12786.259765625,12892.2900390625,3580300
2020-10-16,12750.3701171875,12750.3701171875,12896.2998046875,12750.3701171875,12814.16015625,3718400
2020-10-19,12908.33984375,12908.33984375,12911.41015625,12803.3203125,12803.3203125,2971300
2020-10-20,12862.3701171875,12862.3701171875,12917.75,12862.3701171875,12889.990234375,2623800
2020-10-21,12877.25,12877.25,12942.1201171875,12846.419921875,12889.8798828125,3419400
2020-10-22,12917.0302734375,12917.0302734375,12917.0302734375,12827.400390625,12854.9697265625,3683000
2020-10-23,12898.8203125,12898.8203125,12963.259765625,12875.23046875,12945.1201171875,3531700
2020-10-26,12909.0302734375,12909.0302734375,12971.580078125,12894.1796875,12923.5498046875,4288700
2020-10-27,12875.009765625,12875.009765625,12884.3203125,12821.0703125,12867.76953125,3583700
2020-10-28,12793.75,12793.75,12879.98046875,12761.330078125,12853.759765625,3657900
2020-10-29,12662.91015625,12662.91015625,12699.8203125,12583.3701171875,12687.6396484375,3741600
2020-10-30,12546.33984375,12546.33984375,12656.2900390625,12546.33984375,12651.349609375,3918600
2020-11-02,12591.3095703125,12591.3095703125,12594.33984375,12480.66015625,12565.3203125,2950900
2020-11-03,12736.009765625,12736.009765625,12760.1396484375,12641.2802734375,12641.2802734375,2946900
2020-11-04,12867.900390625,12867.900390625,12885.2802734375,12736.01953125,12766.8603515625,3335500
2020-11-05,12918.7998046875,12918.7998046875,12918.7998046875,12840.400390625,12878.009765625,2946300
2020-11-06,12973.5302734375,12973.5302734375,12999.16015625,12927.2998046875,12952.490234375,3215100
2020-11-09,13127.4697265625,13127.4697265625,13149.900390625,13048.669921875,13053.98046875,3696600
2020-11-10,13081.7197265625,13081.7197265625,13142.2197265625,13022.919921875,13090.650390625,4774300
2020-11-11,13262.1904296875,13262.1904296875,13262.1904296875,13067.0400390625,13067.0400390625,5109800
2020-11-12,13221.7802734375,13221.7802734375,13324.8603515625,13193.740234375,13324.8603515625,3935700
2020-11-13,13273.330078125,13273.330078125,13273.330078125,13170.1201171875,13221.7998046875,3526400
2020-11-16,13551.830078125,13551.830078125,13551.830078125,13356.740234375,13356.740234375,3858000
2020-11-17,13593.009765625,13593.009765625,13780.1201171875,13593.009765625,13723.76953125,4123400
2020-11-18,13773.2900390625,13773.2900390625,13773.2900390625,13608.7197265625,13628.419921875,4140300
2020-11-19,13722.4296875,13722.4296875,13785.919921875,13700.0400390625,13775.259765625,3973800
2020-11-20,13716.4404296875,13716.4404296875,13726.2197265625,13666.0703125,13702.58984375,3869400
2020-11-23,13878.009765625,13878.009765625,13921.16015625,13793.5498046875,13793.5498046875,4442800
2020-11-24,13807.1298828125,13807.1298828125,13951.169921875,13798.3203125,13918.83984375,5153400
2020-11-25,13738.830078125,13738.830078125,13893.2001953125,13731.8095703125,13860.9501953125,5163800
2020-11-26,13845.66015625,13845.66015625,13856.759765625,13763.7900390625,13763.7900390625,4596800
2020-11-27,13867.08984375,13867.08984375,13885.009765625,13811.8095703125,13833.2099609375,4863800
2020-11-30,13722.8896484375,13722.8896484375,13969.3896484375,13722.8896484375,13917.650390625,7445200
2020-12-01,13885.669921875,13885.669921875,13885.669921875,13749.7099609375,13810.5498046875,6561000
2020-12-02,13989.1396484375,13989.1396484375,13995.7001953125,13894.7001953125,13970.509765625,6589100
2020-12-03,13977.08984375,13977.08984375,14049.580078125,13940.0703125,13988.490234375,6081000
2020-12-04,14132.4404296875,14132.4404296875,14149.5595703125,14010.169921875,14010.169921875,6852600
2020-12-07,14256.599609375,14256.599609375,14306.8701171875,14142.01953125,14230.0,8157200
2020-12-08,14360.400390625,14360.400390625,14367.0,14184.580078125,14251.9404296875,6401000
2020-12-09,14390.1396484375,14390.1396484375,14427.41015625,14336.6904296875,14336.6904296875,6287100
2020-12-10,14249.490234375,14249.490234375,14319.3798828125,14191.849609375,14295.150390625,6332100
2020-12-11,14261.6904296875,14261.6904296875,14353.169921875,14081.419921875,14298.58984375,6398300
2020-12-14,14211.0498046875,14211.0498046875,14270.33984375,14182.25,14238.919921875,5733400
2020-12-15,14068.51953125,14068.51953125,14256.5498046875,14053.349609375,14206.330078125,6314600
2020-12-16,14304.4599609375,14304.4599609375,14339.5,14145.240234375,14145.240234375,4861300
2020-12-17,14258.9296875,14258.9296875,14338.400390625,14213.490234375,14326.16015625,4300900
2020-12-18,14249.9599609375,14249.9599609375,14329.1201171875,14245.599609375,14268.1298828125,5686900
2020-12-21,14384.9599609375,14384.9599609375,14384.9599609375,14166.8896484375,14273.7900390625,6280700
2020-12-22,14177.4599609375,14177.4599609375,14411.9296875,14175.6904296875,14348.1103515625,8023200
2020-12-23,14223.08984375,14223.08984375,14247.7900390625,14134.8701171875,14180.7001953125,5537300
2020-12-24,14280.2802734375,14280.2802734375,14324.419921875,14256.2900390625,14256.2900390625,5380500
2020-12-25,14331.419921875,14331.419921875,14400.830078125,14296.9697265625,14306.98046875,5375300
2020-12-28,14483.0703125,14483.0703125,14483.0703125,14363.4501953125,14363.4501953125,6279800
2020-12-29,14472.0498046875,14472.0498046875,14547.0703125,14435.0302734375,14500.91015625,7396000
2020-12-30,14687.7001953125,14687.7001953125,14695.4404296875,14476.6904296875,14485.9697265625,6211900
2020-12-31,14732.5302734375,14732.5302734375,14760.0595703125,14646.330078125,14704.5302734375,5881100
2021-01-04,14902.0302734375,14902.0302734375,14937.1298828125,14720.25,14720.25,6487600
2021-01-05,15000.0302734375,15000.0302734375,15000.0302734375,14861.990234375,14913.6396484375,6302200
2021-01-06,14983.1298828125,14983.1298828125,15197.6796875,14837.0,15145.849609375,7787000
2021-01-07,15214.0,15214.0,15270.400390625,15049.8603515625,15059.51953125,5878900
2021-01-08,15463.9501953125,15463.9501953125,15463.9501953125,15275.3798828125,15365.1298828125,6192800
2021-01-11,15557.2998046875,15557.2998046875,15557.2998046875,15395.73046875,15425.580078125,5319100
2021-01-12,15500.7001953125,15500.7001953125,15642.0302734375,15421.23046875,15549.5302734375,6399400
2021-01-13,15769.98046875,15769.98046875,15778.51953125,15550.16015625,15550.16015625,5900400
2021-01-14,15707.1904296875,15707.1904296875,15760.150390625,15620.9599609375,15651.2001953125,5571500
2021-01-15,15616.3896484375,15616.3896484375,16041.58984375,15615.1103515625,15987.16015625,6418300
2021-01-18,15612.0,15612.0,15676.4501953125,15320.9697265625,15676.4501953125,5431000
2021-01-19,15877.3701171875,15877.3701171875,15928.1396484375,15716.6396484375,15716.6396484375,5516500
2021-01-20,15806.1796875,15806.1796875,16004.3203125,15745.48046875,15934.849609375,7303000
2021-01-21,16153.76953125,16153.76953125,16238.4599609375,15775.73046875,15775.73046875,5268500
2021-01-22,16019.0302734375,16019.0302734375,16138.0400390625,15973.01953125,15984.8896484375,5023800
2021-01-25,15946.5400390625,15946.5400390625,16014.9599609375,15772.6298828125,16006.2099609375,4667900
2021-01-26,15658.849609375,15658.849609375,16023.8701171875,15589.2099609375,15955.16015625,4526600
2021-01-27,15701.4501953125,15701.4501953125,15837.4697265625,15642.1201171875,15711.759765625,4293000
2021-01-28,15415.8798828125,15415.8798828125,15557.01953125,15367.4501953125,15519.849609375,5142300
2021-01-29,15138.3095703125,15138.3095703125,15603.41015625,15138.3095703125,15544.3603515625,5546700
2021-02-01,15410.08984375,15410.08984375,15429.98046875,15089.9599609375,15176.5595703125,4413200
2021-02-02,15760.0498046875,15760.0498046875,15838.150390625,15546.6904296875,15546.6904296875,4965800
2021-02-03,15771.3203125,15771.3203125,15896.400390625,15741.16015625,15828.6396484375,5015900
2021-02-04,15706.2197265625,15706.2197265625,15801.3701171875,15606.740234375,15697.75,4217800
2021-02-05,15802.400390625,15802.400390625,15938.08984375,15774.33984375,15805.759765625,4311100
2021-02-17,16362.2900390625,16362.2900390625,16406.779296875,16197.4501953125,16197.4501953125,5847800
2021-02-18,16424.509765625,16424.509765625,16517.73046875,16323.2197265625,16366.23046875,5808600
2021-02-19,16341.3798828125,16341.3798828125,16382.7001953125,16211.25,16376.91015625,5567600
2021-02-22,16410.16015625,16410.16015625,16579.169921875,16410.16015625,16445.869140625,6377000
2021-02-23,16443.400390625,16443.400390625,16467.75,16211.75,16320.8798828125,6508000
2021-02-24,16212.5302734375,16212.5302734375,16456.939453125,16212.5302734375,16329.5400390625,6503200
2021-02-25,16452.1796875,16452.1796875,16474.05078125,16322.26953125,16376.7998046875,6958100
2021-02-26,15953.7998046875,15953.7998046875,16190.0400390625,15953.7998046875,16190.0400390625,7625000
2021-03-02,15946.8798828125,15946.8798828125,16262.91015625,15946.8798828125,16127.8701171875,6314300
2021-03-03,16211.73046875,16211.73046875,16211.73046875,15884.5498046875,15992.3203125,5473300
2021-03-04,15906.41015625,15906.41015625,16091.75,15840.990234375,16091.75,5822900
2021-03-05,15855.23046875,15855.23046875,15934.4296875,15636.4296875,15759.580078125,4705600
2021-03-08,15820.1103515625,15820.1103515625,16074.9697265625,15816.5,15943.3701171875,4746800
2021-03-09,15853.08984375,15853.08984375,15864.259765625,15657.919921875,15715.0703125,5441900
2021-03-10,15911.669921875,15911.669921875,15986.0703125,15857.3203125,15921.4501953125,4340600
2021-03-11,16179.5595703125,16179.5595703125,16216.2197265625,15947.2099609375,15947.2099609375,5113400
2021-03-12,16255.1796875,16255.1796875,16298.0302734375,16166.349609375,16241.5498046875,4907000
2021-03-15,16249.330078125,16249.330078125,16281.91015625,16194.91015625,16256.580078125,4681700
2021-03-16,16313.16015625,16313.16015625,16340.66015625,16244.990234375,16253.9296875,5049000
2021-03-17,16215.8203125,16215.8203125,16349.2099609375,16166.349609375,16312.98046875,4911400
2021-03-18,16287.83984375,16287.83984375,16410.01953125,16264.6103515625,16264.6103515625,5694800
2021-03-19,16070.240234375,16070.240234375,16186.4599609375,16022.169921875,16186.4599609375,6753400
2021-03-22,16189.2197265625,16189.2197265625,16235.6298828125,15983.76953125,16065.5,7093200
2021-03-23,16177.58984375,16177.58984375,16351.3798828125,16166.2900390625,16250.2001953125,7291400
2021-03-24,16032.1201171875,16032.1201171875,16125.5400390625,15967.9501953125,15994.9599609375,5549900
2021-03-25,16060.1396484375,16060.1396484375,16146.580078125,15944.9599609375,16010.5400390625,5947800
2021-03-26,16305.8798828125,16305.8798828125,16325.6201171875,16140.3701171875,16140.3701171875,5404200
2021-03-29,16475.970703125,16475.970703125,16520.890625,16411.669921875,16411.669921875,6897800
2021-03-30,16554.900390625,16554.900390625,16556.189453125,16438.400390625,16490.310546875,5851100
2021-03-31,16431.130859375,16431.130859375,16550.19921875,16427.19921875,16529.23046875,5865500
2021-04-01,16571.279296875,16571.279296875,16602.470703125,16496.16015625,16538.279296875,5687600
2021-04-07,16815.359375,16815.359375,16816.33984375,16715.3203125,16771.349609375,6682200
2021-04-08,16926.439453125,16926.439453125,16926.720703125,16735.779296875,16786.560546875,7382600
2021-04-09,16854.099609375,16854.099609375,17016.130859375,16815.58984375,16974.279296875,8624700
2021-04-12,16859.69921875,16859.69921875,16979.349609375,16793.5390625,16908.55078125,9009000
2021-04-13,16824.91015625,16824.91015625,17041.369140625,16802.220703125,16872.400390625,10350300
2021-04-14,16865.970703125,16865.970703125,16935.390625,16559.5703125,16869.779296875,10140000
2021-04-15,17076.73046875,17076.73046875,17076.73046875,16851.060546875,16851.060546875,7006700
2021-04-16,17158.810546875,17158.810546875,17158.810546875,16998.91015625,17028.349609375,7912900
2021-04-19,17263.279296875,17263.279296875,17294.150390625,17135.51953125,17141.25,10158100
2021-04-20,17323.869140625,17323.869140625,17323.869140625,17175.01953125,17231.580078125,9165400
2021-04-21,17202.109375,17202.109375,17282.759765625,17167.390625,17282.759765625,9427000
2021-04-22,17096.970703125,17096.970703125,17428.150390625,17066.169921875,17302.73046875,14999500
2021-04-23,17300.26953125,17300.26953125,17300.26953125,17055.48046875,17117.490234375,9329900
2021-04-26,17572.2890625,17572.2890625,17572.2890625,17378.359375,17378.359375,9298000
2021-04-27,17595.900390625,17595.900390625,17630.189453125,17489.7109375,17586.01953125,9687900
2021-04-28,17567.529296875,17567.529296875,17628.810546875,17497.740234375,17610.720703125,10510700
2021-04-29,17566.66015625,17566.66015625,17709.23046875,17548.30078125,17646.9296875,10991600
2021-05-03,17222.349609375,17222.349609375,17546.939453125,17222.349609375,17505.51953125,11037100
2021-05-04,16933.779296875,16933.779296875,17328.55078125,16647.609375,17249.560546875,12968600
2021-05-05,16843.439453125,16843.439453125,17052.19921875,16843.439453125,16968.75,8435500
2021-05-06,16994.359375,16994.359375,17088.73046875,16764.7109375,16925.51953125,9028200
2021-05-07,17285.0,17285.0,17285.0,17032.23046875,17032.23046875,8356000
2021-05-10,17235.609375,17235.609375,17304.470703125,17188.150390625,17274.23046875,9059300
2021-05-11,16583.130859375,16583.130859375,17137.189453125,16460.869140625,17137.189453125,12909700
2021-05-12,15902.3701171875,15902.3701171875,16552.630859375,15165.26953125,16515.880859375,13913300
2021-05-13,15670.099609375,15670.099609375,16031.9296875,15368.5400390625,15668.330078125,10615100
2021-05-14,15827.08984375,15827.08984375,16075.48046875,15702.099609375,15819.240234375,9406800
2021-05-17,15353.8896484375,15353.8896484375,15719.740234375,15159.8603515625,15554.990234375,9443500
2021-05-18,16145.98046875,16145.98046875,16153.76953125,15564.9599609375,15564.9599609375,7546900
2021-05-19,16132.66015625,16132.66015625,16273.98046875,16009.759765625,16112.2099609375,8707800
2021-05-20,16042.3603515625,16042.3603515625,16154.080078125,15943.4501953125,16122.51953125,8178100
2021-05-21,16302.0595703125,16302.0595703125,16431.140625,16136.8603515625,16136.8603515625,7531400
2021-05-24,16338.2900390625,16338.2900390625,16397.58984375,16136.9697265625,16246.51953125,7333500
2021-05-25,16595.669921875,16595.669921875,16657.599609375,16444.75,16444.75,9038500
2021-05-26,16643.689453125,16643.689453125,16706.2890625,16523.23046875,16645.169921875,6816100
2021-05-27,16601.609375,16601.609375,16601.609375,16419.419921875,16591.69921875,8532000
2021-05-28,16870.859375,16870.859375,16889.009765625,16690.0390625,16690.0390625,8549300
2021-05-31,17068.4296875,17068.4296875,17113.330078125,16939.91015625,16948.470703125,9490500
2021-06-01,17162.380859375,17162.380859375,17184.30078125,17060.44921875,17098.490234375,7821200
2021-06-02,17165.0390625,17165.0390625,17274.66015625,17056.419921875,17192.91015625,9368700
2021-06-03,17246.16015625,17246.16015625,17311.279296875,17198.890625,17201.30078125,8355400
2021-06-04,17147.41015625,17147.41015625,17225.060546875,17084.490234375,17225.060546875,8595000
2021-06-07,17083.91015625,17083.91015625,17189.23046875,16775.849609375,17176.08984375,8683700
2021-06-08,17076.2109375,17076.2109375,17181.51953125,17056.529296875,17094.33984375,5658700
2021-06-09,16966.220703125,16966.220703125,17082.51953125,16907.4296875,17082.51953125,6310000
2021-06-10,17159.220703125,17159.220703125,17159.220703125,16978.009765625,17024.5390625,6582700
2021-06-11,17213.51953125,17213.51953125,17278.55078125,17193.609375,17200.44921875,6154800
2021-06-15,17371.2890625,17371.2890625,17371.2890625,17279.69921875,17279.69921875,6317500
2021-06-16,17307.859375,17307.859375,17398.220703125,17275.01953125,17357.369140625,7962000
2021-06-17,17390.609375,17390.609375,17390.609375,17150.51953125,17254.83984375,6398800
2021-06-18,17318.5390625,17318.5390625,17417.5,17318.5390625,17384.740234375,7976600
2021-06-21,17062.98046875,17062.98046875,17305.490234375,17023.310546875,17305.490234375,7503200
2021-06-22,17075.55078125,17075.55078125,17270.470703125,17075.55078125,17162.7109375,8917000
2021-06-23,17336.7109375,17336.7109375,17375.7890625,17127.58984375,17127.58984375,8083500
2021-06-24,17407.9609375,17407.9609375,17439.630859375,17319.890625,17358.5703125,6453900
2021-06-25,17502.990234375,17502.990234375,17597.330078125,17471.0703125,17471.0703125,6766700
2021-06-28,17590.970703125,17590.970703125,17595.509765625,17481.23046875,17531.8203125,7091900
2021-06-29,17598.189453125,17598.189453125,17713.240234375,17541.140625,17621.150390625,8437900
2021-06-30,17755.4609375,17755.4609375,17797.26953125,17648.25,17648.25,7979400
2021-07-01,17713.939453125,17713.939453125,17863.900390625,17644.359375,17801.189453125,9647200
2021-07-02,17710.150390625,17710.150390625,17795.880859375,17676.98046875,17745.689453125,8973200
2021-07-05,17919.330078125,17919.330078125,17945.51953125,17783.80078125,17783.80078125,7425200
2021-07-06,17913.0703125,17913.0703125,18008.369140625,17895.779296875,17929.220703125,6634400
2021-07-07,17850.689453125,17850.689453125,17933.619140625,17756.8203125,17901.25,6893400
2021-07-08,17866.08984375,17866.08984375,17935.109375,17742.080078125,17880.900390625,8078500
2021-07-09,17661.48046875,17661.48046875,17778.119140625,17597.4609375,17778.119140625,6565500
2021-07-12,17814.330078125,17814.330078125,17947.900390625,17759.900390625,17843.30078125,6898800
2021-07-13,17847.51953125,17847.51953125,18018.0390625,17786.759765625,17931.470703125,8913100
2021-07-14,17845.75,17845.75,17940.859375,17716.439453125,17892.509765625,7380100
2021-07-15,18034.189453125,18034.189453125,18034.189453125,17878.779296875,17878.779296875,5697300
2021-07-16,17895.25,17895.25,17926.380859375,17779.609375,17839.580078125,6709700
2021-07-19,17789.25,17789.25,17854.349609375,17708.150390625,17854.349609375,5948000
2021-07-20,17528.740234375,17528.740234375,17724.919921875,17500.689453125,17724.919921875,6263700
2021-07-21,17458.7890625,17458.7890625,17707.560546875,17352.240234375,17593.599609375,7703300
2021-07-22,17572.330078125,17572.330078125,17667.380859375,17482.810546875,17482.810546875,6900500
2021-07-23,17572.919921875,17572.919921875,17672.599609375,17511.859375,17603.94921875,6686500
2021-07-26,17403.560546875,17403.560546875,17637.359375,17403.560546875,17554.9296875,5927200
2021-07-27,17269.869140625,17269.869140625,17459.349609375,17264.5,17394.76953125,6079500
2021-07-28,17135.220703125,17135.220703125,17252.869140625,16893.69921875,17252.869140625,6728900
2021-07-29,17402.810546875,17402.810546875,17402.810546875,17190.48046875,17216.580078125,5660700
2021-07-30,17247.41015625,17247.41015625,17429.009765625,17237.669921875,17414.76953125,6577000
2021-08-02,17503.279296875,17503.279296875,17503.279296875,17231.220703125,17256.609375,5186900
2021-08-03,17553.759765625,17553.759765625,17553.759765625,17456.19921875,17489.119140625,4533200
2021-08-04,17623.890625,17623.890625,17636.109375,17557.1796875,17588.640625,5817500
2021-08-05,17603.119140625,17603.119140625,17643.970703125,17566.720703125,17624.8203125,6348300
2021-08-06,17526.279296875,17526.279296875,17593.849609375,17469.6796875,17593.849609375,5686300
2021-08-09,17485.150390625,17485.150390625,17510.08984375,17350.150390625,17505.009765625,5189400
2021-08-10,17323.640625,17323.640625,17524.91015625,17305.060546875,17492.44921875,4788400
2021-08-11,17227.1796875,17227.1796875,17327.19921875,17090.25,17308.619140625,5654700
2021-08-12,17219.939453125,17219.939453125,17233.109375,17139.2109375,17221.349609375,4227200
2021-08-13,16982.109375,16982.109375,17216.33984375,16978.109375,17216.33984375,5206300
2021-08-16,16858.76953125,16858.76953125,16983.58984375,16773.5703125,16941.330078125,4958100
2021-08-17,16661.359375,16661.359375,16870.55078125,16657.630859375,16841.619140625,4136900
2021-08-18,16826.26953125,16826.26953125,16826.26953125,16418.5390625,16630.990234375,5284900
2021-08-19,16375.400390625,16375.400390625,16777.779296875,16375.400390625,16777.779296875,5329700
2021-08-20,16341.9404296875,16341.9404296875,16507.109375,16248.080078125,16426.98046875,4562600
2021-08-23,16741.83984375,16741.83984375,16785.2890625,16459.130859375,16459.130859375,4379900
2021-08-24,16818.73046875,16818.73046875,16904.30078125,16779.900390625,16830.630859375,5515800
2021-08-25,17045.859375,17045.859375,17045.859375,16821.080078125,16821.080078125,4501500
2021-08-26,17066.9609375,17066.9609375,17201.419921875,16984.689453125,17177.390625,4595100
2021-08-27,17209.9296875,17209.9296875,17229.890625,17000.259765625,17061.099609375,4252800
2021-08-30,17396.51953125,17396.51953125,17396.51953125,17244.619140625,17244.619140625,3860100
2021-08-31,17490.2890625,17490.2890625,17490.2890625,17207.5703125,17384.609375,4900300
2021-09-01,17473.990234375,17473.990234375,17503.9296875,17415.51953125,17463.80078125,4520700
2021-09-02,17319.759765625,17319.759765625,17523.16015625,17319.759765625,17455.919921875,4558000
2021-09-03,17516.919921875,17516.919921875,17540.779296875,17380.51953125,17380.51953125,4494700
2021-09-06,17495.30078125,17495.30078125,17633.669921875,17461.0703125,17534.05078125,5068400
2021-09-07,17428.869140625,17428.869140625,17559.2109375,17388.369140625,17534.380859375,4347400
2021-09-08,17270.490234375,17270.490234375,17447.580078125,17167.080078125,17411.529296875,4088600
2021-09-09,17304.330078125,17304.330078125,17319.08984375,17122.94921875,17175.0390625,3138500
2021-09-10,17474.5703125,17474.5703125,17474.5703125,17270.279296875,17270.279296875,3450400
2021-09-13,17446.310546875,17446.310546875,17482.5703125,17387.5703125,17452.16015625,3675300
2021-09-14,17434.900390625,17434.900390625,17529.470703125,17424.5390625,17463.779296875,3725300
2021-09-15,17354.0,17354.0,17439.75,17316.51953125,17434.01953125,3839700
2021-09-16,17278.69921875,17278.69921875,17411.369140625,17254.099609375,17332.33984375,3781900
2021-09-17,17276.7890625,17276.7890625,17408.7109375,17235.44921875,17279.2890625,4564600
2021-09-22,16925.8203125,16925.8203125,17196.7890625,16838.580078125,17196.7890625,4648700
2021-09-23,17078.220703125,17078.220703125,17145.25,16998.0703125,16998.0703125,3706500
2021-09-24,17260.189453125,17260.189453125,17273.58984375,17130.740234375,17130.740234375,3963900
2021-09-27,17313.76953125,17313.76953125,17335.990234375,17235.6796875,17278.109375,4368100
2021-09-28,17181.439453125,17181.439453125,17286.890625,17113.470703125,17286.890625,3676400
2021-09-29,16855.4609375,16855.4609375,17127.859375,16801.779296875,17127.859375,4613200
2021-09-30,16934.76953125,16934.76953125,16994.2109375,16767.19921875,16886.5703125,4145900
2021-10-01,16570.890625,16570.890625,16883.0,16503.740234375,16883.0,5034000
2021-10-04,16408.349609375,16408.349609375,16680.2890625,16380.0595703125,16600.51953125,4455400
2021-10-05,16460.75,16460.75,16460.75,16162.169921875,16362.26953125,4344700
2021-10-06,16393.16015625,16393.16015625,16568.2109375,16303.6298828125,16488.2109375,3980200
2021-10-07,16713.859375,16713.859375,16731.580078125,16465.5703125,16465.5703125,3979100
2021-10-08,16640.4296875,16640.4296875,16771.7109375,16605.490234375,16742.349609375,3630500
2021-10-12,16462.83984375,16462.83984375,16589.720703125,16349.490234375,16589.720703125,3840700
2021-10-13,16347.990234375,16347.990234375,16543.330078125,16328.4697265625,16480.98046875,3780500
2021-10-14,16387.279296875,16387.279296875,16519.9609375,16347.8798828125,16392.509765625,3823900
2021-10-15,16781.189453125,16781.189453125,16781.189453125,16426.759765625,16426.759765625,3616300
2021-10-18,16705.4609375,16705.4609375,16862.029296875,16695.890625,16816.939453125,4145800
2021-10-19,16900.669921875,16900.669921875,16916.720703125,16772.150390625,16791.119140625,3873500
2021-10-20,16887.8203125,16887.8203125,16973.859375,16855.810546875,16936.19921875,3633300
2021-10-21,16889.509765625,16889.509765625,17026.890625,16873.990234375,16904.4609375,4307800
2021-10-22,16888.740234375,16888.740234375,16932.890625,16800.490234375,16900.3203125,3796200
2021-10-25,16894.240234375,16894.240234375,16930.98046875,16784.109375,16879.33984375,3360900
2021-10-26,17034.33984375,17034.33984375,17067.150390625,16909.3203125,16909.3203125,3828200
2021-10-27,17074.55078125,17074.55078125,17079.599609375,16973.16015625,17037.369140625,3536400
2021-10-28,17041.630859375,17041.630859375,17104.859375,16994.369140625,17081.169921875,4615900
2021-10-29,16987.41015625,16987.41015625,17073.970703125,16920.6796875,17058.0390625,4554900
2021-11-01,17068.240234375,17068.240234375,17119.4296875,17021.76953125,17021.76953125,4505300
2021-11-02,17065.970703125,17065.970703125,17237.08984375,17026.630859375,17094.419921875,5366000
2021-11-03,17122.16015625,17122.16015625,17153.759765625,17080.509765625,17087.890625,4649400
2021-11-04,17078.859375,17078.859375,17219.650390625,17061.4609375,17158.279296875,4495000
2021-11-05,17296.900390625,17296.900390625,17296.900390625,17097.16015625,17097.16015625,4755100
2021-11-08,17415.30078125,17415.30078125,17415.30078125,17279.4609375,17323.390625,5609900
2021-11-09,17541.359375,17541.359375,17581.51953125,17433.099609375,17433.099609375,5480400
2021-11-10,17559.650390625,17559.650390625,17575.439453125,17489.869140625,17549.08984375,5804300
2021-11-11,17452.51953125,17452.51953125,17527.1796875,17403.48046875,17527.1796875,6146900
2021-11-12,17518.130859375,17518.130859375,17602.05078125,17479.55078125,17479.55078125,5532600
2021-11-15,17634.470703125,17634.470703125,17683.189453125,17560.51953125,17560.51953125,5366800
2021-11-16,17693.130859375,17693.130859375,17708.099609375,17629.80078125,17639.9609375,6220100
2021-11-17,17764.0390625,17764.0390625,17764.0390625,17669.580078125,17705.2890625,6399300
2021-11-18,17841.369140625,17841.369140625,17841.369140625,17748.2109375,17767.060546875,6803100
2021-11-19,17818.310546875,17818.310546875,17986.1796875,17786.05078125,17864.189453125,6246900
2021-11-22,17803.5390625,17803.5390625,17857.73046875,17790.640625,17828.529296875,4908200
2021-11-23,17666.119140625,17666.119140625,17797.900390625,17650.0703125,17797.900390625,5002100
2021-11-24,17642.51953125,17642.51953125,17722.890625,17588.779296875,17680.16015625,4917100
2021-11-25,17654.189453125,17654.189453125,17724.5,17609.509765625,17686.119140625,4708400
2021-11-26,17369.390625,17369.390625,17641.7890625,17330.439453125,17641.7890625,5676100
2021-11-29,17328.08984375,17328.08984375,17415.630859375,17167.240234375,17320.009765625,4887500
2021-11-30,17427.759765625,17427.759765625,17535.23046875,17369.7890625,17369.7890625,6132900
2021-12-01,17585.990234375,17585.990234375,17626.2109375,17374.58984375,17428.609375,4219800
2021-12-02,17724.880859375,17724.880859375,17741.55078125,17559.439453125,17575.91015625,4988600
2021-12-03,17697.140625,17697.140625,17781.140625,17670.3203125,17720.9296875,4400000
2021-12-06,17688.2109375,17688.2109375,17763.419921875,17585.94921875,17650.669921875,3850100
2021-12-07,17796.919921875,17796.919921875,17796.919921875,17642.3203125,17734.189453125,5417700
2021-12-08,17832.419921875,17832.419921875,17988.880859375,17832.419921875,17845.060546875,5272600
2021-12-09,17914.119140625,17914.119140625,17925.119140625,17807.119140625,17880.41015625,5266100
2021-12-10,17826.259765625,17826.259765625,17893.2890625,17767.80078125,17893.2890625,4629000
2021-12-13,17767.599609375,17767.599609375,17919.349609375,17767.599609375,17841.029296875,4799000
2021-12-14,17599.369140625,17599.369140625,17754.380859375,17566.990234375,17754.380859375,4871000
2021-12-15,17660.099609375,17660.099609375,17678.779296875,17556.869140625,17592.869140625,3773800
2021-12-16,17785.740234375,17785.740234375,17814.3203125,17719.060546875,17719.060546875,4322400
2021-12-17,17812.58984375,17812.58984375,17822.740234375,17718.26953125,17744.5390625,5154400
2021-12-20,17669.109375,17669.109375,17812.810546875,17646.390625,17812.810546875,3798200
2021-12-21,17789.26953125,17789.26953125,17825.890625,17652.3203125,17686.83984375,3555900
2021-12-22,17826.830078125,17826.830078125,17870.16015625,17799.720703125,17805.740234375,3538900
2021-12-23,17946.66015625,17946.66015625,17960.990234375,17855.779296875,17855.779296875,3851000
2021-12-24,17961.640625,17961.640625,18039.849609375,17953.5703125,17966.349609375,3834800
2021-12-27,18048.939453125,18048.939453125,18099.779296875,17975.41015625,17975.41015625,3701200
2021-12-28,18196.810546875,18196.810546875,18197.359375,18099.7109375,18099.7109375,3899900
2021-12-29,18248.279296875,18248.279296875,18283.25,18192.859375,18209.140625,3983900
2021-12-30,18218.83984375,18218.83984375,18291.25,18216.44921875,18270.0,4082900
2022-01-03,18270.509765625,18270.509765625,18379.689453125,18238.470703125,18260.23046875,4309600
2022-01-04,18526.349609375,18526.349609375,18526.349609375,18395.140625,18395.140625,4231400
2022-01-05,18499.9609375,18499.9609375,18619.609375,18446.51953125,18598.130859375,4261600
2022-01-06,18367.919921875,18367.919921875,18427.150390625,18253.8203125,18395.720703125,3411400
2022-01-07,18169.759765625,18169.759765625,18444.119140625,18134.41015625,18388.16015625,4727900
2022-01-10,18239.380859375,18239.380859375,18243.259765625,18043.970703125,18095.390625,3440300
2022-01-11,18288.2109375,18288.2109375,18293.529296875,18135.4296875,18266.5390625,4694000
2022-01-12,18375.400390625,18375.400390625,18394.69921875,18255.380859375,18348.390625,4196200
2022-01-13,18436.9296875,18436.9296875,18459.73046875,18346.810546875,18356.2109375,4599500
2022-01-14,18403.330078125,18403.330078125,18509.0,18213.439453125,18509.0,4559700
2022-01-17,18525.439453125,18525.439453125,18535.419921875,18435.01953125,18512.150390625,3172100
2022-01-18,18378.640625,18378.640625,18575.41015625,18378.640625,18492.810546875,3163500
2022-01-19,18227.4609375,18227.4609375,18359.140625,18199.349609375,18275.1796875,3422100
2022-01-20,18218.279296875,18218.279296875,18292.140625,18125.19921875,18212.259765625,3209300
2022-01-21,17899.30078125,17899.30078125,18113.939453125,17851.390625,18113.939453125,4160500
2022-01-24,17989.0390625,17989.0390625,18004.44921875,17682.330078125,17843.330078125,3586500
2022-01-25,17701.119140625,17701.119140625,17890.7109375,17645.66015625,17890.7109375,3506500
2022-01-26,17674.400390625,17674.400390625,17776.419921875,17633.029296875,17657.970703125,2897700
2022-02-07,17900.30078125,17900.30078125,17900.30078125,17712.349609375,17750.69921875,0
2022-02-08,17966.560546875,17966.560546875,18063.55078125,17955.94921875,17955.94921875,4040800
2022-02-09,18151.759765625,18151.759765625,18168.599609375,18039.23046875,18060.330078125,3901200
2022-02-10,18338.05078125,18338.05078125,18338.05078125,18145.0390625,18217.2890625,3618700
2022-02-11,18310.939453125,18310.939453125,18310.939453125,18191.75,18258.810546875,3541200
2022-02-14,17997.669921875,17997.669921875,18182.73046875,17965.220703125,18182.73046875,3594200
2022-02-15,17951.810546875,17951.810546875,18085.91015625,17942.6796875,17978.439453125,3611800
2022-02-16,18231.470703125,18231.470703125,18233.7890625,18109.169921875,18109.169921875,3822800
2022-02-17,18268.5703125,18268.5703125,18330.630859375,18190.240234375,18213.30078125,5115800
2022-02-18,18232.349609375,18232.349609375,18262.9609375,18098.51953125,18250.369140625,4870600
2022-02-21,18221.490234375,18221.490234375,18253.099609375,18129.650390625,18196.400390625,4487800
2022-02-22,17969.2890625,17969.2890625,18159.509765625,17840.380859375,18159.509765625,5056200
2022-02-23,18055.73046875,18055.73046875,18109.279296875,17954.75,17954.75,3709000
2022-02-24,17594.55078125,17594.55078125,17939.529296875,17561.0703125,17939.529296875,6003200
2022-02-25,17652.1796875,17652.1796875,17737.3203125,17554.970703125,17617.359375,5029500
2022-03-01,17898.25,17898.25,17944.5,17657.5,17657.5,4576900
2022-03-02,17867.599609375,17867.599609375,17918.98046875,17784.640625,17864.109375,4013600
2022-03-03,17934.400390625,17934.400390625,18026.029296875,17906.240234375,17932.150390625,4006800
2022-03-04,17736.51953125,17736.51953125,17845.009765625,17710.5390625,17845.009765625,4422400
2022-03-07,17178.689453125,17178.689453125,17581.5703125,17135.6796875,17581.5703125,5833800
2022-03-08,16825.25,16825.25,17113.669921875,16764.779296875,17000.0,5875900
2022-03-09,17015.359375,17015.359375,17072.740234375,16944.080078125,16944.080078125,3963600
2022-03-10,17433.19921875,17433.19921875,17478.4296875,17224.73046875,17224.73046875,4493300
2022-03-11,17264.740234375,17264.740234375,17373.900390625,17239.900390625,17373.8203125,3114900
2022-03-14,17263.0390625,17263.0390625,17363.0390625,17217.580078125,17287.900390625,3432300
2022-03-15,16926.060546875,16926.060546875,17177.26953125,16911.94921875,17177.26953125,4138100
2022-03-16,16940.830078125,16940.830078125,17085.76953125,16808.4296875,17007.580078125,4846600
2022-03-17,17448.220703125,17448.220703125,17472.94921875,17172.810546875,17172.810546875,5028900
2022-03-18,17456.51953125,17456.51953125,17472.380859375,17359.5,17439.91015625,4984000
2022-03-21,17560.359375,17560.359375,17603.990234375,17503.94921875,17503.94921875,3703600
2022-03-22,17559.7109375,17559.7109375,17573.2890625,17468.55078125,17512.41015625,3448800
2022-03-23,17731.369140625,17731.369140625,17738.689453125,17581.619140625,17581.619140625,3950500
2022-03-24,17699.060546875,17699.060546875,17711.169921875,17603.220703125,17711.169921875,3883600
2022-03-25,17676.94921875,17676.94921875,17747.130859375,17633.859375,17695.80078125,3872300
2022-03-28,17520.009765625,17520.009765625,17527.150390625,17368.66015625,17510.150390625,3202100
2022-03-29,17548.66015625,17548.66015625,17585.91015625,17493.009765625,17568.3203125,3429900
2022-03-30,17740.560546875,17740.560546875,17770.0703125,17572.900390625,17572.900390625,3739000
2022-03-31,17693.470703125,17693.470703125,17767.810546875,17682.529296875,17754.099609375,3422500
2022-04-01,17625.58984375,17625.58984375,17657.759765625,17465.609375,17657.759765625,3396600
2022-04-06,17522.5,17522.5,17528.990234375,17381.0703125,17484.189453125,4241200
2022-04-07,17178.630859375,17178.630859375,17438.599609375,17178.630859375,17430.130859375,4863100
2022-04-08,17284.5390625,17284.5390625,17316.689453125,17210.400390625,17210.400390625,3538700
2022-04-11,17048.369140625,17048.369140625,17316.349609375,17046.669921875,17273.05078125,4584600
2022-04-12,16990.91015625,16990.91015625,17100.849609375,16905.130859375,17005.83984375,4100800
2022-04-13,17301.650390625,17301.650390625,17333.2109375,17080.400390625,17080.400390625,4058700
2022-04-14,17245.650390625,17245.650390625,17374.140625,17245.650390625,17353.25,4429600
2022-04-15,17004.1796875,17004.1796875,17141.330078125,17004.1796875,17139.33984375,4078400
2022-04-18,16898.869140625,16898.869140625,16999.359375,16845.509765625,16958.66015625,4020900
2022-04-19,16993.400390625,16993.400390625,17106.259765625,16926.33984375,16926.33984375,3514900
2022-04-20,17148.880859375,17148.880859375,17148.880859375,16983.55078125,17057.130859375,4801300
2022-04-21,17127.94921875,17127.94921875,17213.66015625,17106.369140625,17159.880859375,3952000
2022-04-22,17025.08984375,17025.08984375,17088.759765625,16923.869140625,17088.759765625,4322500
2022-04-25,16620.900390625,16620.900390625,16912.30078125,16579.890625,16912.30078125,4528800
2022-04-26,16644.7890625,16644.7890625,16729.470703125,16582.109375,16677.83984375,3941900
2022-04-27,16303.349609375,16303.349609375,16427.3203125,16219.41015625,16427.3203125,4261400
2022-04-28,16419.380859375,16419.380859375,16455.5703125,16256.8798828125,16350.7197265625,3635500
2022-04-29,16592.1796875,16592.1796875,16663.66015625,16521.939453125,16599.83984375,3416300
2022-05-03,16498.900390625,16498.900390625,16604.869140625,16465.990234375,16593.2109375,2457700
2022-05-04,16565.830078125,16565.830078125,16617.060546875,16514.30078125,16531.369140625,2630000
2022-05-05,16696.119140625,16696.119140625,16783.779296875,16650.810546875,16689.98046875,3215900
2022-05-06,16408.19921875,16408.19921875,16491.109375,16312.169921875,16491.109375,3186200
2022-05-09,16048.919921875,16048.919921875,16345.83984375,16048.919921875,16345.83984375,3742000
2022-05-10,16061.7001953125,16061.7001953125,16071.5,15734.4404296875,15891.400390625,3489400
2022-05-11,16006.25,16006.25,16081.150390625,15953.26953125,16053.75,2938300
2022-05-12,15616.6796875,15616.6796875,15943.6201171875,15616.6796875,15943.6201171875,4040900
2022-05-13,15832.5400390625,15832.5400390625,15860.6904296875,15687.150390625,15687.150390625,3216400
2022-05-16,15901.0400390625,15901.0400390625,16032.849609375,15847.4599609375,15943.6904296875,3298100
2022-05-17,16056.08984375,16056.08984375,16085.849609375,15915.9296875,15915.9296875,2799500
2022-05-18,16296.8603515625,16296.8603515625,16316.580078125,16172.7998046875,16174.7802734375,3405600
2022-05-19,16020.3203125,16020.3203125,16111.490234375,15892.73046875,16111.490234375,3423100
2022-05-20,16144.849609375,16144.849609375,16181.66015625,16058.2001953125,16061.919921875,2836000
2022-05-23,16156.41015625,16156.41015625,16249.4501953125,16125.4501953125,16193.919921875,3295600
2022-05-24,15963.6298828125,15963.6298828125,16219.7998046875,15963.6298828125,16166.5703125,2961400
2022-05-25,16104.0302734375,16104.0302734375,16169.1796875,15980.900390625,15987.740234375,3107300
2022-05-26,15968.830078125,15968.830078125,16179.009765625,15949.6103515625,16128.2099609375,3062100
2022-05-27,16266.2197265625,16266.2197265625,16266.2197265625,16075.91015625,16075.91015625,2951400
2022-05-30,16610.619140625,16610.619140625,16610.619140625,16368.9296875,16368.9296875,3342400
2022-05-31,16807.76953125,16807.76953125,16807.76953125,16493.0703125,16561.6796875,5523600
2022-06-01,16675.08984375,16675.08984375,16811.0390625,16649.91015625,16718.91015625,3097600
2022-06-02,16552.5703125,16552.5703125,16617.259765625,16540.55078125,16605.4609375,2638200
2022-06-06,16605.9609375,16605.9609375,16654.119140625,16509.009765625,16570.890625,2873700
2022-06-07,16512.880859375,16512.880859375,16593.75,16465.869140625,16593.75,2437900
2022-06-08,16670.509765625,16670.509765625,16702.990234375,16538.669921875,16538.669921875,2409700
2022-06-09,16621.33984375,16621.33984375,16643.94921875,16557.5390625,16643.94921875,2366400
2022-06-10,16460.119140625,16460.119140625,16581.810546875,16403.330078125,16581.810546875,2373300
2022-06-13,16070.98046875,16070.98046875,16295.0703125,16055.8896484375,16295.0703125,3106700
2022-06-14,16047.3701171875,16047.3701171875,16067.7998046875,15869.0595703125,15975.169921875,3086200
2022-06-15,15999.25,15999.25,16106.75,15981.5595703125,16025.83984375,2967000
2022-06-16,15838.6103515625,15838.6103515625,16209.25,15838.2900390625,16098.2900390625,3636900
2022-06-17,15641.259765625,15641.259765625,15794.16015625,15573.3798828125,15794.16015625,4373500
2022-06-20,15367.580078125,15367.580078125,15667.6796875,15367.580078125,15649.2001953125,3998700
2022-06-21,15728.6396484375,15728.6396484375,15728.6396484375,15427.330078125,15427.330078125,3553500
2022-06-22,15347.75,15347.75,15687.4599609375,15346.9501953125,15687.4599609375,3950300
2022-06-23,15176.4404296875,15176.4404296875,15380.2802734375,15102.400390625,15305.509765625,3916600
2022-06-24,15303.3203125,15303.3203125,15424.3701171875,15232.33984375,15232.33984375,3081400
2022-06-27,15548.009765625,15548.009765625,15656.349609375,15409.080078125,15409.080078125,3120800
2022-06-28,15439.919921875,15439.919921875,15533.33984375,15375.650390625,15519.5595703125,3094700
2022-06-29,15240.1298828125,15240.1298828125,15365.5400390625,15218.0703125,15365.5400390625,3239700
2022-06-30,14825.73046875,14825.73046875,15147.76953125,14825.73046875,15146.919921875,3673000
2022-07-01,14343.080078125,14343.080078125,14812.1298828125,14336.0302734375,14812.1298828125,4290300
2022-07-04,14217.0595703125,14217.0595703125,14412.4697265625,14167.099609375,14237.830078125,3244400
2022-07-05,14349.2001953125,14349.2001953125,14488.7998046875,14100.8896484375,14345.5400390625,3468200
2022-07-06,13985.509765625,13985.509765625,14319.3203125,13985.509765625,14289.669921875,3688700
2022-07-07,14336.26953125,14336.26953125,14355.150390625,13951.8095703125,14052.1796875,3460100
2022-07-08,14464.5302734375,14464.5302734375,14552.419921875,14373.83984375,14462.5,3508600
2022-07-11,14340.5302734375,14340.5302734375,14525.0302734375,14313.9404296875,14478.3095703125,2620100
2022-07-12,13950.6201171875,13950.6201171875,14235.6298828125,13928.66015625,14235.6298828125,3120000
2022-07-13,14324.6796875,14324.6796875,14403.509765625,14194.9404296875,14194.9404296875,3342700
2022-07-14,14438.51953125,14438.51953125,14450.4697265625,14159.3896484375,14252.01953125,2947600
2022-07-15,14550.6201171875,14550.6201171875,14579.73046875,14378.330078125,14483.9599609375,3025600
2022-07-18,14719.6396484375,14719.6396484375,14719.6396484375,14589.099609375,14589.099609375,3117300
2022-07-19,14694.080078125,14694.080078125,14720.1298828125,14598.990234375,14638.4501953125,2964100
2022-07-20,14733.2197265625,14733.2197265625,14906.9501953125,14694.2001953125,14810.400390625,3539900
2022-07-21,14937.7001953125,14937.7001953125,14937.7001953125,14716.01953125,14744.169921875,3418100
2022-07-22,14949.3603515625,14949.3603515625,14996.240234375,14902.3203125,14953.26953125,3674900
2022-07-25,14936.330078125,14936.330078125,14968.23046875,14851.3701171875,14902.25,2629600
2022-07-26,14806.7802734375,14806.7802734375,14912.41015625,14750.7099609375,14912.41015625,2617400
2022-07-27,14921.58984375,14921.58984375,14921.58984375,14717.01953125,14791.7099609375,2569700
2022-07-28,14891.900390625,14891.900390625,15031.990234375,14849.9404296875,14978.9501953125,2911200
2022-07-29,15000.0703125,15000.0703125,15035.26953125,14929.490234375,14950.1796875,3117200
2022-08-01,14981.6904296875,14981.6904296875,14994.3603515625,14886.8095703125,14982.26953125,2658300
2022-08-02,14747.23046875,14747.23046875,14860.9404296875,14663.4599609375,14860.9404296875,3161000
2022-08-03,14777.01953125,14777.01953125,14777.01953125,14673.349609375,14757.509765625,2649100
2022-08-04,14702.2001953125,14702.2001953125,14766.5703125,14545.6904296875,14741.4697265625,2766400
2022-08-05,15036.0400390625,15036.0400390625,15041.41015625,14802.33984375,14802.33984375,2749400
2022-08-08,15020.41015625,15020.41015625,15034.8701171875,14908.169921875,14972.2099609375,2558700
2022-08-09,15050.2802734375,15050.2802734375,15077.6298828125,14905.23046875,14965.1201171875,2854300
2022-08-10,14939.01953125,14939.01953125,14982.330078125,14890.5498046875,14940.759765625,2863700
2022-08-11,15197.849609375,15197.849609375,15204.7900390625,15087.58984375,15087.58984375,3417400
2022-08-12,15288.9697265625,15288.9697265625,15298.419921875,15198.9296875,15203.91015625,2921300
2022-08-15,15417.349609375,15417.349609375,15437.23046875,15315.1201171875,15332.919921875,3136600
2022-08-16,15420.5703125,15420.5703125,15451.830078125,15392.490234375,15435.0400390625,3045100
2022-08-17,15465.4501953125,15465.4501953125,15475.8896484375,15390.83984375,15423.4404296875,3108600
2022-08-18,15396.759765625,15396.759765625,15396.759765625,15311.2197265625,15384.73046875,2635800
2022-08-19,15408.7802734375,15408.7802734375,15458.4501953125,15346.259765625,15394.3603515625,3252400
2022-08-22,15245.1396484375,15245.1396484375,15375.2001953125,15229.3603515625,15375.2001953125,2782000
2022-08-23,15095.8896484375,15095.8896484375,15225.169921875,15086.4296875,15225.169921875,2405400
2022-08-24,15069.1904296875,15069.1904296875,15183.9599609375,15053.51953125,15112.150390625,2665500
2022-08-25,15200.0400390625,15200.0400390625,15244.0595703125,15105.3095703125,15105.3095703125,2502900
2022-08-26,15278.4404296875,15278.4404296875,15337.25,15221.5,15221.5,3192200
2022-08-29,14926.1904296875,14926.1904296875,15197.1904296875,14843.7197265625,15197.1904296875,2973800
2022-08-30,14953.6298828125,14953.6298828125,15027.5,14911.9697265625,14919.669921875,2729600
2022-08-31,15095.4404296875,15095.4404296875,15095.4404296875,14874.330078125,14912.1201171875,3006200
2022-09-01,14801.8603515625,14801.8603515625,14981.0,14773.1904296875,14981.0,3009700
2022-09-02,14673.0400390625,14673.0400390625,14817.400390625,14673.0400390625,14790.2802734375,3003400
2022-09-05,14661.099609375,14661.099609375,14753.0302734375,14632.7900390625,14670.1796875,2643200
2022-09-06,14677.2001953125,14677.2001953125,14789.3095703125,14623.2197265625,14705.16015625,2642400
2022-09-07,14410.0498046875,14410.0498046875,14557.8603515625,14397.1201171875,14557.8603515625,2439500
2022-09-08,14583.419921875,14583.419921875,14583.419921875,14447.08984375,14447.08984375,2349200
2022-09-12,14807.4296875,14807.4296875,14856.23046875,14711.33984375,14711.33984375,2620300
2022-09-13,14894.41015625,14894.41015625,14949.5595703125,14856.98046875,14895.8701171875,2535400
2022-09-14,14658.3095703125,14658.3095703125,14699.7802734375,14522.7001953125,14695.1904296875,2515900
2022-09-15,14670.0400390625,14670.0400390625,14750.2802734375,14624.5498046875,14647.0,2703700
2022-09-16,14561.759765625,14561.759765625,14602.16015625,14521.650390625,14602.16015625,3637300
2022-09-19,14425.6796875,14425.6796875,14585.0595703125,14424.330078125,14567.26953125,2314800
2022-09-20,14549.2998046875,14549.2998046875,14558.7197265625,14461.3896484375,14474.9501953125,2436500
2022-09-21,14424.51953125,14424.51953125,14525.4599609375,14384.1103515625,14517.33984375,2716200
2022-09-22,14284.6298828125,14284.6298828125,14325.669921875,14151.7998046875,14325.669921875,3106100
2022-09-23,14118.3798828125,14118.3798828125,14277.5302734375,14109.7099609375,14231.0302734375,2584800
2022-09-26,13778.1904296875,13778.1904296875,13993.419921875,13743.1904296875,13993.419921875,3149000
2022-09-27,13826.58984375,13826.58984375,13862.83984375,13732.3203125,13812.990234375,2722800
2022-09-28,13466.0703125,13466.0703125,13854.08984375,13466.0703125,13816.7001953125,3481100
2022-09-29,13534.259765625,13534.259765625,13651.2900390625,13462.5703125,13550.7001953125,2992600
2022-09-30,13424.580078125,13424.580078125,13466.8203125,13274.7197265625,13409.650390625,2822000
2022-10-03,13300.48046875,13300.48046875,13440.23046875,13273.48046875,13359.259765625,2183300
2022-10-04,13576.51953125,13576.51953125,13586.9599609375,13447.3603515625,13447.3603515625,2392400
2022-10-05,13801.4296875,13801.4296875,13902.01953125,13727.2998046875,13727.2998046875,2785100
2022-10-06,13892.0498046875,13892.0498046875,13899.23046875,13814.330078125,13865.4501953125,2151900
2022-10-07,13702.2802734375,13702.2802734375,13847.51953125,13684.2099609375,13847.51953125,1873700
2022-10-11,13106.0302734375,13106.0302734375,13394.1201171875,13106.0302734375,13394.1201171875,2847100
2022-10-12,13081.240234375,13081.240234375,13130.73046875,12991.58984375,13076.91015625,2438200
2022-10-13,12810.73046875,12810.73046875,13111.3896484375,12809.4296875,13108.400390625,3440400
2022-10-14,13128.1201171875,13128.1201171875,13221.8701171875,13023.7099609375,13023.7099609375,2967500
2022-10-17,12966.0498046875,12966.0498046875,12988.830078125,12814.8203125,12988.830078125,3036700
2022-10-18,13124.6796875,13124.6796875,13143.150390625,12978.1298828125,13075.0498046875,2610300
2022-10-19,12976.759765625,12976.759765625,13155.6201171875,12976.759765625,13096.349609375,2470600
2022-10-20,12946.099609375,12946.099609375,12946.099609375,12698.91015625,12912.9296875,3533700
2022-10-21,12819.2001953125,12819.2001953125,12954.01953125,12813.599609375,12931.2001953125,2220400
2022-10-24,12856.98046875,12856.98046875,13027.83984375,12856.76953125,12913.580078125,2281500
2022-10-25,12666.1201171875,12666.1201171875,12843.3095703125,12629.48046875,12830.2900390625,2289400
2022-10-26,12729.0498046875,12729.0498046875,12791.9697265625,12635.51953125,12666.419921875,2218400
2022-10-27,12926.3701171875,12926.3701171875,12954.3203125,12807.6904296875,12807.6904296875,2373300
2022-10-28,12788.419921875,12788.419921875,12891.3798828125,12723.98046875,12874.830078125,2112200
2022-10-31,12949.75,12949.75,12977.6103515625,12826.33984375,12862.3701171875,2003500
2022-11-01,13037.2099609375,13037.2099609375,13062.900390625,12907.6103515625,12933.1201171875,2030700
2022-11-02,13100.169921875,13100.169921875,13100.169921875,13014.0400390625,13033.150390625,2032900
2022-11-03,12986.599609375,12986.599609375,12991.3701171875,12905.349609375,12985.5498046875,2009100
2022-11-04,13026.7099609375,13026.7099609375,13029.9404296875,12868.25,12941.7802734375,2354400
2022-11-07,13223.73046875,13223.73046875,13246.58984375,13103.349609375,13109.349609375,2750000
2022-11-08,13347.759765625,13347.759765625,13389.25,13274.91015625,13274.91015625,3009500
2022-11-09,13638.8095703125,13638.8095703125,13638.8095703125,13410.1904296875,13410.1904296875,2981300
2022-11-10,13503.759765625,13503.759765625,13559.400390625,13463.849609375,13556.509765625,2335900
2022-11-11,14007.5595703125,14007.5595703125,14045.509765625,13878.9501953125,13878.9501953125,3988800
2022-11-14,14174.900390625,14174.900390625,14217.2998046875,14076.9404296875,14080.91015625,3396800
2022-11-15,14546.3095703125,14546.3095703125,14568.509765625,14278.5302734375,14325.490234375,3441500
2022-11-16,14537.349609375,14537.349609375,14657.66015625,14481.0595703125,14637.849609375,3356100
2022-11-17,14535.23046875,14535.23046875,14545.8896484375,14383.5498046875,14489.41015625,2707100
2022-11-18,14504.990234375,14504.990234375,14669.98046875,14470.48046875,14584.3095703125,2787500
2022-11-21,14449.3896484375,14449.3896484375,14530.759765625,14421.650390625,14514.7099609375,2186300
2022-11-22,14542.2001953125,14542.2001953125,14542.7900390625,14371.08984375,14404.080078125,2281400
2022-11-23,14608.5400390625,14608.5400390625,14647.98046875,14573.41015625,14595.5,2345700
2022-11-24,14784.0,14784.0,14784.0,14649.7998046875,14649.7998046875,2615600
2022-11-25,14778.509765625,14778.509765625,14835.66015625,14756.009765625,14764.9404296875,2808900
2022-11-28,14556.8701171875,14556.8701171875,14638.1904296875,14503.1201171875,14636.900390625,2567800
2022-11-29,14709.6396484375,14709.6396484375,14716.580078125,14449.0498046875,14503.7900390625,3143000
2022-11-30,14879.5498046875,14879.5498046875,14879.5498046875,14678.23046875,14678.23046875,4457700
2022-12-01,15012.7998046875,15012.7998046875,15152.3798828125,14998.0302734375,15059.919921875,3771700
2022-12-02,14970.6796875,14970.6796875,15021.73046875,14921.0595703125,14933.2001953125,2999500
2022-12-05,14980.740234375,14980.740234375,15088.0595703125,14969.9697265625,14972.169921875,3216700
2022-12-06,14728.8798828125,14728.8798828125,14957.8203125,14728.8798828125,14955.2900390625,3221700
2022-12-07,14630.009765625,14630.009765625,14823.150390625,14630.009765625,14708.080078125,3266900
2022-12-08,14553.0400390625,14553.0400390625,14634.16015625,14464.2001953125,14631.2099609375,2428500
2022-12-09,14705.4296875,14705.4296875,14742.7900390625,14620.26953125,14620.26953125,2543200
2022-12-12,14612.58984375,14612.58984375,14658.4599609375,14538.66015625,14658.4599609375,2221600
2022-12-13,14522.9599609375,14522.9599609375,14658.7001953125,14515.740234375,14617.8603515625,2730600
2022-12-14,14739.3603515625,14739.3603515625,14739.3603515625,14557.5595703125,14557.5595703125,2640200
2022-12-15,14734.1298828125,14734.1298828125,14756.3798828125,14649.5400390625,14692.919921875,2570800
2022-12-16,14528.5498046875,14528.5498046875,14568.3095703125,14447.76953125,14554.2099609375,4451200
2022-12-19,14433.3203125,14433.3203125,14493.7197265625,14411.8095703125,14478.4501953125,3207500
2022-12-20,14170.0302734375,14170.0302734375,14451.91015625,14157.990234375,14410.75,3679200
2022-12-21,14234.400390625,14234.400390625,14291.98046875,14197.8603515625,14205.0595703125,3230800
2022-12-22,14442.9404296875,14442.9404296875,14442.9404296875,14323.0400390625,14323.0400390625,3258800
2022-12-23,14271.6298828125,14271.6298828125,14318.1201171875,14192.98046875,14318.1201171875,1979800
2022-12-26,14285.1298828125,14285.1298828125,14301.1103515625,14253.2001953125,14271.2001953125,1574600
2022-12-27,14328.4296875,14328.4296875,14410.240234375,14310.1904296875,14310.1904296875,1821100
2022-12-28,14173.099609375,14173.099609375,14249.830078125,14119.2998046875,14249.830078125,1958900
2022-12-29,14085.01953125,14085.01953125,14120.5703125,13981.6298828125,14097.509765625,1839200
2022-12-30,14137.6904296875,14137.6904296875,14248.900390625,14137.6904296875,14183.51953125,1748100
2023-01-03,14224.1201171875,14224.1201171875,14237.9404296875,14001.9697265625,14108.16015625,1816400
2023-01-04,14199.1298828125,14199.1298828125,14257.4501953125,14177.9697265625,14186.9501953125,2073800
2023-01-05,14301.0498046875,14301.0498046875,14357.599609375,14270.9296875,14285.1201171875,2086500
2023-01-06,14373.33984375,14373.33984375,14384.919921875,14278.51953125,14278.51953125,1741200
2023-01-09,14752.2099609375,14752.2099609375,14752.2099609375,14504.4697265625,14504.4697265625,2581100
2023-01-10,14802.9599609375,14802.9599609375,14816.1298828125,14728.5595703125,14796.26953125,2069800
2023-01-11,14751.4404296875,14751.4404296875,14842.740234375,14734.4404296875,14822.8603515625,1986800
2023-01-12,14731.6396484375,14731.6396484375,14813.3095703125,14700.73046875,14780.580078125,1812900
2023-01-13,14824.1298828125,14824.1298828125,14962.3095703125,14822.150390625,14923.0498046875,1786500
2023-01-16,14927.009765625,14927.009765625,14960.919921875,14895.259765625,14895.259765625,1611600
2023-01-17,14932.9296875,14932.9296875,14945.23046875,14884.7802734375,14922.33984375,1772600
2023-01-30,15493.8203125,15493.8203125,15493.8203125,15291.5302734375,15291.5302734375,3697500
2023-01-31,15265.2001953125,15265.2001953125,15441.98046875,15265.2001953125,15419.2099609375,3357200
2023-02-01,15420.1298828125,15420.1298828125,15420.1298828125,15291.6796875,15346.349609375,3009800
2023-02-02,15595.16015625,15595.16015625,15602.08984375,15496.51953125,15508.830078125,3248500
2023-02-03,15602.66015625,15602.66015625,15617.73046875,15504.0302734375,15591.9501953125,2647300
2023-02-06,15392.8203125,15392.8203125,15514.7998046875,15392.8203125,15514.7998046875,2320600
2023-02-07,15400.91015625,15400.91015625,15462.099609375,15363.650390625,15376.1201171875,2251800
2023-02-08,15618.169921875,15618.169921875,15631.2197265625,15520.0498046875,15538.7099609375,2514500
2023-02-09,15598.7099609375,15598.7099609375,15617.33984375,15553.83984375,15590.0,2236100
2023-02-10,15586.650390625,15586.650390625,15628.2998046875,15546.1103515625,15627.330078125,2483000
2023-02-13,15544.2802734375,15544.2802734375,15569.990234375,15465.5595703125,15564.759765625,2184300
2023-02-14,15654.48046875,15654.48046875,15669.6298828125,15584.740234375,15584.740234375,2077800
2023-02-15,15432.8896484375,15432.8896484375,15553.6796875,15388.849609375,15497.669921875,2438100
2023-02-16,15550.5,15550.5,15585.48046875,15474.4599609375,15474.4599609375,2883000
2023-02-17,15479.7001953125,15479.7001953125,15503.75,15418.4296875,15503.75,2528300
2023-02-20,15551.23046875,15551.23046875,15575.3203125,15436.66015625,15452.009765625,2994900
2023-02-21,15563.0,15563.0,15567.740234375,15496.73046875,15535.6396484375,2997300
2023-02-22,15418.76953125,15418.76953125,15541.169921875,15345.9296875,15541.169921875,2881300
2023-02-23,15615.41015625,15615.41015625,15657.6298828125,15463.4599609375,15463.4599609375,3012200
2023-02-24,15503.7900390625,15503.7900390625,15717.9599609375,15503.7900390625,15669.8798828125,2717600
2023-03-01,15598.490234375,15598.490234375,15617.0302734375,15387.3798828125,15435.3798828125,3062600
2023-03-02,15598.7197265625,15598.7197265625,15618.0595703125,15492.3701171875,15580.2802734375,2664900
2023-03-03,15608.419921875,15608.419921875,15713.419921875,15606.849609375,15621.3603515625,3025100
2023-03-06,15763.509765625,15763.509765625,15818.8798828125,15675.2802734375,15675.2802734375,3095600
2023-03-07,15857.8896484375,15857.8896484375,15879.16015625,15749.0400390625,15763.8701171875,2944000
2023-03-08,15818.2001953125,15818.2001953125,15821.490234375,15740.98046875,15819.1796875,3091600
2023-03-09,15770.66015625,15770.66015625,15878.75,15770.66015625,15827.98046875,3556200
2023-03-10,15526.2001953125,15526.2001953125,15729.2900390625,15488.7099609375,15729.2900390625,3932200
2023-03-13,15560.490234375,15560.490234375,15571.169921875,15349.669921875,15514.0302734375,3141600
2023-03-14,15360.419921875,15360.419921875,15517.740234375,15348.1201171875,15517.740234375,3097800
2023-03-15,15387.58984375,15387.58984375,15526.73046875,15387.58984375,15425.990234375,2998000
2023-03-16,15221.1201171875,15221.1201171875,15334.25,15186.740234375,15334.25,3443900
2023-03-17,15452.9599609375,15452.9599609375,15452.9599609375,15337.9697265625,15337.9697265625,3434700
2023-03-20,15419.9697265625,15419.9697265625,15488.98046875,15399.0703125,15454.75,2433600
2023-03-21,15513.4501953125,15513.4501953125,15547.9697265625,15437.9501953125,15437.9501953125,2773500
2023-03-22,15760.4599609375,15760.4599609375,15760.4599609375,15535.169921875,15535.169921875,2773200
2023-03-23,15863.9501953125,15863.9501953125,15882.75,15680.83984375,15711.599609375,2652800
2023-03-24,15914.7001953125,15914.7001953125,15921.9697265625,15845.990234375,15869.83984375,2914300
2023-03-27,15830.3095703125,15830.3095703125,15902.0595703125,15821.6298828125,15873.669921875,2706800
2023-03-28,15701.48046875,15701.48046875,15846.5400390625,15685.58984375,15790.7001953125,2545400
2023-03-29,15769.759765625,15769.759765625,15811.2001953125,15681.099609375,15766.2900390625,2376300
2023-03-30,15849.4296875,15849.4296875,15885.2099609375,15791.75,15824.650390625,2266900
2023-03-31,15868.0595703125,15868.0595703125,15951.7998046875,15857.1904296875,15874.1904296875,2440300
2023-04-06,15810.76953125,15810.76953125,15838.0703125,15733.2900390625,15838.0703125,2513500
2023-04-07,15836.5,15836.5,15877.990234375,15811.1904296875,15856.1904296875,2199900
2023-04-10,15876.169921875,15876.169921875,15919.759765625,15850.9404296875,15850.9404296875,2220400
2023-04-11,15913.8798828125,15913.8798828125,15945.6298828125,15838.099609375,15886.4599609375,2744200
2023-04-12,15932.9697265625,15932.9697265625,15944.3203125,15867.01953125,15914.150390625,3138100
2023-04-13,15804.759765625,15804.759765625,15913.2001953125,15800.419921875,15888.6298828125,3825100
2023-04-14,15929.4296875,15929.4296875,15973.8203125,15854.25,15854.25,3492400
2023-04-17,15963.5498046875,15963.5498046875,15963.5498046875,15894.76953125,15934.6396484375,3396900
2023-04-18,15869.4404296875,15869.4404296875,15967.8896484375,15851.7099609375,15967.8896484375,3344600
2023-04-19,15770.4697265625,15770.4697265625,15915.3896484375,15756.75,15874.650390625,3554800
2023-04-20,15707.51953125,15707.51953125,15804.3798828125,15686.5400390625,15771.4501953125,3170900
2023-04-21,15602.990234375,15602.990234375,15802.9296875,15592.9599609375,15776.5400390625,3512500
2023-04-24,15626.8701171875,15626.8701171875,15643.8603515625,15529.3896484375,15555.099609375,2474500
2023-04-25,15370.73046875,15370.73046875,15639.490234375,15353.2197265625,15606.830078125,3449300
2023-04-26,15374.6298828125,15374.6298828125,15398.400390625,15284.4599609375,15352.0302734375,2745800
2023-04-27,15411.490234375,15411.490234375,15455.8798828125,15306.6904296875,15374.3896484375,2616700
2023-04-28,15579.1796875,15579.1796875,15580.6298828125,15477.33984375,15477.33984375,2999300
2023-05-02,15636.48046875,15636.48046875,15651.23046875,15532.6298828125,15588.6796875,2915700
2023-05-03,15553.41015625,15553.41015625,15629.509765625,15530.7900390625,15629.509765625,2511600
2023-05-04,15609.0302734375,15609.0302734375,15622.41015625,15523.5,15548.01953125,2461600
2023-05-05,15626.0703125,15626.0703125,15673.6201171875,15578.669921875,15627.9296875,2294100
2023-05-08,15699.5703125,15699.5703125,15757.7998046875,15648.5400390625,15648.5400390625,2829600
2023-05-09,15727.7001953125,15727.7001953125,15744.26953125,15635.900390625,15702.259765625,2864700
2023-05-10,15641.759765625,15641.759765625,15711.3896484375,15579.490234375,15708.48046875,2366700
2023-05-11,15514.6396484375,15514.6396484375,15675.3701171875,15501.580078125,15666.490234375,2769100
2023-05-12,15502.3603515625,15502.3603515625,15545.990234375,15424.419921875,15477.1201171875,2711900
2023-05-15,15475.0498046875,15475.0498046875,15510.08984375,15434.51953125,15489.1796875,2444700
2023-05-16,15673.900390625,15673.900390625,15723.9501953125,15550.5703125,15550.5703125,2617800
2023-05-17,15925.2900390625,15925.2900390625,15961.9697265625,15698.6298828125,15702.740234375,3099200
2023-05-18,16101.8798828125,16101.8798828125,16128.7197265625,16015.6201171875,16060.259765625,3379800
2023-05-19,16174.919921875,16174.919921875,16189.8095703125,16099.900390625,16146.2900390625,3955600
2023-05-22,16180.8896484375,16180.8896484375,16202.919921875,16131.5498046875,16168.740234375,3311200
2023-05-23,16188.0302734375,16188.0302734375,16239.5,16121.4501953125,16186.150390625,3041900
2023-05-24,16159.3203125,16159.3203125,16186.6201171875,16070.16015625,16186.6201171875,2938400
2023-05-25,16292.0,16292.0,16323.76953125,16163.9501953125,16163.9501953125,3551900
2023-05-26,16505.05078125,16505.05078125,16537.7890625,16457.740234375,16509.140625,3981600
2023-05-29,16636.30078125,16636.30078125,16683.759765625,16597.380859375,16610.859375,3879200
2023-05-30,16622.740234375,16622.740234375,16681.189453125,16579.130859375,16648.76953125,3645500
2023-05-31,16578.9609375,16578.9609375,16636.650390625,16491.900390625,16593.529296875,5023700
2023-06-01,16512.650390625,16512.650390625,16555.5,16477.4296875,16511.0,3888600
2023-06-02,16706.91015625,16706.91015625,16752.19921875,16525.0,16525.0,4585600
2023-06-05,16714.4296875,16714.4296875,16781.189453125,16703.599609375,16714.48046875,4575100
2023-06-06,16761.66015625,16761.66015625,16793.810546875,16699.830078125,16712.98046875,3861900
2023-06-07,16922.48046875,16922.48046875,16922.48046875,16771.759765625,16771.759765625,3721800
2023-06-08,16733.689453125,16733.689453125,16899.509765625,16694.2109375,16864.1796875,3859300
2023-06-09,16886.400390625,16886.400390625,16895.990234375,16775.919921875,16775.919921875,3598000
2023-06-12,16955.369140625,16955.369140625,16999.720703125,16899.490234375,16899.490234375,3731500
2023-06-13,17216.599609375,17216.599609375,17254.9609375,17129.23046875,17135.83984375,3764800
2023-06-14,17238.140625,17238.140625,17259.23046875,17182.1796875,17190.69921875,4290400
2023-06-15,17334.98046875,17334.98046875,17346.3203125,17259.369140625,17259.369140625,4893200
2023-06-16,17288.91015625,17288.91015625,17342.859375,17250.7890625,17342.859375,6203100
2023-06-19,17274.560546875,17274.560546875,17306.810546875,17210.869140625,17274.0703125,4654400
2023-06-20,17184.91015625,17184.91015625,17247.16015625,17121.58984375,17233.80078125,4185300
2023-06-21,17202.400390625,17202.400390625,17246.76953125,17131.44921875,17186.720703125,4354900
2023-06-26,17059.240234375,17059.240234375,17182.48046875,17011.279296875,17182.48046875,3970000
2023-06-27,16887.900390625,16887.900390625,17035.490234375,16887.900390625,17022.150390625,4028700
2023-06-28,16935.630859375,16935.630859375,17011.119140625,16903.7109375,16906.23046875,3256100
2023-06-29,16942.30078125,16942.30078125,17077.439453125,16911.380859375,16930.41015625,3357100
2023-06-30,16915.5390625,16915.5390625,16919.94921875,16792.33984375,16870.26953125,3542500
2023-07-03,17084.19921875,17084.19921875,17103.73046875,16915.5390625,16915.5390625,3930600
2023-07-04,17140.76953125,17140.76953125,17154.099609375,17042.599609375,17084.19921875,4436200
2023-07-05,17056.4296875,17056.4296875,17153.169921875,17020.009765625,17140.76953125,4153400
2023-07-06,16762.169921875,16762.169921875,17056.4296875,16749.2890625,17056.4296875,4369600
2023-07-07,16664.2109375,16664.2109375,16762.390625,16593.83984375,16762.169921875,3783700
2023-07-10,16652.80078125,16652.80078125,16798.810546875,16635.830078125,16664.2109375,3379500
2023-07-11,16898.91015625,16898.91015625,16898.91015625,16675.689453125,16675.689453125,3940800
2023-07-12,16962.029296875,16962.029296875,16962.029296875,16864.009765625,16903.25,4067700
2023-07-13,17061.400390625,17061.400390625,17223.859375,16994.58984375,16994.58984375,4859500
2023-07-14,17283.7109375,17283.7109375,17287.400390625,17128.0703125,17152.810546875,4457500
2023-07-17,17334.2890625,17334.2890625,17346.66015625,17235.919921875,17279.109375,4827400
2023-07-18,17227.91015625,17227.91015625,17401.58984375,17164.919921875,17368.359375,6165200
2023-07-19,17116.439453125,17116.439453125,17340.8203125,17082.5390625,17265.380859375,4897100
2023-07-20,17164.890625,17164.890625,17214.41015625,17098.650390625,17104.91015625,3659100
2023-07-21,17030.69921875,17030.69921875,17106.2890625,16859.130859375,17106.2890625,4256500
2023-07-24,17033.609375,17033.609375,17098.73046875,16941.150390625,17036.7890625,4044800
2023-07-25,17198.890625,17198.890625,17270.19921875,17061.880859375,17061.880859375,3822600
2023-07-26,17162.55078125,17162.55078125,17247.01953125,17121.990234375,17205.470703125,4140400
2023-07-27,17241.8203125,17241.8203125,17282.859375,17189.30078125,17189.30078125,4509600
2023-07-28,17292.9296875,17292.9296875,17328.2109375,17179.939453125,17244.509765625,4184900
2023-07-31,17145.4296875,17145.4296875,17463.759765625,17081.48046875,17341.0390625,5016000
2023-08-01,17212.869140625,17212.869140625,17252.3203125,17095.859375,17141.970703125,3848500
2023-08-02,16893.73046875,16893.73046875,17212.55078125,16844.5703125,17207.220703125,4905400
2023-08-04,16843.6796875,16843.6796875,16887.380859375,16748.509765625,16847.240234375,3836700
2023-08-07,16996.0,16996.0,17032.3203125,16868.740234375,16870.810546875,3358800
2023-08-08,16877.0703125,16877.0703125,17043.560546875,16812.58984375,17006.4609375,3689000
2023-08-09,16870.939453125,16870.939453125,16956.73046875,16798.5,16836.640625,3230500
2023-08-10,16634.69921875,16634.69921875,16827.109375,16601.169921875,16827.109375,3822300
2023-08-11,16601.25,16601.25,16766.83984375,16601.25,16644.650390625,3143400
2023-08-14,16393.66015625,16393.66015625,16585.41015625,16307.2802734375,16585.41015625,3754700
2023-08-15,16454.80078125,16454.80078125,16546.009765625,16437.630859375,16438.630859375,3164800
2023-08-16,16446.779296875,16446.779296875,16446.779296875,16304.4404296875,16422.19921875,3521200
2023-08-17,16516.66015625,16516.66015625,16550.109375,16264.650390625,16411.630859375,3718500
2023-08-18,16381.3095703125,16381.3095703125,16583.94921875,16344.2900390625,16508.4609375,3834000
2023-08-21,16381.490234375,16381.490234375,16485.25,16347.76953125,16414.140625,2647300
2023-08-22,16437.609375,16437.609375,16535.0703125,16407.830078125,16429.689453125,2929100
2023-08-23,16576.900390625,16576.900390625,16588.509765625,16440.390625,16440.390625,3025900
2023-08-24,16770.869140625,16770.869140625,16822.359375,16651.029296875,16651.029296875,3988000
2023-08-25,16481.580078125,16481.580078125,16708.529296875,16481.580078125,16708.529296875,3217200
2023-08-28,16509.259765625,16509.259765625,16582.9609375,16498.859375,16498.859375,3052400
2023-08-29,16623.650390625,16623.650390625,16627.69921875,16495.759765625,16528.490234375,2649500
2023-08-30,16719.8203125,16719.8203125,16780.419921875,16666.330078125,16666.330078125,2979300
2023-08-31,16634.509765625,16634.509765625,16712.220703125,16630.669921875,16707.349609375,3812000
2023-09-01,16644.939453125,16644.939453125,16730.130859375,16619.23046875,16640.919921875,3194100
2023-09-04,16789.689453125,16789.689453125,16789.689453125,16648.509765625,16649.669921875,2734900
2023-09-05,16791.609375,16791.609375,16791.609375,16727.439453125,16784.119140625,2626500
2023-09-06,16738.16015625,16738.16015625,16841.189453125,16732.689453125,16796.369140625,3123200
2023-09-07,16619.140625,16619.140625,16715.44921875,16609.939453125,16715.44921875,2727400
2023-09-08,16576.01953125,16576.01953125,16609.9296875,16505.640625,16609.9296875,2492600
2023-09-11,16432.94921875,16432.94921875,16600.029296875,16398.30078125,16579.830078125,3098400
2023-09-12,16572.7109375,16572.7109375,16579.859375,16422.91015625,16433.8203125,2744800
2023-09-13,16581.509765625,16581.509765625,16653.30078125,16542.720703125,16578.130859375,2656800
2023-09-14,16807.560546875,16807.560546875,16807.560546875,16581.619140625,16581.619140625,3031000
2023-09-15,16920.919921875,16920.919921875,16920.919921875,16787.740234375,16809.740234375,4307600
2023-09-18,16698.240234375,16698.240234375,16893.970703125,16698.240234375,16893.970703125,2642300
2023-09-19,16636.3203125,16636.3203125,16762.51953125,16636.3203125,16706.48046875,2872700
2023-09-20,16534.75,16534.75,16665.26953125,16522.380859375,16626.609375,2959400
2023-09-21,16316.669921875,16316.669921875,16475.419921875,16300.5400390625,16475.419921875,2823600
2023-09-22,16344.48046875,16344.48046875,16360.9599609375,16202.4296875,16267.3203125,2268200
2023-09-25,16452.23046875,16452.23046875,16498.380859375,16345.7802734375,16345.7802734375,2049400
2023-09-26,16276.0703125,16276.0703125,16440.259765625,16276.0703125,16440.259765625,2412200
2023-09-27,16310.3603515625,16310.3603515625,16324.2197265625,16212.8603515625,16273.83984375,2187900
2023-09-28,16353.740234375,16353.740234375,16411.279296875,16311.41015625,16330.7099609375,2477900
2023-10-02,16557.310546875,16557.310546875,16575.310546875,16382.9599609375,16382.9599609375,2669600
2023-10-03,16454.33984375,16454.33984375,16571.66015625,16453.80078125,16520.240234375,2697100
2023-10-04,16273.3798828125,16273.3798828125,16419.48046875,16203.33984375,16419.48046875,2624800
2023-10-05,16453.51953125,16453.51953125,16477.609375,16313.8896484375,16313.8896484375,2503200
2023-10-06,16520.5703125,16520.5703125,16539.130859375,16482.9296875,16482.9296875,2296800
2023-10-11,16672.029296875,16672.029296875,16729.5,16567.4296875,16567.4296875,3635100
2023-10-12,16825.91015625,16825.91015625,16825.91015625,16684.4296875,16698.849609375,2917100
2023-10-13,16782.5703125,16782.5703125,16815.91015625,16726.4296875,16815.91015625,2955800
2023-10-16,16652.240234375,16652.240234375,16712.9296875,16614.099609375,16712.9296875,2843500
2023-10-17,16642.55078125,16642.55078125,16770.640625,16618.30078125,16678.279296875,2965400
2023-10-18,16440.91015625,16440.91015625,16612.25,16398.759765625,16608.01953125,3844900
2023-10-19,16452.73046875,16452.73046875,16479.349609375,16382.400390625,16416.5390625,2608200
2023-10-20,16440.720703125,16440.720703125,16462.560546875,16271.8203125,16434.4296875,3035200
2023-10-23,16251.3603515625,16251.3603515625,16391.41015625,16245.83984375,16391.41015625,2273100
2023-10-24,16309.759765625,16309.759765625,16318.76953125,16163.0,16257.7998046875,2642000
2023-10-25,16358.8896484375,16358.8896484375,16459.33984375,16320.7099609375,16320.7099609375,2667800
2023-10-26,16073.740234375,16073.740234375,16305.16015625,16073.740234375,16305.16015625,2572100
2023-10-27,16134.6103515625,16134.6103515625,16200.2998046875,16112.75,16112.75,2142800
2023-10-30,16149.6796875,16149.6796875,16203.330078125,16101.240234375,16142.0595703125,2250800
2023-10-31,16001.26953125,16001.26953125,16215.349609375,15975.91015625,16176.580078125,2703600
2023-11-01,16038.5595703125,16038.5595703125,16099.0302734375,15978.259765625,16027.7197265625,2183800
2023-11-02,16396.94921875,16396.94921875,16396.94921875,16094.259765625,16094.259765625,2464200
2023-11-03,16507.650390625,16507.650390625,16520.099609375,16412.5390625,16412.5390625,2809400
2023-11-06,16649.359375,16649.359375,16720.560546875,16572.560546875,16572.560546875,2709700
2023-11-07,16684.94921875,16684.94921875,16684.94921875,16608.099609375,16650.140625,2180100
2023-11-08,16740.830078125,16740.830078125,16775.23046875,16665.400390625,16691.3203125,2664300
2023-11-09,16745.650390625,16745.650390625,16759.4296875,16680.91015625,16741.16015625,2433800
2023-11-10,16682.669921875,16682.669921875,16725.939453125,16651.23046875,16725.939453125,2157500
2023-11-13,16839.2890625,16839.2890625,16961.01953125,16711.529296875,16711.529296875,2512400
2023-11-14,16915.7109375,16915.7109375,16946.380859375,16884.51953125,16884.51953125,2619800
2023-11-15,17128.779296875,17128.779296875,17143.880859375,17034.94921875,17039.619140625,3950300
2023-11-16,17171.1796875,17171.1796875,17194.3203125,17089.400390625,17136.51953125,3308400
2023-11-17,17208.94921875,17208.94921875,17253.470703125,17147.560546875,17155.859375,3186300
2023-11-20,17210.470703125,17210.470703125,17219.759765625,17151.8203125,17197.8203125,3044800
2023-11-21,17416.69921875,17416.69921875,17421.169921875,17239.939453125,17239.939453125,3727100
2023-11-22,17310.259765625,17310.259765625,17344.529296875,17264.94921875,17325.599609375,3167500
2023-11-23,17294.55078125,17294.55078125,17343.609375,17228.44921875,17291.330078125,3179200
2023-11-24,17287.419921875,17287.419921875,17336.130859375,17268.380859375,17304.650390625,3037300
2023-11-27,17137.419921875,17137.419921875,17351.9296875,17133.759765625,17291.23046875,3164500
2023-11-28,17341.25,17341.25,17360.380859375,17145.19921875,17150.30078125,3435400
2023-11-29,17370.560546875,17370.560546875,17441.7890625,17323.26953125,17352.109375,3414100
2023-11-30,17433.849609375,17433.849609375,17433.849609375,17313.30078125,17389.19921875,4478400
2023-12-01,17438.349609375,17438.349609375,17450.130859375,17355.890625,17422.349609375,3399000
2023-12-04,17421.48046875,17421.48046875,17516.609375,17398.099609375,17450.640625,3929200
2023-12-05,17328.009765625,17328.009765625,17401.58984375,17252.5703125,17401.58984375,3623500
2023-12-06,17360.720703125,17360.720703125,17439.849609375,17337.470703125,17340.8203125,3307100
2023-12-07,17278.740234375,17278.740234375,17387.939453125,17273.7109375,17356.919921875,3368200
2023-12-08,17383.990234375,17383.990234375,17465.349609375,17309.359375,17309.359375,3155300
2023-12-11,17418.33984375,17418.33984375,17451.8203125,17372.8203125,17416.9609375,3003300
2023-12-12,17450.630859375,17450.630859375,17528.720703125,17404.880859375,17429.609375,3356500
2023-12-13,17468.9296875,17468.9296875,17507.919921875,17438.689453125,17447.509765625,3410000
2023-12-14,17653.109375,17653.109375,17668.349609375,17482.380859375,17482.380859375,4072600
2023-12-15,17673.869140625,17673.869140625,17743.5390625,17642.7890625,17693.330078125,5019300
2023-12-18,17652.029296875,17652.029296875,17665.91015625,17586.880859375,17637.859375,3975400
2023-12-19,17576.55078125,17576.55078125,17669.83984375,17497.3203125,17669.83984375,3914800
2023-12-20,17635.19921875,17635.19921875,17657.650390625,17597.48046875,17608.349609375,4182900
2023-12-21,17543.740234375,17543.740234375,17552.900390625,17442.759765625,17531.44921875,4021800
2023-12-22,17596.630859375,17596.630859375,17618.169921875,17567.55078125,17586.16015625,3700300
2023-12-25,17604.83984375,17604.83984375,17663.349609375,17595.26953125,17596.26953125,3027400
2023-12-26,17751.73046875,17751.73046875,17751.73046875,17619.08984375,17619.08984375,2900000
2023-12-27,17891.5,17891.5,17897.16015625,17766.73046875,17766.73046875,3378000
2023-12-28,17910.369140625,17910.369140625,17928.140625,17841.759765625,17900.759765625,3289700
2023-12-29,17930.810546875,17930.810546875,17945.69921875,17864.23046875,17893.630859375,2868000
2024-01-02,17853.759765625,17853.759765625,17956.740234375,17784.970703125,17939.7890625,3254000
2024-01-03,17559.310546875,17559.310546875,17829.279296875,17518.189453125,17829.279296875,3095000
2024-01-04,17549.650390625,17549.650390625,17609.890625,17515.73046875,17574.390625,3096700
2024-01-05,17519.140625,17519.140625,17606.7890625,17495.390625,17559.400390625,3084900
2024-01-08,17572.66015625,17572.66015625,17688.109375,17534.51953125,17534.51953125,3044600
2024-01-09,17535.490234375,17535.490234375,17694.259765625,17517.55078125,17585.400390625,3213400
2024-01-10,17465.630859375,17465.630859375,17499.4296875,17439.26953125,17495.669921875,2843300
2024-01-11,17545.3203125,17545.3203125,17574.919921875,17476.869140625,17477.880859375,2880100
2024-01-12,17512.830078125,17512.830078125,17570.630859375,17469.869140625,17536.05078125,2596200
2024-01-15,17546.8203125,17546.8203125,17632.76953125,17532.98046875,17541.259765625,0
2024-01-16,17346.869140625,17346.869140625,17523.779296875,17337.580078125,17523.779296875,3415100
2024-01-17,17161.7890625,17161.7890625,17361.05078125,17151.580078125,17341.580078125,3977500
2024-01-18,17227.7890625,17227.7890625,17300.2890625,17169.099609375,17169.099609375,3027100
2024-01-19,17681.51953125,17681.51953125,17682.970703125,17499.849609375,17546.509765625,3364900
2024-01-22,17815.099609375,17815.099609375,17869.0703125,17765.130859375,17770.779296875,3480100
2024-01-23,17874.58984375,17874.58984375,17893.73046875,17801.890625,17840.279296875,3182700
2024-01-24,17875.830078125,17875.830078125,17944.98046875,17856.33984375,17883.619140625,2687500
2024-01-25,18002.619140625,18002.619140625,18014.259765625,17894.830078125,17894.830078125,2496500
2024-01-26,17995.029296875,17995.029296875,18029.849609375,17943.650390625,17985.439453125,2484900
2024-01-29,18119.630859375,18119.630859375,18119.630859375,17995.109375,18001.240234375,2167700
2024-01-30,18034.630859375,18034.630859375,18138.740234375,18034.630859375,18083.44921875,2422700
2024-01-31,17889.560546875,17889.560546875,17996.330078125,17874.94921875,17970.41015625,2303000
2024-02-01,17968.109375,17968.109375,17968.109375,17832.94921875,17871.26953125,2620500
2024-02-02,18059.9296875,18059.9296875,18059.9296875,17985.890625,18016.349609375,2697800
2024-02-05,18096.0703125,18096.0703125,18115.80078125,17992.169921875,18047.400390625,2575800
2024-02-15,18644.5703125,18644.5703125,18725.470703125,18550.859375,18664.44921875,3727500
2024-02-16,18607.25,18607.25,18715.689453125,18585.140625,18639.66015625,3658600
2024-02-19,18635.80078125,18635.80078125,18663.740234375,18561.0390625,18561.0390625,3839600
2024-02-20,18753.16015625,18753.16015625,18756.330078125,18610.2109375,18610.2109375,3375300
2024-02-21,18676.310546875,18676.310546875,18729.029296875,18645.26953125,18673.490234375,3295300
2024-02-22,18852.779296875,18852.779296875,18881.76953125,18758.150390625,18826.849609375,3580200
2024-02-23,18889.189453125,18889.189453125,19012.380859375,18889.189453125,18950.0703125,3696800
2024-02-26,18948.05078125,18948.05078125,18974.080078125,18854.7109375,18899.390625,3220600
2024-02-27,18854.41015625,18854.41015625,19023.009765625,18752.529296875,18964.490234375,3784600
2024-02-29,18966.76953125,18966.76953125,19019.689453125,18794.619140625,18796.5390625,3892000
2024-03-01,18935.9296875,18935.9296875,19041.919921875,18923.4609375,19021.349609375,3350500
2024-03-04,19305.310546875,19305.310546875,19333.390625,18952.689453125,18952.689453125,4014800
2024-03-05,19386.919921875,19386.919921875,19453.849609375,19332.73046875,19398.970703125,3826500
2024-03-06,19499.44921875,19499.44921875,19532.30078125,19246.30078125,19283.609375,3886200
2024-03-07,19693.51953125,19693.51953125,19794.5703125,19630.7890625,19678.359375,4581400
2024-03-08,19785.3203125,19785.3203125,20065.5,19638.130859375,19966.490234375,4903500
2024-03-11,19726.080078125,19726.080078125,19828.69921875,19649.669921875,19671.900390625,3536700
2024-03-12,19914.55078125,19914.55078125,19917.060546875,19664.7109375,19672.759765625,4044500
2024-03-13,19928.509765625,19928.509765625,20112.810546875,19866.73046875,20024.830078125,4854900
2024-03-14,19937.919921875,19937.919921875,19995.509765625,19775.5,19920.630859375,4476200
2024-03-15,19682.5,19682.5,19888.130859375,19682.5,19845.44921875,5186200
2024-03-18,19879.849609375,19879.849609375,19879.859375,19706.109375,19706.109375,3761200
2024-03-19,19857.19921875,19857.19921875,19921.25,19762.16015625,19798.119140625,4061600
2024-03-20,19784.44921875,19784.44921875,19994.419921875,19728.4296875,19879.25,4499200
2024-03-21,20199.08984375,20199.08984375,20199.30078125,19843.80078125,19843.80078125,4424400
2024-03-22,20228.4296875,20228.4296875,20296.099609375,20084.310546875,20232.060546875,4690300
2024-03-25,20192.25,20192.25,20285.380859375,20172.80078125,20228.640625,3611700
2024-03-26,20126.490234375,20126.490234375,20397.0703125,19977.400390625,20208.880859375,4582900
2024-03-27,20200.119140625,20200.119140625,20255.099609375,20108.9609375,20158.0703125,3865800
2024-03-28,20146.55078125,20146.55078125,20222.19921875,20065.9296875,20213.33984375,4294000
2024-03-29,20294.44921875,20294.44921875,20335.919921875,20156.33984375,20156.33984375,4231500
2024-04-01,20222.330078125,20222.330078125,20387.23046875,20217.580078125,20319.73046875,3144500
2024-04-02,20466.5703125,20466.5703125,20466.5703125,20359.810546875,20359.810546875,3410300
2024-04-03,20337.599609375,20337.599609375,20403.73046875,20269.66015625,20388.83984375,3449300
2024-04-08,20417.69921875,20417.69921875,20487.830078125,20379.830078125,20395.05078125,3597800
2024-04-09,20796.19921875,20796.19921875,20820.810546875,20521.560546875,20521.560546875,4638900
2024-04-10,20763.529296875,20763.529296875,20883.689453125,20763.529296875,20789.419921875,4529300
2024-04-11,20753.220703125,20753.220703125,20770.830078125,20651.880859375,20713.25,4546200
2024-04-12,20736.5703125,20736.5703125,20825.0390625,20713.869140625,20772.7890625,4725000
2024-04-15,20449.76953125,20449.76953125,20623.76953125,20449.76953125,20586.529296875,4754200
2024-04-16,19901.9609375,19901.9609375,20365.109375,19844.5390625,20365.109375,5377200
2024-04-17,20213.330078125,20213.330078125,20264.990234375,19986.619140625,19986.619140625,3987800
2024-04-18,20301.19921875,20301.19921875,20363.08984375,20057.810546875,20126.5703125,4862300
2024-04-19,19527.119140625,19527.119140625,19992.060546875,19291.880859375,19992.060546875,7130900
2024-04-22,19411.220703125,19411.220703125,19695.490234375,19395.310546875,19466.439453125,5729000
2024-04-23,19599.279296875,19599.279296875,19709.0,19509.740234375,19564.380859375,4097700
2024-04-24,20131.740234375,20131.740234375,20165.76953125,19770.4609375,19770.4609375,4696300
2024-04-25,19857.419921875,19857.419921875,20003.0,19848.5703125,20003.0,3809400
2024-04-26,20120.509765625,20120.509765625,20226.2890625,20087.609375,20094.169921875,4713100
2024-04-29,20495.51953125,20495.51953125,20495.51953125,20235.9296875,20235.9296875,5508500
2024-04-30,20396.599609375,20396.599609375,20559.970703125,20396.599609375,20508.48046875,4326200
2024-05-02,20222.439453125,20222.439453125,20360.669921875,20222.439453125,20360.669921875,4720400
2024-05-03,20330.3203125,20330.3203125,20521.490234375,20272.33984375,20381.98046875,4752500
2024-05-06,20523.310546875,20523.310546875,20639.900390625,20479.80078125,20479.80078125,4590100
2024-05-07,20653.529296875,20653.529296875,20689.189453125,20493.80078125,20634.619140625,4547600
2024-05-08,20700.509765625,20700.509765625,20700.509765625,20547.48046875,20604.1796875,4479700
2024-05-09,20560.76953125,20560.76953125,20754.609375,20560.76953125,20710.05078125,4326400
2024-05-10,20708.83984375,20708.83984375,20765.8203125,20574.009765625,20582.119140625,5206400
2024-05-13,20857.7109375,20857.7109375,20933.279296875,20816.419921875,20905.16015625,4809000
2024-05-14,20985.849609375,20985.849609375,20994.529296875,20816.76953125,20835.94921875,5002300
2024-05-15,21147.2109375,21147.2109375,21308.3203125,20984.69921875,20984.69921875,5100000
2024-05-16,21304.259765625,21304.259765625,21515.51953125,21249.880859375,21319.01953125,5601100
2024-05-17,21258.470703125,21258.470703125,21346.75,21218.33984375,21346.75,5081300
2024-05-20,21271.630859375,21271.630859375,21338.349609375,21102.1796875,21278.380859375,5277600
2024-05-21,21236.75,21236.75,21307.080078125,21131.619140625,21239.259765625,4601200
2024-05-22,21551.830078125,21551.830078125,21567.48046875,21248.990234375,21248.990234375,5382400
2024-05-23,21607.4296875,21607.4296875,21668.83984375,21475.990234375,21668.83984375,5498400
2024-05-24,21565.33984375,21565.33984375,21608.720703125,21381.25,21442.669921875,4233200
2024-05-27,21803.76953125,21803.76953125,21871.33984375,21699.98046875,21699.98046875,4877400
2024-05-28,21858.41015625,21858.41015625,21937.400390625,21812.19921875,21812.19921875,4906000
2024-05-29,21662.5,21662.5,21906.099609375,21662.5,21846.41015625,5223800
2024-05-30,21364.48046875,21364.48046875,21558.359375,21364.240234375,21481.390625,4495700
2024-05-31,21174.220703125,21174.220703125,21539.029296875,21174.220703125,21400.830078125,7171300
2024-06-03,21536.759765625,21536.759765625,21612.5390625,21372.080078125,21388.7109375,4756500
2024-06-04,21356.619140625,21356.619140625,21529.98046875,21308.970703125,21513.849609375,4858900
2024-06-05,21484.880859375,21484.880859375,21510.859375,21264.630859375,21385.0,4124900
2024-06-06,21902.69921875,21902.69921875,21970.630859375,21847.6796875,21856.130859375,4777500
2024-06-07,21858.380859375,21858.380859375,21920.849609375,21823.619140625,21823.619140625,4981400
2024-06-11,21792.119140625,21792.119140625,22003.7109375,21792.119140625,21984.419921875,5291900
2024-06-12,22048.9609375,22048.9609375,22094.939453125,21841.810546875,21841.810546875,4372000
2024-06-13,22312.0390625,22312.0390625,22440.099609375,22211.080078125,22217.640625,4207100
2024-06-14,22504.720703125,22504.720703125,22504.720703125,22252.01953125,22311.9296875,4357100
2024-06-17,22496.529296875,22496.529296875,22567.33984375,22431.259765625,22468.109375,4253400
2024-06-18,22757.4296875,22757.4296875,22787.669921875,22642.939453125,22690.33984375,4284500
2024-06-19,23209.5390625,23209.5390625,23275.30078125,22858.44921875,22858.44921875,5033100
2024-06-20,23406.099609375,23406.099609375,23406.099609375,23180.69921875,23196.689453125,4446000
2024-06-21,23253.390625,23253.390625,23351.169921875,23151.150390625,23193.900390625,6457400
2024-06-24,22813.69921875,22813.69921875,23131.6796875,22813.69921875,23124.310546875,5094100
2024-06-25,22875.970703125,22875.970703125,22875.970703125,22503.0,22695.150390625,4386700
2024-06-26,22986.689453125,22986.689453125,23074.740234375,22893.75,22938.5703125,4289300
2024-06-27,22905.98046875,22905.98046875,22922.560546875,22765.16015625,22859.9296875,4535700
2024-06-28,23032.25,23032.25,23142.400390625,22896.720703125,22896.720703125,4348300
2024-07-01,23058.5703125,23058.5703125,23187.880859375,23015.169921875,23042.69921875,4294900
2024-07-02,22879.369140625,22879.369140625,23041.900390625,22833.779296875,23012.740234375,5034500
2024-07-03,23172.4296875,23172.4296875,23172.4296875,22994.279296875,23009.8203125,5720700
2024-07-04,23522.529296875,23522.529296875,23571.8203125,23360.880859375,23360.880859375,5361000
2024-07-05,23556.58984375,23556.58984375,23628.859375,23491.7890625,23532.009765625,5319900
2024-07-08,23878.150390625,23878.150390625,24011.640625,23505.859375,23550.640625,5644800
2024-07-09,23900.080078125,23900.080078125,24126.66015625,23607.919921875,23888.19921875,6353500
2024-07-10,24007.080078125,24007.080078125,24040.609375,23682.490234375,23744.880859375,5510500
2024-07-11,24390.029296875,24390.029296875,24416.669921875,24151.80078125,24242.029296875,5761800
2024-07-12,23916.9296875,23916.9296875,24045.73046875,23774.220703125,23955.669921875,6056600
2024-07-15,23879.359375,23879.359375,24018.310546875,23759.509765625,23927.91015625,5209800
2024-07-16,23997.25,23997.25,24174.1796875,23861.76953125,23880.330078125,4762100
2024-07-17,23769.8203125,23769.8203125,23993.6796875,23650.939453125,23827.26953125,6025100
2024-07-18,23398.470703125,23398.470703125,23450.91015625,23148.740234375,23373.009765625,5618700
2024-07-19,22869.259765625,22869.259765625,23235.8203125,22865.83984375,23228.0390625,5435600
2024-07-22,22256.990234375,22256.990234375,22818.859375,22130.880859375,22818.859375,5194300
2024-07-23,22871.83984375,22871.83984375,22871.83984375,22514.75,22514.75,3915800
2024-07-26,22119.2109375,22119.2109375,22206.9296875,21889.609375,22206.9296875,4132300
2024-07-29,22164.490234375,22164.490234375,22471.400390625,22128.140625,22321.369140625,3920300
2024-07-30,22223.5703125,22223.5703125,22276.390625,21833.849609375,22040.0390625,3659100
2024-07-31,22199.349609375,22199.349609375,22315.310546875,22046.2890625,22088.779296875,3673200
2024-08-01,22642.099609375,22642.099609375,22652.2109375,22465.060546875,22546.400390625,4149100
2024-08-02,21638.08984375,21638.08984375,22141.19921875,21636.220703125,22141.19921875,4570100
2024-08-05,19830.880859375,19830.880859375,20982.919921875,19783.5,20982.919921875,6413800
2024-08-06,20501.01953125,20501.01953125,20751.5,19662.740234375,20344.390625,6051700
2024-08-07,21295.279296875,21295.279296875,21306.23046875,20638.279296875,20638.279296875,3982300
2024-08-08,20870.099609375,20870.099609375,21074.189453125,20723.259765625,21047.16015625,3746500
2024-08-09,21469.0,21469.0,21613.759765625,21212.0,21212.0,4426600
2024-08-12,21773.259765625,21773.259765625,21897.98046875,21598.9296875,21598.9296875,3821500
2024-08-13,21796.5703125,21796.5703125,21866.630859375,21698.470703125,21816.0703125,3389300
2024-08-14,22027.25,22027.25,22155.2890625,21942.220703125,21952.029296875,3955900
2024-08-15,21895.169921875,21895.169921875,22089.0390625,21895.169921875,22005.689453125,3151800
2024-08-16,22349.330078125,22349.330078125,22374.939453125,22114.720703125,22114.720703125,3855200
2024-08-19,22409.630859375,22409.630859375,22485.91015625,22307.169921875,22338.830078125,3122100
2024-08-20,22429.099609375,22429.099609375,22545.890625,22369.25,22464.0703125,3871600
2024-08-21,22237.890625,22237.890625,22358.880859375,22165.8203125,22316.779296875,4134900
2024-08-22,22148.830078125,22148.830078125,22315.919921875,22096.259765625,22254.58984375,3019700
2024-08-23,22158.05078125,22158.05078125,22159.26953125,21935.98046875,22042.58984375,4275900
2024-08-26,22240.119140625,22240.119140625,22449.44921875,22164.529296875,22250.490234375,4880500
2024-08-27,22185.0,22185.0,22205.109375,22059.509765625,22179.2109375,3660500
2024-08-28,22370.66015625,22370.66015625,22370.66015625,22108.859375,22210.5703125,3293800
2024-08-29,22201.849609375,22201.849609375,22273.619140625,22010.890625,22136.310546875,3416000
2024-08-30,22268.08984375,22268.08984375,22342.25,22230.0703125,22230.0703125,4245800
2024-09-02,22235.099609375,22235.099609375,22439.310546875,22178.0390625,22341.900390625,2928000
2024-09-03,22092.2109375,22092.2109375,22303.5,22092.2109375,22240.109375,2936800
2024-09-04,21092.75,21092.75,21574.650390625,20922.169921875,21574.650390625,4571100
2024-09-05,21187.7109375,21187.7109375,21488.810546875,21150.990234375,21271.08984375,3353700
2024-09-06,21435.189453125,21435.189453125,21461.7109375,21125.140625,21255.44921875,2587200
2024-09-09,21144.439453125,21144.439453125,21163.91015625,20922.509765625,21127.810546875,2944600
2024-09-10,21064.080078125,21064.080078125,21324.4296875,20977.0,21252.5703125,3118200
2024-09-11,21031.0,21031.0,21134.05078125,21031.0,21089.1796875,2863800
2024-09-12,21653.25,21653.25,21706.849609375,21373.640625,21373.640625,3050300
2024-09-13,21759.650390625,21759.650390625,21796.390625,21643.220703125,21754.359375,2514700
2024-09-16,21850.080078125,21850.080078125,21854.740234375,21736.69921875,21800.0,2823700
2024-09-18,21678.83984375,21678.83984375,21859.16015625,21584.630859375,21813.5390625,3989100
2024-09-19,22042.689453125,22042.689453125,22042.689453125,21656.66015625,21675.400390625,3393700
2024-09-20,22159.419921875,22159.419921875,22354.5390625,22136.529296875,22246.240234375,5085000
2024-09-23,22285.529296875,22285.529296875,22307.4609375,22170.939453125,22170.939453125,3582300
2024-09-24,22431.779296875,22431.779296875,22431.779296875,22154.55078125,22273.7890625,3517800
2024-09-25,22761.599609375,22761.599609375,22785.3203125,22569.2890625,22569.2890625,4014100
2024-09-26,22858.810546875,22858.810546875,22961.76953125,22769.240234375,22841.419921875,3923400
2024-09-27,22822.7890625,22822.7890625,23079.2109375,22806.830078125,22978.970703125,4104100
2024-09-30,22224.5390625,22224.5390625,22691.23046875,22224.5390625,22643.91015625,3569300
2024-10-01,22390.390625,22390.390625,22446.859375,22311.330078125,22329.650390625,2789600
2024-10-04,22302.7109375,22302.7109375,22493.05078125,22193.5,22459.099609375,3632200
2024-10-07,22702.560546875,22702.560546875,22719.0703125,22479.240234375,22479.240234375,3508600
2024-10-08,22611.390625,22611.390625,22691.3203125,22418.380859375,22691.3203125,3557200
2024-10-09,22659.080078125,22659.080078125,22885.94921875,22637.169921875,22637.169921875,3670800
2024-10-11,22901.640625,22901.640625,23011.109375,22726.189453125,22726.189453125,3012500
2024-10-14,22975.2890625,22975.2890625,23015.55078125,22799.140625,22947.3203125,2706500
2024-10-15,23292.0390625,23292.0390625,23353.91015625,23082.060546875,23083.69921875,3579700
2024-10-16,23010.98046875,23010.98046875,23258.51953125,22866.73046875,22990.640625,3698000
2024-10-17,23053.83984375,23053.83984375,23191.7890625,22950.69921875,23114.2109375,3263300
2024-10-18,23487.26953125,23487.26953125,23713.69921875,23378.359375,23620.5703125,3775600
2024-10-21,23542.529296875,23542.529296875,23678.509765625,23480.060546875,23602.98046875,3005000
2024-10-22,23535.4296875,23535.4296875,23535.4296875,23269.859375,23428.109375,3046700
2024-10-23,23334.759765625,23334.759765625,23486.44921875,23318.83984375,23402.240234375,3039000
2024-10-24,23192.51953125,23192.51953125,23446.640625,23150.76953125,23446.640625,3322300
2024-10-25,23348.44921875,23348.44921875,23388.529296875,23222.76953125,23255.0703125,2744200
2024-10-28,23198.0703125,23198.0703125,23547.119140625,23164.419921875,23455.689453125,2880000
2024-10-29,22926.58984375,22926.58984375,23056.5703125,22711.099609375,23048.44921875,2933400
2024-10-30,22820.4296875,22820.4296875,23116.330078125,22801.44921875,22985.130859375,2981400
2024-11-01,22780.080078125,22780.080078125,22828.98046875,22231.939453125,22438.9296875,3569900
2024-11-04,22965.390625,22965.390625,23020.990234375,22792.76953125,22839.1796875,2715900
2024-11-05,23106.7890625,23106.7890625,23178.80078125,22849.830078125,22870.109375,2872200
2024-11-06,23217.380859375,23217.380859375,23439.390625,23035.30078125,23112.94921875,3163400
2024-11-07,23408.8203125,23408.8203125,23518.630859375,23132.939453125,23180.009765625,3751300
2024-11-08,23553.890625,23553.890625,23699.69921875,23509.130859375,23608.109375,3635500
2024-11-11,23529.640625,23529.640625,23563.80078125,23306.66015625,23477.75,3158800
2024-11-12,22981.76953125,22981.76953125,23276.759765625,22981.76953125,23276.759765625,3983600
2024-11-13,22860.23046875,22860.23046875,23046.470703125,22860.23046875,22894.91015625,3491500
2024-11-14,22715.380859375,22715.380859375,22893.8203125,22619.7109375,22821.0390625,3593400
2024-11-15,22742.76953125,22742.76953125,22940.80078125,22690.76953125,22767.109375,3823100
2024-11-18,22546.5390625,22546.5390625,22781.76953125,22503.689453125,22693.9609375,3431100
2024-11-19,22848.80078125,22848.80078125,22906.689453125,22578.75,22614.740234375,3689400
2024-11-20,22688.359375,22688.359375,22977.560546875,22622.470703125,22872.91015625,3757700
2024-11-21,22555.66015625,22555.66015625,22708.5703125,22490.279296875,22671.66015625,3395800
2024-11-22,22904.3203125,22904.3203125,23019.0390625,22799.529296875,22799.529296875,3505100
2024-11-25,22948.369140625,22948.369140625,23172.4296875,22948.369140625,22996.05078125,5048900
2024-11-26,22678.759765625,22678.759765625,22832.109375,22645.130859375,22789.599609375,2985600
2024-11-27,22334.779296875,22334.779296875,22743.990234375,22334.779296875,22665.580078125,3577000
2024-11-28,22298.900390625,22298.900390625,22413.25,22124.310546875,22380.44921875,3123400
2024-11-29,22262.5,22262.5,22429.859375,22055.380859375,22202.279296875,2801000
2024-12-02,22736.9296875,22736.9296875,22802.529296875,22456.5,22456.5,2812700
2024-12-03,23027.4609375,23027.4609375,23144.779296875,22972.30078125,22972.30078125,3099500
2024-12-04,23255.330078125,23255.330078125,23255.330078125,23034.69921875,23126.080078125,2836900
2024-12-05,23267.939453125,23267.939453125,23387.169921875,23225.310546875,23308.2890625,2847600
2024-12-06,23193.26953125,23193.26953125,23361.119140625,23137.619140625,23278.6796875,2954100
2024-12-09,23273.25,23273.25,23325.990234375,23172.220703125,23287.7890625,3209600
2024-12-10,23125.080078125,23125.080078125,23329.009765625,23071.4296875,23228.259765625,2908900
2024-12-11,22903.630859375,22903.630859375,23108.359375,22880.5703125,23108.359375,2760300
2024-12-12,23046.80078125,23046.80078125,23189.2890625,23030.48046875,23050.640625,3059200
2024-12-13,23020.48046875,23020.48046875,23097.51953125,22920.83984375,23002.369140625,3046000
2024-12-16,23039.900390625,23039.900390625,23264.400390625,22959.91015625,23207.2109375,3188400
2024-12-17,23018.009765625,23018.009765625,23223.509765625,23018.009765625,23131.5703125,3429100
2024-12-18,23168.669921875,23168.669921875,23211.169921875,22934.58984375,23014.4296875,3298300
2024-12-19,22932.25,22932.25,22947.560546875,22743.30078125,22947.560546875,3445900
2024-12-20,22510.25,22510.25,22845.58984375,22510.25,22798.390625,4683900
2024-12-23,23104.5390625,23104.5390625,23132.25,22811.560546875,22811.560546875,3504100
2024-12-24,23120.240234375,23120.240234375,23326.25,23120.240234375,23260.740234375,3344300
2024-12-25,23220.130859375,23220.130859375,23296.359375,23159.359375,23226.349609375,3073700
2024-12-26,23246.939453125,23246.939453125,23320.619140625,23241.939453125,23276.080078125,2941300
2024-12-27,23275.6796875,23275.6796875,23335.66015625,23204.349609375,23251.279296875,2416800
2024-12-30,23190.19921875,23190.19921875,23331.669921875,23159.69921875,23274.259765625,2483600
2024-12-31,23035.099609375,23035.099609375,23123.9609375,22972.990234375,23094.0703125,2572400
2025-01-02,22832.060546875,22832.060546875,23038.080078125,22713.630859375,22975.7109375,3148600
2025-01-03,22908.30078125,22908.30078125,23092.0703125,22905.400390625,23018.560546875,2828200
2025-01-06,23547.7109375,23547.7109375,23553.2890625,23131.7890625,23131.7890625,2957500
2025-01-07,23651.26953125,23651.26953125,23943.94921875,23651.26953125,23824.720703125,3207900
2025-01-08,23407.330078125,23407.330078125,23671.279296875,23388.630859375,23522.2890625,2606700
2025-01-09,23081.130859375,23081.130859375,23463.9609375,23081.130859375,23406.720703125,3399500
2025-01-10,23011.859375,23011.859375,23202.25,22989.669921875,23067.4609375,2979400
2025-01-13,22488.330078125,22488.330078125,23070.3203125,22458.220703125,23070.3203125,3544500
2025-01-14,22797.51953125,22797.51953125,22797.51953125,22542.9296875,22573.9609375,2319000
2025-01-15,22514.5703125,22514.5703125,22777.33984375,22509.650390625,22757.4609375,2359800
2025-01-16,23025.099609375,23025.099609375,23147.689453125,22817.51953125,22817.51953125,2497000
2025-01-17,23148.080078125,23148.080078125,23209.880859375,22905.529296875,23190.119140625,2465000
2025-01-20,23266.8203125,23266.8203125,23346.640625,23176.4296875,23203.470703125,2168200
2025-01-21,23300.009765625,23300.009765625,23377.640625,23174.01953125,23266.8203125,0
2025-01-22,23525.41015625,23525.41015625,23642.080078125,23472.669921875,23472.669921875,2695000
2025-02-03,22694.7109375,22694.7109375,22796.7109375,22502.19921875,22796.7109375,3428900
2025-02-04,22793.9609375,22793.9609375,22934.310546875,22720.619140625,22836.26953125,2990000
2025-02-05,23161.580078125,23161.580078125,23249.330078125,22916.380859375,22916.380859375,2482200
2025-02-06,23316.599609375,23316.599609375,23348.419921875,23216.650390625,23226.5,2400700
2025-02-07,23478.26953125,23478.26953125,23478.26953125,23254.169921875,23289.970703125,2672200
2025-02-10,23252.140625,23252.140625,23448.16015625,23163.849609375,23421.76953125,2706000
2025-02-11,23384.05078125,23384.05078125,23485.509765625,23289.759765625,23321.919921875,2956500
2025-02-12,23289.75,23289.75,23528.609375,23289.75,23449.310546875,3159400
2025-02-13,23399.41015625,23399.41015625,23413.099609375,23206.44921875,23263.279296875,3604700
2025-02-14,23152.609375,23152.609375,23276.240234375,23142.94921875,23198.390625,3818900
2025-02-17,23505.330078125,23505.330078125,23510.6796875,23242.83984375,23258.169921875,3408200
2025-02-18,23666.109375,23666.109375,23666.109375,23454.08984375,23550.5,3038600
2025-02-19,23604.080078125,23604.080078125,23683.4609375,23550.990234375,23589.439453125,3534600
2025-02-20,23487.4609375,23487.4609375,23576.7109375,23400.75,23530.970703125,3563200
2025-02-21,23730.25,23730.25,23732.580078125,23488.419921875,23526.130859375,3518400
2025-02-24,23565.310546875,23565.310546875,23605.220703125,23461.4296875,23573.80078125,3211200
2025-02-25,23285.720703125,23285.720703125,23376.419921875,23209.529296875,23376.419921875,3717900
2025-02-26,23402.55078125,23402.55078125,23431.240234375,23156.01953125,23221.83984375,3362900
2025-02-27,23053.1796875,23053.1796875,23487.73046875,23053.1796875,23446.4609375,5093000
2025-03-03,22756.25,22756.25,22775.01953125,22611.099609375,22734.05078125,3324900
2025-03-04,22596.880859375,22596.880859375,22700.939453125,22359.5,22508.80078125,3100900
2025-03-05,22871.900390625,22871.900390625,22948.30078125,22757.220703125,22778.859375,3075000
2025-03-06,22715.4296875,22715.4296875,22979.970703125,22715.4296875,22930.109375,2851500
2025-03-07,22576.0703125,22576.0703125,22747.109375,22542.080078125,22696.23046875,2987500
2025-03-10,22459.150390625,22459.150390625,22641.25,22407.5703125,22548.98046875,3078100
2025-03-11,22071.08984375,22071.08984375,22140.390625,21769.5703125,22126.060546875,3604700
2025-03-12,22278.359375,22278.359375,22391.470703125,22153.609375,22171.099609375,3159800
2025-03-13,21961.6796875,21961.6796875,22552.4296875,21961.6796875,22403.33984375,3666300
2025-03-14,21968.05078125,21968.05078125,22074.029296875,21895.900390625,21986.810546875,3373300
2025-03-17,22118.630859375,22118.630859375,22306.830078125,22110.080078125,22137.529296875,2961500
2025-03-18,22271.669921875,22271.669921875,22327.099609375,22186.419921875,22204.619140625,2652000
2025-03-19,21960.830078125,21960.830078125,22247.66015625,21942.689453125,22245.419921875,2916300
2025-03-20,22377.259765625,22377.259765625,22377.259765625,22171.0,22171.0,2626000
2025-03-21,22209.099609375,22209.099609375,22366.94921875,22200.23046875,22362.380859375,3597700
2025-03-24,22106.640625,22106.640625,22380.73046875,22106.640625,22348.380859375,2651400
2025-03-25,22273.189453125,22273.189453125,22414.01953125,22228.6796875,22269.369140625,2553000
2025-03-26,22260.2890625,22260.2890625,22398.119140625,22235.890625,22327.609375,2295800
2025-03-27,21951.759765625,21951.759765625,22093.19921875,21919.400390625,22093.19921875,2674800
2025-03-28,21602.890625,21602.890625,21836.16015625,21525.05078125,21836.16015625,3242700
2025-03-31,20695.900390625,20695.900390625,21254.630859375,20695.900390625,21254.630859375,4034100
2025-04-01,21280.169921875,21280.169921875,21315.51953125,20884.529296875,20884.529296875,2753300
2025-04-02,21298.220703125,21298.220703125,21390.51953125,21235.990234375,21313.76953125,2300200
2025-04-07,19232.349609375,19232.349609375,20153.5703125,19212.01953125,20153.5703125,1558900
2025-04-08,18459.94921875,18459.94921875,19064.470703125,18180.48046875,19064.470703125,5839900
2025-04-09,17391.759765625,17391.759765625,18371.51953125,17306.970703125,18337.439453125,6177900
2025-04-10,19000.029296875,19000.029296875,19024.470703125,18256.470703125,18256.470703125,2659600
2025-04-11,19528.76953125,19528.76953125,19528.76953125,18418.19921875,18772.5,4766500
2025-04-14,19513.08984375,19513.08984375,20023.630859375,19508.9296875,19686.6796875,4176300
2025-04-15,19857.669921875,19857.669921875,19895.4296875,19576.150390625,19609.900390625,2866400
2025-04-16,19468.0,19468.0,19737.08984375,19453.140625,19737.08984375,2805300
2025-04-17,19338.73046875,19338.73046875,19478.0,19196.470703125,19389.51953125,2300500
2025-04-18,19395.029296875,19395.029296875,19499.279296875,19376.349609375,19423.98046875,2123700
2025-04-21,19106.19921875,19106.19921875,19359.9609375,19080.599609375,19321.140625,2325500
2025-04-22,18793.4296875,18793.4296875,19059.650390625,18793.4296875,18990.859375,2526000
2025-04-23,19639.140625,19639.140625,19639.140625,19163.609375,19163.609375,2694600
2025-04-24,19478.810546875,19478.810546875,19752.58984375,19433.369140625,19752.58984375,2418200
2025-04-25,19872.73046875,19872.73046875,20012.26953125,19861.240234375,19861.240234375,2674500
2025-04-28,20034.41015625,20034.41015625,20073.75,19972.0703125,19972.0703125,2131000
2025-04-29,20232.630859375,20232.630859375,20232.630859375,20007.30078125,20018.3203125,2538500
2025-04-30,20235.029296875,20235.029296875,20331.890625,20185.310546875,20215.390625,2806300
2025-05-02,20787.640625,20787.640625,20787.640625,20534.080078125,20534.080078125,2779300
2025-05-05,20532.990234375,20532.990234375,20885.5390625,20320.80078125,20839.0390625,3929000
2025-05-06,20522.58984375,20522.58984375,20623.849609375,20349.560546875,20353.880859375,3091500
2025-05-07,20546.490234375,20546.490234375,20685.279296875,20418.029296875,20575.150390625,2681400
2025-05-08,20543.400390625,20543.400390625,20747.279296875,20543.400390625,20559.650390625,2348100
2025-05-09,20915.0390625,20915.0390625,20915.0390625,20643.560546875,20690.80078125,2744700
2025-05-12,21129.5390625,21129.5390625,21176.130859375,20996.94921875,20996.94921875,2687300
2025-05-13,21330.140625,21330.140625,21626.279296875,21330.140625,21474.01953125,3601900
2025-05-14,21782.869140625,21782.869140625,21782.869140625,21552.419921875,21552.419921875,3656500
2025-05-15,21730.25,21730.25,21821.009765625,21674.3203125,21776.650390625,3543000
2025-05-16,21843.689453125,21843.689453125,21854.5,21697.849609375,21731.880859375,3714600
2025-05-19,21523.830078125,21523.830078125,21786.330078125,21496.689453125,21786.330078125,3401200
2025-05-20,21526.029296875,21526.029296875,21746.560546875,21517.099609375,21631.609375,2908900
2025-05-21,21803.91015625,21803.91015625,21879.240234375,21603.580078125,21603.580078125,3078500
2025-05-22,21670.9609375,21670.9609375,21733.8203125,21585.310546875,21733.8203125,3137400
2025-05-23,21652.240234375,21652.240234375,21798.880859375,21559.779296875,21766.240234375,3065000
2025-05-26,21536.5703125,21536.5703125,21688.44921875,21536.5703125,21577.640625,3105400
2025-05-27,21336.5390625,21336.5390625,21558.470703125,21310.0,21491.650390625,3512400
2025-05-28,21357.720703125,21357.720703125,21634.369140625,21305.73046875,21539.150390625,3647300
2025-05-29,21347.30078125,21347.30078125,21605.259765625,21347.30078125,21531.2890625,5081700
2025-06-02,21002.7109375,21002.7109375,21256.099609375,20940.98046875,21253.970703125,3805400
2025-06-03,21126.9296875,21126.9296875,21303.2109375,21110.630859375,21126.69921875,3739600
2025-06-04,21618.08984375,21618.08984375,21618.08984375,21341.439453125,21341.439453125,4061200
2025-06-05,21674.4296875,21674.4296875,21738.9296875,21626.740234375,21695.9296875,3521900
2025-06-06,21660.66015625,21660.66015625,21702.4609375,21606.69921875,21637.76953125,2964300
2025-06-09,21790.2890625,21790.2890625,21866.26953125,21717.51953125,21773.44921875,3035200
2025-06-10,22242.140625,22242.140625,22294.859375,21921.240234375,21921.240234375,3534000
2025-06-11,22470.099609375,22470.099609375,22470.099609375,22294.599609375,22376.369140625,3669800
2025-06-12,22287.8203125,22287.8203125,22390.169921875,22253.640625,22362.669921875,3060300
2025-06-13,22072.94921875,22072.94921875,22228.009765625,21984.359375,22215.5,3285000
2025-06-16,22049.900390625,22049.900390625,22094.599609375,21936.380859375,22058.5703125,2521300
2025-06-17,22211.58984375,22211.58984375,22331.689453125,22118.4609375,22172.58984375,3044000
2025-06-18,22356.73046875,22356.73046875,22370.25,22104.6796875,22135.830078125,3214600
2025-06-19,22003.5,22003.5,22249.400390625,21973.0390625,22238.099609375,3057900
2025-06-20,22045.740234375,22045.740234375,22089.48046875,21779.55078125,21960.509765625,4418300
2025-06-23,21732.01953125,21732.01953125,21801.3203125,21551.580078125,21750.69921875,3015300
2025-06-24,22188.759765625,22188.759765625,22201.05078125,22001.48046875,22001.48046875,3767600
2025-06-25,22430.609375,22430.609375,22444.509765625,22284.51953125,22341.869140625,3405900
2025-06-26,22492.33984375,22492.33984375,22587.669921875,22391.26953125,22425.390625,3685100
2025-06-27,22580.080078125,22580.080078125,22580.080078125,22388.58984375,22503.849609375,3454100
2025-06-30,22256.01953125,22256.01953125,22558.94921875,22256.01953125,22508.330078125,3443500
2025-07-01,22553.720703125,22553.720703125,22730.759765625,22401.580078125,22419.740234375,3676400
2025-07-02,22577.740234375,22577.740234375,22577.740234375,22396.259765625,22463.55078125,2897200
2025-07-03,22712.970703125,22712.970703125,22816.19921875,22700.859375,22707.41015625,3368000
2025-07-04,22547.5,22547.5,22842.75,22500.970703125,22756.55078125,3270200
2025-07-07,22428.720703125,22428.720703125,22550.5,22294.109375,22550.140625,2570300
2025-07-08,22362.26953125,22362.26953125,22375.650390625,22190.4609375,22375.650390625,2661400
2025-07-09,22527.009765625,22527.009765625,22527.009765625,22211.099609375,22253.169921875,2907300
2025-07-10,22693.25,22693.25,22699.2890625,22513.349609375,22566.509765625,2829400
2025-07-11,22751.029296875,22751.029296875,22770.009765625,22601.94921875,22602.810546875,4446700
2025-07-14,22614.970703125,22614.970703125,22735.23046875,22525.66015625,22679.1796875,2557300
2025-07-15,22835.939453125,22835.939453125,22888.23046875,22588.259765625,22618.4296875,2696000
2025-07-16,23042.900390625,23042.900390625,23106.4296875,22923.119140625,22967.509765625,3171200
2025-07-17,23113.279296875,23113.279296875,23159.5390625,22923.369140625,23042.970703125,3078000
2025-07-18,23383.130859375,23383.130859375,23468.2109375,23276.01953125,23345.720703125,2995200
2025-07-21,23340.560546875,23340.560546875,23403.830078125,23243.7890625,23314.2890625,2784300
2025-07-22,22987.919921875,22987.919921875,23486.080078125,22985.900390625,23301.66015625,3764700
2025-07-23,23318.669921875,23318.669921875,23318.669921875,23063.5703125,23063.5703125,3346500
2025-07-24,23373.73046875,23373.73046875,23455.08984375,23295.310546875,23373.669921875,3659600
2025-07-25,23364.380859375,23364.380859375,23485.560546875,23308.44921875,23454.58984375,2946900
2025-07-28,23412.98046875,23412.98046875,23564.439453125,23350.73046875,23477.099609375,3255000
2025-07-29,23201.51953125,23201.51953125,23422.169921875,23094.669921875,23414.359375,3565200
2025-07-30,23461.720703125,23461.720703125,23461.720703125,23264.640625,23288.720703125,3352200
2025-07-31,23542.51953125,23542.51953125,23631.109375,23454.439453125,23523.58984375,3757100
2025-08-01,23434.380859375,23434.380859375,23484.2109375,23168.26953125,23318.369140625,3402400
2025-08-04,23378.939453125,23378.939453125,23378.939453125,23151.650390625,23260.1796875,3191500
2025-08-05,23660.58984375,23660.58984375,23671.83984375,23498.400390625,23498.400390625,3421400
2025-08-06,23447.359375,23447.359375,23557.490234375,23433.529296875,23443.359375,3264600
2025-08-07,24003.76953125,24003.76953125,24050.5390625,23717.349609375,23717.349609375,3487700
2025-08-08,24021.259765625,24021.259765625,24131.4609375,23967.990234375,24026.650390625,3790600
2025-08-11,24135.5,24135.5,24249.05078125,23887.25,23980.390625,3851900
2025-08-12,24158.359375,24158.359375,24263.919921875,24065.4296875,24182.83984375,4193700
2025-08-13,24370.01953125,24370.01953125,24406.939453125,24172.189453125,24232.0390625,4867300
2025-08-14,24238.099609375,24238.099609375,24389.509765625,24198.880859375,24258.5,4491700
2025-08-15,24334.48046875,24334.48046875,24385.560546875,24164.4296875,24266.23046875,4491700
2025-08-18,24482.51953125,24482.51953125,24515.650390625,24257.30078125,24272.55078125,4745200
2025-08-19,24353.5,24353.5,24551.419921875,24324.2890625,24493.919921875,4734800
2025-08-20,23625.439453125,23625.439453125,24309.26953125,23620.240234375,24309.26953125,4336000
2025-08-21,23962.130859375,23962.130859375,24011.5,23739.830078125,23739.830078125,3924400
2025-08-22,23764.470703125,23764.470703125,24071.650390625,23764.470703125,24033.01953125,3633100
2025-08-25,24277.380859375,24277.380859375,24362.01953125,24108.75,24108.810546875,3818800
2025-08-26,24305.099609375,24305.099609375,24382.419921875,24113.029296875,24237.359375,5104500
2025-08-27,24519.900390625,24519.900390625,24539.880859375,24410.080078125,24449.810546875,4022200
2025-08-28,24236.44921875,24236.44921875,24502.369140625,24236.44921875,24468.119140625,4093700
2025-08-29,24233.099609375,24233.099609375,24570.150390625,24233.099609375,24438.029296875,4230800
2025-09-01,24071.73046875,24071.73046875,24312.830078125,23885.41015625,24143.369140625,3978800
2025-09-02,24016.779296875,24016.779296875,24295.029296875,23890.330078125,24113.900390625,3621600
2025-09-03,24100.30078125,24100.30078125,24103.23046875,23925.490234375,24036.880859375,3208300
2025-09-04,24179.849609375,24179.849609375,24389.349609375,24168.16015625,24235.26953125,4098500
2025-09-05,24494.580078125,24494.580078125,24494.580078125,24244.259765625,24244.259765625,3935800
2025-09-08,24547.380859375,24547.380859375,24729.9609375,24547.380859375,24610.849609375,4221200
2025-09-09,24855.1796875,24855.1796875,24880.0703125,24650.4609375,24650.4609375,4235300
2025-09-10,25192.58984375,25192.58984375,25272.23046875,25032.880859375,25032.880859375,4503300
2025-09-11,25215.7109375,25215.7109375,25541.439453125,25174.130859375,25509.30078125,5159400
2025-09-12,25474.640625,25474.640625,25492.279296875,25349.69921875,25349.69921875,4362700
2025-09-15,25357.16015625,25357.16015625,25519.939453125,25284.169921875,25494.099609375,3734300
2025-09-16,25629.640625,25629.640625,25664.810546875,25335.4609375,25335.4609375,4224500
2025-09-17,25438.25,25438.25,25632.0703125,25422.9609375,25543.91015625,4404600
2025-09-18,25769.359375,25769.359375,25769.359375,25475.25,25543.169921875,4746200
2025-09-19,25578.369140625,25578.369140625,25864.009765625,25578.369140625,25794.66015625,6041400
2025-09-22,25880.599609375,25880.599609375,25887.689453125,25599.599609375,25599.599609375,4316700
2025-09-23,26247.369140625,26247.369140625,26307.30078125,26041.689453125,26121.0,4775000
2025-09-24,26196.73046875,26196.73046875,26394.029296875,26045.470703125,26389.16015625,4309500
2025-09-25,26023.849609375,26023.849609375,26247.849609375,26023.849609375,26067.970703125,5318500
2025-09-26,25580.3203125,25580.3203125,25998.279296875,25469.0390625,25998.279296875,4370400
2025-09-30,25820.5390625,25820.5390625,25975.83984375,25738.310546875,25738.310546875,3601000
2025-10-01,25982.91015625,25982.91015625,26325.7890625,25982.91015625,26078.2890625,4127200
2025-10-02,26378.390625,26378.390625,26489.7890625,26330.25,26392.310546875,4331900
2025-10-03,26761.060546875,26761.060546875,26761.060546875,26410.029296875,26435.099609375,3947400
2025-10-07,27211.94921875,27211.94921875,27301.419921875,27017.080078125,27029.279296875,4714200
2025-10-08,27063.6796875,27063.6796875,27110.4296875,26883.990234375,26999.8203125,4475000
2025-10-09,27301.919921875,27301.919921875,27463.119140625,27253.0703125,27301.609375,5551400
2025-10-13,26923.419921875,26923.419921875,26965.720703125,26470.439453125,26762.599609375,4848200
2025-10-14,26793.150390625,26793.150390625,27507.16015625,26764.060546875,27282.099609375,6407700
2025-10-15,27275.7109375,27275.7109375,27275.7109375,26773.150390625,26911.05078125,4438300
2025-10-16,27647.869140625,27647.869140625,27732.779296875,27337.3203125,27337.3203125,4657900
2025-10-17,27302.369140625,27302.369140625,27513.08984375,27302.369140625,27399.91015625,4488400
2025-10-20,27688.630859375,27688.630859375,27768.26953125,27412.44921875,27480.439453125,4283400
2025-10-21,27752.41015625,27752.41015625,27969.05078125,27742.55078125,27742.55078125,4293000
2025-10-22,27648.91015625,27648.91015625,27725.830078125,27490.890625,27614.109375,3944200
2025-10-23,27532.259765625,27532.259765625,27586.849609375,27371.669921875,27457.0703125,3819800
2025-10-27,27993.630859375,27993.630859375,28196.330078125,27993.630859375,28029.880859375,4954700
2025-10-28,27949.109375,27949.109375,28087.9296875,27885.619140625,28041.009765625,5011300
2025-10-29,28294.740234375,28294.740234375,28395.310546875,28139.650390625,28157.91015625,5040500
2025-10-30,28287.529296875,28287.529296875,28527.6796875,28116.599609375,28350.240234375,5137600
2025-10-31,28233.349609375,28233.349609375,28489.759765625,28233.349609375,28280.470703125,4459700
2025-11-03,28334.58984375,28334.58984375,28494.990234375,28150.44921875,28253.529296875,3968500
2025-11-04,28116.560546875,28116.560546875,28554.609375,28033.619140625,28364.759765625,4218000
2025-11-05,27717.060546875,27717.060546875,27799.08984375,27373.05078125,27785.91015625,4085800
2025-11-06,27899.44921875,27899.44921875,28061.529296875,27879.69921875,27906.439453125,4125700
2025-11-07,27651.41015625,27651.41015625,27818.5390625,27621.48046875,27818.5390625,4344700
2025-11-10,27869.509765625,27869.509765625,27976.890625,27680.509765625,27805.470703125,4157600
2025-11-11,27784.94921875,27784.94921875,28187.69921875,27784.94921875,28031.5390625,5302400
2025-11-12,27947.08984375,27947.08984375,28071.759765625,27799.919921875,27853.470703125,5291300
2025-11-13,27903.560546875,27903.560546875,28038.240234375,27811.810546875,27867.58984375,6572900
2025-11-14,27397.5,27397.5,27816.44921875,27383.33984375,27816.44921875,5171300
2025-11-17,27447.310546875,27447.310546875,27723.76953125,27447.310546875,27600.740234375,4781900
2025-11-18,26756.119140625,26756.119140625,27310.400390625,26756.119140625,27310.400390625,5433000
2025-11-19,26580.119140625,26580.119140625,26902.970703125,26580.119140625,26708.279296875,4448000
2025-11-20,27426.359375,27426.359375,27493.630859375,27183.029296875,27212.91015625,4862100
2025-11-21,26434.939453125,26434.939453125,26821.970703125,26395.98046875,26821.970703125,4006000
2025-11-24,26504.240234375,26504.240234375,26764.130859375,26482.330078125,26596.029296875,6156100
2025-11-25,26912.169921875,26912.169921875,27118.01953125,26793.7109375,26995.900390625,3724900
2025-11-26,27409.5390625,27409.5390625,27409.5390625,27063.169921875,27063.169921875,4016500
2025-11-27,27554.529296875,27554.529296875,27659.060546875,27436.58984375,27517.240234375,3621100
2025-11-28,27626.48046875,27626.48046875,27796.900390625,27566.119140625,27566.119140625,3953500
2025-12-01,27342.529296875,27342.529296875,27697.060546875,27342.529296875,27674.16015625,3774100
2025-12-02,27564.26953125,27564.26953125,27741.890625,27477.099609375,27550.349609375,4210100
2025-12-03,27793.0390625,27793.0390625,27847.669921875,27605.630859375,27605.630859375,3769000
2025-12-04,27795.7109375,27795.7109375,27880.23046875,27636.630859375,27773.419921875,3599700
2025-12-05,27980.890625,27980.890625,27980.890625,27738.5,27796.4296875,3817000
2025-12-08,28303.779296875,28303.779296875,28303.779296875,28026.390625,28034.0,4068700
2025-12-09,28182.599609375,28182.599609375,28390.240234375,28157.26953125,28364.0390625,4898300
2025-12-10,28400.73046875,28400.73046875,28417.08984375,28190.759765625,28190.759765625,4773000
2025-12-11,28024.75,28024.75,28568.01953125,27984.189453125,28385.23046875,4248000
2025-12-12,28198.01953125,28198.01953125,28272.060546875,28071.33984375,28097.5390625,4802600
2025-12-15,27866.939453125,27866.939453125,28119.7890625,27684.869140625,28119.7890625,4157000
2025-12-16,27536.66015625,27536.66015625,27740.66015625,27355.669921875,27721.099609375,5140200
2025-12-17,27525.169921875,27525.169921875,27780.689453125,27469.599609375,27596.1796875,5499500
2025-12-18,27468.529296875,27468.529296875,27569.439453125,27350.76953125,27447.44921875,4799900
2025-12-19,27696.349609375,27696.349609375,27869.779296875,27672.05078125,27685.740234375,5627700
2025-12-22,28149.640625,28149.640625,28168.75,27986.66015625,27986.66015625,5026500
2025-12-23,28310.470703125,28310.470703125,28350.369140625,28212.83984375,28253.140625,4559700
2025-12-24,28371.98046875,28371.98046875,28486.380859375,28280.58984375,28383.609375,4612900
2025-12-26,28556.01953125,28556.01953125,28590.91015625,28404.33984375,28443.48046875,4511200
2025-12-29,28810.890625,28810.890625,28841.640625,28595.349609375,28662.7890625,4440500
2025-12-30,28707.130859375,28707.130859375,28833.029296875,28553.640625,28723.8203125,5135300
2025-12-31,28963.599609375,28963.599609375,29009.810546875,28687.900390625,28723.490234375,5689400
2026-01-02,29349.810546875,29349.810546875,29363.4296875,29007.75,29016.6796875,5945900
2026-01-05,30105.0390625,30105.0390625,30339.3203125,29779.69921875,29779.69921875,6274000
2026-01-06,30576.30078125,30576.30078125,30576.30078125,29933.650390625,29933.650390625,6867900
2026-01-07,30435.470703125,30435.470703125,30570.259765625,30306.16015625,30412.3203125,8350800
2026-01-08,30360.55078125,30360.55078125,30593.490234375,30268.359375,30330.580078125,8283300
2026-01-09,30288.9609375,30288.9609375,30500.419921875,29925.490234375,30370.44921875,6518900
2026-01-12,30567.2890625,30567.2890625,30681.990234375,30472.69921875,30472.69921875,5720700
2026-01-13,30707.220703125,30707.220703125,30973.849609375,30529.330078125,30630.859375,6687400
2026-01-14,30941.779296875,30941.779296875,30994.810546875,30742.529296875,30742.529296875,6046100
2026-01-15,30810.580078125,30810.580078125,30877.310546875,30663.869140625,30746.98046875,6569600
2026-01-16,31408.69921875,31408.69921875,31475.220703125,30844.630859375,30844.630859375,7323000
2026-01-19,31639.2890625,31639.2890625,31827.390625,31285.529296875,31336.76953125,7864700
2026-01-20,31759.990234375,31759.990234375,31759.990234375,31340.099609375,31584.33984375,7884000
2026-01-21,31246.369140625,31246.369140625,31749.140625,31200.759765625,31749.140625,8417100
2026-01-22,31746.080078125,31746.080078125,31890.619140625,31371.130859375,31371.130859375,7642300
2026-01-23,31961.509765625,31961.509765625,32042.439453125,31693.150390625,31788.76953125,7178200
2026-01-26,32064.51953125,32064.51953125,32196.75,31989.859375,32002.560546875,6470200
2026-01-27,32317.919921875,32317.919921875,32428.169921875,32095.080078125,32095.080078125,7511200
2026-01-28,32803.8203125,32803.8203125,32803.8203125,32381.759765625,32381.759765625,7408400
2026-01-29,32536.26953125,32536.26953125,32996.03125,32472.44921875,32828.01953125,7939900
2026-01-30,32063.75,32063.75,32555.51953125,32004.9609375,32555.51953125,8004400
2026-02-02,31624.029296875,31624.029296875,32008.4609375,31359.94921875,32008.4609375,6128700
2026-02-03,32195.359375,32195.359375,32293.830078125,31737.66015625,31737.66015625,6083600
2026-02-04,32289.810546875,32289.810546875,32380.0,31942.279296875,32196.5703125,5481900
2026-02-05,31801.26953125,31801.26953125,32241.640625,31769.080078125,32241.640625,5843100
2026-02-06,31782.919921875,31782.919921875,31842.619140625,31164.279296875,31746.439453125,5482300
2026-02-09,32404.619140625,32404.619140625,32666.05078125,31956.2109375,31956.2109375,4854000
2026-02-10,33072.96875,33072.96875,33072.96875,32439.7109375,32439.7109375,4429000
2026-02-11,33605.7109375,33605.7109375,33707.828125,33071.671875,33086.1484375,5334200
2026-02-23,33773.26171875,33773.26171875,34212.37890625,33663.01953125,33663.01953125,6847600
2026-02-24,34700.8203125,34700.8203125,34786.421875,33987.51171875,34020.7109375,6653800
2026-02-25,35413.0703125,35413.0703125,35521.5390625,34753.30859375,34753.30859375,8280600
2026-02-26,35414.48828125,35414.48828125,35579.33984375,35171.51953125,35457.76171875,8684700
2026-03-02,35095.08984375,35095.08984375,35345.71875,34605.359375,35277.48046875,7852100
2026-03-03,34323.6484375,34323.6484375,35264.58984375,34323.6484375,35106.21875,8829900
2026-03-04,32828.87890625,32828.87890625,34228.75,32828.87890625,34228.75,7817200
2026-03-05,33672.94140625,33672.94140625,34319.6796875,33472.91015625,33620.73828125,5789800
2026-03-06,33599.5390625,33599.5390625,33829.48828125,33322.51953125,33483.94140625,5479700
2026-03-09,32110.419921875,32110.419921875,32354.609375,31529.359375,32354.609375,6749000
2026-03-10,32771.87109375,32771.87109375,33256.69140625,32455.19921875,32692.369140625,6268300
2026-03-11,34114.19140625,34114.19140625,34218.66015625,33128.48828125,33128.48828125,5854600
2026-03-12,33581.859375,33581.859375,34019.48046875,33458.640625,33816.1484375,7553100
2026-03-13,33400.3203125,33400.3203125,33639.1796875,33013.4609375,33215.78125,6795000
2026-03-16,33342.51171875,33342.51171875,33765.80859375,33278.05859375,33541.25,6288500
2026-03-17,33836.5703125,33836.5703125,34008.69921875,33380.83984375,33380.83984375,6564400
2026-03-18,34348.578125,34348.578125,34423.66015625,33929.28125,33929.28125,7008700
2026-03-19,33689.6796875,33689.6796875,34279.12109375,33663.78125,34279.12109375,6675700
2026-03-20,33543.87890625,33543.87890625,33989.1796875,33379.23828125,33719.8515625,7825000
2026-03-23,32722.5,32722.5,33334.0,32461.08984375,33334.0,5505600
2026-03-24,32612.240234375,32612.240234375,33361.4609375,32434.5390625,33062.890625,5184200
2026-03-25,33439.109375,33439.109375,33705.75,32725.26953125,32725.26953125,4540400
2026-03-26,33337.62109375,33337.62109375,33892.55859375,33337.62109375,33575.6015625,5141000
2026-03-27,33112.58984375,33112.58984375,33267.25,32669.390625,33267.25,4967400
2026-03-30,32518.16015625,32518.16015625,33009.6796875,32326.369140625,33009.6796875,5026000
2026-03-31,31722.990234375,31722.990234375,32453.380859375,31705.990234375,32419.0,5862700
2026-04-01,33174.8203125,33174.8203125,33182.21875,31892.330078125,31892.330078125,4716000
2026-04-02,32572.4296875,32572.4296875,33497.578125,32516.939453125,33218.01953125,5332000
2026-04-07,33229.8203125,33229.8203125,33264.21875,32671.51953125,32671.51953125,4475300
2026-04-08,34761.37890625,34761.37890625,34761.37890625,33379.5,33379.5,5671700
2026-04-09,34861.16015625,34861.16015625,34884.44921875,34617.33984375,34779.9609375,6586300
2026-04-10,35417.828125,35417.828125,35417.828125,34950.87109375,34950.87109375,6752000
2026-04-13,35457.2890625,35457.2890625,35552.48828125,35261.73046875,35422.91015625,5566000
2026-04-14,36296.12109375,36296.12109375,36341.44140625,35584.08984375,35584.08984375,7184600
2026-04-15,36722.140625,36722.140625,37064.16015625,36369.109375,36369.109375,7050400
2026-04-16,37132.01953125,37132.01953125,37135.55078125,36751.08984375,36759.53125,6694200
2026-04-17,36804.33984375,36804.33984375,37145.66015625,36776.28125,37145.66015625,6808300
2026-04-20,36958.80078125,36958.80078125,37344.5,36850.23828125,36850.23828125,6458900
2026-04-21,37605.109375,37605.109375,37781.828125,37051.25,37051.25,6360500
2026-04-22,37878.46875,37878.46875,38096.87890625,37623.37890625,37627.19921875,6248000
2026-04-23,37714.1484375,37714.1484375,38921.94921875,37164.44140625,37971.69140625,8516700
2026-04-24,38932.3984375,38932.3984375,38989.94140625,37862.6484375,37862.6484375,5653800
2026-04-27,39616.62890625,39616.62890625,40194.921875,39607.73828125,39858.19140625,5805300
2026-04-28,39521.73046875,39521.73046875,40101.23046875,39521.73046875,39531.9296875,5020400
2026-04-29,39303.5,39303.5,39548.1796875,38896.30078125,39176.23828125,5009300
2026-04-30,38926.62890625,38926.62890625,39848.21875,38926.62890625,39571.4609375,5678600
2026-05-04,40705.140625,40705.140625,40755.51953125,39228.390625,39228.390625,5642100
2026-05-05,40769.2890625,40769.2890625,40885.05078125,40522.78125,40708.3984375,6050000
2026-05-06,41138.8515625,41138.8515625,41575.83984375,40616.28125,40983.0390625,8107500
2026-05-07,41933.78125,41933.78125,42156.05859375,41259.9609375,41259.9609375,7835100
2026-05-08,41603.94140625,41603.94140625,42038.6015625,41132.25,41886.03125,7818600
2026-05-11,41790.05859375,41790.05859375,42021.78125,41529.25,41714.0,6722000
2026-05-12,41898.3203125,41898.3203125,42253.421875,41471.5703125,41880.66015625,8332000
2026-05-13,41374.5,41374.5,41795.921875,41014.53125,41795.921875,8129100
2026-05-14,41751.75,41751.75,42205.62109375,41496.23046875,41496.23046875,7982100
2026-05-15,41172.359375,41172.359375,42408.66015625,41016.73046875,41830.421875,8185700
2026-05-18,40891.8203125,40891.8203125,41095.8203125,40170.171875,41095.8203125,6319000
2026-05-19,40175.55859375,40175.55859375,40951.55859375,40168.51171875,40883.421875,6548000
2026-05-20,40020.8203125,40020.8203125,40439.0390625,39967.078125,40204.16015625,6049500
2026-05-21,41368.2109375,41368.2109375,41606.91015625,40263.1796875,40263.1796875,6705300
2026-05-22,42267.96875,42267.96875,42357.6015625,41447.921875,41447.921875,7704200
2026-05-25,43644.3984375,43644.3984375,43645.78125,42667.87109375,42667.87109375,8500300
2026-05-26,43525.37109375,43525.37109375,44097.62890625,43349.76953125,43708.890625,11150100
2026-05-27,44256.80078125,44256.80078125,44818.25,43842.26171875,43842.26171875,10615800
2026-05-28,43636.44140625,43636.44140625,44954.08984375,43236.359375,44240.80078125,10946500
2026-05-29,44732.94140625,44732.94140625,44933.94921875,43815.48046875,43815.48046875,12618300
2026-06-01,45337.91015625,45337.91015625,45931.1015625,44872.8203125,44872.8203125,9887600
2026-06-02,45557.30859375,45557.30859375,45915.921875,44869.37890625,45388.9296875,11590000
2026-06-03,46459.16015625,46459.16015625,46552.16015625,45660.4609375,45660.4609375,11629900
2026-06-04,45677.4609375,45677.4609375,46364.0703125,45677.4609375,46364.0703125,10148400
2026-06-05,45070.94140625,45070.94140625,45619.8203125,44209.53125,45619.8203125,8445300
2026-06-08,43502.78125,43502.78125,44507.48828125,42376.859375,44507.48828125,6465800
2026-06-09,44704.44140625,44704.44140625,44821.7109375,43687.62109375,43687.62109375,7468300
2026-06-10,43225.5390625,43225.5390625,44676.48828125,43225.5390625,44581.44921875,7804700
2026-06-11,43149.4609375,43149.4609375,43463.03125,42006.390625,43172.2109375,6756200
2026-06-12,44169.0390625,44169.0390625,44798.87890625,43587.62890625,43587.62890625,6583000
2026-06-15,45396.98828125,45396.98828125,45483.62890625,44447.87109375,44447.87109375,6161900
2026-06-16,45809.19140625,45809.19140625,45809.19140625,45266.33984375,45500.078125,6574400
2026-06-17,45877.390625,45877.390625,45877.390625,45159.51171875,45685.26953125,6992700
2026-06-18,46465.19921875,46465.19921875,46565.69921875,45972.26171875,45972.26171875,9801100
2026-06-22,47741.51171875,47741.51171875,47871.19140625,46679.5703125,46679.5703125,8634300
2026-06-23,47100.6484375,47100.6484375,48218.87109375,47100.6484375,47795.08984375,9602200
2026-06-24,46043.6015625,46043.6015625,46909.98046875,45819.7109375,46909.98046875,8877500
2026-06-25,46255.26171875,46255.26171875,46785.44921875,46048.69921875,46339.6796875,7621600
2026-06-26,44571.76171875,44571.76171875,46188.6015625,44454.21875,46188.6015625,7695600
2026-06-29,44999.8984375,44999.8984375,45521.62890625,44594.80859375,44594.80859375,6052400
2026-06-30,46125.91015625,46125.91015625,46637.859375,45165.80078125,45165.80078125,7182400
2026-07-01,47018.98828125,47018.98828125,47293.1015625,46234.69921875,46234.69921875,8429000
2026-07-02,46744.16015625,46744.16015625,46910.30859375,45981.890625,46833.890625,6148400
2026-07-03,46780.62109375,46780.62109375,46948.828125,45880.69140625,46545.140625,6606400
2026-07-06,46556.390625,46556.390625,47395.30078125,46431.37890625,46897.1796875,7246000
2026-07-07,45479.109375,45479.109375,46967.0390625,45432.01953125,46537.33984375,7141700
2026-07-08,45734.41015625,45734.41015625,45837.12109375,45036.640625,45524.69140625,5691300
2026-07-09,45354.609375,45354.609375,46064.05859375,45352.41015625,45805.62109375,5765500
2026-07-13,45380.51953125,45380.51953125,46330.91015625,45272.8984375,45500.3203125,6161200
2026-07-14,44737.94921875,44737.94921875,45364.3984375,43654.0390625,45364.3984375,6654600
2026-07-15,45631.58984375,45631.58984375,45881.91015625,44850.69140625,44850.69140625,5330100
2026-07-16,45624.98046875,45624.98046875,45855.01953125,44970.640625,45511.98046875,5267400
2026-07-17,42671.26953125,42671.26953125,45234.078125,42671.26953125,45234.078125,6385100
2026-07-20,42449.69921875,42449.69921875,43084.51171875,41967.75,42793.1484375,5678000
2026-07-21,44232.87109375,44232.87109375,44232.87109375,42566.9296875,42566.9296875,4764300
2026-07-22,44825.78125,44825.78125,45323.75,44513.75,44513.75,5389000
2026-07-23,44850.80859375,44850.80859375,45089.8203125,44340.76171875,44899.0390625,5159100
2026-07-24,43654.83984375,43654.83984375,44769.390625,43607.3984375,44769.390625,4337700
2026-07-27,43634.19140625,43634.19140625,43686.1484375,42969.48046875,43585.921875,4260000
2026-07-28,41603.359375,41603.359375,43221.9296875,41565.0,43221.9296875,4492500
2026-07-29,40039.1796875,40039.1796875,41698.390625,39384.8515625,41491.48046875,6323100
2026-07-30,39933.30078125,39933.30078125,41155.421875,39404.6484375,40048.94140625,5907800
2026-07-31,43119.75,43119.75,43214.359375,41610.41015625,41610.41015625,4859500
