日期,賣權成交量,買權成交量,買賣權成交量比率%,賣權未平倉量,買權未平倉量,買賣權未平倉量比率%
2001/12/31,397,322,123.29,941,1409,66.78
2001/12/28,262,303,86.47,680,1385,49.10
2001/12/27,242,384,63.02,555,1323,41.95
2001/12/26,270,579,46.63,414,1181,35.06
2001/12/25,172,786,21.88,221,892,24.78
2001/12/24,275,1145,24.02,90,683,13.18
2002/01/31,225,313,71.88,2241,2795,80.18
2002/01/30,457,704,64.91,2233,2760,80.91
2002/01/29,466,594,78.45,2174,2409,90.24
2002/01/28,315,364,86.54,2125,2294,92.63
2002/01/25,400,410,97.56,2008,2198,91.36
2002/01/24,420,331,126.89,1824,2140,85.23
2002/01/23,530,545,97.25,1664,2001,83.16
2002/01/22,353,330,106.97,1378,1908,72.22
2002/01/21,611,775,78.84,1169,1831,63.84
2002/01/18,162,299,54.18,943,1520,62.04
2002/01/17,179,651,27.50,861,1407,61.19
2002/01/16,383,268,142.91,722,1131,63.84
2002/01/15,261,436,59.86,2371,2920,81.20
2002/01/14,332,275,120.73,2337,2747,85.07
2002/01/11,462,565,81.77,2310,2672,86.45
2002/01/10,616,350,176.00,2203,2306,95.53
2002/01/09,509,328,155.18,2039,2125,95.95
2002/01/08,296,285,103.86,1810,2015,89.83
2002/01/07,292,409,71.39,1683,1850,90.97
2002/01/04,342,305,112.13,1512,1737,87.05
2002/01/03,405,310,130.65,1277,1699,75.16
2002/01/02,206,291,70.79,1072,1556,68.89
2002/02/27,594,1515,39.21,2748,3360,81.79
2002/02/26,872,1006,86.68,2641,2727,96.85
2002/02/25,628,414,151.69,1988,1962,101.33
2002/02/22,486,669,72.65,1577,1714,92.01
2002/02/21,494,460,107.39,1175,1286,91.37
2002/02/20,1015,570,178.07,787,986,79.82
2002/02/19,320,723,44.26,2508,3191,78.60
2002/02/18,257,774,33.20,2353,2825,83.29
2002/02/06,267,345,77.39,2275,2835,80.25
2002/02/05,273,335,81.49,2226,2818,78.99
2002/02/04,261,183,142.62,2194,2768,79.26
2002/02/01,178,362,49.17,2223,2765,80.40
2002/03/29,449,894,50.22,3390,3536,95.87
2002/03/28,387,538,71.93,3064,3132,97.83
2002/03/27,527,751,70.17,2919,2936,99.42
2002/03/26,387,682,56.74,2716,2660,102.11
2002/03/25,595,413,144.07,2452,2316,105.87
2002/03/22,755,851,88.72,2120,2149,98.65
2002/03/21,830,749,110.81,1729,1470,117.62
2002/03/20,992,812,122.17,1182,869,136.02
2002/03/19,682,1054,64.71,5228,4137,126.37
2002/03/18,884,834,106.00,5049,4233,119.28
2002/03/15,710,721,98.47,4853,4211,115.25
2002/03/14,721,575,125.39,4726,4207,112.34
2002/03/13,590,631,93.50,4579,4073,112.42
2002/03/12,263,381,69.03,4303,3825,112.50
2002/03/11,439,795,55.22,4177,3715,112.44
2002/03/08,466,557,83.66,3957,3843,102.97
2002/03/07,339,458,74.02,3788,3719,101.86
2002/03/06,688,712,96.63,3609,3670,98.34
2002/03/05,399,727,54.88,3442,3535,97.37
2002/03/04,675,968,69.73,3280,3501,93.69
2002/03/01,389,281,138.43,3028,3468,87.31
2002/04/30,1936,2791,69.37,7739,7906,97.89
2002/04/29,1393,1525,91.34,7621,7491,101.74
2002/04/26,1024,2686,38.12,7258,6984,103.92
2002/04/25,987,1838,53.70,6902,5261,131.19
2002/04/24,1220,644,189.44,6379,4268,149.46
2002/04/23,1622,817,198.53,5667,3909,144.97
2002/04/22,643,1111,57.88,4868,3588,135.67
2002/04/19,1234,564,218.79,4394,3131,140.34
2002/04/18,771,717,107.53,3645,2845,128.12
2002/04/17,1134,1730,65.55,3271,2319,141.05
2002/04/16,573,742,77.22,6561,5281,124.24
2002/04/15,666,1198,55.59,6141,5191,118.30
2002/04/12,1450,1274,113.81,5763,5003,115.19
2002/04/11,735,460,159.78,5109,4624,110.49
2002/04/10,1103,1131,97.52,4715,4437,106.27
2002/04/09,596,1114,53.50,4300,4153,103.54
2002/04/08,371,836,44.38,4216,3757,112.22
2002/04/04,556,790,70.38,4069,3786,107.47
2002/04/03,546,1419,38.48,3996,3834,104.23
2002/04/02,581,574,101.22,3752,3793,98.92
2002/04/01,415,396,104.80,3516,3760,93.51
2002/05/31,1152,1340,85.97,10785,9885,109.10
2002/05/30,2405,2066,116.41,10907,9448,115.44
2002/05/29,1537,1708,89.99,10308,9541,108.04
2002/05/28,2137,1730,123.53,9902,8971,110.38
2002/05/27,1701,1791,94.97,9234,8439,109.42
2002/05/24,2258,1853,121.86,8717,8045,108.35
2002/05/23,1181,1487,79.42,7669,7977,96.14
2002/05/22,2101,2594,80.99,7112,7567,93.99
2002/05/21,2589,1823,142.02,6575,7062,93.10
2002/05/20,2360,2025,116.54,6206,6343,97.84
2002/05/17,877,1070,81.96,5525,5748,96.12
2002/05/16,1480,1194,123.95,5167,5348,96.62
2002/05/15,1628,2758,59.03,4583,4810,95.28
2002/05/14,1113,1190,93.53,10205,15375,66.37
2002/05/13,1099,1123,97.86,9637,15305,62.97
2002/05/10,1471,2235,65.82,9326,14976,62.27
2002/05/09,1237,2511,49.26,9141,14681,62.26
2002/05/08,1462,2364,61.84,8950,14744,60.70
2002/05/07,1955,1788,109.34,8531,13854,61.58
2002/05/06,1863,3774,49.36,8096,12732,63.59
2002/05/03,2116,3211,65.90,7631,10605,71.96
2002/05/02,2522,3534,71.36,7967,9095,87.60
2002/06/28,1368,2608,52.45,8927,15354,58.14
2002/06/27,2388,3807,62.73,8479,14958,56.69
2002/06/26,3267,6331,51.60,7259,13189,55.04
2002/06/25,2047,3103,65.97,6753,10021,67.39
2002/06/24,1910,2581,74.00,5939,8604,69.03
2002/06/21,1714,2511,68.26,5189,7472,69.45
2002/06/20,2102,3112,67.54,4432,6856,64.64
2002/06/19,3256,2633,123.66,3118,4849,64.30
2002/06/18,1224,1982,61.76,11497,14580,78.85
2002/06/17,1384,2028,68.24,11454,14682,78.01
2002/06/14,1244,2224,55.94,11216,14610,76.77
2002/06/13,2261,3666,61.67,11221,14342,78.24
2002/06/12,1088,1435,75.82,10578,14548,72.71
2002/06/11,2120,2062,102.81,10591,14111,75.05
2002/06/10,1256,1696,74.06,10376,13189,78.67
2002/06/07,3537,3377,104.74,10295,13252,77.69
2002/06/06,1061,1452,73.07,11040,11321,97.52
2002/06/05,1552,1653,93.89,10763,11199,96.11
2002/06/04,1498,1375,108.95,10441,11281,92.55
2002/06/03,1866,1847,101.03,10523,10705,98.30
2002/07/31,1231,1930,63.78,10529,14546,72.38
2002/07/30,2437,3584,68.00,10054,13733,73.21
2002/07/29,2045,3517,58.15,9109,13665,66.66
2002/07/26,3738,5773,64.75,8015,12629,63.47
2002/07/25,1765,2659,66.38,7441,9549,77.92
2002/07/24,1665,2041,81.58,7015,8791,79.80
2002/07/23,1704,2228,76.48,6911,7988,86.52
2002/07/22,1827,1588,115.05,6544,7306,89.57
2002/07/19,1402,1954,71.75,5808,6627,87.64
2002/07/18,1212,1901,63.76,5339,5824,91.67
2002/07/17,2577,2309,111.61,4764,4961,96.03
2002/07/16,1801,3294,54.68,16065,20102,79.92
2002/07/15,1464,2310,63.38,15941,19727,80.81
2002/07/12,3700,5911,62.60,15409,19633,78.49
2002/07/11,2518,2639,95.41,14893,20163,73.86
2002/07/10,2284,3348,68.22,14576,19623,74.28
2002/07/09,2349,1938,121.21,14176,18626,76.11
2002/07/08,2205,3906,56.45,13254,18467,71.77
2002/07/05,2965,3074,96.45,13016,18508,70.33
2002/07/04,2647,3064,86.39,12096,18537,65.25
2002/07/03,4083,3812,107.11,10932,18385,59.46
2002/07/02,2099,2542,82.57,9886,17207,57.45
2002/07/01,2889,4114,70.22,9253,16094,57.49
2002/08/30,2825,2289,123.42,15018,13399,112.08
2002/08/29,2105,2892,72.79,13634,12392,110.02
2002/08/28,3094,2463,125.62,13122,11421,114.89
2002/08/27,2321,2561,90.63,12108,10683,113.34
2002/08/26,2060,1915,107.57,11646,9621,121.05
2002/08/23,2059,2665,77.26,11070,9183,120.55
2002/08/22,2447,2416,101.28,10096,8253,122.33
2002/08/21,2085,2625,79.43,8537,6876,124.16
2002/08/20,2368,3183,74.40,19269,20908,92.16
2002/08/19,1626,2561,63.49,18822,20939,89.89
2002/08/16,1982,2447,81.00,18699,20549,91.00
2002/08/15,3810,4010,95.01,17863,20641,86.54
2002/08/14,2699,2237,120.65,16727,21214,78.85
2002/08/13,1843,1819,101.32,16122,20740,77.73
2002/08/12,1458,1681,86.73,15643,20734,75.45
2002/08/09,3194,4540,70.35,15294,20758,73.68
2002/08/08,2171,2771,78.35,14338,21309,67.29
2002/08/07,2182,3484,62.63,13739,20062,68.48
2002/08/06,4101,4143,98.99,13012,19873,65.48
2002/08/05,3016,5138,58.70,11037,17927,61.57
2002/08/02,2100,2796,75.11,11226,15963,70.33
2002/08/01,787,1490,52.82,10811,15074,71.72
2002/09/30,4289,5554,77.22,16897,20169,83.78
2002/09/27,3341,3567,93.66,15831,18815,84.14
2002/09/26,2828,3547,79.73,15141,17609,85.98
2002/09/25,6044,4089,147.81,14042,16603,84.58
2002/09/24,2186,2671,81.84,12382,14850,83.38
2002/09/23,2499,3106,80.46,11940,13850,86.21
2002/09/20,3186,4105,77.61,11078,12762,86.80
2002/09/19,2533,3046,83.16,10014,10813,92.61
2002/09/18,3593,3447,104.24,8634,9297,92.87
2002/09/17,3770,4612,81.74,19508,24622,79.23
2002/09/16,3764,2559,147.09,18963,23840,79.54
2002/09/13,2060,1970,104.57,19446,23276,83.55
2002/09/12,1805,3369,53.58,18980,22723,83.53
2002/09/11,2404,2841,84.62,18545,21723,85.37
2002/09/10,3382,4317,78.34,17371,21076,82.42
2002/09/09,3206,4023,79.69,16985,20934,81.14
2002/09/05,3202,4095,78.19,17195,19691,87.32
2002/09/04,3001,4563,65.77,17002,17935,94.80
2002/09/03,4047,3596,112.54,16458,16510,99.69
2002/09/02,2695,3167,85.10,15321,14804,103.49
2002/10/31,4291,8067,53.19,24228,30222,80.17
2002/10/30,5996,7689,77.98,23336,29717,78.53
2002/10/29,3893,5082,76.60,22707,27885,81.43
2002/10/28,4048,7367,54.95,21228,25956,81.78
2002/10/25,4491,5864,76.59,20438,23811,85.83
2002/10/24,5189,6433,80.66,19289,22893,84.26
2002/10/23,6501,9374,69.35,17976,20756,86.61
2002/10/22,4862,6035,80.56,16940,19582,86.51
2002/10/21,2506,4241,59.09,15190,18009,84.35
2002/10/18,5323,7987,66.65,14204,16374,86.75
2002/10/17,5371,7184,74.76,12104,14503,83.46
2002/10/16,4991,9152,54.53,9229,12074,76.44
2002/10/15,6488,10493,61.83,20839,31428,66.31
2002/10/14,4006,4550,88.04,21554,32353,66.62
2002/10/11,6081,7938,76.61,20382,31701,64.29
2002/10/09,3257,5830,55.87,20045,29478,68.00
2002/10/08,2617,4957,52.79,19617,28169,69.64
2002/10/07,5288,4928,107.31,19655,26944,72.95
2002/10/04,3217,3566,90.21,19389,24598,78.82
2002/10/03,3250,4598,70.68,19060,23989,79.45
2002/10/02,2939,3956,74.29,18902,21928,86.20
2002/10/01,3006,3964,75.83,18254,21475,85.00
2002/11/29,4450,6883,64.65,22667,35737,63.43
2002/11/28,6173,8547,72.22,21688,34181,63.45
2002/11/27,7311,8264,88.47,20578,31966,64.37
2002/11/26,4513,7559,59.70,18956,29290,64.72
2002/11/25,5470,8021,68.20,17764,27185,65.34
2002/11/22,6906,9206,75.02,16274,24154,67.38
2002/11/21,6893,9526,72.36,13572,23128,58.68
2002/11/20,6456,9443,68.37,11425,18004,63.46
2002/11/19,5013,7765,64.56,37948,40760,93.10
2002/11/18,3757,7248,51.83,36158,39302,92.00
2002/11/15,7250,13454,53.89,35613,39386,90.42
2002/11/14,6111,9292,65.77,34428,41105,83.76
2002/11/13,5981,7254,82.45,34290,40322,85.04
2002/11/12,6328,6625,95.52,32907,38932,84.52
2002/11/11,7025,9905,70.92,32127,37225,86.30
2002/11/08,7857,8911,88.17,31839,34878,91.29
2002/11/07,7796,11715,66.55,29221,33700,86.71
2002/11/06,8394,15269,54.97,28747,31419,91.50
2002/11/05,5177,5898,87.78,28027,32842,85.34
2002/11/04,5581,9260,60.27,26185,31529,83.05
2002/11/01,5392,7881,68.42,25369,32592,77.84
2002/12/31,5152,9049,56.93,33828,47773,70.81
2002/12/30,7971,8596,92.73,32795,44731,73.32
2002/12/27,4906,5691,86.21,30847,43115,71.55
2002/12/26,8690,8450,102.84,30322,42013,72.17
2002/12/25,6712,7826,85.77,29490,39122,75.38
2002/12/24,4274,6795,62.90,28506,37729,75.55
2002/12/23,5103,5884,86.73,27225,36089,75.44
2002/12/20,7547,10217,73.87,25129,33746,74.47
2002/12/19,7910,10024,78.91,23305,29955,77.80
2002/12/18,10194,11448,89.05,20191,25324,79.73
2002/12/17,7648,9651,79.25,37807,60757,62.23
2002/12/16,9595,12240,78.39,36350,56865,63.92
2002/12/13,8575,9082,94.42,35116,52545,66.83
2002/12/12,8258,10421,79.24,35943,50775,70.79
2002/12/11,9497,12857,73.87,35257,49705,70.93
2002/12/10,8831,9749,90.58,33618,47459,70.84
2002/12/09,9578,11796,81.20,32964,45609,72.28
2002/12/06,8113,8050,100.78,32212,45196,71.27
2002/12/05,5415,5650,95.84,27761,41149,67.46
2002/12/04,5606,6602,84.91,27278,39481,69.09
2002/12/03,9392,12194,77.02,24986,37058,67.42
2002/12/02,5857,8279,70.75,23484,37719,62.26
2003/01/28,7127,10360,68.79,57609,53142,108.41
2003/01/27,13594,16832,80.76,55960,49432,113.21
2003/01/24,7287,15011,48.54,55597,42808,129.88
2003/01/23,12218,19083,64.03,53284,39939,133.41
2003/01/22,12228,10530,116.13,47385,36903,128.40
2003/01/21,10979,12936,84.87,42079,35227,119.45
2003/01/20,9998,10424,95.91,37179,32994,112.68
2003/01/17,10656,11579,92.03,32986,27719,119.00
2003/01/16,11395,11019,103.41,28020,23732,118.07
2003/01/15,12675,14296,88.66,21245,18079,117.51
2003/01/14,12188,18110,67.30,59842,40077,149.32
2003/01/13,13105,27046,48.45,56965,42317,134.61
2003/01/10,11285,16208,69.63,53110,46667,113.81
2003/01/09,9398,12603,74.57,47836,46203,103.53
2003/01/08,10700,21207,50.46,42759,45129,94.75
2003/01/07,9620,11725,82.05,41244,48563,84.93
2003/01/06,9211,12259,75.14,37507,47295,79.30
2003/01/03,12005,15765,76.15,34442,46676,73.79
2003/01/02,7496,7460,100.48,34700,48821,71.08
2003/02/27,13189,16830,78.37,41107,66287,62.01
2003/02/26,9844,12216,80.58,38831,59751,64.99
2003/02/25,15074,16616,90.72,36419,54873,66.37
2003/02/24,8587,13624,63.03,33924,49499,68.53
2003/02/21,8102,11224,72.18,31589,43829,72.07
2003/02/20,10993,16047,68.51,27227,38544,70.64
2003/02/19,12279,28117,43.67,20627,29689,69.48
2003/02/18,10642,16724,63.63,57645,99570,57.89
2003/02/17,13867,26218,52.89,55794,98059,56.90
2003/02/14,12269,15111,81.19,54989,96375,57.06
2003/02/13,17129,20305,84.36,55144,92289,59.75
2003/02/12,9791,15730,62.24,55487,86200,64.37
2003/02/11,11425,17105,66.79,54288,82615,65.71
2003/02/10,17403,23589,73.78,52944,77838,68.02
2003/02/07,24498,27176,90.15,53164,70129,75.81
2003/02/06,12644,21068,60.02,55492,60466,91.77
2003/03/31,26515,30957,85.65,57372,92523,62.01
2003/03/28,12892,16187,79.64,57539,83973,68.52
2003/03/27,12858,16287,78.95,54657,79222,68.99
2003/03/26,10935,13663,80.03,52558,75210,69.88
2003/03/25,15800,21074,74.97,47724,70295,67.89
2003/03/24,11239,15291,73.50,44728,60742,73.64
2003/03/21,12400,14568,85.12,40405,56257,71.82
2003/03/20,19683,32915,59.80,34151,48524,70.38
2003/03/19,19248,24719,77.87,25714,36379,70.68
2003/03/18,25639,42137,60.85,64372,96841,66.47
2003/03/17,18875,24809,76.08,59060,101735,58.05
2003/03/14,18675,33645,55.51,56398,97122,58.07
2003/03/13,22024,22317,98.69,54195,102275,52.99
2003/03/12,14765,19182,76.97,51033,102667,49.71
2003/03/11,22013,24941,88.26,49110,97568,50.33
2003/03/10,11920,19595,60.83,49264,90946,54.17
2003/03/07,18762,18037,104.02,50158,87869,57.08
2003/03/06,9105,11854,76.81,50245,82904,60.61
2003/03/05,11716,17235,67.98,48127,78106,61.62
2003/03/04,8490,11704,72.54,46810,73611,63.59
2003/03/03,12333,13846,89.07,45015,69637,64.64
2003/04/30,33497,45486,73.64,85162,147886,57.59
2003/04/29,34288,49732,68.95,81367,139317,58.40
2003/04/28,43106,48013,89.78,72604,131759,55.10
2003/04/25,36638,46669,78.51,76467,119794,63.83
2003/04/24,54907,51855,105.89,76074,100258,75.88
2003/04/23,14561,24418,59.63,72880,86601,84.16
2003/04/22,21801,26032,83.75,69243,78334,88.39
2003/04/21,18686,18762,99.59,63621,69383,91.70
2003/04/18,26840,30105,89.15,56662,63071,89.84
2003/04/17,18601,19076,97.51,46002,52708,87.28
2003/04/16,28996,52921,54.79,35554,43869,81.05
2003/04/15,15741,26074,60.37,103754,116380,89.15
2003/04/14,26961,29186,92.38,102184,111640,91.53
2003/04/11,19333,22961,84.20,100399,108362,92.65
2003/04/10,29253,32782,89.23,98693,104188,94.73
2003/04/09,16718,20954,79.78,93703,103174,90.82
2003/04/08,21403,32576,65.70,90662,98665,91.89
2003/04/07,28774,39692,72.49,84123,96637,87.05
2003/04/04,34122,44809,76.15,73730,95397,77.29
2003/04/03,15020,26014,57.74,66491,104301,63.75
2003/04/02,18829,23349,80.64,64136,101436,63.23
2003/04/01,19855,19818,100.19,60366,98279,61.42
2003/05/30,60194,76741,78.44,136315,97981,139.12
2003/05/29,26484,29531,89.68,122601,101109,121.26
2003/05/28,42185,51102,82.55,114052,97796,116.62
2003/05/27,27354,29373,93.13,104179,91524,113.83
2003/05/26,46426,53602,86.61,92499,83271,111.08
2003/05/23,38752,43128,89.85,79836,73819,108.15
2003/05/22,30515,28955,105.39,67386,64189,104.98
2003/05/21,29643,36751,80.66,55392,55223,100.31
2003/05/20,30414,39829,76.36,146569,197284,74.29
2003/05/19,31575,32157,98.19,144510,189430,76.29
2003/05/16,29674,39383,75.35,141095,183567,76.86
2003/05/15,25356,29824,85.02,134532,175412,76.69
2003/05/14,21108,24417,86.45,131028,171917,76.22
2003/05/13,35787,42897,83.43,128012,170276,75.18
2003/05/12,28063,32761,85.66,120738,170553,70.79
2003/05/09,31339,33936,92.35,114784,172208,66.65
2003/05/08,24013,29104,82.51,110149,169855,64.85
2003/05/07,27954,34414,81.23,106251,164998,64.40
2003/05/06,22730,27876,81.54,98782,163891,60.27
2003/05/05,21957,25895,84.79,93563,162431,57.60
2003/05/02,25742,33266,77.38,88603,156705,56.54
2003/06/30,20159,29333,68.72,135659,163251,83.10
2003/06/27,28619,43087,66.42,130801,154892,84.45
2003/06/26,21700,32620,66.52,125107,141011,88.72
2003/06/25,27733,32878,84.35,121220,132669,91.37
2003/06/24,43581,46433,93.86,116821,124223,94.04
2003/06/23,28239,37195,75.92,108454,106655,101.69
2003/06/20,36373,44797,81.20,98163,89645,109.50
2003/06/19,47827,42808,111.72,81249,68478,118.65
2003/06/18,49054,86718,56.57,62451,52599,118.73
2003/06/17,48679,72416,67.22,237167,111676,212.37
2003/06/16,39999,47582,84.06,232856,122497,190.09
2003/06/13,35169,42085,83.57,225338,121994,184.71
2003/06/12,49752,72115,68.99,215797,117019,184.41
2003/06/11,36827,50919,72.32,209887,126843,165.47
2003/06/10,37463,48162,77.79,198657,118883,167.10
2003/06/09,59506,74146,80.26,195975,117928,166.18
2003/06/06,40227,44679,90.04,187918,123874,151.70
2003/06/05,45217,63743,70.94,176028,115066,152.98
2003/06/03,38547,47079,81.88,165847,107329,154.52
2003/06/02,56765,77716,73.04,155297,100859,153.97
2003/07/31,32894,46254,71.12,139760,201213,69.46
2003/07/30,37262,54349,68.56,138545,188557,73.48
2003/07/29,47016,63041,74.58,137387,172145,79.81
2003/07/28,50174,62220,80.64,131202,152457,86.06
2003/07/25,26646,43349,61.47,124248,161984,76.70
2003/07/24,40049,67971,58.92,117963,156579,75.34
2003/07/23,29175,57107,51.09,111750,159397,70.11
2003/07/22,28759,47445,60.62,109472,148322,73.81
2003/07/21,28793,52872,54.46,106459,131754,80.80
2003/07/18,39597,48188,82.17,99311,109037,91.08
2003/07/17,56874,67689,84.02,87031,93981,92.60
2003/07/16,41290,80976,50.99,55668,58683,94.86
2003/07/15,42967,72421,59.33,194684,165392,117.71
2003/07/14,59375,98937,60.01,194727,172301,113.02
2003/07/11,56677,73057,77.58,202636,191965,105.56
2003/07/10,53270,90749,58.70,196783,177136,111.09
2003/07/09,38212,60118,63.56,190120,162541,116.97
2003/07/08,56544,120638,46.87,186455,150368,124.00
2003/07/07,80367,114306,70.31,177647,134254,132.32
2003/07/04,41642,56608,73.56,169809,154087,110.20
2003/07/03,53800,85170,63.17,163251,150896,108.19
2003/07/02,59587,81212,73.37,150120,153130,98.03
2003/07/01,55265,70356,78.55,139976,159492,87.76
2003/08/29,61780,74093,83.38,143722,134593,106.78
2003/08/28,40755,47698,85.44,129489,131831,98.22
2003/08/27,32462,43574,74.50,122696,118430,103.60
2003/08/26,45212,56624,79.85,115627,106940,108.12
2003/08/25,34479,41863,82.36,110971,90264,122.94
2003/08/22,39292,62440,62.93,97870,82488,118.65
2003/08/21,52543,53085,98.98,82074,71452,114.87
2003/08/20,36100,56410,64.00,55141,60458,91.21
2003/08/19,52372,85391,61.33,166448,145249,114.59
2003/08/18,33857,61806,54.78,157208,151229,103.95
2003/08/15,55286,90383,61.17,152003,157024,96.80
2003/08/14,44630,83394,53.52,148729,176618,84.21
2003/08/13,84254,137810,61.14,143985,187538,76.78
2003/08/12,38439,55595,69.14,136698,231210,59.12
2003/08/11,40609,65873,61.65,139575,231258,60.35
2003/08/08,34107,69411,49.14,135058,224266,60.22
2003/08/07,42838,74182,57.75,135067,233588,57.82
2003/08/06,37050,55547,66.70,135004,228314,59.13
2003/08/05,41683,69248,60.19,138619,217560,63.72
2003/08/04,17840,30561,58.38,139687,201794,69.22
2003/08/01,30917,51665,59.84,138883,199023,69.78
2003/09/30,29882,46730,63.95,184416,203854,90.46
2003/09/29,38912,42067,92.50,177380,191200,92.77
2003/09/26,41154,39277,104.78,166036,178560,92.99
2003/09/25,47230,46640,101.27,155326,169364,91.71
2003/09/24,41884,45077,92.92,145008,159116,91.13
2003/09/23,40343,39221,102.86,136435,146931,92.86
2003/09/22,44177,48065,91.91,124828,132341,94.32
2003/09/19,54859,50354,108.95,109676,115198,95.21
2003/09/18,48078,51101,94.08,87858,95771,91.74
2003/09/17,51477,87266,58.99,64520,77237,83.54
2003/09/16,53980,79500,67.90,209770,196396,106.81
2003/09/15,37396,65311,57.26,206051,202766,101.62
2003/09/12,42690,58423,73.07,208010,206479,100.74
2003/09/10,82224,80308,102.39,210527,201004,104.74
2003/09/09,61714,75992,81.21,215548,180348,119.52
2003/09/08,60659,86501,70.13,204094,175362,116.38
2003/09/05,45957,68973,66.63,193709,181599,106.67
2003/09/04,50743,43926,115.52,193706,160539,120.66
2003/09/03,53330,70506,75.64,188864,151318,124.81
2003/09/02,39315,47068,83.53,174230,136449,127.69
2003/09/01,52794,58187,90.73,162146,134848,120.24
2003/10/31,53168,65963,80.60,284990,226000,126.10
2003/10/30,44106,51674,85.35,279344,209624,133.26
2003/10/29,66940,87203,76.76,271024,207397,130.68
2003/10/28,87580,102761,85.23,255357,222762,114.63
2003/10/27,30435,37653,80.83,240031,229164,104.74
2003/10/24,50197,50197,100.00,236875,217345,108.99
2003/10/23,69808,70800,98.60,224485,201902,111.19
2003/10/22,41541,47515,87.43,209993,185924,112.95
2003/10/21,55565,61216,90.77,200126,172394,116.09
2003/10/20,46775,54963,85.10,184389,157940,116.75
2003/10/17,44476,65059,68.36,171491,141006,121.62
2003/10/16,61298,71414,85.83,154768,112559,137.50
2003/10/15,49491,73478,67.35,132789,99983,132.81
2003/10/14,63261,99453,63.61,276385,177862,155.39
2003/10/13,70928,110625,64.12,266518,183600,145.16
2003/10/09,57194,70564,81.05,254156,213073,119.28
2003/10/08,50821,54211,93.75,247473,216312,114.41
2003/10/07,48098,73207,65.70,238415,205401,116.07
2003/10/06,93801,109522,85.65,224039,204041,109.80
2003/10/03,56283,57749,97.46,206114,227842,90.46
2003/10/02,54087,79061,68.41,193872,225246,86.07
2003/10/01,41797,61687,67.76,187866,218023,86.17
2003/11/28,50269,66942,75.09,241847,267025,90.57
2003/11/27,62179,69384,89.62,231261,257076,89.96
2003/11/26,32053,41285,77.64,215739,234413,92.03
2003/11/25,42918,61306,70.01,210693,227330,92.68
2003/11/24,27154,42362,64.10,203399,218587,93.05
2003/11/21,70452,71568,98.44,195438,203905,95.85
2003/11/20,47959,68959,69.55,178768,176666,101.19
2003/11/19,108931,104476,104.26,152302,137574,110.71
2003/11/18,71087,86527,82.16,335427,330580,101.47
2003/11/17,73943,84657,87.34,339036,326869,103.72
2003/11/14,52643,76831,68.52,340782,318681,106.94
2003/11/13,50543,70513,71.68,330997,330104,100.27
2003/11/12,47493,59928,79.25,332314,330066,100.68
2003/11/11,62867,69619,90.30,329873,314366,104.93
2003/11/10,53963,64563,83.58,327885,295550,110.94
2003/11/07,69201,66491,104.08,319487,282772,112.98
2003/11/06,100589,96510,104.23,314186,269214,116.70
2003/11/05,52094,55621,93.66,311598,250885,124.20
2003/11/04,64173,74672,85.94,302066,243155,124.23
2003/11/03,44846,55058,81.45,289927,238552,121.54
2003/12/31,42263,47577,88.83,300897,321549,93.58
2003/12/30,56702,79889,70.98,294707,313293,94.07
2003/12/29,41001,46459,88.25,291850,301685,96.74
2003/12/26,36543,43298,84.40,281868,288608,97.66
2003/12/25,36423,44435,81.97,273639,276401,99.00
2003/12/24,56530,75684,74.69,265256,261883,101.29
2003/12/23,32111,42253,76.00,253401,256939,98.62
2003/12/22,54500,67248,81.04,243675,244460,99.68
2003/12/19,70272,73076,96.16,229649,227361,101.01
2003/12/18,58324,66924,87.15,205326,203062,101.11
2003/12/17,148730,140898,105.56,181354,170016,106.67
2003/12/16,67971,80050,84.91,336896,350762,96.05
2003/12/15,61610,90899,67.78,320924,342466,93.71
2003/12/12,74933,89254,83.95,316814,347751,91.10
2003/12/11,55518,56902,97.57,310549,355400,87.38
2003/12/10,63554,75355,84.34,306903,352570,87.05
2003/12/09,43221,53078,81.43,302762,332163,91.15
2003/12/08,51926,63702,81.51,299056,323958,92.31
2003/12/05,42657,54324,78.52,288834,305166,94.65
2003/12/04,43982,51734,85.02,278054,288655,96.33
2003/12/03,47731,47418,100.66,267425,284319,94.06
2003/12/02,45849,60488,75.80,254044,276473,91.89
2003/12/01,75402,78142,96.49,244593,271179,90.20
2004/01/30,53744,62636,85.80,285065,224274,127.11
2004/01/29,95717,79284,120.73,267507,203590,131.39
2004/01/28,76331,67400,113.25,220726,170569,129.41
2004/01/27,78465,131924,59.48,189150,144744,130.68
2004/01/16,82443,114665,71.90,401579,291748,137.65
2004/01/15,56072,99426,56.40,389852,289008,134.89
2004/01/14,95905,138606,69.19,388061,290808,133.44
2004/01/13,68509,104483,65.57,387919,295784,131.15
2004/01/12,56417,85022,66.36,383139,303921,126.07
2004/01/09,93473,142495,65.60,378416,295483,128.07
2004/01/08,66866,93700,71.36,367803,301530,121.98
2004/01/07,106756,168777,63.25,356673,297571,119.86
2004/01/06,65505,139162,47.07,343097,294127,116.65
2004/01/05,98048,184610,53.11,337866,291618,115.86
2004/01/02,129590,182533,71.00,321385,300693,106.88
2004/02/27,101153,89715,112.75,414755,236823,175.13
2004/02/26,89294,84756,105.35,395373,242151,163.28
2004/02/25,63868,74812,85.37,376231,243338,154.61
2004/02/24,76844,71486,107.50,363074,233676,155.37
2004/02/23,71053,77998,91.10,340608,210797,161.58
2004/02/20,68048,63914,106.47,318490,203526,156.49
2004/02/19,115978,96129,120.65,299739,189609,158.08
2004/02/18,108711,139497,77.93,262991,158224,166.21
2004/02/17,96450,123719,77.96,503822,268134,187.90
2004/02/16,112222,115686,97.01,493025,281770,174.97
2004/02/13,137024,175324,78.15,471162,271812,173.34
2004/02/12,181611,237023,76.62,447279,287081,155.80
2004/02/11,81164,88637,91.57,434178,300243,144.61
2004/02/10,87197,121807,71.59,416913,291514,143.02
2004/02/09,108298,135903,79.69,398765,289878,137.56
2004/02/06,117286,138311,84.80,376617,315936,119.21
2004/02/05,88894,103247,86.10,354389,320288,110.65
2004/02/04,61816,70483,87.70,341225,302832,112.68
2004/02/03,101933,111555,91.37,329351,278146,118.41
2004/02/02,65692,68345,96.12,312536,249701,125.16
2004/03/31,57606,86859,66.32,247316,345781,71.52
2004/03/30,57673,85650,67.34,237134,338820,69.99
2004/03/29,79010,117917,67.00,226160,332966,67.92
2004/03/26,61078,82769,73.79,221280,326143,67.85
2004/03/25,39637,94615,41.89,215151,306524,70.19
2004/03/24,53522,116685,45.87,212777,289830,73.41
2004/03/23,119243,156861,76.02,213890,252690,84.65
2004/03/22,99882,128017,78.02,243503,196611,123.85
2004/03/19,72963,89920,81.14,258511,187914,137.57
2004/03/18,71655,103952,68.93,222840,164033,135.85
2004/03/17,93851,106228,88.35,190473,126765,150.26
2004/03/16,160974,170313,94.52,488833,445490,109.73
2004/03/15,146828,169517,86.62,532487,466984,114.03
2004/03/12,116246,166833,69.68,555555,476499,116.59
2004/03/11,103179,164878,62.58,555790,473809,117.30
2004/03/10,104293,160781,64.87,553064,451624,122.46
2004/03/09,92273,147213,62.68,544390,411834,132.19
2004/03/08,100237,164180,61.05,533790,375105,142.30
2004/03/05,140071,215945,64.86,525428,334766,156.95
2004/03/04,118636,144593,82.05,507175,282640,179.44
2004/03/03,101142,144482,70.00,498254,272105,183.11
2004/03/02,112100,170948,65.58,476711,240426,198.28
2004/03/01,150164,179891,83.47,449704,225738,199.22
2004/04/30,144658,167717,86.25,210066,325306,64.57
2004/04/29,107068,129407,82.74,219930,284695,77.25
2004/04/28,50457,71726,70.35,208512,238800,87.32
2004/04/27,68849,85083,80.92,195163,209593,93.12
2004/04/26,47311,54082,87.48,176143,178804,98.51
2004/04/23,43477,73998,58.75,161216,161450,99.86
2004/04/22,73219,103394,70.82,147890,136933,108.00
2004/04/21,56895,75921,74.94,122943,101454,121.18
2004/04/20,70306,89970,78.14,350406,331540,105.69
2004/04/19,58115,83250,69.81,352167,336486,104.66
2004/04/16,78479,115285,68.07,348467,330679,105.38
2004/04/15,91250,124527,73.28,340733,332290,102.54
2004/04/14,77580,116499,66.59,338739,321445,105.38
2004/04/13,58691,81646,71.88,326545,337297,96.81
2004/04/12,84347,134698,62.62,317723,337226,94.22
2004/04/09,66896,71735,93.25,300306,368034,81.60
2004/04/08,35280,51273,68.81,292423,357700,81.75
2004/04/07,37084,48582,76.33,284651,359749,79.12
2004/04/06,49757,88734,56.07,282330,355378,79.44
2004/04/05,80655,135473,59.54,269989,352683,76.55
2004/04/02,38518,59574,64.66,262792,363551,72.28
2004/04/01,46736,59201,78.94,256300,353788,72.44
2004/05/31,48303,56306,85.79,241934,243493,99.36
2004/05/28,50097,59029,84.87,231558,231200,100.15
2004/05/27,37353,49201,75.92,212671,223508,95.15
2004/05/26,63607,75435,84.32,201658,216152,93.29
2004/05/25,47787,58182,82.13,191730,207564,92.37
2004/05/24,53175,62162,85.54,177316,193797,91.50
2004/05/21,66837,83277,80.26,163445,180335,90.63
2004/05/20,60196,89651,67.14,137583,161406,85.24
2004/05/19,78723,161122,48.86,119046,124151,95.89
2004/05/18,92113,86651,106.30,232218,477257,48.66
2004/05/17,145474,111126,130.91,229549,470871,48.75
2004/05/14,79842,97128,82.20,277265,463553,59.81
2004/05/13,62341,75765,82.28,281378,459662,61.21
2004/05/12,80977,103251,78.43,275528,442542,62.26
2004/05/11,80637,98250,82.07,253296,438456,57.77
2004/05/10,70764,80935,87.43,251753,427119,58.94
2004/05/07,102334,95081,107.63,254134,416469,61.02
2004/05/06,105152,122751,85.66,238193,402568,59.17
2004/05/05,113830,138542,82.16,233526,384114,60.80
2004/05/04,85962,95817,89.71,223167,369892,60.33
2004/05/03,68367,112166,60.95,209919,358477,58.56
2004/06/30,52815,86910,60.77,197030,209424,94.08
2004/06/29,34092,48776,69.90,185250,200258,92.51
2004/06/28,46574,63217,73.67,179151,190606,93.99
2004/06/25,41202,59106,69.71,174393,180456,96.64
2004/06/24,39151,55480,70.57,163653,172492,94.88
2004/06/23,48468,88543,54.74,153383,163776,93.65
2004/06/21,46629,70068,66.55,145034,151074,96.00
2004/06/18,44389,68986,64.34,131650,135624,97.07
2004/06/17,51249,84854,60.40,116984,115131,101.61
2004/06/16,93154,109680,84.93,95903,76890,124.73
2004/06/15,86554,94548,91.55,274287,312086,87.89
2004/06/14,97019,98731,98.27,272832,302814,90.10
2004/06/11,89958,89335,100.70,279210,294977,94.65
2004/06/10,80190,88019,91.11,281503,285061,98.75
2004/06/09,54869,79187,69.29,279284,282326,98.92
2004/06/08,67915,103968,65.32,268184,284396,94.30
2004/06/07,77195,106099,72.76,258125,288422,89.50
2004/06/04,74120,84323,87.90,249222,289760,86.01
2004/06/03,85704,97075,88.29,247054,278894,88.58
2004/06/02,77210,59999,128.69,251819,265398,94.88
2004/06/01,61933,68632,90.24,246300,256619,95.98
2004/07/30,53122,69116,76.86,191985,247764,77.49
2004/07/29,47436,67674,70.09,182247,240410,75.81
2004/07/28,45608,61269,74.44,171321,224977,76.15
2004/07/27,67841,92654,73.22,157596,215461,73.14
2004/07/26,39591,56626,69.92,151849,204291,74.33
2004/07/23,46608,74897,62.23,144822,192211,75.35
2004/07/22,64752,92177,70.25,127560,163253,78.14
2004/07/21,93354,107760,86.63,106339,131120,81.10
2004/07/20,118935,101754,116.88,245106,330640,74.13
2004/07/19,86951,74311,117.01,252408,298857,84.46
2004/07/16,59120,74238,79.64,244143,280446,87.06
2004/07/15,81181,82466,98.44,241814,272880,88.62
2004/07/14,56466,75335,74.95,247924,257511,96.28
2004/07/13,65521,55266,118.56,247142,258507,95.60
2004/07/12,46170,50523,91.38,244571,252786,96.75
2004/07/09,64601,74459,86.76,243586,244510,99.62
2004/07/08,43560,54247,80.30,238569,240751,99.09
2004/07/07,59173,58882,100.49,232419,235571,98.66
2004/07/06,45173,68522,65.92,221075,229576,96.30
2004/07/05,48156,60323,79.83,217936,226363,96.28
2004/07/02,54182,52482,103.24,214555,220481,97.31
2004/07/01,36529,41912,87.16,208066,212304,98.00
2004/08/31,85290,149028,57.23,254138,252075,100.82
2004/08/30,37417,64321,58.17,239200,232274,102.98
2004/08/27,52014,80636,64.50,228138,212799,107.21
2004/08/26,101365,167622,60.47,219603,199164,110.26
2004/08/23,57326,70460,81.36,196647,197947,99.34
2004/08/20,80057,108598,73.72,176307,191259,92.18
2004/08/19,83560,108109,77.29,143993,172205,83.62
2004/08/18,94665,111356,85.01,110848,145799,76.03
2004/08/17,57895,83138,69.64,272060,348467,78.07
2004/08/16,49490,56259,87.97,264081,332269,79.48
2004/08/13,66279,88453,74.93,262407,328545,79.87
2004/08/12,52172,56616,92.15,259740,320450,81.05
2004/08/11,67720,87172,77.69,258920,316751,81.74
2004/08/10,54465,67560,80.62,256173,301409,84.99
2004/08/09,81211,78374,103.62,240526,292284,82.29
2004/08/06,60534,93278,64.90,229898,278842,82.45
2004/08/05,98294,140945,69.74,221562,276759,80.06
2004/08/04,61063,67406,90.59,215955,273723,78.90
2004/08/03,40322,56303,71.62,207683,257463,80.67
2004/08/02,58397,63299,92.26,195926,250023,78.36
2004/09/30,41853,71379,58.63,293858,335481,87.59
2004/09/29,38478,54793,70.22,290127,319659,90.76
2004/09/27,34586,50951,67.88,286992,301324,95.24
2004/09/24,51300,59640,86.02,280895,278873,100.73
2004/09/23,49439,50047,98.79,273568,261695,104.54
2004/09/22,45803,59310,77.23,257445,250205,102.89
2004/09/21,71513,104190,68.64,237752,234304,101.47
2004/09/20,51639,67416,76.60,218642,215249,101.58
2004/09/17,81820,86219,94.90,206551,195775,105.50
2004/09/16,80632,86947,92.74,172324,163321,105.51
2004/09/15,93572,107075,87.39,129991,117294,110.82
2004/09/14,54979,87375,62.92,381074,286636,132.95
2004/09/13,83017,138124,60.10,364902,284630,128.20
2004/09/10,60815,89389,68.03,349784,294748,118.67
2004/09/09,56189,74863,75.06,344264,297554,115.70
2004/09/08,71823,103989,69.07,334899,295646,113.28
2004/09/07,76436,105490,72.46,317859,290025,109.60
2004/09/06,71484,95409,74.92,310549,294372,105.50
2004/09/03,86939,122501,70.97,305449,282711,108.04
2004/09/02,57504,74723,76.96,290736,267459,108.70
2004/09/01,65875,109028,60.42,271637,254818,106.60
2004/10/29,45306,60105,75.38,225243,385729,58.39
2004/10/28,61061,114476,53.34,214880,376607,57.06
2004/10/27,76667,105332,72.79,201390,351348,57.32
2004/10/26,84692,114962,73.67,190322,323539,58.83
2004/10/22,48839,80230,60.87,176978,283894,62.34
2004/10/21,59253,91779,64.56,163789,256231,63.92
2004/10/20,85778,103433,82.93,135704,204486,66.36
2004/10/19,70845,93700,75.61,341338,490386,69.61
2004/10/18,77220,81273,95.01,350146,474264,73.83
2004/10/15,110879,108367,102.32,362269,457511,79.18
2004/10/14,145848,169927,85.83,379043,441873,85.78
2004/10/13,64465,81394,79.20,395932,411674,96.18
2004/10/12,80571,143090,56.31,399969,405639,98.60
2004/10/11,72951,107731,67.72,397367,386355,102.85
2004/10/08,66104,100496,65.78,387063,355774,108.79
2004/10/07,55746,98156,56.79,374638,348968,107.36
2004/10/06,81348,192029,42.36,354962,341411,103.97
2004/10/05,48203,88824,54.27,332861,331160,100.51
2004/10/04,105601,185195,57.02,324478,325643,99.64
2004/10/01,59498,81914,72.63,305074,345663,88.26
2004/11/30,102563,141225,72.62,288457,486671,59.27
2004/11/29,85897,101223,84.86,283096,464124,61.00
2004/11/26,110807,159209,69.60,276771,444065,62.33
2004/11/25,51232,84756,60.45,277484,426446,65.07
2004/11/24,70597,95440,73.97,268188,415586,64.53
2004/11/23,86408,102815,84.04,253840,398604,63.68
2004/11/22,124459,172488,72.16,239028,381567,62.64
2004/11/19,55523,91592,60.62,224956,333147,67.52
2004/11/18,77915,128438,60.66,202821,300298,67.54
2004/11/17,115709,265567,43.57,165618,241919,68.46
2004/11/16,59367,103182,57.54,374710,477927,78.40
2004/11/15,63064,131390,48.00,368443,468250,78.69
2004/11/12,95586,136862,69.84,364435,460676,79.11
2004/11/11,77943,112707,69.16,353099,464313,76.05
2004/11/10,91074,117119,77.76,343098,439971,77.98
2004/11/09,80928,96621,83.76,334855,429089,78.04
2004/11/08,61599,76875,80.13,321301,426704,75.30
2004/11/05,114241,166291,68.70,312329,414168,75.41
2004/11/04,73859,91336,80.87,289148,425212,68.00
2004/11/03,108261,181746,59.57,270218,419997,64.34
2004/11/02,81429,111602,72.96,246143,410614,59.95
2004/11/01,55448,79716,69.56,228364,404252,56.49
2004/12/31,82392,139251,59.17,327979,367787,89.18
2004/12/30,44105,62694,70.35,306134,336086,91.09
2004/12/29,80019,130076,61.52,294272,334995,87.84
2004/12/28,36152,41058,88.05,285049,317343,89.82
2004/12/27,39486,52742,74.87,277879,305375,91.00
2004/12/24,42255,74700,56.57,266304,290083,91.80
2004/12/23,44555,58497,76.17,260937,275677,94.65
2004/12/22,66886,95692,69.90,252093,262526,96.03
2004/12/21,35699,44908,79.49,245449,247717,99.08
2004/12/20,74510,86195,86.44,230716,232379,99.28
2004/12/17,51333,48485,105.87,203837,205706,99.09
2004/12/16,67848,82599,82.14,176308,192943,91.38
2004/12/15,116754,208832,55.91,141649,156719,90.38
2004/12/14,73512,100233,73.34,358987,503090,71.36
2004/12/13,175241,230342,76.08,358302,508208,70.50
2004/12/10,84987,125303,67.83,362582,513016,70.68
2004/12/09,55278,90324,61.20,338160,477816,70.77
2004/12/08,57867,79573,72.72,331405,468512,70.74
2004/12/07,40928,63506,64.45,322267,457143,70.50
2004/12/06,56765,85253,66.58,321384,462629,69.47
2004/12/03,61426,97956,62.71,316363,469250,67.42
2004/12/02,77161,121997,63.25,309729,482803,64.15
2004/12/01,89249,108759,82.06,297142,492988,60.27
2005/01/31,126484,211230,59.88,275450,395430,69.66
2005/01/28,74949,111412,67.27,265701,412890,64.35
2005/01/27,39613,67288,58.87,265916,410165,64.83
2005/01/26,58212,107628,54.09,257580,404191,63.73
2005/01/25,83056,121752,68.22,244734,385338,63.51
2005/01/24,90143,116928,77.09,231431,354619,65.26
2005/01/21,62885,90044,69.84,215732,317606,67.92
2005/01/20,74992,126184,59.43,198648,289099,68.71
2005/01/19,97338,150515,64.67,165466,225343,73.43
2005/01/18,67865,89423,75.89,376345,577253,65.20
2005/01/17,80095,149085,53.72,366782,564608,64.96
2005/01/14,88302,130454,67.69,364389,561583,64.89
2005/01/13,100306,143726,69.79,362615,547307,66.25
2005/01/12,119937,147921,81.08,372776,522875,71.29
2005/01/11,58204,107286,54.25,366489,498930,73.45
2005/01/10,51867,91436,56.72,367674,488815,75.22
2005/01/07,90182,146227,61.67,374073,474248,78.88
2005/01/06,49822,86779,57.41,372385,457681,81.36
2005/01/05,82158,125412,65.51,371621,446425,83.24
2005/01/04,87147,144693,60.23,357374,409171,87.34
2005/01/03,58424,101100,57.79,343759,386665,88.90
2005/02/25,128967,253313,50.91,399026,410434,97.22
2005/02/24,127835,171444,74.56,375284,380272,98.69
2005/02/23,100948,128064,78.83,325879,371208,87.79
2005/02/22,70523,89106,79.15,305461,344543,88.66
2005/02/21,73563,103283,71.22,282619,332108,85.10
2005/02/18,72312,104008,69.53,258952,309881,83.56
2005/02/17,98688,148235,66.58,237417,278901,85.13
2005/02/16,117686,168789,69.72,191158,219438,87.11
2005/02/15,60478,105761,57.18,367167,393175,93.39
2005/02/14,92494,184080,50.25,346005,391310,88.42
2005/02/03,69246,129449,53.49,330361,408535,80.86
2005/02/02,111759,214198,52.18,314818,397283,79.24
2005/02/01,63723,109806,58.03,290778,406565,71.52
2005/03/31,79364,100857,78.69,483803,570146,84.86
2005/03/30,84168,100829,83.48,472732,547201,86.39
2005/03/29,196105,168260,116.55,458523,511235,89.69
2005/03/28,70840,80906,87.56,405724,482182,84.14
2005/03/25,76354,106896,71.43,395560,471271,83.93
2005/03/24,82269,104832,78.48,373749,452719,82.56
2005/03/23,94808,117812,80.47,352914,437424,80.68
2005/03/22,111114,121735,91.28,345002,424410,81.29
2005/03/21,58351,76721,76.06,317173,399911,79.31
2005/03/18,80744,131647,61.33,302405,383024,78.95
2005/03/17,119753,158599,75.51,289347,346800,83.43
2005/03/16,134888,127425,105.86,245852,286170,85.91
2005/03/15,269293,221431,121.61,574557,596127,96.38
2005/03/14,123821,140798,87.94,591879,573911,103.13
2005/03/11,125851,142415,88.37,573930,557674,102.91
2005/03/10,121519,126093,96.37,559677,558278,100.25
2005/03/09,117728,129988,90.57,542565,545835,99.40
2005/03/08,147068,188523,78.01,517366,531018,97.43
2005/03/07,104509,151386,69.03,506341,519057,97.55
2005/03/04,86520,123601,70.00,497868,493702,100.84
2005/03/03,127616,169031,75.50,483736,470662,102.78
2005/03/02,125219,140929,88.85,478937,448168,106.87
2005/03/01,96774,143408,67.48,433226,418629,103.49
2005/04/29,86315,100699,85.72,478340,509142,93.95
2005/04/28,125075,146463,85.40,460822,491059,93.84
2005/04/27,91577,95056,96.34,444996,464953,95.71
2005/04/26,121759,121594,100.14,429336,442918,96.93
2005/04/25,70444,81119,86.84,403014,427460,94.28
2005/04/22,128747,143060,90.00,389201,412029,94.46
2005/04/21,218743,183453,119.24,378676,392460,96.49
2005/04/20,229494,166777,137.61,307317,335503,91.60
2005/04/19,179048,167364,106.98,562596,831332,67.67
2005/04/18,361271,212100,170.33,560157,806775,69.43
2005/04/15,208541,182837,114.06,598721,759476,78.83
2005/04/14,119073,108591,109.65,606623,721087,84.13
2005/04/13,82688,89095,92.81,584534,705252,82.88
2005/04/12,86330,86637,99.65,578611,693320,83.46
2005/04/11,107915,93010,116.03,567459,678516,83.63
2005/04/08,91045,100314,90.76,543637,661288,82.21
2005/04/07,112403,135461,82.98,537542,643762,83.50
2005/04/06,81463,95259,85.52,532340,633013,84.10
2005/04/04,76036,89655,84.81,516418,612361,84.33
2005/04/01,103011,140674,73.23,497225,589563,84.34
2005/05/31,128795,184160,69.94,494407,620557,79.67
2005/05/30,98508,157248,62.64,476364,612481,77.78
2005/05/27,139711,201643,69.29,470082,603650,77.87
2005/05/26,100538,128729,78.10,457293,585796,78.06
2005/05/25,168298,199588,84.32,437690,556420,78.66
2005/05/24,79478,96923,82.00,411143,519544,79.14
2005/05/23,124564,168385,73.98,386877,490975,78.80
2005/05/20,90995,116284,78.25,362545,443536,81.74
2005/05/19,122995,207747,59.20,336021,415118,80.95
2005/05/18,162972,223764,72.83,298152,342347,87.09
2005/05/17,193284,207197,93.29,629806,596777,105.53
2005/05/16,153305,192863,79.49,654710,563953,116.09
2005/05/13,193484,278791,69.40,660564,554678,119.09
2005/05/12,99634,109744,90.79,633102,566551,111.75
2005/05/11,110282,111247,99.13,633736,550085,115.21
2005/05/10,106571,137191,77.68,626945,528654,118.59
2005/05/09,133256,129264,103.09,611748,516855,118.36
2005/05/06,185260,194282,95.36,576274,510918,112.79
2005/05/05,248556,311347,79.83,548927,511643,107.29
2005/05/04,94662,105975,89.32,510426,539308,94.64
2005/05/03,122781,167856,73.15,499030,516457,96.63
2005/06/30,115648,162295,71.26,489472,589445,83.04
2005/06/29,294343,397813,73.99,491977,570042,86.31
2005/06/28,63420,113561,55.85,509149,546591,93.15
2005/06/27,118103,169069,69.85,502240,524139,95.82
2005/06/24,151752,205864,73.71,491209,491903,99.86
2005/06/23,127667,232295,54.96,483289,470092,102.81
2005/06/22,243087,380144,63.95,454825,437439,103.97
2005/06/21,135915,138195,98.35,414835,451525,91.87
2005/06/20,88495,124658,70.99,372650,430039,86.65
2005/06/17,171032,320975,53.29,361808,402832,89.82
2005/06/16,142853,203074,70.35,327397,346709,94.43
2005/06/15,145714,209511,69.55,278970,309210,90.22
2005/06/14,151161,287907,52.50,710712,539116,131.83
2005/06/13,170488,275685,61.84,693414,551184,125.80
2005/06/10,147905,222208,66.56,667111,570272,116.98
2005/06/09,132067,190238,69.42,656757,579184,113.39
2005/06/08,193851,288832,67.12,640929,574708,111.52
2005/06/07,131600,161657,81.41,619045,587499,105.37
2005/06/06,171539,242957,70.60,603574,585815,103.03
2005/06/03,238133,361998,65.78,563197,616280,91.39
2005/06/02,144704,214597,67.43,523332,627170,83.44
2005/06/01,149799,171612,87.29,502556,634815,79.17
2005/07/29,165804,264575,62.67,425391,624223,68.15
2005/07/28,104683,153094,68.38,408952,598852,68.29
2005/07/27,113625,203829,55.75,383085,568792,67.35
2005/07/26,94448,188831,50.02,369120,541611,68.15
2005/07/25,80482,148861,54.07,348719,516516,67.51
2005/07/22,94009,150710,62.38,326973,479360,68.21
2005/07/21,168580,320751,52.56,300515,441443,68.08
2005/07/20,233340,364680,63.98,242163,333743,72.56
2005/07/19,124192,200615,61.91,625888,642261,97.45
2005/07/15,133584,222901,59.93,624194,643125,97.06
2005/07/14,176368,368568,47.85,613419,637720,96.19
2005/07/13,210449,419391,50.18,600145,662990,90.52
2005/07/12,181045,304047,59.55,575649,661822,86.98
2005/07/11,166240,300235,55.37,554049,682027,81.24
2005/07/08,125433,170270,73.67,538104,717264,75.02
2005/07/07,108222,162041,66.79,527174,697905,75.54
2005/07/06,111564,152475,73.17,527174,675483,78.04
2005/07/05,111008,177486,62.54,513071,657373,78.05
2005/07/04,85670,124108,69.03,506700,646958,78.32
2005/07/01,173810,263048,66.08,494573,626654,78.92
2005/08/31,165819,192538,86.12,425458,686925,61.94
2005/08/30,119518,124328,96.13,419312,652606,64.25
2005/08/29,278093,192638,144.36,412491,627830,65.70
2005/08/26,141417,122394,115.54,405443,583958,69.43
2005/08/25,125210,168051,74.51,359295,568831,63.16
2005/08/24,93573,157526,59.40,330046,531741,62.07
2005/08/23,59788,106215,56.29,322274,490072,65.76
2005/08/22,61118,127678,47.87,312174,471081,66.27
2005/08/19,127306,231467,55.00,301428,448476,67.21
2005/08/18,115430,223758,51.59,278669,376884,73.94
2005/08/17,144712,175003,82.69,231430,299335,77.31
2005/08/16,192294,212179,90.63,437756,773660,56.58
2005/08/15,305980,296892,103.06,452948,764617,59.24
2005/08/12,136552,201460,67.78,492168,744682,66.09
2005/08/11,113317,179272,63.21,487419,746542,65.29
2005/08/10,134464,257348,52.25,485907,737196,65.91
2005/08/09,90671,153632,59.02,482358,721923,66.82
2005/08/08,115152,184734,62.33,471686,700793,67.31
2005/08/04,111568,207686,53.72,471745,682817,69.09
2005/08/03,180954,304799,59.37,457086,665371,68.70
2005/08/02,102252,174840,58.48,440650,661326,66.63
2005/08/01,71651,141028,50.81,430343,632675,68.02
2005/09/30,207418,360738,57.50,386483,518322,74.56
2005/09/29,137735,267760,51.44,359891,528388,68.11
2005/09/28,123913,155704,79.58,332001,508305,65.32
2005/09/27,149108,202963,73.47,321621,488017,65.90
2005/09/26,258245,290337,88.95,307671,461649,66.65
2005/09/23,239376,285868,83.74,316581,434295,72.90
2005/09/22,260306,234016,111.23,291415,358488,81.29
2005/09/21,139994,164008,85.36,191163,256716,74.46
2005/09/20,239343,277175,86.35,464967,759342,61.23
2005/09/19,115873,120297,96.32,456481,772814,59.07
2005/09/16,342630,317643,107.87,468271,771606,60.69
2005/09/15,205772,186075,110.59,517820,739256,70.05
2005/09/14,156863,134671,116.48,516984,722296,71.58
2005/09/13,162020,180799,89.61,507516,714522,71.03
2005/09/12,125245,176641,70.90,503818,716153,70.35
2005/09/09,119058,166027,71.71,502651,730002,68.86
2005/09/08,70308,117907,59.63,504618,727718,69.34
2005/09/07,94680,143763,65.86,495683,730794,67.83
2005/09/06,99513,168556,59.04,481469,733312,65.66
2005/09/05,57605,93623,61.53,463619,722143,64.20
2005/09/02,106648,174437,61.14,451870,716586,63.06
2005/10/31,149231,232885,64.08,392380,625102,62.77
2005/10/28,137265,149060,92.09,361493,594289,60.83
2005/10/27,153344,182036,84.24,353181,561127,62.94
2005/10/26,144762,180339,80.27,351239,530393,66.22
2005/10/25,158609,210453,75.37,351832,491488,71.59
2005/10/24,107688,145067,74.23,328561,480591,68.37
2005/10/21,179195,202264,88.59,322737,457157,70.60
2005/10/20,240755,333609,72.17,287212,413212,69.51
2005/10/19,399664,289476,138.06,244139,323011,75.58
2005/10/18,206926,190249,108.77,402197,689742,58.31
2005/10/17,336128,257223,130.68,382690,663828,57.65
2005/10/14,108483,157700,68.79,416720,615586,67.69
2005/10/13,223606,233936,95.58,418224,612247,68.31
2005/10/12,207679,272394,76.24,439629,587294,74.86
2005/10/11,109698,136865,80.15,459146,562799,81.58
2005/10/07,110637,111428,99.29,460478,562488,81.86
2005/10/06,149124,149178,99.96,452167,546032,82.81
2005/10/05,131898,169163,77.97,452868,521008,86.92
2005/10/04,146307,217805,67.17,432952,518600,83.48
2005/10/03,113363,179930,63.00,401464,514378,78.05
2005/11/30,119658,138766,86.23,478079,499650,95.68
2005/11/29,110227,151194,72.90,460784,478050,96.39
2005/11/28,272821,277011,98.49,448594,464519,96.57
2005/11/25,60286,91359,65.99,427327,467910,91.33
2005/11/24,94629,144112,65.66,417239,464465,89.83
2005/11/23,128267,226576,56.61,390258,439688,88.76
2005/11/22,90902,132604,68.55,368322,403755,91.22
2005/11/21,192376,271611,70.83,359728,392945,91.55
2005/11/18,135010,230493,58.57,319779,410498,77.90
2005/11/17,140048,162630,86.11,273013,373682,73.06
2005/11/16,232065,293106,79.17,212952,312401,68.17
2005/11/15,299334,295960,101.14,591254,519183,113.88
2005/11/14,139204,197166,70.60,635178,512085,124.04
2005/11/11,267515,416998,64.15,615150,504303,121.98
2005/11/10,319820,417292,76.64,597294,516764,115.58
2005/11/09,294371,407102,72.31,556824,591667,94.11
2005/11/08,90822,126904,71.57,539217,649348,83.04
2005/11/07,137873,173568,79.43,527109,618591,85.21
2005/11/04,176418,292513,60.31,520842,605876,85.97
2005/11/03,125749,238688,52.68,480604,596922,80.51
2005/11/02,156904,226512,69.27,460805,594668,77.49
2005/11/01,136365,206257,66.11,424521,615462,68.98
2005/12/30,113716,151280,75.17,410789,363413,113.04
2005/12/29,163628,242190,67.56,392373,326928,120.02
2005/12/28,93132,130044,71.62,362440,306187,118.37
2005/12/27,139390,153801,90.63,350379,285658,122.66
2005/12/26,137967,148267,93.05,322307,255584,126.11
2005/12/23,188437,198680,94.84,289720,240870,120.28
2005/12/22,110930,119579,92.77,226282,211701,106.89
2005/12/21,145111,216070,67.16,168440,171861,98.01
2005/12/20,129435,179481,72.12,671615,478369,140.40
2005/12/19,221003,377980,58.47,665597,474314,140.33
2005/12/16,230989,414521,55.72,633750,538877,117.61
2005/12/15,156441,201225,77.74,620615,554792,111.86
2005/12/14,135870,189946,71.53,616156,558873,110.25
2005/12/13,125456,198911,63.07,611623,552726,110.66
2005/12/12,166680,222755,74.83,602461,537837,112.02
2005/12/09,200986,222356,90.39,592842,532289,111.38
2005/12/08,210341,229492,91.66,601421,507611,118.48
2005/12/07,125544,217754,57.65,598204,496298,120.53
2005/12/06,226806,216755,104.64,582756,480456,121.29
2005/12/05,290447,318220,91.27,558389,496675,112.43
2005/12/02,166214,253202,65.64,555466,507472,109.46
2005/12/01,151887,105207,144.37,504971,505423,99.91
2006/01/25,128660,191992,67.01,332406,419769,79.19
2006/01/24,109684,148413,73.90,309346,401135,77.12
2006/01/23,158380,169565,93.40,295024,373421,79.01
2006/01/20,132479,205199,64.56,269177,326353,82.48
2006/01/19,202669,304569,66.54,237170,278381,85.20
2006/01/18,507155,423218,119.83,158243,188101,84.13
2006/01/17,199608,274142,72.81,625483,483999,129.23
2006/01/16,177752,253542,70.11,612404,492521,124.34
2006/01/13,191430,265948,71.98,605723,493281,122.79
2006/01/12,182193,278837,65.34,600138,480479,124.90
2006/01/11,184897,262291,70.49,591298,484709,121.99
2006/01/10,160568,209109,76.79,569828,463807,122.86
2006/01/09,179043,249149,71.86,553907,433429,127.80
2006/01/06,152932,207516,73.70,530188,432423,122.61
2006/01/05,215189,383693,56.08,510892,414520,123.25
2006/01/04,175488,274464,63.94,474675,411942,115.23
2006/01/03,214617,324913,66.05,446931,389403,114.77
2006/01/02,143201,209900,68.22,414777,389922,106.37
2006/02/27,127635,141106,90.45,494123,440548,112.16
2006/02/24,142071,189170,75.10,470614,431219,109.14
2006/02/23,316313,297835,106.20,446983,406229,110.03
2006/02/22,314706,277179,113.54,407210,367448,110.82
2006/02/21,114270,145065,78.77,355289,337077,105.40
2006/02/20,151108,171101,88.32,338310,314421,107.60
2006/02/17,128328,159468,80.47,315308,287312,109.74
2006/02/16,182814,235388,77.66,277770,254219,109.26
2006/02/15,216042,262424,82.33,201442,170831,117.92
2006/02/14,222376,256375,86.74,465809,496957,93.73
2006/02/13,206842,225922,91.55,458010,502118,91.22
2006/02/10,220235,207195,106.29,440658,475853,92.60
2006/02/09,189365,265168,71.41,420528,459243,91.57
2006/02/08,196028,233877,83.82,409589,443930,92.26
2006/02/07,196067,293492,66.80,398422,403746,98.68
2006/02/06,189720,264518,71.72,372862,422934,88.16
2006/02/03,127139,190011,66.91,353317,431827,81.82
2006/03/31,201091,296600,67.80,499591,466914,107.00
2006/03/30,194743,279593,69.65,464640,469638,98.94
2006/03/29,133690,166151,80.46,438280,453270,96.69
2006/03/28,99338,112685,88.16,419969,451127,93.09
2006/03/27,77853,85521,91.03,401281,452156,88.75
2006/03/24,108283,97363,111.22,389208,442364,87.98
2006/03/23,188254,183344,102.68,375591,427671,87.82
2006/03/22,235173,197302,119.19,348531,410450,84.91
2006/03/21,141079,171243,82.39,325998,372405,87.54
2006/03/20,130985,148243,88.36,309747,344190,89.99
2006/03/17,147142,133038,110.60,286144,314764,90.91
2006/03/16,233172,322663,72.26,247075,278314,88.78
2006/03/15,271447,244571,110.99,180284,161542,111.60
2006/03/14,272542,241681,112.77,576055,563574,102.21
2006/03/13,177760,170698,104.14,590025,546344,108.00
2006/03/10,191258,230545,82.96,565495,552299,102.39
2006/03/09,147923,170864,86.57,557286,537347,103.71
2006/03/08,255576,248169,102.98,543274,527225,103.04
2006/03/07,191390,185974,102.91,553650,510275,108.50
2006/03/06,150303,145734,103.14,550327,483856,113.74
2006/03/03,233745,224907,103.93,538875,475199,113.40
2006/03/02,144075,188817,76.30,536787,462148,116.15
2006/03/01,197934,225368,87.83,518691,467003,111.07
2006/04/28,184383,312492,59.00,425353,410013,103.74
2006/04/27,165423,325386,50.84,416952,388130,107.43
2006/04/26,167841,286834,58.52,396410,387164,102.39
2006/04/25,185618,326257,56.89,367538,374649,98.10
2006/04/24,147729,220739,66.92,361835,304942,118.66
2006/04/21,127790,255815,49.95,331512,281549,117.75
2006/04/20,199959,260439,76.78,306950,237365,129.32
2006/04/19,318191,385067,82.63,240561,198902,120.94
2006/04/18,326553,349436,93.45,714724,468112,152.68
2006/04/17,267354,400781,66.71,713584,442372,161.31
2006/04/14,324295,427695,75.82,708506,436242,162.41
2006/04/13,222777,396717,56.16,685743,477747,143.54
2006/04/12,282007,385427,73.17,661395,478843,138.12
2006/04/11,223698,276329,80.95,644514,478601,134.67
2006/04/10,328670,489617,67.13,644681,431736,149.32
2006/04/07,207564,328115,63.26,607617,461272,131.73
2006/04/06,203912,294655,69.20,583655,469416,124.34
2006/04/04,120310,165960,72.49,551644,473217,116.57
2006/04/03,160917,228901,70.30,525107,462291,113.59
2006/05/30,165663,228676,72.44,347266,499219,69.56
2006/05/29,110107,177092,62.18,340091,480294,70.81
2006/05/26,132025,220034,60.00,322458,455704,70.76
2006/05/25,123679,179215,69.01,311907,433415,71.96
2006/05/24,221068,287382,76.92,304160,410490,74.10
2006/05/23,191768,200938,95.44,289296,380182,76.09
2006/05/22,206986,316069,65.49,282091,337329,83.62
2006/05/19,103409,145494,71.07,258678,265436,97.45
2006/05/18,215065,174136,123.50,230422,233424,98.71
2006/05/17,268895,334346,80.42,141290,169614,83.30
2006/05/16,321490,300976,106.82,461914,558153,82.76
2006/05/15,209202,265438,78.81,517208,532629,97.10
2006/05/12,259969,279369,93.06,541757,512758,105.66
2006/05/11,279562,344540,81.14,555579,483768,114.84
2006/05/10,359937,533100,67.52,530433,470727,112.68
2006/05/09,187716,293078,64.05,543837,419950,129.50
2006/05/08,190204,298306,63.76,547457,375526,145.78
2006/05/05,344718,592498,58.18,536980,378161,142.00
2006/05/04,309290,433269,71.39,513317,410670,125.00
2006/05/03,208637,328089,63.59,488719,433565,112.72
2006/05/02,230815,360032,64.11,445934,424431,105.07
2006/06/30,152453,196495,77.59,246169,324014,75.97
2006/06/29,93538,151132,61.89,239316,319950,74.80
2006/06/28,94556,129945,72.77,219738,315016,69.75
2006/06/27,142411,250082,56.95,209920,292745,71.71
2006/06/26,107741,170303,63.26,182730,258075,70.80
2006/06/23,147182,174503,84.34,163965,242250,67.68
2006/06/22,99957,162779,61.41,126944,207336,61.23
2006/06/21,225266,233466,96.49,90764,153167,59.26
2006/06/20,311338,311759,99.86,371948,674001,55.19
2006/06/19,121262,156141,77.66,389534,642577,60.62
2006/06/16,225581,312020,72.30,388978,635278,61.23
2006/06/15,207838,286756,72.48,378774,670919,56.46
2006/06/14,198161,289881,68.36,372713,642790,57.98
2006/06/13,190616,258389,73.77,364253,652270,55.84
2006/06/12,206262,275702,74.81,349583,651507,53.66
2006/06/09,333510,342863,97.27,328522,655699,50.10
2006/06/08,422272,467068,90.41,309692,653365,47.40
2006/06/07,187176,228395,81.95,350438,580250,60.39
2006/06/06,262767,308599,85.15,350737,546898,64.13
2006/06/05,258854,339468,76.25,343979,538636,63.86
2006/06/02,175189,230745,75.92,362842,506888,71.58
2006/06/01,98547,148332,66.44,356123,513001,69.42
2006/07/31,129075,217394,59.37,222310,351526,63.24
2006/07/28,113664,166668,68.20,215584,324520,66.43
2006/07/27,142246,186846,76.13,199921,314392,63.59
2006/07/26,82377,164342,50.13,190052,299999,63.35
2006/07/25,70547,152511,46.26,174835,274197,63.76
2006/07/24,85873,116949,73.43,166282,261376,63.62
2006/07/21,98096,113542,86.40,150584,242835,62.01
2006/07/20,112890,213323,52.92,127812,215452,59.32
2006/07/19,178409,232962,76.58,93406,177364,52.66
2006/07/18,169569,158247,107.15,264892,516140,51.32
2006/07/17,339733,289620,117.30,254716,505672,50.37
2006/07/14,276973,282018,98.21,273476,449722,60.81
2006/07/13,144084,209481,68.78,296486,427236,69.40
2006/07/12,214462,284969,75.26,295095,404649,72.93
2006/07/11,106392,156510,67.98,285297,396918,71.88
2006/07/10,142044,203889,69.67,277971,387792,71.68
2006/07/07,69691,102925,67.71,272959,386166,70.68
2006/07/06,122109,142489,85.70,269563,379879,70.96
2006/07/05,141276,165840,85.19,267109,355654,75.10
2006/07/04,137671,165761,83.05,262576,345810,75.93
2006/07/03,92011,98360,93.55,254962,341390,74.68
2006/08/31,137136,204931,66.92,267019,351086,76.06
2006/08/30,144070,183110,78.68,250204,346696,72.17
2006/08/29,73861,101551,72.73,240706,354196,67.96
2006/08/28,184057,207181,88.84,232893,348553,66.82
2006/08/25,111573,161438,69.11,222473,328085,67.81
2006/08/24,98869,130945,75.50,210541,313407,67.18
2006/08/23,212294,251122,84.54,204079,298039,68.47
2006/08/22,111193,135855,81.85,184792,285323,64.77
2006/08/21,208227,222288,93.67,172726,264521,65.30
2006/08/18,63251,78391,80.69,161452,223477,72.25
2006/08/17,110300,138402,79.70,140174,196687,71.27
2006/08/16,165169,262966,62.81,95691,142704,67.06
2006/08/15,135704,164413,82.54,339886,325652,104.37
2006/08/14,177971,258725,68.79,341563,331629,103.00
2006/08/11,168754,167343,100.84,333547,354248,94.16
2006/08/10,183512,257107,71.38,317041,354340,89.47
2006/08/09,195708,278304,70.32,293791,365859,80.30
2006/08/08,152617,224291,68.04,292119,382730,76.33
2006/08/07,125755,174081,72.24,283901,389984,72.80
2006/08/04,129525,174684,74.15,269555,389156,69.27
2006/08/03,125012,155617,80.33,258142,382918,67.41
2006/08/02,125289,158914,78.84,241093,370161,65.13
2006/08/01,91779,149826,61.26,230709,362005,63.73
2006/09/29,92183,119140,77.37,227685,290209,78.46
2006/09/28,188357,193346,97.42,211410,264397,79.96
2006/09/27,96176,117492,81.86,200198,227597,87.96
2006/09/26,91510,128789,71.05,193339,218808,88.36
2006/09/25,135152,146430,92.30,165766,196808,84.23
2006/09/22,92546,100704,91.90,143667,171608,83.72
2006/09/21,126233,142520,88.57,120732,144219,83.71
2006/09/20,185105,246004,75.24,73420,96246,76.28
2006/09/19,176578,228284,77.35,398244,335928,118.55
2006/09/18,303525,364312,83.31,394886,334681,117.99
2006/09/15,212492,216902,97.97,384695,390637,98.48
2006/09/14,295111,312537,94.42,359292,397353,90.42
2006/09/13,136776,158710,86.18,357347,406164,87.98
2006/09/12,157478,221772,71.01,340259,395451,86.04
2006/09/11,257777,332582,77.51,336313,390657,86.09
2006/09/08,146075,207469,70.41,341729,383164,89.19
2006/09/07,141455,179231,78.92,321105,371259,86.49
2006/09/06,150616,198981,75.69,311082,361413,86.07
2006/09/05,68531,115536,59.32,307718,348501,88.30
2006/09/04,150113,222057,67.60,297539,346638,85.84
2006/09/01,80396,116537,68.99,281858,347076,81.21
2006/10/31,101473,108299,93.70,269525,325323,82.85
2006/10/30,154516,151430,102.04,261707,316387,82.72
2006/10/27,88981,88918,100.07,255721,294853,86.73
2006/10/26,83550,114029,73.27,238258,287037,83.01
2006/10/25,92388,90316,102.29,225002,268839,83.69
2006/10/24,142175,150561,94.43,213105,255958,83.26
2006/10/23,109656,117071,93.67,190480,231475,82.29
2006/10/20,73099,86559,84.45,162611,211035,77.05
2006/10/19,114825,143113,80.23,139379,184647,75.48
2006/10/18,269525,258644,104.21,111990,133942,83.61
2006/10/17,135069,173628,77.79,350022,297998,117.46
2006/10/16,132568,205270,64.58,340258,294838,115.41
2006/10/14,151943,104754,145.05,317658,319159,99.53
2006/10/13,207482,196504,105.59,305260,327224,93.29
2006/10/12,121746,127248,95.68,296357,332376,89.16
2006/10/11,113475,135380,83.82,287613,326596,88.06
2006/10/05,189818,219352,86.54,282718,317671,89.00
2006/10/04,134596,147565,91.21,269108,322179,83.53
2006/10/03,84816,74579,113.73,261942,300385,87.20
2006/10/02,149904,162463,92.27,244809,288536,84.85
2006/11/30,216417,206076,105.02,378077,373912,101.11
2006/11/29,240322,203604,118.03,355523,371418,95.72
2006/11/28,111229,139455,79.76,336948,346086,97.36
2006/11/27,180842,244431,73.98,323290,330295,97.88
2006/11/24,109435,144693,75.63,305468,328672,92.94
2006/11/23,189057,250412,75.50,293489,321358,91.33
2006/11/22,110752,105375,105.10,270736,309699,87.42
2006/11/21,128086,161633,79.24,257404,298896,86.12
2006/11/20,80899,75164,107.63,231541,274577,84.33
2006/11/17,70708,97086,72.83,211871,251469,84.25
2006/11/16,117465,119748,98.09,188267,216020,87.15
2006/11/15,180649,236343,76.44,135113,174214,77.56
2006/11/14,159332,207757,76.69,370832,361370,102.62
2006/11/13,147861,168375,87.82,360363,373101,96.59
2006/11/10,164045,181714,90.28,366068,373072,98.12
2006/11/09,230534,264280,87.23,362028,359363,100.74
2006/11/08,106988,100664,106.28,350296,353988,98.96
2006/11/07,168020,197558,85.05,335570,343059,97.82
2006/11/06,192037,203358,94.43,317482,336569,94.33
2006/11/03,191935,244715,78.43,316927,324705,97.60
2006/11/02,140042,163750,85.52,300144,333864,89.90
2006/11/01,68672,88794,77.34,279015,329846,84.59
2006/12/29,158954,163806,97.04,324499,281442,115.30
2006/12/28,129637,128805,100.65,298811,276732,107.98
2006/12/27,147301,131244,112.23,279929,259904,107.70
2006/12/26,130790,189816,68.90,253555,240960,105.23
2006/12/25,69400,60773,114.20,229095,220148,104.06
2006/12/22,109131,98125,111.22,214500,211795,101.28
2006/12/21,126198,139151,90.69,188095,196916,95.52
2006/12/20,190578,200310,95.14,149449,166344,89.84
2006/12/19,258437,217833,118.64,547085,474738,115.24
2006/12/18,217407,228678,95.07,514404,470244,109.39
2006/12/15,167413,149607,111.90,495380,497005,99.67
2006/12/14,171204,150987,113.39,486416,508673,95.62
2006/12/13,354300,286289,123.76,471768,498651,94.61
2006/12/12,299158,315375,94.86,485529,480675,101.01
2006/12/11,194381,171933,113.06,509287,476349,106.91
2006/12/08,181378,264542,68.56,491971,472338,104.16
2006/12/07,230763,175495,131.49,483901,440840,109.77
2006/12/06,200810,200117,100.35,466360,420360,110.94
2006/12/05,206894,337224,61.35,458937,407309,112.68
2006/12/04,176455,284098,62.11,430814,373136,115.46
2006/12/01,172649,298602,57.82,407606,367796,110.82
2007/01/31,282803,248885,113.63,361042,432296,83.52
2007/01/30,175580,181803,96.58,380643,400731,94.99
2007/01/29,151547,175051,86.57,363531,365609,99.43
2007/01/26,191844,200349,95.75,355204,343867,103.30
2007/01/25,133801,115947,115.40,350317,314839,111.27
2007/01/24,156706,181093,86.53,320177,297208,107.73
2007/01/23,111566,118688,94.00,301134,284424,105.88
2007/01/22,170454,175708,97.01,275535,267521,103.00
2007/01/19,122354,118676,103.10,245437,244608,100.34
2007/01/18,147961,179551,82.41,209125,212962,98.20
2007/01/17,242588,247491,98.02,149277,159455,93.62
2007/01/16,180948,185799,97.39,482284,471260,102.34
2007/01/15,189705,208522,90.98,464761,474444,97.96
2007/01/12,256555,297477,86.24,437304,462298,94.59
2007/01/11,306627,284332,107.84,399481,493278,80.98
2007/01/10,245999,268747,91.54,403978,461262,87.58
2007/01/09,212442,271720,78.18,409791,427329,95.90
2007/01/08,202694,252749,80.20,406357,389259,104.39
2007/01/05,247835,269384,92.00,392369,362915,108.12
2007/01/04,133548,144282,92.56,384153,343755,111.75
2007/01/03,145918,200330,72.84,369086,321043,114.96
2007/01/02,174041,217509,80.02,348612,291417,119.63
2007/02/27,206431,145384,141.99,230850,214288,107.73
2007/02/26,144391,196815,73.36,152049,158161,96.14
2007/02/14,181230,197032,91.98,432656,449442,96.27
2007/02/13,176029,205061,85.84,428197,464998,92.09
2007/02/12,159741,166803,95.77,440895,457987,96.27
2007/02/09,152884,184810,82.72,432252,443476,97.47
2007/02/08,161125,202253,79.67,422670,454321,93.03
2007/02/07,103008,128815,79.97,418578,442007,94.70
2007/02/06,146808,185369,79.20,403422,432092,93.36
2007/02/05,126924,141893,89.45,394334,445955,88.42
2007/02/02,172372,204203,84.41,382325,443558,86.20
2007/02/01,125284,160288,78.16,368599,452012,81.55
2007/03/30,109749,137415,79.87,333157,323287,103.05
2007/03/29,173077,148225,116.77,314800,311714,100.99
2007/03/28,175141,152092,115.15,292851,298371,98.15
2007/03/27,152481,154739,98.54,265801,268555,98.97
2007/03/26,91430,80992,112.89,236669,244839,96.66
2007/03/23,126477,162623,77.77,221410,232351,95.29
2007/03/22,102773,123596,83.15,197033,203942,96.61
2007/03/21,148439,177487,83.63,157121,159507,98.50
2007/03/20,178438,185949,95.96,544659,512780,106.22
2007/03/19,169686,182868,92.79,528372,514189,102.76
2007/03/16,231652,252758,91.65,507113,513879,98.68
2007/03/15,243358,322591,75.44,483781,528449,91.55
2007/03/14,276429,246447,112.17,459164,539081,85.18
2007/03/13,159160,172267,92.39,459972,509207,90.33
2007/03/12,148214,165620,89.49,422833,518255,81.59
2007/03/09,157181,185251,84.85,412865,518895,79.57
2007/03/08,204457,225100,90.83,393842,507397,77.62
2007/03/07,186056,234419,79.37,374386,495025,75.63
2007/03/06,243326,300657,80.93,343753,466083,73.75
2007/03/05,448593,345316,129.91,320759,416718,76.97
2007/03/03,220390,209412,105.24,314138,360321,87.18
2007/03/02,171602,165211,103.87,302126,322031,93.82
2007/03/01,344863,259396,132.95,272267,281119,96.85
2007/04/30,216023,266850,80.95,418567,422641,99.04
2007/04/27,177301,145244,122.07,417672,373948,111.69
2007/04/26,165944,119599,138.75,399105,346114,115.31
2007/04/25,164596,145996,112.74,379016,330810,114.57
2007/04/24,198291,176947,112.06,346836,310795,111.60
2007/04/23,188945,197758,95.54,308518,276525,111.57
2007/04/20,138616,126620,109.47,281068,249990,112.43
2007/04/19,216892,211695,102.45,243533,224885,108.29
2007/04/18,213704,203794,104.86,184542,155858,118.40
2007/04/17,264974,256722,103.21,576451,460070,125.30
2007/04/16,167447,147847,113.26,539344,427884,126.05
2007/04/14,120020,108456,110.66,520289,414165,125.62
2007/04/13,228804,211403,108.23,508096,405785,125.21
2007/04/12,144969,130486,111.10,491385,392989,125.04
2007/04/11,175484,146713,119.61,467609,380716,122.82
2007/04/10,144519,110324,131.00,441779,375563,117.63
2007/04/09,148640,126157,117.82,425038,362806,117.15
2007/04/04,212628,190310,111.73,398797,356345,111.91
2007/04/03,136547,158655,86.07,367214,352377,104.21
2007/04/02,141289,152584,92.60,348588,331138,105.27
2007/05/31,160747,168110,95.62,537697,534533,100.59
2007/05/30,240870,203210,118.53,523526,527229,99.30
2007/05/29,161579,174118,92.80,491950,499094,98.57
2007/05/28,95848,97672,98.13,462340,480774,96.17
2007/05/25,142845,135515,105.41,448407,466527,96.12
2007/05/24,125422,122890,102.06,431330,429567,100.41
2007/05/23,220393,173581,126.97,404266,408942,98.86
2007/05/22,200701,252160,79.59,368823,390144,94.54
2007/05/21,208479,249037,83.71,339650,342997,99.02
2007/05/18,111097,127102,87.41,322244,312965,102.96
2007/05/17,143167,162260,88.23,291378,273918,106.37
2007/05/16,180439,170224,106.00,239930,219341,109.39
2007/05/15,315547,299638,105.31,622561,580036,107.33
2007/05/14,176311,191274,92.18,605755,535690,113.08
2007/05/11,216823,206271,105.12,601901,522264,115.25
2007/05/10,148904,153413,97.06,581111,512995,113.28
2007/05/09,161764,158457,102.09,559733,510616,109.62
2007/05/08,171867,191640,89.68,542889,492846,110.15
2007/05/07,174134,237809,73.22,524410,462371,113.42
2007/05/04,235399,271205,86.80,491650,452133,108.74
2007/05/03,221148,216453,102.17,470445,464592,101.26
2007/05/02,156341,164239,95.19,449637,448011,100.36
2007/06/29,156474,177092,88.36,432688,469530,92.15
2007/06/28,120699,152551,79.12,421636,454188,92.83
2007/06/27,145761,203678,71.56,410666,448668,91.53
2007/06/26,132200,180880,73.09,399686,424939,94.06
2007/06/25,171337,260144,65.86,378753,396034,95.64
2007/06/23,82623,86899,95.08,366711,381139,96.21
2007/06/22,152026,215431,70.57,351696,359770,97.76
2007/06/21,287835,398642,72.20,324394,316940,102.35
2007/06/20,422820,492047,85.93,262730,271022,96.94
2007/06/15,344241,515393,66.79,757806,547158,138.50
2007/06/14,245662,281962,87.13,718240,564527,127.23
2007/06/13,183641,152116,120.72,707724,602244,117.51
2007/06/12,168920,211451,79.89,685300,591880,115.78
2007/06/11,144031,162719,88.52,668935,592696,112.86
2007/06/08,289029,202533,142.71,661083,602081,109.80
2007/06/07,237665,257751,92.21,643690,579953,110.99
2007/06/06,265267,322967,82.13,625754,571292,109.53
2007/06/05,139270,141645,98.32,595129,579836,102.64
2007/06/04,145326,169384,85.80,577887,562720,102.70
2007/06/01,163958,187869,87.27,558029,549184,101.61
2007/07/31,228557,303867,75.22,421119,496851,84.76
2007/07/30,381640,346404,110.17,404570,487859,82.93
2007/07/27,515178,414829,124.19,423798,457611,92.61
2007/07/26,306228,430192,71.18,463281,415644,111.46
2007/07/25,202427,275101,73.58,432907,372973,116.07
2007/07/24,229941,298486,77.04,396558,328238,120.81
2007/07/23,138953,204252,68.03,364216,321783,113.19
2007/07/20,176830,177208,99.79,333773,289317,115.37
2007/07/19,232488,188736,123.18,291188,266741,109.17
2007/07/18,257055,397068,64.74,223587,198009,112.92
2007/07/17,343424,330080,104.04,674207,506448,133.12
2007/07/16,261065,313480,83.28,655224,513413,127.62
2007/07/13,280659,363397,77.23,636037,530735,119.84
2007/07/12,243985,305908,79.76,631585,553571,114.09
2007/07/11,212298,265863,79.85,621365,532408,116.71
2007/07/10,256383,335594,76.40,612024,494894,123.67
2007/07/09,276166,471308,58.60,595799,469181,126.99
2007/07/06,190617,261346,72.94,559560,484162,115.57
2007/07/05,232698,213231,109.13,542183,481874,112.52
2007/07/04,291678,358786,81.30,520335,482967,107.74
2007/07/03,194400,255013,76.23,479752,482795,99.37
2007/07/02,162591,189222,85.93,452715,481590,94.00
2007/08/31,126993,269238,47.17,323303,335793,96.28
2007/08/30,87268,132724,65.75,321223,341112,94.17
2007/08/29,96395,119459,80.69,316812,335581,94.41
2007/08/28,65718,112759,58.28,313003,322729,96.99
2007/08/27,63999,91750,69.75,305165,310076,98.42
2007/08/24,65226,123504,52.81,298234,297697,100.18
2007/08/23,99200,146141,67.88,285571,291048,98.12
2007/08/22,75791,126305,60.01,277289,290664,95.40
2007/08/21,107265,185162,57.93,270540,277948,97.33
2007/08/20,104320,167905,62.13,257867,260537,98.98
2007/08/17,168027,181624,92.51,239640,241113,99.39
2007/08/16,238065,172797,137.77,214667,198801,107.98
2007/08/15,381695,274967,138.81,144981,126791,114.35
2007/08/14,291989,268626,108.70,474559,543667,87.29
2007/08/13,217096,235940,92.01,465858,533440,87.33
2007/08/10,364074,258445,140.87,467383,524877,89.05
2007/08/09,218387,263103,83.00,453468,516921,87.72
2007/08/08,221051,248459,88.97,447262,514110,87.00
2007/08/07,212840,228862,93.00,444057,523930,84.76
2007/08/06,237808,199243,119.36,427733,521597,82.00
2007/08/03,176351,233114,75.65,408305,503507,81.09
2007/08/02,380036,367815,103.32,401079,501924,79.91
2007/08/01,390459,360177,108.41,422159,488672,86.39
2007/09/29,86553,124278,69.64,229618,245552,93.51
2007/09/28,102454,191509,53.50,220419,230499,95.63
2007/09/27,126827,223559,56.73,196511,206942,94.96
2007/09/26,97886,132214,74.04,168210,177208,94.92
2007/09/21,86178,132039,65.27,151334,162092,93.36
2007/09/20,111044,111934,99.20,119189,133688,89.15
2007/09/19,212195,271836,78.06,75674,98917,76.50
2007/09/17,158854,168805,94.11,401748,403842,99.48
2007/09/14,178062,152629,116.66,397343,394684,100.67
2007/09/13,156580,139468,112.27,399498,394969,101.15
2007/09/12,156475,138252,113.18,396447,397986,99.61
2007/09/11,111126,165915,66.98,388165,394918,98.29
2007/09/10,126670,128917,98.26,370903,378625,97.96
2007/09/07,108364,156410,69.28,371112,367788,100.90
2007/09/06,130122,158517,82.09,358312,372687,96.14
2007/09/05,101265,117100,86.48,353539,360113,98.17
2007/09/04,77868,116560,66.81,339778,352007,96.53
2007/09/03,71668,123037,58.25,333061,342812,97.16
2007/10/31,88316,94811,93.15,313057,312304,100.24
2007/10/30,89980,110606,81.35,298316,289537,103.03
2007/10/29,134018,158912,84.33,286643,273747,104.71
2007/10/26,81650,96854,84.30,273381,265095,103.13
2007/10/25,86417,94871,91.09,271395,260994,103.99
2007/10/24,125675,148876,84.42,266508,249999,106.60
2007/10/23,103174,123564,83.50,251183,231903,108.31
2007/10/22,142014,136702,103.89,236268,203256,116.24
2007/10/19,65217,72707,89.70,209908,183011,114.70
2007/10/18,83709,108292,77.30,183817,157020,117.07
2007/10/17,214487,222408,96.44,151567,114381,132.51
2007/10/16,194495,213772,90.98,379669,326172,116.40
2007/10/15,184076,179634,102.47,358892,316761,113.30
2007/10/12,226136,232228,97.38,357358,317770,112.46
2007/10/11,148566,149028,99.69,358585,323201,110.95
2007/10/09,135297,173600,77.94,335889,315598,106.43
2007/10/08,73762,121472,60.72,321722,306054,105.12
2007/10/05,113751,197191,57.69,311616,307599,101.31
2007/10/04,124008,168894,73.42,303712,299543,101.39
2007/10/03,141526,294006,48.14,293183,269756,108.68
2007/10/02,137356,202103,67.96,265290,261748,101.35
2007/10/01,89474,113053,79.14,241672,257691,93.78
2007/11/30,119510,136797,87.36,280698,349592,80.29
2007/11/29,84075,138949,60.51,250732,341297,73.46
2007/11/28,98605,173552,56.82,240598,325235,73.98
2007/11/27,169982,231287,73.49,229084,303882,75.39
2007/11/26,86230,146602,58.82,203599,267937,75.99
2007/11/23,114498,160850,71.18,186636,238097,78.39
2007/11/22,129894,176968,73.40,162189,204289,79.39
2007/11/21,243903,272526,89.50,131558,152462,86.29
2007/11/20,338193,357295,94.65,424955,578596,73.45
2007/11/19,188493,186225,101.22,436040,566760,76.94
2007/11/16,248849,209942,118.53,425233,553088,76.88
2007/11/15,99817,122104,81.75,408997,553539,73.89
2007/11/14,170280,200977,84.73,392561,536482,73.17
2007/11/13,190643,191369,99.62,384251,529527,72.56
2007/11/12,274558,247635,110.87,384474,515598,74.57
2007/11/09,173623,175466,98.95,392770,489071,80.31
2007/11/08,280096,272195,102.90,388345,470840,82.48
2007/11/07,132018,148329,89.00,394717,433242,91.11
2007/11/06,101262,125814,80.49,371834,425025,87.49
2007/11/05,210964,216088,97.63,353016,413263,85.42
2007/11/02,235163,248177,94.76,338828,378255,89.58
2007/11/01,164365,183008,89.81,334430,330557,101.17
2007/12/31,87885,106002,82.91,165275,267316,61.83
2007/12/28,132381,196865,67.24,154427,250998,61.53
2007/12/27,110445,168590,65.51,148955,233636,63.76
2007/12/26,68372,118949,57.48,127726,209870,60.86
2007/12/25,32864,46029,71.40,120283,193311,62.22
2007/12/24,41783,95767,43.63,115291,184857,62.37
2007/12/21,58196,115761,50.27,108475,168930,64.21
2007/12/20,51712,102163,50.62,100622,151070,66.61
2007/12/19,186010,208621,89.16,87692,116215,75.46
2007/12/18,276652,261125,105.95,346369,570564,60.71
2007/12/17,272172,257623,105.65,334255,532072,62.82
2007/12/14,344637,327370,105.27,330435,493694,66.93
2007/12/13,258331,295579,87.40,340760,468126,72.79
2007/12/12,173111,203473,85.08,351249,434271,80.88
2007/12/11,106773,132827,80.39,340439,421849,80.70
2007/12/10,112997,129530,87.24,326176,412618,79.05
2007/12/07,124944,149641,83.50,330381,399407,82.72
2007/12/06,128228,148752,86.20,317755,390855,81.30
2007/12/05,129101,136984,94.25,300554,384735,78.12
2007/12/04,95179,101390,93.87,290993,374226,77.76
2007/12/03,80451,86734,92.76,283329,362351,78.19
2008/01/31,92777,146382,63.38,181419,394805,45.95
2008/01/30,81007,183265,44.20,180763,375125,48.19
2008/01/29,78161,133811,58.41,170371,360319,47.28
2008/01/28,81855,169655,48.25,163312,345747,47.23
2008/01/25,94469,200298,47.16,160537,324993,49.40
2008/01/24,98764,182836,54.02,145211,312024,46.54
2008/01/23,140976,189119,74.54,138079,287341,48.05
2008/01/22,113881,175894,64.74,125326,257665,48.64
2008/01/21,60897,105609,57.66,136201,231639,58.80
2008/01/18,80810,140562,57.49,125023,207650,60.21
2008/01/17,103900,166264,62.49,104271,190568,54.72
2008/01/16,257249,352842,72.91,78951,149087,52.96
2008/01/15,386236,569325,67.84,313495,522705,59.98
2008/01/14,268565,330263,81.32,284739,561171,50.74
2008/01/11,205484,329993,62.27,280340,568870,49.28
2008/01/10,137518,219724,62.59,253679,477801,53.09
2008/01/09,221004,316566,69.81,242184,472221,51.29
2008/01/08,138427,159541,86.77,224325,460187,48.75
2008/01/07,231022,291747,79.19,218864,439468,49.80
2008/01/04,161746,215756,74.97,214682,400800,53.56
2008/01/03,181781,226554,80.24,203228,358362,56.71
2008/01/02,140094,181901,77.02,188951,305512,61.85
2008/02/29,93695,131767,71.11,186857,306483,60.97
2008/02/27,83535,125332,66.65,170987,286806,59.62
2008/02/26,75128,126039,59.61,156563,271885,57.58
2008/02/25,89698,162261,55.28,146825,246615,59.54
2008/02/22,81394,117059,69.53,122914,212495,57.84
2008/02/21,76587,156840,48.83,101324,177772,57.00
2008/02/20,179502,261681,68.60,71833,119531,60.10
2008/02/19,163690,193086,84.78,292601,451049,64.87
2008/02/18,154267,194187,79.44,281109,464284,60.55
2008/02/15,175487,179650,97.68,263180,461590,57.02
2008/02/14,173198,256940,67.41,235948,443154,53.24
2008/02/13,82933,132613,62.54,213841,428049,49.96
2008/02/12,100400,165413,60.70,210649,420571,50.09
2008/02/01,105884,149286,70.93,205504,401005,51.25
2008/03/31,125649,189224,66.40,303736,383368,79.23
2008/03/28,104842,170781,61.39,293845,371061,79.19
2008/03/27,142997,217425,65.77,282909,355948,79.48
2008/03/26,120091,195113,61.55,268845,320859,83.79
2008/03/25,146671,192799,76.07,255962,302935,84.49
2008/03/24,292465,313934,93.16,233368,281353,82.94
2008/03/21,163736,215162,76.10,174402,265573,65.67
2008/03/20,86061,162217,53.05,113391,206382,54.94
2008/03/19,224166,312802,71.66,78980,146261,54.00
2008/03/18,195824,240408,81.45,342422,539111,63.52
2008/03/17,369449,306024,120.73,348382,512021,68.04
2008/03/14,225302,290015,77.69,318432,485038,65.65
2008/03/13,206867,284334,72.75,312021,470938,66.26
2008/03/12,169012,285197,59.26,293590,452624,64.86
2008/03/11,138901,189265,73.39,297298,436269,68.15
2008/03/10,184600,246956,74.75,294391,416047,70.76
2008/03/07,142228,202755,70.15,278496,385392,72.26
2008/03/06,148808,221384,67.22,251786,365737,68.84
2008/03/05,115618,189481,61.02,242927,358332,67.79
2008/03/04,145918,226707,64.36,224227,348565,64.33
2008/03/03,123588,149997,82.39,207814,327382,63.48
2008/04/30,166353,150292,110.69,323115,340068,95.01
2008/04/29,131256,192431,68.21,303510,326757,92.89
2008/04/28,97566,154185,63.28,296376,313805,94.45
2008/04/25,103045,152916,67.39,288662,297509,97.03
2008/04/24,127636,147542,86.51,276380,279109,99.02
2008/04/23,129880,162554,79.90,257669,267679,96.26
2008/04/22,108828,107708,101.04,240904,248920,96.78
2008/04/21,102475,112977,90.70,215632,230986,93.35
2008/04/18,102435,105962,96.67,193867,206063,94.08
2008/04/17,138889,136450,101.79,170513,178120,95.73
2008/04/16,226738,305284,74.27,122323,127236,96.14
2008/04/15,221701,262709,84.39,422885,434558,97.31
2008/04/14,190999,255478,74.76,388018,440490,88.09
2008/04/11,191673,324743,59.02,379261,428137,88.58
2008/04/10,192573,262873,73.26,369384,433851,85.14
2008/04/09,182815,242187,75.49,355777,442513,80.40
2008/04/08,108117,145921,74.09,349389,436806,79.99
2008/04/07,145715,165543,88.02,334468,426229,78.47
2008/04/03,83124,137615,60.40,326901,423050,77.27
2008/04/02,132353,226618,58.40,318031,413348,76.94
2008/04/01,142277,214225,66.41,306780,399664,76.76
2008/05/30,240479,302785,79.42,326177,423996,76.93
2008/05/29,168108,297474,56.51,308663,387777,79.60
2008/05/28,154148,216487,71.20,292716,354046,82.68
2008/05/27,119552,145191,82.34,287365,327088,87.86
2008/05/26,158683,185617,85.49,277435,303687,91.36
2008/05/23,195925,231325,84.70,259003,270138,95.88
2008/05/22,169150,205186,82.44,223456,225853,98.94
2008/05/21,309564,387309,79.93,168394,163852,102.77
2008/05/20,398370,553480,71.98,460795,517235,89.09
2008/05/19,198506,305791,64.92,452444,490539,92.23
2008/05/16,219592,370599,59.25,429686,472765,90.89
2008/05/15,237701,358370,66.33,411679,461162,89.27
2008/05/14,228594,262332,87.14,385887,464614,83.06
2008/05/13,238186,322573,73.84,361097,455866,79.21
2008/05/12,183551,187510,97.89,357864,455056,78.64
2008/05/09,189581,211741,89.53,361086,439706,82.12
2008/05/08,144697,207631,69.69,351719,430021,81.79
2008/05/07,164405,192916,85.22,344827,415578,82.98
2008/05/06,150132,218643,68.67,339992,403974,84.16
2008/05/05,135727,223527,60.72,338258,379182,89.21
2008/05/02,101415,146615,69.17,328860,366988,89.61
2008/06/30,113556,163279,69.55,250817,464777,53.97
2008/06/27,226683,301883,75.09,243073,435882,55.77
2008/06/26,112388,164525,68.31,260933,384908,67.79
2008/06/25,146834,221142,66.40,255878,363424,70.41
2008/06/24,162408,284806,57.02,238730,324443,73.58
2008/06/23,195565,256839,76.14,228066,292128,78.07
2008/06/20,203378,280223,72.58,198139,242800,81.61
2008/06/19,121640,157634,77.17,169114,203161,83.24
2008/06/18,214289,260234,82.34,127200,148911,85.42
2008/06/17,238358,309251,77.08,378956,725950,52.20
2008/06/16,187159,241295,77.56,378292,700730,53.99
2008/06/13,231717,316447,73.22,383156,687375,55.74
2008/06/12,438356,381649,114.86,363253,663589,54.74
2008/06/11,233637,252576,92.50,385348,603920,63.81
2008/06/10,313551,365749,85.73,372599,589219,63.24
2008/06/09,213319,247186,86.30,374022,540752,69.17
2008/06/06,147535,220367,66.95,361474,502499,71.94
2008/06/05,249460,381322,65.42,356976,496258,71.93
2008/06/04,114040,173342,65.79,353706,494877,71.47
2008/06/03,174961,230739,75.83,344737,474962,72.58
2008/06/02,102667,142441,72.08,337776,449945,75.07
2008/07/31,154178,234840,65.65,212749,440954,48.25
2008/07/30,101340,165978,61.06,195274,428994,45.52
2008/07/29,127497,205821,61.95,189543,422922,44.82
2008/07/25,118397,155420,76.18,187495,401904,46.65
2008/07/24,104918,193600,54.19,185764,376233,49.37
2008/07/23,139776,308684,45.28,175359,373938,46.90
2008/07/22,89796,160167,56.06,159671,378164,42.22
2008/07/21,113132,219103,51.63,151166,358141,42.21
2008/07/18,110711,233068,47.50,133737,330347,40.48
2008/07/17,95249,223237,42.67,119665,288519,41.48
2008/07/16,322958,353311,91.41,89361,208884,42.78
2008/07/15,381371,460128,82.88,346120,795975,43.48
2008/07/14,213307,276719,77.08,355584,745312,47.71
2008/07/11,264768,420683,62.94,340575,722969,47.11
2008/07/10,270649,373339,72.49,310636,732956,42.38
2008/07/09,255494,363895,70.21,296467,690305,42.95
2008/07/08,264017,361855,72.96,272917,676411,40.35
2008/07/07,149006,263758,56.49,283757,643362,44.11
2008/07/04,158491,292778,54.13,262021,612929,42.75
2008/07/03,239079,416788,57.36,260139,595988,43.65
2008/07/02,172905,319615,54.10,246904,549493,44.93
2008/07/01,166101,217305,76.44,246963,497687,49.62
2008/08/29,83670,157492,53.13,165682,367257,45.11
2008/08/28,70544,122820,57.44,157960,341066,46.31
2008/08/27,124482,184292,67.55,155373,329202,47.20
2008/08/26,69379,147746,46.96,147964,312607,47.33
2008/08/25,92612,143294,64.63,141868,299507,47.37
2008/08/22,130877,193835,67.52,131902,291494,45.25
2008/08/21,76561,132117,57.95,115554,259824,44.47
2008/08/20,241771,267833,90.27,92066,215214,42.78
2008/08/19,273652,311017,87.99,301981,580202,52.05
2008/08/18,296151,331596,89.31,293770,559042,52.55
2008/08/15,206771,290367,71.21,324704,528151,61.48
2008/08/14,171250,247206,69.27,321505,520203,61.80
2008/08/13,168790,203115,83.10,309240,511886,60.41
2008/08/12,116767,164380,71.03,300338,496120,60.54
2008/08/11,157983,249016,63.44,297632,483994,61.49
2008/08/08,212184,335063,63.33,276225,492042,56.14
2008/08/07,101947,201129,50.69,251297,498743,50.39
2008/08/06,115392,176711,65.30,235815,493703,47.76
2008/08/05,151585,201860,75.09,225070,492665,45.68
2008/08/04,88178,128204,68.78,226857,465729,48.71
2008/08/01,133873,159621,83.87,224155,451468,49.65
2008/09/30,123771,165324,74.87,177354,365595,48.51
2008/09/26,144403,193801,74.51,184519,338724,54.47
2008/09/25,97496,170790,57.09,182536,314353,58.07
2008/09/24,120869,243714,49.59,174068,297326,58.54
2008/09/23,107954,149174,72.37,159551,282352,56.51
2008/09/22,107368,173625,61.84,139765,269082,51.94
2008/09/19,78455,193249,40.60,119748,256837,46.62
2008/09/18,98022,197320,49.68,96276,227344,42.35
2008/09/17,133568,228070,58.56,76026,171778,44.26
2008/09/16,153241,292941,52.31,209450,723869,28.93
2008/09/15,277201,356166,77.83,230054,683468,33.66
2008/09/12,239277,345277,69.30,239035,647944,36.89
2008/09/11,250242,338295,73.97,237079,611868,38.75
2008/09/10,203541,267035,76.22,234225,587794,39.85
2008/09/09,225206,291254,77.32,230174,561388,41.00
2008/09/08,185256,364064,50.89,224390,523350,42.88
2008/09/05,156217,251846,62.03,192822,531494,36.28
2008/09/04,203704,262588,77.58,196108,493386,39.75
2008/09/03,160116,207327,77.23,200243,448461,44.65
2008/09/02,166017,210269,78.95,186436,415128,44.91
2008/09/01,166133,232484,71.46,182180,396743,45.92
2008/10/31,164489,318485,51.65,215157,386424,55.68
2008/10/30,117893,271996,43.34,190769,406548,46.92
2008/10/29,109493,337515,32.44,178007,407199,43.71
2008/10/28,117450,355220,33.06,166291,401043,41.46
2008/10/27,105145,173295,60.67,145652,380333,38.30
2008/10/24,101391,239374,42.36,128482,336579,38.17
2008/10/23,70433,157579,44.70,115120,301882,38.13
2008/10/22,73680,139933,52.65,114723,272314,42.13
2008/10/21,67731,192212,35.24,116582,250821,46.48
2008/10/20,63644,111107,57.28,109457,229704,47.65
2008/10/17,67598,123866,54.57,96071,207477,46.30
2008/10/16,68518,89364,76.67,83069,173017,48.01
2008/10/15,142369,197616,72.04,60430,137848,43.84
2008/10/14,101440,205967,49.25,184058,579375,31.77
2008/10/13,68400,214724,31.85,166235,559627,29.70
2008/10/09,124976,259599,48.14,178134,518969,34.32
2008/10/08,180763,290979,62.12,182430,498513,36.59
2008/10/07,128352,234858,54.65,197836,470267,42.07
2008/10/06,119470,207759,57.50,193813,446239,43.43
2008/10/03,97823,168154,58.17,198750,418162,47.53
2008/10/02,96559,134100,72.01,190703,391658,48.69
2008/10/01,89666,148331,60.45,185714,378038,49.13
2008/11/28,48753,98122,49.69,183517,326099,56.28
2008/11/27,99850,172687,57.82,173146,307998,56.22
2008/11/26,67475,132220,51.03,153186,289902,52.84
2008/11/25,91033,202336,44.99,146279,269724,54.23
2008/11/24,60888,169613,35.90,123989,248296,49.94
2008/11/21,83253,188173,44.24,116006,233633,49.65
2008/11/20,62960,123298,51.06,95417,192878,49.47
2008/11/19,161315,167515,96.30,79200,155167,51.04
2008/11/18,177287,239918,73.89,264332,581062,45.49
2008/11/17,140059,226887,61.73,274190,560636,48.91
2008/11/14,162031,258977,62.57,268697,538737,49.88
2008/11/13,174195,237351,73.39,254803,521596,48.85
2008/11/12,132155,210002,62.93,266585,507625,52.52
2008/11/11,147805,275499,53.65,274932,493899,55.67
2008/11/10,114561,190693,60.08,274029,484597,56.55
2008/11/07,182616,347953,52.48,252318,466800,54.05
2008/11/06,162562,196502,82.73,257626,451998,57.00
2008/11/05,128254,205264,62.48,258132,435862,59.22
2008/11/04,125020,186977,66.86,240118,412322,58.24
2008/11/03,114314,233392,48.98,227489,388457,58.56
2008/12/31,72612,198458,36.59,178409,272215,65.54
2008/12/30,82084,245617,33.42,169193,251338,67.32
2008/12/29,43667,194305,22.47,154185,260759,59.13
2008/12/26,54788,93979,58.30,148327,249185,59.52
2008/12/25,47086,77777,60.54,141653,236658,59.86
2008/12/24,79373,119620,66.35,138512,225991,61.29
2008/12/23,122447,148886,82.24,130317,210654,61.86
2008/12/22,81566,115163,70.83,126081,177677,70.96
2008/12/19,77239,141420,54.62,112000,156010,71.79
2008/12/18,53919,122227,44.11,92887,137332,67.64
2008/12/17,151114,199044,75.92,76725,109393,70.14
2008/12/16,136444,155964,87.48,324021,391842,82.69
2008/12/15,188620,245891,76.71,307668,394466,78.00
2008/12/12,287495,250272,114.87,286639,395387,72.50
2008/12/11,113732,184663,61.59,296464,381184,77.77
2008/12/10,163234,291433,56.01,289031,377058,76.65
2008/12/09,102328,169605,60.33,268533,401794,66.83
2008/12/08,150682,235415,64.01,259973,389392,66.76
2008/12/05,92505,112968,81.89,237190,387344,61.23
2008/12/04,103667,155119,66.83,228653,372807,61.33
2008/12/03,74044,123197,60.10,221413,353059,62.71
2008/12/02,123164,148188,83.11,209493,335678,62.41
2008/12/01,91593,153410,59.70,207674,332689,62.42
2009/01/21,154019,139154,110.68,115257,136479,84.45
2009/01/20,140944,172883,81.53,293005,500259,58.57
2009/01/19,76354,143886,53.07,284152,482659,58.87
2009/01/17,95519,133542,71.53,278880,473316,58.92
2009/01/16,116966,204374,57.23,273674,459069,59.62
2009/01/15,184739,202198,91.37,267031,439313,60.78
2009/01/14,114931,143385,80.16,269478,416581,64.69
2009/01/13,122904,172591,71.21,257470,408701,63.00
2009/01/12,105918,154568,68.53,244296,400409,61.01
2009/01/10,117915,139463,84.55,233701,381482,61.26
2009/01/09,115454,178060,64.84,231627,361157,64.13
2009/01/08,146858,184343,79.67,217795,337324,64.57
2009/01/07,88190,133476,66.07,215926,307963,70.11
2009/01/06,74502,121575,61.28,202596,296102,68.42
2009/01/05,102703,191238,53.70,187597,280864,66.79
2009/02/27,85495,108435,78.84,274595,308884,88.90
2009/02/26,103493,113875,90.88,260843,295748,88.20
2009/02/25,122969,141716,86.77,252075,285341,88.34
2009/02/24,96775,93914,103.05,233853,270457,86.47
2009/02/23,102647,107091,95.85,218390,258127,84.61
2009/02/20,120869,142627,84.74,199151,235827,84.45
2009/02/19,117799,184029,64.01,171242,208606,82.09
2009/02/18,165297,176773,93.51,414303,372212,111.31
2009/02/17,180893,167043,108.29,381622,340660,112.02
2009/02/16,143652,137811,104.24,361963,322307,112.30
2009/02/13,162190,228640,70.94,341117,317917,107.30
2009/02/12,199377,231650,86.07,326792,312780,104.48
2009/02/11,184391,201701,91.42,318680,290101,109.85
2009/02/10,101374,112834,89.84,294038,285004,103.17
2009/02/09,122600,147190,83.29,273420,274281,99.69
2009/02/06,165450,211051,78.39,239432,260276,91.99
2009/02/05,129093,165550,77.98,215593,244622,88.13
2009/02/04,108357,129450,83.71,192369,215829,89.13
2009/02/03,124541,160286,77.70,173216,193502,89.52
2009/02/02,70217,88886,79.00,132603,166136,79.82
2009/03/31,142824,159629,89.47,367492,338583,108.54
2009/03/30,179091,189997,94.26,359673,314964,114.19
2009/03/27,144059,196358,73.37,343432,277473,123.77
2009/03/26,202782,223473,90.74,325117,255453,127.27
2009/03/25,157588,207359,76.00,299998,235114,127.60
2009/03/24,144463,197209,73.25,262692,220280,119.25
2009/03/23,143262,153341,93.43,232021,209198,110.91
2009/03/20,119527,106992,111.72,207648,189281,109.70
2009/03/19,111464,109117,102.15,174318,157378,110.76
2009/03/18,169950,256298,66.31,134178,126734,105.87
2009/03/17,221201,261306,84.65,566975,361203,156.97
2009/03/16,190932,218764,87.28,512209,357005,143.47
2009/03/13,229723,311771,73.68,467976,363777,128.64
2009/03/12,107768,134023,80.41,432069,394971,109.39
2009/03/11,168803,190264,88.72,411026,382294,107.52
2009/03/10,136847,155274,88.13,390101,394750,98.82
2009/03/09,142174,157889,90.05,386815,382069,101.24
2009/03/06,163630,175515,93.23,372130,364509,102.09
2009/03/05,161034,268417,59.99,352047,355638,98.99
2009/03/04,165250,197082,83.85,331942,347746,95.46
2009/03/03,159068,159832,99.52,310260,345995,89.67
2009/03/02,157655,169753,92.87,294321,328697,89.54
2009/04/30,265598,364843,72.80,376493,284942,132.13
2009/04/29,118082,128002,92.25,367330,361535,101.60
2009/04/28,197336,200057,98.64,363577,334802,108.59
2009/04/27,204707,167126,122.49,354030,293819,120.49
2009/04/24,146445,170008,86.14,349558,253889,137.68
2009/04/23,154242,121319,127.14,332786,251818,132.15
2009/04/22,118424,105843,111.89,314478,243545,129.13
2009/04/21,143520,142951,100.40,282088,240353,117.36
2009/04/20,158536,130155,121.81,253093,217439,116.40
2009/04/17,206245,158493,130.13,226145,185310,122.04
2009/04/16,136732,96345,141.92,178915,148095,120.81
2009/04/15,180679,200689,90.03,619257,348040,177.93
2009/04/14,213926,213896,100.01,588837,326683,180.25
2009/04/13,256287,228825,112.00,564252,325875,173.15
2009/04/10,247791,326935,75.79,519695,326888,158.98
2009/04/09,285493,322853,88.43,488127,355694,137.23
2009/04/08,211332,256842,82.28,467822,376525,124.25
2009/04/07,201856,175419,115.07,462659,350743,131.91
2009/04/06,175233,229168,76.46,464187,335627,138.30
2009/04/03,168597,226284,74.51,447371,323824,138.15
2009/04/02,227634,247190,92.09,420883,321043,131.10
2009/04/01,184982,196598,94.09,392446,340544,115.24
2009/05/27,137047,134531,101.87,249260,172835,144.22
2009/05/26,99914,61017,163.75,231664,174781,132.55
2009/05/25,102335,85249,120.04,218912,163315,134.04
2009/05/22,82900,62979,131.63,201729,154671,130.42
2009/05/21,102775,74260,138.40,181698,145146,125.18
2009/05/20,243675,257160,94.76,152297,118973,128.01
2009/05/19,267655,268799,99.57,552673,345801,159.82
2009/05/18,190832,174318,109.47,526178,370116,142.17
2009/05/15,178603,176128,101.41,509350,359811,141.56
2009/05/14,186060,207895,89.50,508776,359463,141.54
2009/05/13,143596,154481,92.95,505708,368058,137.40
2009/05/12,192397,199836,96.28,498566,364039,136.95
2009/05/11,130615,118143,110.56,494898,324170,152.67
2009/05/08,118516,106392,111.40,486764,312633,155.70
2009/05/07,154068,146431,105.22,465800,297019,156.82
2009/05/06,142741,122332,116.68,443610,267429,165.88
2009/05/05,233525,207534,112.52,430892,253684,169.85
2009/05/04,251815,251615,100.08,407802,248740,163.95
2009/06/30,96235,141451,68.03,252982,283782,89.15
2009/06/29,120081,112051,107.17,242836,262421,92.54
2009/06/26,86690,95881,90.41,225185,238837,94.28
2009/06/25,94488,156174,60.50,216753,230609,93.99
2009/06/24,164753,265033,62.16,201393,211492,95.22
2009/06/23,83132,87496,95.01,184433,197361,93.45
2009/06/22,88810,101072,87.87,162465,183876,88.36
2009/06/19,69764,86893,80.29,147959,167598,88.28
2009/06/18,103625,131365,78.88,134536,149002,90.29
2009/06/17,185307,169248,109.49,373565,473869,78.83
2009/06/16,206379,196758,104.89,338551,444723,76.13
2009/06/15,260182,238877,108.92,337478,421269,80.11
2009/06/12,154777,162581,95.20,352889,391473,90.14
2009/06/11,196899,205424,95.85,342001,379772,90.05
2009/06/10,157971,171011,92.37,322238,356720,90.33
2009/06/09,264936,247379,107.10,323087,337558,95.71
2009/06/08,185222,181085,102.28,331951,303555,109.35
2009/06/06,98249,87816,111.88,329736,289674,113.83
2009/06/05,90559,112639,80.40,310676,280410,110.79
2009/06/04,148871,147188,101.14,300816,255799,117.60
2009/06/03,127573,96291,132.49,291097,225666,128.99
2009/06/02,116707,125401,93.07,283832,204103,139.06
2009/06/01,96789,91908,105.31,266881,188037,141.93
2009/07/31,93369,107204,87.09,296084,222519,133.06
2009/07/30,121866,112562,108.27,280262,217519,128.84
2009/07/29,88700,97880,90.62,271073,204924,132.28
2009/07/28,111765,107850,103.63,250189,188557,132.69
2009/07/27,83773,83058,100.86,234148,183629,127.51
2009/07/24,72832,65336,111.47,221544,175729,126.07
2009/07/23,70729,82851,85.37,208893,169863,122.98
2009/07/22,79695,86932,91.68,196858,161813,121.66
2009/07/21,64033,68352,93.68,184001,156057,117.91
2009/07/20,70688,89448,79.03,175342,147689,118.72
2009/07/17,58334,65641,88.87,157986,136549,115.70
2009/07/16,77596,82090,94.53,141445,124442,113.66
2009/07/15,182215,233426,78.06,111741,105050,106.37
2009/07/14,149053,167039,89.23,376228,340132,110.61
2009/07/13,261092,237360,110.00,363195,337188,107.71
2009/07/10,112440,119418,94.16,378863,329412,115.01
2009/07/09,164917,181498,90.86,360840,316859,113.88
2009/07/08,137409,126248,108.84,353507,321795,109.85
2009/07/07,136528,154082,88.61,342831,311669,110.00
2009/07/06,92400,101573,90.97,324492,307264,105.61
2009/07/03,121889,121726,100.13,315845,300951,104.95
2009/07/02,134197,150487,89.18,293917,293472,100.15
2009/07/01,148732,157183,94.62,271536,288145,94.24
2009/08/31,93694,87155,107.50,301652,241733,124.79
2009/08/28,142444,119274,119.43,287055,227829,126.00
2009/08/27,114906,88549,129.77,276465,222210,124.42
2009/08/26,162600,113373,143.42,256457,210572,121.79
2009/08/25,77696,69342,112.05,251354,200026,125.66
2009/08/24,110810,113070,98.00,239277,192507,124.30
2009/08/21,118728,113919,104.22,211380,175959,120.13
2009/08/20,110010,110560,99.50,184009,154233,119.31
2009/08/19,167505,148506,112.79,384836,351945,109.35
2009/08/18,248642,208994,118.97,363747,327734,110.99
2009/08/17,192698,163724,117.70,380893,295432,128.93
2009/08/14,137775,144539,95.32,379061,289313,131.02
2009/08/13,178149,173917,102.43,366706,290467,126.25
2009/08/12,110858,99240,111.71,350077,293588,119.24
2009/08/11,112115,122436,91.57,346750,286617,120.98
2009/08/10,100831,99085,101.76,342033,277755,123.14
2009/08/06,161430,139709,115.55,336947,268513,125.49
2009/08/05,142823,139532,102.36,331563,249459,132.91
2009/08/04,159276,146094,109.02,325561,242246,134.39
2009/08/03,84366,97892,86.18,314208,231898,135.49
2009/09/30,101971,111644,91.34,286778,249647,114.87
2009/09/29,86115,108015,79.73,273288,239296,114.21
2009/09/28,84009,76095,110.40,261010,227386,114.79
2009/09/25,90007,87472,102.90,253486,216952,116.84
2009/09/24,88973,94901,93.75,244530,207774,117.69
2009/09/23,108913,109930,99.07,230563,189811,121.47
2009/09/22,55034,49991,110.09,212527,171252,124.10
2009/09/21,75698,84188,89.92,202355,159945,126.52
2009/09/18,56884,56594,100.51,188617,142926,131.97
2009/09/17,80377,76133,105.57,169223,134703,125.63
2009/09/16,175356,184576,95.00,143871,110389,130.33
2009/09/15,201481,175063,115.09,529074,274803,192.53
2009/09/14,200376,183616,109.13,527886,275012,191.95
2009/09/11,131634,116196,113.29,526066,264962,198.54
2009/09/10,232848,286303,81.33,492337,262039,187.89
2009/09/09,147385,154534,95.37,480916,281658,170.74
2009/09/08,199159,242076,82.27,462664,266449,173.64
2009/09/07,136595,130923,104.33,448629,267557,167.68
2009/09/04,150645,149206,100.96,425072,267868,158.69
2009/09/03,170259,165396,102.94,396418,268002,147.92
2009/09/02,130102,144190,90.23,355140,252059,140.90
2009/09/01,194867,214989,90.64,330561,244590,135.15
2009/10/30,130088,136305,95.44,331498,321838,103.00
2009/10/29,254717,233119,109.26,321810,303158,106.15
2009/10/28,161713,132793,121.78,308440,268949,114.68
2009/10/27,106327,108522,97.98,283059,244484,115.78
2009/10/26,105611,117951,89.54,260121,221664,117.35
2009/10/23,60793,71533,84.99,243949,199628,122.20
2009/10/22,116263,112205,103.62,227899,180391,126.34
2009/10/21,180415,190855,94.53,498878,370487,134.65
2009/10/20,147067,201412,73.02,470162,346769,135.58
2009/10/19,156064,134335,116.18,460886,341249,135.06
2009/10/16,116430,131296,88.68,441666,341963,129.16
2009/10/15,159352,198796,80.16,424853,321505,132.15
2009/10/14,152791,124479,122.74,398912,315527,126.43
2009/10/13,169528,166032,102.11,377435,319237,118.23
2009/10/12,118688,103200,115.01,373979,312315,119.74
2009/10/09,110954,113669,97.61,372307,305936,121.69
2009/10/08,108683,136130,79.84,355180,296869,119.64
2009/10/07,128858,95249,135.29,344976,277680,124.24
2009/10/06,110282,115323,95.63,332345,279327,118.98
2009/10/05,63179,64874,97.39,319519,275333,116.05
2009/10/02,106369,92756,114.68,310465,262640,118.21
2009/10/01,89327,109819,81.34,299323,247897,120.74
2009/11/30,122367,105992,115.45,342570,292486,117.12
2009/11/27,221096,209092,105.74,335410,279899,119.83
2009/11/26,98750,73886,133.65,324855,259744,125.07
2009/11/25,89280,91947,97.10,309364,244233,126.67
2009/11/24,55723,52365,106.41,292477,236169,123.84
2009/11/23,53259,55984,95.13,279557,225436,124.01
2009/11/20,99531,105355,94.47,271711,207723,130.80
2009/11/19,98758,86685,113.93,253051,187356,135.06
2009/11/18,143187,153582,93.23,223104,171242,130.29
2009/11/17,336143,394479,85.21,473609,401704,117.90
2009/11/16,204089,199153,102.48,477551,416828,114.57
2009/11/13,142034,149816,94.81,452046,422324,107.04
2009/11/12,111439,132612,84.03,444301,411278,108.03
2009/11/11,180277,213794,84.32,431295,400855,107.59
2009/11/10,125076,128829,97.09,405480,396278,102.32
2009/11/09,122515,156263,78.40,393851,393607,100.06
2009/11/06,123372,130017,94.89,385400,380648,101.25
2009/11/05,119724,107713,111.15,378796,369328,102.56
2009/11/04,139270,146575,95.02,356601,354211,100.67
2009/11/03,87037,90251,96.44,347731,351006,99.07
2009/11/02,152035,154581,98.35,336076,341122,98.52
2009/12/31,138539,145715,95.08,391321,294934,132.68
2009/12/30,82328,78544,104.82,374284,291947,128.20
2009/12/29,67329,67058,100.40,364078,286311,127.16
2009/12/28,112351,127590,88.06,355874,271809,130.93
2009/12/25,59907,53765,111.42,334376,268421,124.57
2009/12/24,111697,115212,96.95,322972,260541,123.96
2009/12/23,78197,89156,87.71,303291,253045,119.86
2009/12/22,77585,83560,92.85,282774,232484,121.63
2009/12/21,81431,85000,95.80,263050,219627,119.77
2009/12/18,81590,77149,105.76,244665,204192,119.82
2009/12/17,96788,115909,83.50,232504,186366,124.76
2009/12/16,157416,195359,80.58,197949,148484,133.31
2009/12/15,149935,165050,90.84,496117,404230,122.73
2009/12/14,182264,185685,98.16,478010,393947,121.34
2009/12/11,176553,195045,90.52,459556,387910,118.47
2009/12/10,232442,230177,100.98,441360,389508,113.31
2009/12/09,105659,99004,106.72,434862,378494,114.89
2009/12/08,101476,103950,97.62,416244,365773,113.80
2009/12/07,158770,172620,91.98,408278,360097,113.38
2009/12/04,109235,114381,95.50,397881,345533,115.15
2009/12/03,100798,117655,85.67,378613,322185,117.51
2009/12/02,88670,92384,95.98,365100,307559,118.71
2009/12/01,101132,111773,90.48,353207,299779,117.82
2010/01/29,296656,312668,94.88,398389,509058,78.26
2010/01/28,192339,257877,74.59,398847,470973,84.69
2010/01/27,217839,226565,96.15,367062,465755,78.81
2010/01/26,384306,395599,97.15,344220,433470,79.41
2010/01/25,178681,174070,102.65,356861,372845,95.71
2010/01/22,249001,246137,101.16,324268,339285,95.57
2010/01/21,142296,167424,84.99,296720,284254,104.39
2010/01/20,223770,267937,83.52,267470,237763,112.49
2010/01/19,264950,271366,97.64,613073,464360,132.03
2010/01/18,172973,160779,107.58,626851,447459,140.09
2010/01/15,194758,201141,96.83,609059,433961,140.35
2010/01/14,154980,169619,91.37,590096,430841,136.96
2010/01/13,180728,196362,92.04,572155,424788,134.69
2010/01/12,156282,148483,105.25,565341,402344,140.51
2010/01/11,161757,128337,126.04,551825,392315,140.66
2010/01/08,156419,156613,99.88,533142,387243,137.68
2010/01/07,165596,213070,77.72,507353,368773,137.58
2010/01/06,193433,226856,85.27,472948,341507,138.49
2010/01/05,142914,186417,76.66,437417,343792,127.23
2010/01/04,118565,139994,84.69,414317,316753,130.80
2010/02/26,123230,144177,85.47,327397,377442,86.74
2010/02/25,187146,224637,83.31,317302,355660,89.21
2010/02/24,123061,144946,84.90,298598,315542,94.63
2010/02/23,130580,153683,84.97,270283,283740,95.26
2010/02/22,227222,255215,89.03,476913,729882,65.34
2010/02/10,299909,439503,68.24,447291,723317,61.84
2010/02/09,222019,297519,74.62,412463,694655,59.38
2010/02/08,142101,198068,71.74,382729,683530,55.99
2010/02/06,182479,225728,80.84,365949,652110,56.12
2010/02/05,407078,349497,116.48,368688,624562,59.03
2010/02/04,128836,146605,87.88,413936,578759,71.52
2010/02/03,225612,295234,76.42,403486,570354,70.74
2010/02/02,280666,284183,98.76,392247,555299,70.64
2010/02/01,204797,276526,74.06,400468,544651,73.53
2010/03/31,106445,130707,81.44,374026,373087,100.25
2010/03/30,102951,107545,95.73,356268,356208,100.02
2010/03/29,149656,163259,91.67,338453,345570,97.94
2010/03/26,197503,234974,84.05,321959,335734,95.90
2010/03/25,156264,225232,69.38,291092,326552,89.14
2010/03/24,114470,117235,97.64,275028,312479,88.01
2010/03/23,99996,123625,80.89,247317,294601,83.95
2010/03/22,107014,143639,74.50,225055,276773,81.31
2010/03/19,71730,113478,63.21,207162,256869,80.65
2010/03/18,133642,195582,68.33,190044,225480,84.28
2010/03/17,215720,328731,65.62,144318,182167,79.22
2010/03/16,170581,177038,96.35,514387,499176,103.05
2010/03/15,241879,276537,87.47,498754,492478,101.27
2010/03/12,143185,151667,94.41,496010,472449,104.99
2010/03/11,149961,162637,92.21,485189,464158,104.53
2010/03/10,139182,164286,84.72,470493,451224,104.27
2010/03/09,116274,117307,99.12,456880,440851,103.64
2010/03/08,181169,213089,85.02,440481,432104,101.94
2010/03/05,192479,246501,78.08,413381,431335,95.84
2010/03/04,188028,231627,81.18,398305,427421,93.19
2010/03/03,136194,152824,89.12,372100,403909,92.12
2010/03/02,122449,160667,76.21,367571,389564,94.35
2010/03/01,212998,256438,83.06,354350,376678,94.07
2010/04/30,188621,220411,85.58,371709,376788,98.65
2010/04/29,81132,105339,77.02,345859,356391,97.04
2010/04/28,207378,205166,101.08,331927,353884,93.80
2010/04/27,82291,111407,73.87,306450,321107,95.44
2010/04/26,157042,183561,85.55,288487,306930,93.99
2010/04/23,89727,96796,92.70,266496,296478,89.89
2010/04/22,144600,162434,89.02,238616,275320,86.67
2010/04/21,252590,314903,80.21,194894,220451,88.41
2010/04/20,282466,305945,92.33,541540,579958,93.38
2010/04/19,430771,423876,101.63,506181,550747,91.91
2010/04/16,172674,197647,87.36,536841,526772,101.91
2010/04/15,188439,203381,92.65,535190,515332,103.85
2010/04/14,156910,173121,90.64,516359,512105,100.83
2010/04/13,243463,279939,86.97,510320,511345,99.80
2010/04/12,129875,177587,73.13,508132,482840,105.24
2010/04/09,129078,147587,87.46,494806,468373,105.64
2010/04/08,248046,270768,91.61,493090,458175,107.62
2010/04/07,108772,131200,82.91,463872,427105,108.61
2010/04/06,189167,234232,80.76,444264,414113,107.28
2010/04/02,89699,93977,95.45,414714,406813,101.94
2010/04/01,187586,209269,89.64,392790,391464,100.34
2010/05/31,112676,120718,93.34,376204,519138,72.47
2010/05/28,192588,257674,74.74,356948,510315,69.95
2010/05/27,195748,218658,89.52,322880,494748,65.26
2010/05/26,191038,189321,100.91,308121,477363,64.55
2010/05/25,187567,270945,69.23,288547,449565,64.18
2010/05/24,116125,159717,72.71,282188,394340,71.56
2010/05/21,205472,265574,77.37,274431,368948,74.38
2010/05/20,150736,185956,81.06,266748,318135,83.85
2010/05/19,318583,319524,99.71,232879,262977,88.55
2010/05/18,230942,232412,99.37,528251,665022,79.43
2010/05/17,370863,341973,108.45,521259,645615,80.74
2010/05/14,195924,198570,98.67,503407,595125,84.59
2010/05/13,318679,336411,94.73,484003,604703,80.04
2010/05/12,221154,239265,92.43,446779,606736,73.64
2010/05/11,287358,276343,103.99,424286,591828,71.69
2010/05/10,211266,239286,88.29,396519,576259,68.81
2010/05/07,398562,417819,95.39,386591,584106,66.19
2010/05/06,295171,289546,101.94,395436,534388,74.00
2010/05/05,356424,350336,101.74,399533,488345,81.81
2010/05/04,198152,206372,96.02,400692,431149,92.94
2010/05/03,193056,230024,83.93,381083,409439,93.07
2010/07/30,103593,99115,104.52,329544,332773,99.03
2010/07/29,108669,101741,106.81,308373,318067,96.95
2010/07/28,111293,117253,94.92,277232,301744,91.88
2010/07/27,84864,119891,70.78,248054,279668,88.70
2010/07/26,79547,93144,85.40,230499,262037,87.96
2010/07/23,108336,134793,80.37,206035,240507,85.67
2010/07/22,87006,84769,102.64,175299,220565,79.48
2010/07/21,195959,208174,94.13,146080,196936,74.18
2010/07/20,219220,252748,86.73,523218,460646,113.58
2010/07/19,177916,184748,96.30,508277,462940,109.79
2010/07/16,187907,202137,92.96,490410,454853,107.82
2010/07/15,123354,154570,79.80,476020,439682,108.26
2010/07/14,213619,213189,100.20,457687,437142,104.70
2010/07/13,135361,154964,87.35,435401,460519,94.55
2010/07/12,214294,215942,99.24,425238,443684,95.84
2010/07/09,149625,146662,102.02,401835,434252,92.53
2010/07/08,213405,223914,95.31,387217,436081,88.79
2010/07/07,130568,148480,87.94,380860,437933,86.97
2010/07/06,255018,289136,88.20,360374,430806,83.65
2010/07/05,170544,183286,93.05,330359,437719,75.47
2010/07/02,166462,161654,102.97,322050,441411,72.96
2010/07/01,171240,173615,98.63,311559,409247,76.13
2010/08/31,259050,309661,83.66,447581,484585,92.36
2010/08/30,195905,231124,84.76,427551,431089,99.18
2010/08/27,135510,171542,79.00,404713,426068,94.99
2010/08/26,164439,172371,95.40,386400,394557,97.93
2010/08/25,252121,262758,95.95,371702,357031,104.11
2010/08/24,124093,105977,117.09,332001,309230,107.36
2010/08/23,133821,143846,93.03,296473,289000,102.59
2010/08/20,83034,100980,82.23,267979,272889,98.20
2010/08/19,101320,107965,93.85,240970,246235,97.86
2010/08/18,202898,229658,88.35,201132,213961,94.00
2010/08/17,159037,167853,94.75,635431,462924,137.26
2010/08/16,213314,225121,94.76,606999,455597,133.23
2010/08/13,227263,258293,87.99,589658,452264,130.38
2010/08/12,213712,216418,98.75,567557,459426,123.54
2010/08/11,254924,270119,94.37,552173,436865,126.39
2010/08/10,138439,127089,108.93,523232,398433,131.32
2010/08/09,186544,173789,107.34,491084,382658,128.33
2010/08/06,115230,107806,106.89,461032,387674,118.92
2010/08/05,152243,169246,89.95,435944,375815,116.00
2010/08/04,107227,138029,77.68,413381,352545,117.26
2010/08/03,114824,135549,84.71,387506,334652,115.79
2010/08/02,204882,228172,89.79,357168,336208,106.23
2010/09/30,96506,101401,95.17,479306,368571,130.04
2010/09/29,169630,214182,79.20,458642,355504,129.01
2010/09/28,99007,93188,106.24,430290,350659,122.71
2010/09/27,93571,123237,75.93,411515,338459,121.58
2010/09/24,132984,150908,88.12,389369,339631,114.64
2010/09/23,113934,131827,86.43,370040,323903,114.24
2010/09/21,115309,158943,72.55,345641,304840,113.38
2010/09/20,86067,117853,73.03,319725,277827,115.08
2010/09/17,145324,187294,77.59,301354,254620,118.35
2010/09/16,121419,123321,98.46,260839,210258,124.06
2010/09/15,173306,231056,75.01,219934,181367,121.26
2010/09/14,225288,307743,73.21,766032,523908,146.21
2010/09/13,503972,510746,98.67,717430,529098,135.59
2010/09/10,233070,202316,115.20,641144,562859,113.91
2010/09/09,179728,174896,102.76,610563,553682,110.27
2010/09/08,227948,204679,111.37,592042,548355,107.97
2010/09/07,131478,118908,110.57,575757,517169,111.33
2010/09/06,250940,206799,121.34,553471,504873,109.63
2010/09/03,241143,208133,115.86,507795,506346,100.29
2010/09/02,223608,282632,79.12,491362,512532,95.87
2010/09/01,149111,156247,95.43,460184,509644,90.30
2010/10/29,159940,187491,85.31,526152,390715,134.66
2010/10/28,168825,159102,106.11,490854,355776,137.97
2010/10/27,206277,222542,92.69,443032,342866,129.21
2010/10/26,134537,121567,110.67,394449,321344,122.75
2010/10/25,225970,225925,100.02,347063,299613,115.84
2010/10/22,89302,79564,112.24,307683,260093,118.30
2010/10/21,123907,117396,105.55,280910,234058,120.02
2010/10/20,326721,356004,91.77,761240,634411,119.99
2010/10/19,286937,261105,109.89,721958,623227,115.84
2010/10/18,423844,438791,96.59,703170,586736,119.84
2010/10/15,196326,187081,104.94,710917,531029,133.88
2010/10/14,326285,376102,86.75,685880,509043,134.74
2010/10/13,210807,225257,93.59,655877,514711,127.43
2010/10/12,301605,313176,96.31,640942,502378,127.58
2010/10/11,172689,195915,88.14,641362,461892,138.86
2010/10/08,153882,174769,88.05,626409,445656,140.56
2010/10/07,103585,77884,133.00,600652,421445,142.52
2010/10/06,161737,150580,107.41,574654,408180,140.78
2010/10/05,171263,179754,95.28,542936,405655,133.84
2010/10/04,118246,127808,92.52,533515,395685,134.83
2010/10/01,98188,85640,114.65,504699,381877,132.16
2010/11/30,263566,222475,118.47,579879,479000,121.06
2010/11/29,254201,222916,114.03,523711,456826,114.64
2010/11/26,172678,158246,109.12,510162,430189,118.59
2010/11/25,99971,86021,116.22,427946,374210,114.36
2010/11/24,127651,120013,106.36,397290,357583,111.10
2010/11/23,101341,111751,90.68,370552,333056,111.26
2010/11/22,112791,116144,97.11,340808,307465,110.84
2010/11/19,132037,141296,93.45,313719,296650,105.75
2010/11/18,85147,104250,81.68,283561,266597,106.36
2010/11/17,320819,312678,102.60,250538,221357,113.18
2010/11/16,315235,299323,105.32,739383,632203,116.95
2010/11/15,308584,335025,92.11,705860,629292,112.17
2010/11/12,425021,408866,103.95,709694,586322,121.04
2010/11/11,148007,134433,110.10,722996,573231,126.13
2010/11/10,155090,164703,94.16,705546,560337,125.91
2010/11/09,110807,109906,100.82,680288,542171,125.47
2010/11/08,137404,157053,87.49,669237,528777,126.56
2010/11/05,245133,259272,94.55,656628,505054,130.01
2010/11/04,162097,153745,105.43,619964,493913,125.52
2010/11/03,240899,270550,89.04,605472,482121,125.59
2010/11/02,114180,137106,83.28,583277,448006,130.19
2010/11/01,235992,303791,77.68,553784,410561,134.88
2010/12/31,237212,212861,111.44,632868,508116,124.55
2010/12/30,125241,118293,105.87,594596,499476,119.04
2010/12/29,98462,119312,82.52,576051,489829,117.60
2010/12/28,128649,114458,112.40,556349,476601,116.73
2010/12/27,138899,110829,125.33,533861,456674,116.90
2010/12/24,88425,75663,116.87,508331,442238,114.95
2010/12/23,151941,117700,129.09,490330,428495,114.43
2010/12/22,116216,106894,108.72,458498,410500,111.69
2010/12/21,127845,119983,106.55,432420,386062,112.01
2010/12/20,140005,141781,98.75,404045,359662,112.34
2010/12/17,134816,140179,96.17,371592,338941,109.63
2010/12/16,106286,119746,88.76,322882,293953,109.84
2010/12/15,218929,217011,100.88,276473,249746,110.70
2010/12/14,268614,272271,98.66,932175,593803,156.98
2010/12/13,168713,171451,98.40,900646,576120,156.33
2010/12/10,200093,229418,87.22,883746,579569,152.48
2010/12/09,300453,318826,94.24,865310,558576,154.91
2010/12/08,147311,142534,103.35,836620,537432,155.67
2010/12/07,172240,168412,102.27,803727,521458,154.13
2010/12/06,255007,241435,105.62,780337,503116,155.10
2010/12/03,186703,173521,107.60,726953,494285,147.07
2010/12/02,281953,293563,96.05,670176,483868,138.50
2010/12/01,289620,290140,99.82,623090,499404,124.77
2011/01/28,213680,217818,98.10,638476,587951,108.59
2011/01/27,225740,232193,97.22,580708,553976,104.83
2011/01/26,200084,211828,94.46,555799,521610,106.55
2011/01/25,160857,158052,101.77,517359,494541,104.61
2011/01/24,141243,138269,102.15,482382,474026,101.76
2011/01/21,255521,249410,102.45,448259,435484,102.93
2011/01/20,124203,118461,104.85,408014,387919,105.18
2011/01/19,316011,398566,79.29,363991,351384,103.59
2011/01/18,378217,420860,89.87,925559,767595,120.58
2011/01/17,267654,288818,92.67,878253,749416,117.19
2011/01/14,203052,207639,97.79,873570,714799,122.21
2011/01/13,308643,330416,93.41,859978,700474,122.77
2011/01/12,293754,275877,106.48,822838,687745,119.64
2011/01/11,413664,435970,94.88,777299,668994,116.19
2011/01/10,203708,202147,100.77,755845,665629,113.55
2011/01/07,308049,347180,88.73,731108,644000,113.53
2011/01/06,203750,218350,93.31,717586,624679,114.87
2011/01/05,391478,435480,89.90,708968,602391,117.69
2011/01/04,136387,144351,94.48,703311,556858,126.30
2011/01/03,143663,154660,92.89,665279,519213,128.13
2011/02/25,402853,515792,78.10,598895,737850,81.17
2011/02/24,251231,309657,81.13,577985,676651,85.42
2011/02/23,349156,335017,104.22,554368,625465,88.63
2011/02/22,386003,383055,100.77,541054,569821,94.95
2011/02/21,137120,131671,104.14,519187,504376,102.94
2011/02/18,285285,309776,92.09,488076,481715,101.32
2011/02/17,187538,253281,74.04,435980,449266,97.04
2011/02/16,344834,314154,109.77,821202,960040,85.54
2011/02/15,476106,504275,94.41,748875,928262,80.67
2011/02/14,471695,466320,101.15,691883,882398,78.41
2011/02/11,930508,832487,111.77,670726,844888,79.39
2011/02/10,439015,499331,87.92,722892,733368,98.57
2011/02/09,294833,367816,80.16,714543,659886,108.28
2011/02/08,274932,290096,94.77,670449,613896,109.21
2011/03/31,164391,202803,81.06,668903,573380,116.66
2011/03/30,194828,224860,86.64,643785,550431,116.96
2011/03/29,162633,159287,102.10,612249,520532,117.62
2011/03/28,139154,149618,93.01,593722,504186,117.76
2011/03/25,185237,184172,100.58,578223,494408,116.95
2011/03/24,169066,170596,99.10,547032,484044,113.01
2011/03/23,151767,147987,102.55,526915,473772,111.22
2011/03/22,157715,153409,102.81,500601,464008,107.89
2011/03/21,200960,205802,97.65,481745,451241,106.76
2011/03/18,197495,186259,106.03,459275,443463,103.57
2011/03/17,233073,218224,106.80,426363,420977,101.28
2011/03/16,491241,494006,99.44,360491,354032,101.82
2011/03/15,1133149,981852,115.41,711481,1041724,68.30
2011/03/14,581863,567253,102.58,767945,913616,84.06
2011/03/11,558469,527699,105.83,775671,880573,88.09
2011/03/10,386971,455568,84.94,792064,827464,95.72
2011/03/09,239656,259948,92.19,798852,779601,102.47
2011/03/08,179928,158445,113.56,772334,768842,100.45
2011/03/07,212749,217646,97.75,747683,753898,99.18
2011/03/04,256370,274752,93.31,738190,728356,101.35
2011/03/03,319770,324618,98.51,712059,730429,97.49
2011/03/02,256609,258137,99.41,681045,739083,92.15
2011/03/01,222041,217465,102.10,638131,729829,87.44
2011/04/29,228269,301252,75.77,552115,479131,115.23
2011/04/28,161496,209466,77.10,530047,449302,117.97
2011/04/27,163598,213400,76.66,502897,410876,122.40
2011/04/26,205228,248657,82.53,463602,398470,116.35
2011/04/25,134007,166825,80.33,440426,377299,116.73
2011/04/22,108631,152591,71.19,413563,359554,115.02
2011/04/21,235055,272418,86.28,385812,312791,123.34
2011/04/20,356145,420287,84.74,319365,271079,117.81
2011/04/19,491387,462837,106.17,926453,769284,120.43
2011/04/18,286481,280294,102.21,917340,723925,126.72
2011/04/15,311095,363583,85.56,901572,706415,127.63
2011/04/14,335623,374199,89.69,890128,689123,129.17
2011/04/13,303122,249385,121.55,856292,681044,125.73
2011/04/12,415591,456899,90.96,841755,675448,124.62
2011/04/11,206092,206460,99.82,834005,622633,133.95
2011/04/08,258061,304807,84.66,803357,612346,131.19
2011/04/07,214417,247463,86.65,780810,598736,130.41
2011/04/06,446376,455441,98.01,735129,580404,126.66
2011/04/01,190253,215243,88.39,698663,595741,117.28
2011/05/31,339410,382330,88.77,640679,513051,124.88
2011/05/30,172131,183670,93.72,581622,526748,110.42
2011/05/27,201718,212656,94.86,556933,504584,110.37
2011/05/26,171542,173291,98.99,515156,475117,108.43
2011/05/25,227971,217987,104.58,486074,459984,105.67
2011/05/24,199647,198581,100.54,457566,426807,107.21
2011/05/23,240681,236873,101.61,426441,391610,108.89
2011/05/20,187036,198671,94.14,387084,346090,111.84
2011/05/19,225293,241158,93.42,356136,304050,117.13
2011/05/18,220025,232376,94.68,292798,268231,109.16
2011/05/17,361988,349872,103.46,759374,700219,108.45
2011/05/16,320469,375519,85.34,751605,671835,111.87
2011/05/13,198534,217937,91.10,735166,640969,114.70
2011/05/12,259919,306578,84.78,711574,627908,113.32
2011/05/11,228695,288767,79.20,698706,620984,112.52
2011/05/10,142580,174201,81.85,684935,587665,116.55
2011/05/09,234985,257600,91.22,676512,553185,122.29
2011/05/06,187478,213352,87.87,653730,550855,118.68
2011/05/05,265957,326123,81.55,635498,529279,120.07
2011/05/04,209188,247023,84.68,593762,529019,112.24
2011/05/03,227486,264960,85.86,576476,506212,113.88
2011/06/30,181901,165844,109.68,622129,619791,100.38
2011/06/29,237331,292269,81.20,592507,606255,97.73
2011/06/28,144496,156390,92.39,543464,583880,93.08
2011/06/27,216214,243727,88.71,523786,564521,92.78
2011/06/24,130570,163150,80.03,501751,519175,96.64
2011/06/23,142122,151081,94.07,491282,482531,101.81
2011/06/22,175241,169772,103.22,469511,458497,102.40
2011/06/21,152170,156070,97.50,453970,430392,105.48
2011/06/20,209350,207667,100.81,430884,401771,107.25
2011/06/17,191393,176406,108.50,399774,369813,108.10
2011/06/16,228524,198730,114.99,360179,330163,109.09
2011/06/15,478804,501538,95.47,824969,810444,101.79
2011/06/14,424301,432876,98.02,809926,773199,104.75
2011/06/13,545759,449050,121.54,761350,780219,97.58
2011/06/10,569931,551391,103.36,779558,707175,110.24
2011/06/09,205392,181362,113.25,800247,652458,122.65
2011/06/08,224251,235143,95.37,755843,630797,119.82
2011/06/07,225524,241805,93.27,729480,610544,119.48
2011/06/03,212081,241698,87.75,714648,591355,120.85
2011/06/02,216971,211552,102.56,679427,572784,118.62
2011/06/01,250871,319633,78.49,664754,530927,125.21
2011/07/29,311817,269769,115.59,563158,503868,111.77
2011/07/28,205844,187725,109.65,524781,458210,114.53
2011/07/27,139251,169404,82.20,476014,426305,111.66
2011/07/26,185247,189466,97.77,439031,395562,110.99
2011/07/25,201732,176444,114.33,400864,368640,108.74
2011/07/22,175203,181722,96.41,374647,345897,108.31
2011/07/21,104473,110062,94.92,329628,317507,103.82
2011/07/20,391047,453253,86.28,299524,288700,103.75
2011/07/19,293618,268382,109.40,797532,827306,96.40
2011/07/18,294808,353676,83.36,779012,819947,95.01
2011/07/15,325022,339884,95.63,764514,813341,94.00
2011/07/14,345479,361445,95.58,734762,822871,89.29
2011/07/13,251903,253319,99.44,704126,788371,89.31
2011/07/12,404420,376682,107.36,714770,785762,90.97
2011/07/11,193660,205254,94.35,728506,716028,101.74
2011/07/08,280930,307211,91.45,724632,691534,104.79
2011/07/07,144435,142727,101.20,692044,667835,103.62
2011/07/06,225510,229351,98.33,675819,646166,104.59
2011/07/05,107176,120156,89.20,647961,649186,99.81
2011/07/04,212909,194682,109.36,637908,626841,101.77
2011/07/01,213395,213564,99.92,627396,616947,101.69
2011/08/31,158323,175510,90.21,487792,550931,88.54
2011/08/30,166394,164985,100.85,493509,542621,90.95
2011/08/29,170429,170647,99.87,486027,529729,91.75
2011/08/26,172562,165015,104.57,473667,517870,91.46
2011/08/25,161145,192966,83.51,465421,502636,92.60
2011/08/24,194801,205797,94.66,447178,479529,93.25
2011/08/23,179473,222910,80.51,438060,463283,94.56
2011/08/22,246858,212202,116.33,420469,463824,90.65
2011/08/19,292253,227290,128.58,368266,428549,85.93
2011/08/18,148016,171043,86.54,312200,369697,84.45
2011/08/17,274228,334576,81.96,715644,1115387,64.16
2011/08/16,261849,367937,71.17,717529,1080702,66.39
2011/08/15,286314,247032,115.90,706239,1073870,65.77
2011/08/12,301778,350024,86.22,678168,1087307,62.37
2011/08/11,355654,470372,75.61,678868,1120786,60.57
2011/08/10,262036,364243,71.94,624145,1120232,55.72
2011/08/09,563174,543207,103.68,645050,1178180,54.75
2011/08/08,828821,857291,96.68,571368,1075096,53.15
2011/08/05,785309,793137,99.01,551570,870514,63.36
2011/08/04,335002,346651,96.64,581300,690823,84.15
2011/08/03,381163,337046,113.09,588754,626672,93.95
2011/08/02,220155,239533,91.91,595400,568280,104.77
2011/08/01,184718,171269,107.85,586759,537941,109.07
2011/09/30,129163,99970,129.20,427857,412148,103.81
2011/09/29,169929,182814,92.95,392109,396208,98.97
2011/09/28,132910,123835,107.33,344224,358982,95.89
2011/09/27,147026,157593,93.29,318236,342100,93.02
2011/09/26,168098,178963,93.93,297041,324195,91.62
2011/09/23,192751,181497,106.20,277266,283523,97.79
2011/09/22,141474,151740,93.23,259795,241663,107.50
2011/09/21,226033,275259,82.12,220574,208497,105.79
2011/09/20,422184,399986,105.55,662842,736894,89.95
2011/09/19,280943,277968,101.07,643023,722081,89.05
2011/09/16,349841,339060,103.18,615336,695591,88.46
2011/09/15,330827,325342,101.69,583595,740146,78.85
2011/09/14,387203,343900,112.59,565856,731791,77.32
2011/09/13,274210,295341,92.85,570046,718521,79.34
2011/09/09,249605,265229,94.11,573542,680607,84.27
2011/09/08,210455,211149,99.67,592784,681439,86.99
2011/09/07,209004,195248,107.05,570811,671583,84.99
2011/09/06,304880,237539,128.35,550430,649838,84.70
2011/09/05,207753,202583,102.55,533823,614296,86.90
2011/09/02,187718,163786,114.61,532643,581571,91.59
2011/09/01,221581,268467,82.54,515360,555256,92.81
2011/10/31,171954,192072,89.53,454765,494173,92.03
2011/10/28,256633,302836,84.74,438895,464310,94.53
2011/10/27,189572,222546,85.18,393881,423875,92.92
2011/10/26,142739,160208,89.10,360746,394482,91.45
2011/10/25,113311,135895,83.38,334753,375868,89.06
2011/10/24,191205,186650,102.44,310073,346093,89.59
2011/10/21,120589,130356,92.51,275205,334820,82.19
2011/10/20,148115,151242,97.93,248770,302214,82.32
2011/10/19,168008,192530,87.26,634185,631577,100.41
2011/10/18,228886,232687,98.37,618575,606782,101.94
2011/10/17,235257,257216,91.46,610364,584022,104.51
2011/10/14,156718,165190,94.87,593311,568035,104.45
2011/10/13,179343,190863,93.96,578938,555019,104.31
2011/10/12,186723,183909,101.53,563415,538792,104.57
2011/10/11,235531,177669,132.57,545907,517288,105.53
2011/10/07,200197,170512,117.41,519729,523520,99.28
2011/10/06,187937,169971,110.57,497831,507921,98.01
2011/10/05,154332,140455,109.88,476950,493005,96.74
2011/10/04,205294,180689,113.62,454836,465640,97.68
2011/10/03,162147,155531,104.25,434915,443457,98.07
2011/11/30,158318,178797,88.55,410976,596182,68.93
2011/11/29,136486,153664,88.82,397169,576065,68.95
2011/11/28,143284,150618,95.13,395271,565973,69.84
2011/11/25,210775,236244,89.22,387327,550781,70.32
2011/11/24,205913,211688,97.27,376870,525208,71.76
2011/11/23,230000,259081,88.78,360799,482766,74.74
2011/11/22,156083,185952,83.94,341851,427402,79.98
2011/11/21,188959,227745,82.97,320023,410176,78.02
2011/11/18,170022,154487,110.06,300374,354061,84.84
2011/11/17,134904,139492,96.71,272948,315166,86.60
2011/11/16,366624,355255,103.20,240925,275252,87.53
2011/11/15,227615,219321,103.78,589164,676560,87.08
2011/11/14,283117,334223,84.71,576990,658356,87.64
2011/11/11,257630,300192,85.82,559594,693361,80.71
2011/11/10,557150,471273,118.22,550832,673353,81.80
2011/11/09,180119,223068,80.75,586952,623613,94.12
2011/11/08,249336,280369,88.93,570733,611536,93.33
2011/11/07,146404,146210,100.13,560930,605832,92.59
2011/11/04,256438,233207,109.96,546151,593456,92.03
2011/11/03,308586,262556,117.53,516973,575748,89.79
2011/11/02,297147,257810,115.26,499374,548455,91.05
2011/11/01,204757,223639,91.56,476433,518153,91.95
2011/12/30,101486,128842,78.77,290649,356067,81.63
2011/12/29,70791,83191,85.09,267995,337373,79.44
2011/12/28,74027,78191,94.67,256462,324349,79.07
2011/12/27,78913,91617,86.13,240979,312191,77.19
2011/12/26,83749,97166,86.19,226103,291221,77.64
2011/12/23,122293,139601,87.60,209847,269733,77.80
2011/12/22,65174,91262,71.41,187829,248052,75.72
2011/12/21,288077,344732,83.57,169105,218870,77.26
2011/12/20,195524,199339,98.09,519815,841459,61.78
2011/12/19,332879,333444,99.83,500494,815548,61.37
2011/12/16,189703,196043,96.77,508648,777281,65.44
2011/12/15,252987,270908,93.38,503899,761737,66.15
2011/12/14,152696,164632,92.75,522640,742739,70.37
2011/12/13,182540,226830,80.47,507411,734651,69.07
2011/12/12,178699,190389,93.86,499070,715325,69.77
2011/12/09,305656,292042,104.66,485278,702750,69.05
2011/12/08,188999,220221,85.82,482588,672842,71.72
2011/12/07,145117,160608,90.35,471752,650751,72.49
2011/12/06,218413,216676,100.80,463557,637334,72.73
2011/12/05,150934,172910,87.29,467992,614564,76.15
2011/12/02,143277,159855,89.63,459694,595161,77.24
2011/12/01,279092,365847,76.29,442531,582081,76.03
2012/01/31,233219,265308,87.91,388769,365619,106.33
2012/01/30,230577,245242,94.02,351506,322505,108.99
2012/01/18,283838,315641,89.92,299768,284223,105.47
2012/01/17,324246,343485,94.40,711907,683942,104.09
2012/01/16,483360,504982,95.72,670253,665286,100.75
2012/01/13,396597,487092,81.42,715988,691500,103.54
2012/01/12,187695,214643,87.45,571901,549731,104.03
2012/01/11,135373,169092,80.06,512930,493881,103.86
2012/01/10,167067,184340,90.63,480087,460121,104.34
2012/01/09,124512,135173,92.11,447714,452544,98.93
2012/01/06,119626,114604,104.38,426158,435878,97.77
2012/01/05,112973,119946,94.19,399756,420481,95.07
2012/01/04,125820,131942,95.36,375276,406549,92.31
2012/01/03,119418,141409,84.45,339253,392236,86.49
2012/01/02,131778,173222,76.07,309977,380730,81.42
2012/02/29,230214,223307,103.09,433110,395214,109.59
2012/02/24,141929,176218,80.54,401963,390362,102.97
2012/02/23,113695,125223,90.79,380478,374744,101.53
2012/02/22,172373,203278,84.80,368884,350888,105.13
2012/02/21,159996,169096,94.62,335895,329702,101.88
2012/02/20,111960,118622,94.38,318657,315075,101.14
2012/02/17,188161,205758,91.45,301247,297918,101.12
2012/02/16,159501,162130,98.38,271519,265647,102.21
2012/02/15,278023,425986,65.27,234257,231398,101.24
2012/02/14,329136,373563,88.11,699883,555869,125.91
2012/02/13,254708,276371,92.16,686544,522003,131.52
2012/02/10,250789,335199,74.82,666186,506903,131.42
2012/02/09,271370,308953,87.84,650120,493592,131.71
2012/02/08,326025,409004,79.71,618175,483187,127.94
2012/02/07,179019,194792,91.90,586031,486183,120.54
2012/02/06,182797,181514,100.71,560176,465913,120.23
2012/02/04,217213,270135,80.41,531120,430931,123.25
2012/02/03,166218,163556,101.63,497564,423622,117.45
2012/02/02,259274,292060,88.77,477553,409175,116.71
2012/02/01,190992,180700,105.70,438067,393037,111.46
2012/03/30,228827,193041,118.54,367503,367283,100.06
2012/03/29,300253,301125,99.71,349501,339389,102.98
2012/03/28,121158,142819,84.83,332544,314743,105.66
2012/03/27,128208,114122,112.34,313372,295811,105.94
2012/03/26,172580,169361,101.90,291423,280148,104.02
2012/03/23,82577,95367,86.59,264540,247630,106.83
2012/03/22,167626,163523,102.51,243503,217337,112.04
2012/03/21,294310,309909,94.97,196382,175265,112.05
2012/03/20,293923,339510,86.57,603938,589651,102.42
2012/03/19,313541,343691,91.23,609949,574151,106.23
2012/03/16,189393,209822,90.26,602000,558383,107.81
2012/03/15,193287,196815,98.21,602625,545543,110.46
2012/03/14,288759,316319,91.29,587847,538176,109.23
2012/03/13,270553,256008,105.68,583008,560785,103.96
2012/03/12,178479,192499,92.72,570436,557273,102.36
2012/03/09,207172,253785,81.63,566719,537339,105.47
2012/03/08,224320,263918,85.00,541509,512382,105.68
2012/03/07,244282,211985,115.24,513687,507432,101.23
2012/03/06,310131,335681,92.39,488521,485826,100.55
2012/03/05,181556,214207,84.76,484390,458174,105.72
2012/03/03,83798,99172,84.50,468261,430688,108.72
2012/03/02,144767,136566,106.01,462865,422891,109.45
2012/03/01,162892,205447,79.29,452683,403807,112.10
2012/04/30,146946,142449,103.16,434774,420670,103.35
2012/04/27,227382,209622,108.47,425198,399953,106.31
2012/04/26,181734,180979,100.42,403478,367872,109.68
2012/04/25,128086,124291,103.05,374195,344330,108.67
2012/04/24,199036,176978,112.46,351614,334713,105.05
2012/04/23,171983,179679,95.72,317920,313506,101.41
2012/04/20,168088,163361,102.89,301661,278187,108.44
2012/04/19,160138,156109,102.58,270096,242257,111.49
2012/04/18,283314,286273,98.97,227665,204152,111.52
2012/04/17,364872,372624,97.92,495685,641928,77.22
2012/04/16,191711,183394,104.54,510285,612025,83.38
2012/04/13,342460,321900,106.39,501905,591324,84.88
2012/04/12,215755,231317,93.27,484340,590184,82.07
2012/04/11,270281,260736,103.66,476953,573185,83.21
2012/04/10,253214,249643,101.43,456332,544250,83.85
2012/04/09,289343,251648,114.98,444964,518270,85.86
2012/04/06,188110,188543,99.77,431200,497117,86.74
2012/04/05,407810,381987,106.76,402531,482326,83.46
2012/04/03,294399,289764,101.60,390591,426507,91.58
2012/04/02,119218,127490,93.51,384017,387446,99.11
2012/05/31,270709,257279,105.22,563240,498014,113.10
2012/05/30,189246,179917,105.19,543319,469502,115.72
2012/05/29,290738,321727,90.37,527536,449597,117.34
2012/05/28,152554,145762,104.66,490186,454840,107.77
2012/05/25,183254,167921,109.13,461060,438040,105.26
2012/05/24,176806,158481,111.56,439417,415437,105.77
2012/05/23,193835,166573,116.37,421999,400682,105.32
2012/05/22,139343,115040,121.13,394234,374870,105.17
2012/05/21,136557,132164,103.32,366795,357172,102.69
2012/05/18,271684,203469,133.53,353518,324925,108.80
2012/05/17,143980,135018,106.64,307692,276439,111.31
2012/05/16,434560,379476,114.52,267351,239949,111.42
2012/05/15,367087,342941,107.04,547025,653629,83.69
2012/05/14,231197,225835,102.37,529155,635618,83.25
2012/05/11,352320,364912,96.55,526472,622799,84.53
2012/05/10,231591,224232,103.28,517862,595133,87.02
2012/05/09,286954,282169,101.70,509885,566729,89.97
2012/05/08,146366,160032,91.46,506211,522876,96.81
2012/05/07,267028,252665,105.68,502074,498594,100.70
2012/05/04,217455,208587,104.25,510029,451070,113.07
2012/05/03,125428,135899,92.30,478816,434572,110.18
2012/05/02,311220,325759,95.54,462604,422787,109.42
2012/06/29,192230,215742,89.10,338532,319933,105.81
2012/06/28,98345,105913,92.85,310564,306741,101.25
2012/06/27,114270,115550,98.89,293791,293706,100.03
2012/06/26,71664,72238,99.21,272277,279729,97.34
2012/06/25,92585,100793,91.86,263593,259239,101.68
2012/06/22,110133,103281,106.63,247245,236257,104.65
2012/06/21,126394,107780,117.27,219615,209835,104.66
2012/06/20,208084,267153,77.89,183401,180527,101.59
2012/06/19,213429,212984,100.21,702125,613466,114.45
2012/06/18,319868,323411,98.90,713740,623386,114.49
2012/06/15,296927,260211,114.11,709736,660630,107.43
2012/06/14,214078,222066,96.40,674851,647536,104.22
2012/06/13,160150,192311,83.28,662350,632028,104.80
2012/06/12,162648,158408,102.68,655325,638777,102.59
2012/06/11,237275,213981,110.89,652486,620495,105.16
2012/06/08,174146,190742,91.30,641909,615828,104.24
2012/06/07,210902,208761,101.03,630052,599997,105.01
2012/06/06,180113,190790,94.40,621498,594023,104.63
2012/06/05,234959,228771,102.70,593096,594316,99.79
2012/06/04,471194,386079,122.05,566959,577369,98.20
2012/06/01,267521,242749,110.20,585224,525564,111.35
2012/07/31,235327,265482,88.64,420121,385829,108.89
2012/07/30,143202,173122,82.72,381996,380007,100.52
2012/07/27,201670,216557,93.13,359471,365507,98.35
2012/07/26,124360,130143,95.56,337803,364550,92.66
2012/07/25,193928,166489,116.48,321740,348218,92.40
2012/07/24,119689,103357,115.80,301322,321842,93.62
2012/07/23,170069,167183,101.73,281309,301908,93.18
2012/07/20,79925,84092,95.04,253688,254198,99.80
2012/07/19,133335,155514,85.74,230501,234268,98.39
2012/07/18,234578,265965,88.20,191836,195585,98.08
2012/07/17,268268,326819,82.08,505298,557407,90.65
2012/07/16,188010,235029,79.99,471767,550212,85.74
2012/07/13,218581,212056,103.08,469304,527705,88.93
2012/07/12,276639,320931,86.20,460121,510515,90.13
2012/07/11,151661,173434,87.45,470678,458331,102.69
2012/07/10,216353,244587,88.46,452781,438485,103.26
2012/07/09,140145,148066,94.65,442547,409759,108.00
2012/07/06,165062,175491,94.06,428115,380943,112.38
2012/07/05,115541,134609,85.83,408376,351081,116.32
2012/07/04,162627,187822,86.59,396506,337834,117.37
2012/07/03,222952,228064,97.76,370726,325907,113.75
2012/07/02,147232,123192,119.51,352753,325593,108.34
2012/08/31,130341,128556,101.39,450040,463618,97.07
2012/08/30,145022,151136,95.95,427923,447255,95.68
2012/08/29,73848,82017,90.04,414394,434274,95.42
2012/08/28,144639,186525,77.54,404069,429405,94.10
2012/08/27,122429,143090,85.56,401281,405976,98.84
2012/08/24,88576,103510,85.57,389618,393028,99.13
2012/08/23,134108,124611,107.62,377430,376173,100.33
2012/08/22,107340,107057,100.26,356418,359138,99.24
2012/08/21,151532,179866,84.25,335157,338088,99.13
2012/08/20,128280,137477,93.31,307598,313471,98.13
2012/08/17,108468,97383,111.38,278830,286172,97.43
2012/08/16,153094,161931,94.54,253880,260994,97.27
2012/08/15,194307,248667,78.14,203296,207914,97.78
2012/08/14,322087,391700,82.23,612777,518876,118.10
2012/08/13,161447,192667,83.80,590669,522843,112.97
2012/08/10,195881,226488,86.49,566151,489233,115.72
2012/08/09,360566,496570,72.61,554476,478810,115.80
2012/08/08,224134,312983,71.61,501841,477894,105.01
2012/08/07,127957,142547,89.76,470654,457875,102.79
2012/08/06,250485,288517,86.82,465062,438238,106.12
2012/08/03,153542,176236,87.12,450847,429180,105.05
2012/08/01,163664,198630,82.40,448258,394459,113.64
2012/09/28,158356,167868,94.33,433898,437535,99.17
2012/09/27,110547,132528,83.41,414461,406768,101.89
2012/09/26,157629,165062,95.50,392014,382612,102.46
2012/09/25,108422,119836,90.48,371402,348738,106.50
2012/09/24,160345,168305,95.27,346418,321257,107.83
2012/09/21,107145,106037,101.04,316842,293873,107.82
2012/09/20,146027,148296,98.47,291264,263797,110.41
2012/09/19,202680,278175,72.86,235864,211495,111.52
2012/09/18,215451,223619,96.35,689015,529940,130.02
2012/09/17,208575,232277,89.80,653832,518834,126.02
2012/09/14,395967,464950,85.16,620386,510466,121.53
2012/09/13,202973,215374,94.24,579436,548672,105.61
2012/09/12,257229,335660,76.63,580656,541029,107.32
2012/09/11,139514,141950,98.28,556171,538316,103.32
2012/09/10,141749,145144,97.66,541815,540177,100.30
2012/09/07,210121,221367,94.92,514951,545892,94.33
2012/09/06,180483,187880,96.06,502925,539397,93.24
2012/09/05,170701,211484,80.72,492164,519336,94.77
2012/09/04,83794,80356,104.28,484197,493017,98.21
2012/09/03,173777,201400,86.28,472213,482169,97.94
2012/10/31,196890,171927,114.52,526837,589014,89.44
2012/10/30,245640,210060,116.94,506108,569230,88.91
2012/10/29,284126,236520,120.13,477387,551093,86.63
2012/10/26,406243,363143,111.87,446563,527990,84.58
2012/10/25,157132,146409,107.32,428474,483499,88.62
2012/10/24,226851,209627,108.22,409742,456518,89.75
2012/10/23,129480,125293,103.34,376636,417972,90.11
2012/10/22,202167,171484,117.89,348642,383928,90.81
2012/10/19,135151,130679,103.42,320921,345164,92.98
2012/10/18,100683,109522,91.93,291172,309247,94.16
2012/10/17,278087,288405,96.42,255270,264998,96.33
2012/10/16,200004,200174,99.92,548572,720369,76.15
2012/10/15,218744,233267,93.77,523798,707182,74.07
2012/10/12,314217,313756,100.15,504008,672604,74.93
2012/10/11,374180,373710,100.13,499830,625392,79.92
2012/10/09,206042,237980,86.58,523453,572242,91.47
2012/10/08,191130,244434,78.19,523015,571187,91.57
2012/10/05,142441,152157,93.61,519539,550231,94.42
2012/10/04,203451,232399,87.54,503384,533493,94.36
2012/10/03,142142,131427,108.15,490581,490932,99.93
2012/10/02,146937,136292,107.81,481412,472806,101.82
2012/10/01,117273,129287,90.71,460458,456996,100.76
2012/11/30,309742,332423,93.18,579993,462515,125.40
2012/11/29,292841,347575,84.25,532156,439222,121.16
2012/11/28,200519,215307,93.13,471491,415616,113.44
2012/11/27,213391,230909,92.41,513551,454648,112.96
2012/11/26,270278,311268,86.83,481190,434305,110.80
2012/11/23,368446,445664,82.67,428737,393285,109.01
2012/11/22,138765,137278,101.08,349761,333970,104.73
2012/11/21,419060,365622,114.62,315004,303586,103.76
2012/11/20,254347,269448,94.40,700550,855412,81.90
2012/11/19,274479,260164,105.50,682324,854809,79.82
2012/11/16,314420,359711,87.41,680791,845522,80.52
2012/11/15,371008,378444,98.04,664958,829433,80.17
2012/11/14,279393,291733,95.77,670174,817306,82.00
2012/11/13,417806,392649,106.41,644370,786824,81.90
2012/11/12,195515,211860,92.28,656792,745150,88.14
2012/11/09,374624,354941,105.55,649951,736065,88.30
2012/11/08,224148,214538,104.48,625757,736933,84.91
2012/11/07,301058,308405,97.62,609178,716813,84.98
2012/11/06,186114,182985,101.71,581802,703446,82.71
2012/11/05,177075,176609,100.26,561748,690750,81.32
2012/11/02,177275,226420,78.29,541095,659512,82.04
2012/11/01,431652,358945,120.26,521021,635032,82.05
2012/12/28,189808,240306,78.99,437029,428629,101.96
2012/12/27,187089,193910,96.48,407126,404528,100.64
2012/12/26,200290,226917,88.27,375655,368139,102.04
2012/12/25,265672,295483,89.91,423398,404512,104.67
2012/12/24,137932,131344,105.02,387500,395193,98.05
2012/12/22,112852,106319,106.14,364761,376583,96.86
2012/12/21,308408,247007,124.86,341774,355378,96.17
2012/12/20,173766,183194,94.85,298121,297953,100.06
2012/12/19,269637,300680,89.68,256856,241609,106.31
2012/12/18,224418,242781,92.44,760706,637406,119.34
2012/12/17,355770,382398,93.04,738526,612864,120.50
2012/12/14,248221,282393,87.90,737690,570923,129.21
2012/12/13,306124,350868,87.25,719778,530407,135.70
2012/12/12,332158,345565,96.12,673835,505993,133.17
2012/12/11,246311,247878,99.37,698666,556441,125.56
2012/12/10,228867,220416,103.83,684019,544655,125.59
2012/12/07,210380,214542,98.06,673490,518107,129.99
2012/12/06,171641,199293,86.12,638612,498796,128.03
2012/12/05,310212,371572,83.49,608192,475455,127.92
2012/12/04,220835,221804,99.56,635430,506901,125.36
2012/12/03,272906,288969,94.44,616465,490554,125.67
2013/01/31,217794,209543,103.94,492894,459618,107.24
2013/01/30,277915,352137,78.92,562490,497726,113.01
2013/01/29,312811,378223,82.71,506719,463971,109.21
2013/01/28,226951,235602,96.33,460971,461526,99.88
2013/01/25,202736,213495,94.96,427878,456693,93.69
2013/01/24,261761,272043,96.22,408240,415798,98.18
2013/01/23,227266,241799,93.99,373532,361181,103.42
2013/01/22,255838,263333,97.15,426207,406700,104.80
2013/01/21,209642,203218,103.16,389705,393921,98.93
2013/01/18,239871,236514,101.42,361032,367434,98.26
2013/01/17,358260,348762,102.72,319067,334650,95.34
2013/01/16,351874,325285,108.17,254914,248103,102.75
2013/01/15,309405,342178,90.42,612369,573271,106.82
2013/01/14,324644,373946,86.82,603773,536732,112.49
2013/01/11,222002,264158,84.04,583131,520637,112.00
2013/01/10,332008,388390,85.48,565647,503962,112.24
2013/01/09,295605,302190,97.82,521889,485929,107.40
2013/01/08,272432,270009,100.90,545103,532492,102.37
2013/01/07,236414,241817,97.77,534316,498823,107.12
2013/01/04,190378,208615,91.26,521635,471319,110.68
2013/01/03,217186,230576,94.19,496286,438640,113.14
2013/01/02,290359,337288,86.09,449230,414291,108.43
2013/02/27,204422,183989,111.11,403488,351519,114.78
2013/02/26,256622,254030,101.02,458112,433233,105.74
2013/02/25,159585,163913,97.36,419464,386660,108.48
2013/02/23,94343,94544,99.79,390312,349525,111.67
2013/02/22,190869,166368,114.73,364347,327118,111.38
2013/02/21,158746,140108,113.30,318134,287939,110.49
2013/02/20,241056,321679,74.94,255307,232280,109.91
2013/02/19,147648,169470,87.12,558130,491437,113.57
2013/02/18,236713,274799,86.14,524155,474404,110.49
2013/02/06,279392,341916,81.71,519583,492074,105.59
2013/02/05,204347,239605,85.28,559469,541488,103.32
2013/02/04,286098,337193,84.85,550278,504687,109.03
2013/02/01,213161,251656,84.70,524337,489309,107.16
2013/03/29,247190,203069,121.73,448830,381452,117.66
2013/03/28,162317,138558,117.15,399697,372743,107.23
2013/03/27,221231,218417,101.29,355224,335179,105.98
2013/03/26,182506,140159,130.21,413546,370419,111.64
2013/03/25,183155,149481,122.53,363485,346191,105.00
2013/03/22,185318,157660,117.54,322575,329500,97.90
2013/03/21,156743,165093,94.94,275681,288018,95.72
2013/03/20,354527,297890,119.01,213460,234910,90.87
2013/03/19,264761,243410,108.77,574756,620288,92.66
2013/03/18,418031,378498,110.44,543884,597493,91.03
2013/03/15,270573,299074,90.47,554890,545531,101.72
2013/03/14,187527,190960,98.20,541174,515722,104.94
2013/03/13,317309,351784,90.20,515499,468638,110.00
2013/03/12,235454,277638,84.81,574256,515856,111.32
2013/03/11,240134,245791,97.70,562383,477115,117.87
2013/03/08,228627,233040,98.11,539193,470323,114.64
2013/03/07,157991,150343,105.09,499163,465564,107.22
2013/03/06,265410,292921,90.61,465729,428607,108.66
2013/03/05,239082,227197,105.23,519712,464465,111.89
2013/03/04,259411,257688,100.67,483616,440128,109.88
2013/03/01,151440,131161,115.46,449163,385431,116.54
2013/04/30,259928,305595,85.06,585253,447327,130.83
2013/04/29,140360,138285,101.50,547616,437109,125.28
2013/04/26,244449,287783,84.94,524643,421160,124.57
2013/04/25,179363,160628,111.66,476217,397957,119.67
2013/04/24,289959,372571,77.83,437011,361923,120.75
2013/04/23,210959,201860,104.51,521463,417621,124.87
2013/04/22,205184,217671,94.26,485656,388097,125.14
2013/04/19,401823,407706,98.56,441562,352397,125.30
2013/04/18,237981,207518,114.68,358478,318267,112.63
2013/04/17,252485,263694,95.75,262273,254722,102.96
2013/04/16,363475,308916,117.66,596836,593857,100.50
2013/04/15,273848,247684,110.56,564893,565263,99.93
2013/04/12,180364,155774,115.79,538067,520250,103.42
2013/04/11,263656,238916,110.36,511597,490256,104.35
2013/04/10,212969,201143,105.88,453113,486248,93.19
2013/04/09,266190,264158,100.77,487458,545166,89.41
2013/04/08,446922,394350,113.33,455154,492627,92.39
2013/04/03,207311,218689,94.80,441666,401699,109.95
2013/04/02,178285,170519,104.55,494631,430668,114.85
2013/04/01,129890,123681,105.02,469498,403815,116.27
2013/05/31,258158,318332,81.10,520979,511979,101.76
2013/05/30,268005,236305,113.41,495415,484644,102.22
2013/05/29,259501,328269,79.05,587989,516103,113.93
2013/05/28,151082,165439,91.32,517697,524382,98.73
2013/05/27,229191,203211,112.78,492085,501445,98.13
2013/05/24,298338,281695,105.91,445874,483927,92.14
2013/05/23,372266,366543,101.56,409426,443815,92.25
2013/05/22,214943,267679,80.30,371286,371406,99.97
2013/05/21,244154,247680,98.58,440877,435962,101.13
2013/05/20,158141,180657,87.54,404295,417322,96.88
2013/05/17,134293,172094,78.03,373475,385409,96.90
2013/05/16,290742,371011,78.36,335984,352214,95.39
2013/05/15,247736,360810,68.66,242491,271197,89.42
2013/05/14,218660,299519,73.00,716813,558763,128.29
2013/05/13,243770,299287,81.45,698021,547347,127.53
2013/05/10,196471,191563,102.56,681263,507948,134.12
2013/05/09,241182,298614,80.77,663895,463376,143.27
2013/05/08,422045,605111,69.75,603198,451468,133.61
2013/05/07,197508,194164,101.72,628625,503675,124.81
2013/05/06,214834,214394,100.21,607212,461979,131.44
2013/05/03,233175,277359,84.07,569492,439616,129.54
2013/05/02,227960,255342,89.28,517863,407161,127.19
2013/06/28,245727,263458,93.27,425763,412274,103.27
2013/06/27,178449,187609,95.12,383600,410348,93.48
2013/06/26,276739,319816,86.53,344514,385620,89.34
2013/06/25,372257,317081,117.40,413690,480283,86.13
2013/06/24,185525,192945,96.15,386048,433202,89.12
2013/06/21,319747,279132,114.55,346681,387451,89.48
2013/06/20,242623,245855,98.69,283854,311891,91.01
2013/06/19,279815,258678,108.17,220087,226494,97.17
2013/06/18,248099,263050,94.32,589935,689228,85.59
2013/06/17,218472,190020,114.97,565421,683318,82.75
2013/06/14,271572,263109,103.22,531098,664644,79.91
2013/06/13,448299,412288,108.73,508847,610018,83.42
2013/06/11,171066,179576,95.26,602087,619418,97.20
2013/06/10,215559,206339,104.47,589039,600020,98.17
2013/06/07,208328,203618,102.31,562449,600183,93.71
2013/06/06,279579,255285,109.52,529470,566152,93.52
2013/06/05,261223,225971,115.60,505464,510160,99.08
2013/06/04,214705,202490,106.03,564998,587627,96.15
2013/06/03,319239,288780,110.55,546906,554657,98.60
2013/07/31,179956,184797,97.38,454712,463424,98.12
2013/07/30,191461,210246,91.07,427917,418805,102.18
2013/07/29,199795,219775,90.91,389086,413718,94.05
2013/07/26,172403,193157,89.26,372811,365358,102.04
2013/07/25,162420,169350,95.91,342832,330140,103.84
2013/07/24,179568,210000,85.51,301013,293102,102.70
2013/07/23,248328,312346,79.50,396298,362695,109.26
2013/07/22,155967,160934,96.91,352196,353032,99.76
2013/07/19,293280,294756,99.50,314331,322674,97.41
2013/07/18,169561,161322,105.11,269073,234695,114.65
2013/07/17,210466,247757,84.95,214068,186690,114.66
2013/07/16,182894,188394,97.08,665496,430277,154.67
2013/07/15,283055,296933,95.33,649830,419983,154.73
2013/07/12,182550,178731,102.14,615220,419203,146.76
2013/07/11,378040,447489,84.48,580902,409655,141.80
2013/07/10,354910,391324,90.69,500822,450836,111.09
2013/07/09,270589,274751,98.49,540220,505289,106.91
2013/07/08,274836,308825,88.99,499080,502613,99.30
2013/07/05,278494,299420,93.01,495200,450357,109.96
2013/07/04,169422,182402,92.88,442006,445772,99.16
2013/07/03,267378,259796,102.92,403328,403337,100.00
2013/07/02,149290,165162,90.39,489377,431003,113.54
2013/07/01,248830,298638,83.32,464447,407400,114.00
2013/08/30,213610,223075,95.76,427578,360524,118.60
2013/08/29,230078,215197,106.92,386656,340826,113.45
2013/08/28,293029,257721,113.70,322599,310093,104.03
2013/08/27,178160,183234,97.23,367474,354380,103.69
2013/08/26,157702,146171,107.89,340454,311459,109.31
2013/08/23,175734,180725,97.24,293147,282955,103.60
2013/08/22,326497,327546,99.68,240364,240609,99.90
2013/08/20,286560,281085,101.95,496586,663246,74.87
2013/08/19,153242,143780,106.58,482560,613633,78.64
2013/08/16,287067,310431,92.47,465325,588520,79.07
2013/08/15,179377,201875,88.86,437940,574544,76.22
2013/08/14,201898,252214,80.05,422302,533627,79.14
2013/08/13,215350,224529,95.91,477674,557508,85.68
2013/08/12,139281,138799,100.35,454496,573847,79.20
2013/08/09,216994,256929,84.46,427066,563094,75.84
2013/08/08,143364,175433,81.72,406193,512101,79.32
2013/08/07,284913,272529,104.54,383588,464520,82.58
2013/08/06,229026,261312,87.64,446501,506147,88.22
2013/08/05,149413,146593,101.92,439172,451476,97.27
2013/08/02,189442,223154,84.89,413410,439978,93.96
2013/08/01,165298,175235,94.33,381046,408999,93.17
2013/09/30,206414,185119,111.50,400665,377258,106.20
2013/09/27,99288,102680,96.70,368670,342636,107.60
2013/09/26,177297,184864,95.91,333565,319449,104.42
2013/09/25,162820,139549,116.68,294980,268937,109.68
2013/09/24,152399,146965,103.70,342481,311743,109.86
2013/09/23,196768,171450,114.77,293543,276990,105.98
2013/09/18,189427,232480,81.48,214430,215264,99.61
2013/09/17,147873,167126,88.48,631765,448603,140.83
2013/09/16,202082,213138,94.81,605058,422555,143.19
2013/09/14,101244,97261,104.10,575310,427888,134.45
2013/09/13,160033,165161,96.90,567620,422601,134.32
2013/09/12,176773,154694,114.27,545042,405500,134.41
2013/09/11,277643,265342,104.64,511764,382093,133.94
2013/09/10,268901,268731,100.06,580117,429616,135.03
2013/09/09,201008,195384,102.88,536291,417520,128.45
2013/09/06,138011,125681,109.81,509673,396785,128.45
2013/09/05,234855,227192,103.37,472104,384551,122.77
2013/09/04,219399,257000,85.37,413214,357897,115.46
2013/09/03,204350,220074,92.86,501814,397129,126.36
2013/09/02,190932,215420,88.63,467789,374636,124.86
2013/10/31,130365,121388,107.40,428637,397321,107.88
2013/10/30,176900,174010,101.66,484440,450075,107.64
2013/10/29,195954,178549,109.75,447438,414843,107.86
2013/10/28,144110,148097,97.31,416172,393589,105.74
2013/10/25,168074,172202,97.60,385864,383663,100.57
2013/10/24,133209,120897,110.18,357924,352122,101.65
2013/10/23,214764,202805,105.90,322176,325963,98.84
2013/10/22,143526,154629,92.82,381880,368382,103.66
2013/10/21,110157,129427,85.11,349208,335724,104.02
2013/10/18,140904,153897,91.56,324026,308326,105.09
2013/10/17,152546,159653,95.55,283983,270187,105.11
2013/10/16,173591,169319,102.52,228978,219542,104.30
2013/10/15,184900,208305,88.76,551145,480921,114.60
2013/10/14,203945,218902,93.17,527080,453427,116.24
2013/10/11,205810,232831,88.39,508933,422952,120.33
2013/10/09,220050,219807,100.11,465425,391369,118.92
2013/10/08,200400,189640,105.67,534323,443272,120.54
2013/10/07,144051,158479,90.90,493915,423696,116.57
2013/10/04,170596,181097,94.20,482161,398169,121.09
2013/10/03,337460,347730,97.05,451505,365908,123.39
2013/10/02,161412,136411,118.33,379327,335791,112.97
2013/10/01,147628,132695,111.25,432291,394679,109.53
2013/11/29,174812,195765,89.30,476796,422516,112.85
2013/11/28,218403,223465,97.73,435306,397973,109.38
2013/11/27,193206,232508,83.10,381693,367801,103.78
2013/11/26,237350,265360,89.44,457287,422378,108.26
2013/11/25,179537,207641,86.47,403951,395102,102.24
2013/11/22,124526,129098,96.46,365099,381858,95.61
2013/11/21,236645,263011,89.98,325640,350956,92.79
2013/11/20,159706,185661,86.02,262810,250066,105.10
2013/11/19,184066,219444,83.88,550841,593662,92.79
2013/11/18,148164,171244,86.52,523813,596167,87.86
2013/11/15,190685,254163,75.02,500250,580219,86.22
2013/11/14,175170,209541,83.60,470175,564665,83.27
2013/11/13,276754,281099,98.45,441729,518281,85.23
2013/11/12,172168,190542,90.36,505386,561453,90.01
2013/11/11,144448,171263,84.34,490304,538006,91.13
2013/11/08,168126,166275,101.11,480799,496113,96.91
2013/11/07,115186,133170,86.50,462464,469777,98.44
2013/11/06,205074,198238,103.45,432390,437335,98.87
2013/11/05,229484,259084,88.58,482752,510849,94.50
2013/11/04,154809,183355,84.43,474800,473293,100.32
2013/11/01,208331,191463,108.81,461676,436861,105.68
2013/12/31,155934,188273,82.82,492334,405640,121.37
2013/12/30,213118,229954,92.68,460107,376306,122.27
2013/12/27,140673,158964,88.49,412495,357790,115.29
2013/12/26,78544,73753,106.50,385883,336872,114.55
2013/12/25,117832,120138,98.08,353514,309718,114.14
2013/12/24,91620,87136,105.15,421048,361975,116.32
2013/12/23,160248,157901,101.49,404240,343255,117.77
2013/12/20,156206,123037,126.96,358990,313768,114.41
2013/12/19,178166,175736,101.38,313585,282977,110.82
2013/12/18,173112,155301,111.47,252260,219293,115.03
2013/12/17,162233,155869,104.08,642223,567851,113.10
2013/12/16,201133,203856,98.66,612894,556981,110.04
2013/12/13,206227,184014,112.07,604728,530739,113.94
2013/12/12,207635,207671,99.98,556136,514806,108.03
2013/12/11,291332,332466,87.63,519814,476618,109.06
2013/12/10,116231,148181,78.44,591777,531288,111.39
2013/12/09,195476,246128,79.42,573052,505334,113.40
2013/12/06,163188,173748,93.92,531021,499475,106.32
2013/12/05,196721,214926,91.53,497522,476914,104.32
2013/12/04,222307,253466,87.71,466238,432073,107.91
2013/12/03,138939,143565,96.78,523392,477877,109.52
2013/12/02,156079,174076,89.66,508201,456940,111.22
2014/01/27,368839,397788,92.72,492129,527877,93.23
2014/01/24,141065,171474,82.27,456571,443357,102.98
2014/01/23,141635,158874,89.15,417771,395800,105.55
2014/01/22,162183,178234,90.99,368602,352703,104.51
2014/01/21,149517,149988,99.69,438245,417954,104.85
2014/01/20,157918,141564,111.55,408398,384326,106.26
2014/01/17,163470,167274,97.73,381554,362907,105.14
2014/01/16,147021,162351,90.56,333843,321368,103.88
2014/01/15,221699,297075,74.63,283679,263438,107.68
2014/01/14,181765,199316,91.19,592230,530930,111.55
2014/01/13,212366,220784,96.19,568776,510793,111.35
2014/01/10,135689,141374,95.98,542530,510274,106.32
2014/01/09,212585,218358,97.36,521316,493573,105.62
2014/01/08,207039,220804,93.77,498961,452383,110.30
2014/01/07,183588,177366,103.51,529909,507140,104.49
2014/01/06,183923,191312,96.14,501774,485695,103.31
2014/01/03,215957,203501,106.12,475053,441781,107.53
2014/01/02,188422,229611,82.06,442176,384576,114.98
2014/02/27,124354,135775,91.59,498519,405727,122.87
2014/02/26,231216,225140,102.70,461205,372198,123.91
2014/02/25,152449,146555,104.02,524390,433365,121.00
2014/02/24,201840,180149,112.04,490773,403603,121.60
2014/02/21,197446,216134,91.35,439571,365985,120.11
2014/02/20,210723,192042,109.73,392249,340213,115.30
2014/02/19,196847,207091,95.05,320804,263816,121.60
2014/02/18,239783,246410,97.31,710572,663031,107.17
2014/02/17,205550,208754,98.47,665319,644256,103.27
2014/02/14,296789,319439,92.91,631427,613785,102.87
2014/02/13,168423,173103,97.30,581859,612688,94.97
2014/02/12,288640,347710,83.01,548739,584332,93.91
2014/02/11,185448,181780,102.02,606470,638771,94.94
2014/02/10,206150,201552,102.28,570323,618932,92.15
2014/02/07,244271,249582,97.87,527180,591001,89.20
2014/02/06,193042,206014,93.70,472818,558436,84.67
2014/02/05,456727,423124,107.94,436372,512356,85.17
2014/03/31,250206,182784,136.89,621002,473820,131.06
2014/03/28,229121,196232,116.76,590631,461709,127.92
2014/03/27,226603,211183,107.30,528483,424760,124.42
2014/03/26,254087,271684,93.52,458776,376037,122.00
2014/03/25,264413,251840,104.99,526898,434194,121.35
2014/03/24,261503,231299,113.06,476204,425108,112.02
2014/03/21,187517,172619,108.63,429402,383806,111.88
2014/03/20,268444,232930,115.25,381099,337984,112.76
2014/03/19,245967,259117,94.93,296192,261653,113.20
2014/03/18,197199,213708,92.27,760279,570451,133.28
2014/03/17,182525,171219,106.60,729954,566109,128.94
2014/03/14,203604,185210,109.93,697155,548010,127.22
2014/03/13,275510,270579,101.82,676556,519720,130.18
2014/03/12,256955,228341,112.53,614755,497696,123.52
2014/03/11,183525,178775,102.66,707731,550166,128.64
2014/03/10,213671,178719,119.56,680476,532824,127.71
2014/03/07,351999,372590,94.47,654643,510135,128.33
2014/03/06,300738,278948,107.81,611053,470680,129.82
2014/03/05,199132,203797,97.71,524002,419015,125.06
2014/03/04,169563,159254,106.47,566537,485733,116.64
2014/03/03,238042,234610,101.46,542279,455414,119.07
2014/04/30,448577,348011,128.90,581298,469086,123.92
2014/04/29,265461,260704,101.82,656260,540950,121.32
2014/04/28,422869,391105,108.12,610084,536769,113.66
2014/04/25,562655,458350,122.76,552052,494570,111.62
2014/04/24,157888,137814,114.57,539184,428158,125.93
2014/04/23,331915,262240,126.57,489787,390075,125.56
2014/04/22,197824,161668,122.36,551650,437431,126.11
2014/04/21,126025,92691,135.96,522115,417543,125.04
2014/04/18,215094,191434,112.36,490209,397270,123.39
2014/04/17,230491,159997,144.06,446030,367348,121.42
2014/04/16,259879,336129,77.32,357585,314127,113.83
2014/04/15,213760,210410,101.59,801380,565579,141.69
2014/04/14,176049,160025,110.01,754513,553207,136.39
2014/04/11,272170,248905,109.35,731051,530341,137.85
2014/04/10,264000,276994,95.31,694211,492267,141.02
2014/04/09,220193,187554,117.40,638556,453958,140.66
2014/04/08,227946,205279,111.04,679638,506869,134.09
2014/04/07,224665,165527,135.73,652481,494295,132.00
2014/04/03,162287,149554,108.51,616777,472188,130.62
2014/04/02,322459,319280,101.00,574543,434220,132.32
2014/04/01,271464,227764,119.19,658740,478003,137.81
2014/05/30,247545,218202,113.45,633688,480972,131.75
2014/05/29,221552,200057,110.74,593872,445990,133.16
2014/05/28,359792,435961,82.53,529135,406436,130.19
2014/05/27,169800,157645,107.71,595411,446923,133.22
2014/05/26,225415,216411,104.16,561232,423418,132.55
2014/05/23,281714,248515,113.36,525678,398783,131.82
2014/05/22,335811,299704,112.05,463606,363527,127.53
2014/05/21,326220,288203,113.19,369777,301179,122.78
2014/05/20,237724,230515,103.13,805970,604941,133.23
2014/05/19,197579,188255,104.95,777613,599709,129.67
2014/05/16,272335,260663,104.48,747328,578067,129.28
2014/05/15,177968,150936,117.91,729437,562973,129.57
2014/05/14,369211,314348,117.45,696217,532856,130.66
2014/05/13,295749,278507,106.19,754765,614583,122.81
2014/05/12,267777,246818,108.49,728016,593320,122.70
2014/05/09,217370,196119,110.84,706998,547012,129.25
2014/05/08,246359,202507,121.65,686234,513523,133.63
2014/05/07,322313,277973,115.95,631843,493910,127.93
2014/05/06,299591,270694,110.68,711857,530471,134.19
2014/05/05,256995,226765,113.33,674072,519404,129.78
2014/05/02,263730,198714,132.72,639126,496066,128.84
2014/06/30,327534,337296,97.11,615750,424041,145.21
2014/06/27,177089,192400,92.04,567069,414938,136.66
2014/06/26,288834,242526,119.09,538803,384376,140.18
2014/06/25,301227,228329,131.93,466303,356223,130.90
2014/06/24,224422,184387,121.71,540724,429363,125.94
2014/06/23,292302,229304,127.47,507939,407906,124.52
2014/06/20,230420,205382,112.19,475927,370777,128.36
2014/06/19,275050,230813,119.17,436401,326204,133.78
2014/06/18,416689,550106,75.75,356830,279300,127.76
2014/06/17,252336,292736,86.20,864968,521768,165.78
2014/06/16,167563,153408,109.23,838215,540472,155.09
2014/06/13,227328,211892,107.28,818266,530894,154.13
2014/06/12,197177,170715,115.50,780948,501814,155.62
2014/06/11,209935,240516,87.29,726588,473093,153.58
2014/06/10,304383,313948,96.95,794798,511983,155.24
2014/06/09,177007,152134,116.35,744278,520092,143.11
2014/06/06,232293,217041,107.03,719793,509753,141.20
2014/06/05,200401,184922,108.37,680339,492709,138.08
2014/06/04,228026,223794,101.89,629523,454083,138.64
2014/06/03,286019,279423,102.36,665205,511484,130.05
2014/07/31,413309,360204,114.74,646002,551427,117.15
2014/07/30,365160,335581,108.81,594748,471299,126.19
2014/07/29,385400,375274,102.70,666431,583208,114.27
2014/07/28,304963,287252,106.17,646502,538615,120.03
2014/07/25,365042,329616,110.75,607740,511956,118.71
2014/07/24,321340,371710,86.45,525505,426356,123.25
2014/07/22,290393,273498,106.18,603984,482239,125.25
2014/07/21,245748,244670,100.44,570914,485911,117.49
2014/07/18,326218,291346,111.97,543483,472944,114.91
2014/07/17,355240,316305,112.31,484846,405937,119.44
2014/07/16,527178,486259,108.42,386455,305416,126.53
2014/07/15,364558,358119,101.80,842493,528841,159.31
2014/07/14,272312,231472,117.64,823541,526013,156.56
2014/07/11,575309,484859,118.65,792303,522979,151.50
2014/07/10,405175,367531,110.24,766233,479745,159.72
2014/07/09,355036,302186,117.49,699615,461298,151.66
2014/07/08,311056,258868,120.16,789299,533982,147.81
2014/07/07,315735,310247,101.77,751344,525441,142.99
2014/07/04,364699,388444,93.89,715197,497303,143.82
2014/07/03,353951,396356,89.30,669569,452120,148.10
2014/07/02,765131,893755,85.61,606468,417233,145.35
2014/07/01,435107,537493,80.95,685906,447311,153.34
2014/08/29,225681,262304,86.04,634138,501700,126.40
2014/08/28,216434,177386,122.01,600721,453092,132.58
2014/08/27,460614,448053,102.80,545571,405787,134.45
2014/08/26,179014,189331,94.55,641272,487597,131.52
2014/08/25,186660,168727,110.63,607365,462243,131.40
2014/08/22,401582,377334,106.43,562854,428170,131.46
2014/08/21,233029,227950,102.23,464042,406646,114.11
2014/08/20,379207,421082,90.06,391424,319155,122.64
2014/08/19,364795,419943,86.87,780276,729361,106.98
2014/08/18,316773,336209,94.22,742165,768284,96.60
2014/08/15,306806,283248,108.32,736782,725357,101.58
2014/08/14,280605,286485,97.95,701289,692096,101.33
2014/08/13,392027,438140,89.48,655921,650359,100.86
2014/08/12,308618,296332,104.15,732158,763010,95.96
2014/08/11,293238,292236,100.34,711959,737068,96.59
2014/08/08,499722,427328,116.94,673027,734494,91.63
2014/08/07,225362,261949,86.03,632219,669766,94.39
2014/08/06,568724,481221,118.18,597462,625957,95.45
2014/08/05,632926,581214,108.90,688784,729966,94.36
2014/08/04,247542,235178,105.26,710302,646963,109.79
2014/08/01,377883,314004,120.34,676472,620329,109.05
2014/09/30,540021,600056,90.00,571943,734755,77.84
2014/09/29,254315,265714,95.71,529223,676143,78.27
2014/09/26,444767,403021,110.36,501918,628287,79.89
2014/09/25,428043,451543,94.80,462298,571794,80.85
2014/09/24,348190,308626,112.82,405087,459296,88.20
2014/09/23,313631,283301,110.71,491510,586153,83.85
2014/09/22,423359,438614,96.52,465639,550071,84.65
2014/09/19,273651,308835,88.61,440904,478171,92.21
2014/09/18,239644,248657,96.38,383366,430405,89.07
2014/09/17,541769,553745,97.84,304251,347760,87.49
2014/09/16,388506,402810,96.45,674439,802198,84.07
2014/09/15,356681,360528,98.93,686546,755676,90.85
2014/09/12,436145,453729,96.12,680289,723031,94.09
2014/09/11,251553,291737,86.23,677843,650385,104.22
2014/09/10,518566,528478,98.12,643070,597180,107.68
2014/09/09,279141,289610,96.39,721853,635700,113.55
2014/09/05,296129,314332,94.21,690934,616526,112.07
2014/09/04,263914,247427,106.66,656740,567237,115.78
2014/09/03,391405,372966,104.94,601817,505514,119.05
2014/09/02,469176,481718,97.40,679105,614535,110.51
2014/09/01,295461,265965,111.09,680128,522607,130.14
2014/10/31,386812,449372,86.08,672461,586193,114.72
2014/10/30,268365,291880,91.94,613617,572378,107.20
2014/10/29,462683,571241,81.00,560339,512669,109.30
2014/10/28,405622,439178,92.36,660831,611070,108.14
2014/10/27,269376,276964,97.26,601101,624389,96.27
2014/10/24,393856,365799,107.67,576772,603728,95.54
2014/10/23,179227,166913,107.38,536656,525991,102.03
2014/10/22,372446,443048,84.06,475236,477263,99.58
2014/10/21,229798,259220,88.65,580005,625007,92.80
2014/10/20,335706,360621,93.09,543440,589462,92.19
2014/10/17,433127,459206,94.32,492202,567639,86.71
2014/10/16,513201,516482,99.36,445164,486745,91.46
2014/10/15,601274,557727,107.81,336978,363935,92.59
2014/10/14,430603,376135,114.48,617587,849056,72.74
2014/10/13,625547,559416,111.82,580580,808388,71.82
2014/10/09,370637,418999,88.46,600220,711975,84.30
2014/10/08,453212,425087,106.62,563220,652072,86.37
2014/10/07,428856,413372,103.75,668630,750288,89.12
2014/10/06,240583,282246,85.24,657651,695585,94.55
2014/10/03,368825,465511,79.23,625229,658853,94.90
2014/10/02,393795,409244,96.22,569632,666431,85.48
2014/10/01,421315,495037,85.11,485130,601007,80.72
2014/11/28,272535,240853,113.15,637193,509653,125.02
2014/11/27,338796,320600,105.68,558944,453591,123.23
2014/11/26,287031,309878,92.63,457950,389676,117.52
2014/11/25,282877,277475,101.95,557089,475918,117.06
2014/11/24,233477,230063,101.48,527697,454650,116.07
2014/11/21,214713,217628,98.66,486580,427212,113.90
2014/11/20,327670,289803,113.07,444359,376223,118.11
2014/11/19,533488,580536,91.90,343033,327449,104.76
2014/11/18,480399,476583,100.80,766910,769714,99.64
2014/11/17,493880,511764,96.51,760832,718971,105.82
2014/11/14,300010,328466,91.34,743649,696901,106.71
2014/11/13,313070,356761,87.75,719039,680482,105.67
2014/11/12,574820,665815,86.33,662146,643568,102.89
2014/11/11,244892,296840,82.50,798992,697777,114.51
2014/11/10,372641,454502,81.99,774632,664229,116.62
2014/11/07,324736,330987,98.11,727480,691004,105.28
2014/11/06,341987,380394,89.90,694287,657959,105.52
2014/11/05,428691,440091,97.41,645500,568559,113.53
2014/11/04,403999,401196,100.70,769380,644784,119.32
2014/11/03,396784,488066,81.30,726345,619071,117.33
2014/12/31,368949,332545,110.95,455608,379494,120.06
2014/12/30,287831,317367,90.69,572976,484644,118.23
2014/12/29,316489,322370,98.18,542082,438273,123.69
2014/12/27,149599,127457,117.37,494307,426710,115.84
2014/12/26,215984,237143,91.08,473825,412476,114.87
2014/12/25,164934,145881,113.06,421038,360107,116.92
2014/12/24,397419,466609,85.17,365496,309455,118.11
2014/12/23,240222,247794,96.94,489474,399538,122.51
2014/12/22,286767,301165,95.22,457077,380884,120.00
2014/12/19,389090,435227,89.40,407235,365017,111.57
2014/12/18,283530,311055,91.15,338893,334277,101.38
2014/12/17,719580,634861,113.34,255461,259035,98.62
2014/12/16,448599,430636,104.17,758340,749727,101.15
2014/12/15,408076,410037,99.52,731440,707046,103.45
2014/12/12,299160,300518,99.55,723452,675127,107.16
2014/12/11,353505,358532,98.60,680487,642943,105.84
2014/12/10,731994,675243,108.40,624911,597193,104.64
2014/12/09,297571,287587,103.47,750456,675903,111.03
2014/12/08,283380,325461,87.07,746223,635781,117.37
2014/12/05,232264,245484,94.61,718979,595220,120.79
2014/12/04,312722,341489,91.58,677633,553655,122.39
2014/12/03,582304,619946,93.93,599305,489341,122.47
2014/12/02,446373,443138,100.73,680642,642656,105.91
2014/12/01,545555,531445,102.66,666370,577539,115.38
2015/01/30,278957,262655,106.21,537451,481923,111.52
2015/01/29,334507,312793,106.94,509677,444715,114.61
2015/01/28,364505,312073,116.80,439799,362724,121.25
2015/01/27,312059,292666,106.63,554863,439532,126.24
2015/01/26,223622,174927,127.84,517192,408974,126.46
2015/01/23,288683,300113,96.19,477328,381104,125.25
2015/01/22,310395,263297,117.89,406985,326104,124.80
2015/01/21,409413,484875,84.44,302936,257007,117.87
2015/01/20,439305,447069,98.26,759724,576957,131.68
2015/01/19,414157,410126,100.98,712769,586090,121.61
2015/01/16,453108,466334,97.16,689395,569058,121.15
2015/01/15,337927,321504,105.11,656800,526262,124.80
2015/01/14,529875,482207,109.89,599786,465245,128.92
2015/01/13,430782,396392,108.68,719686,573430,125.51
2015/01/12,360646,345969,104.24,681502,556581,122.44
2015/01/09,432249,445513,97.02,656017,526223,124.67
2015/01/08,443405,493170,89.91,616168,480157,128.33
2015/01/07,512858,486041,105.52,509661,449802,113.31
2015/01/06,628114,590562,106.36,544443,544245,100.04
2015/01/05,405351,412700,98.22,541941,444371,121.96
2015/02/26,263743,251900,104.70,473474,398214,118.90
2015/02/25,319983,299099,106.98,383175,300475,127.52
2015/02/24,337312,367359,91.82,324228,260937,124.26
2015/02/13,266925,288480,92.53,637648,511086,124.76
2015/02/12,185432,187389,98.96,576633,481398,119.78
2015/02/11,351690,403360,87.19,528142,438448,120.46
2015/02/10,224837,247196,90.95,600540,567537,105.82
2015/02/09,218977,227089,96.43,593822,538679,110.24
2015/02/06,241782,281346,85.94,572034,511517,111.83
2015/02/05,212147,215498,98.44,548187,455845,120.26
2015/02/04,364592,433230,84.16,506199,412989,122.57
2015/02/03,295717,273101,108.28,599240,525135,114.11
2015/02/02,246024,222831,110.41,571189,513395,111.26
2015/03/31,292819,352898,82.98,618963,603192,102.61
2015/03/30,275995,279744,98.66,588717,583826,100.84
2015/03/27,418227,410963,101.77,561686,549990,102.13
2015/03/26,370088,357906,103.40,494947,452962,109.27
2015/03/25,441760,409710,107.82,447228,389901,114.70
2015/03/24,245702,245621,100.03,553223,469367,117.87
2015/03/23,205459,183215,112.14,532145,441627,120.50
2015/03/20,210064,173795,120.87,501367,420317,119.28
2015/03/19,391478,365392,107.14,465358,386644,120.36
2015/03/18,484150,578241,83.73,334199,295301,113.17
2015/03/17,387275,417760,92.70,679200,607786,111.75
2015/03/16,268077,267578,100.19,648197,598133,108.37
2015/03/13,237729,245136,96.98,628094,551684,113.85
2015/03/12,366981,349961,104.86,599191,524042,114.34
2015/03/11,494611,515385,95.97,525733,485631,108.26
2015/03/10,305127,329746,92.53,597924,569476,105.00
2015/03/09,247241,277205,89.19,585869,527836,110.99
2015/03/06,243828,246193,99.04,562834,482854,116.56
2015/03/05,247492,249858,99.05,525012,456193,115.09
2015/03/04,301484,304425,99.03,464988,398447,116.70
2015/03/03,276145,283769,97.31,542785,478740,113.38
2015/03/02,233479,215874,108.16,507797,442815,114.67
2015/04/30,311269,365765,85.10,643664,640060,100.56
2015/04/29,722512,673873,107.22,595198,556975,106.86
2015/04/28,381086,359866,105.90,802998,703053,114.22
2015/04/27,430717,571499,75.37,757438,650131,116.51
2015/04/24,591400,750394,78.81,691404,605402,114.21
2015/04/23,705692,881033,80.10,637638,561119,113.64
2015/04/22,525519,588348,89.32,493152,467651,105.45
2015/04/21,329767,315707,104.45,584040,565523,103.27
2015/04/20,412421,372525,110.71,554316,524331,105.72
2015/04/17,318978,365864,87.18,506964,484645,104.61
2015/04/16,338047,342341,98.75,456789,414717,110.14
2015/04/15,677155,613624,110.35,357588,337286,106.02
2015/04/14,259373,242994,106.74,718648,645226,111.38
2015/04/13,252581,264805,95.38,703542,630916,111.51
2015/04/10,384449,393770,97.63,678482,611007,111.04
2015/04/09,485635,518146,93.73,637099,592906,107.45
2015/04/08,424301,409124,103.71,575394,519046,110.86
2015/04/07,258752,230842,112.09,665972,581394,114.55
2015/04/02,382465,385520,99.21,628769,561001,112.08
2015/04/01,534475,498155,107.29,543623,509398,106.72
2015/05/29,278758,316638,88.04,589635,641837,91.87
2015/05/28,272502,295162,92.32,538233,565262,95.22
2015/05/27,471804,475251,99.27,468994,516822,90.75
2015/05/26,407034,426099,95.53,592057,648318,91.32
2015/05/25,276659,317963,87.01,546249,624973,87.40
2015/05/22,332965,344725,96.59,507726,577946,87.85
2015/05/21,353822,407598,86.81,443831,538499,82.42
2015/05/20,494196,529386,93.35,367371,417615,87.97
2015/05/19,496699,637946,77.86,750468,887420,84.57
2015/05/18,246400,358438,68.74,703952,898405,78.36
2015/05/15,422579,470265,89.86,688113,846452,81.29
2015/05/14,462835,548207,84.43,680906,798472,85.28
2015/05/13,478928,551168,86.89,655083,695285,94.22
2015/05/12,379627,389903,97.36,747528,844566,88.51
2015/05/11,460374,522319,88.14,724245,803449,90.14
2015/05/08,275386,319354,86.23,696015,752139,92.54
2015/05/07,314525,370894,84.80,668910,690346,96.89
2015/05/06,526381,574873,91.56,640851,612314,104.66
2015/05/05,335060,383787,87.30,722412,737923,97.90
2015/05/04,336512,359996,93.48,694309,687350,101.01
2015/06/30,321816,296650,108.48,472774,562159,84.10
2015/06/29,500872,411918,121.60,440329,548141,80.33
2015/06/26,172109,183138,93.98,433947,484287,89.61
2015/06/25,356866,408840,87.29,400743,444159,90.23
2015/06/24,280602,268676,104.44,324989,386417,84.10
2015/06/23,325851,321159,101.46,420674,455178,92.42
2015/06/22,323006,296630,108.89,380414,427465,88.99
2015/06/18,213253,248322,85.88,309158,407755,75.82
2015/06/17,414945,420372,98.71,247122,335383,73.68
2015/06/16,407672,379384,107.46,665910,918343,72.51
2015/06/15,289167,302309,95.65,660430,874523,75.52
2015/06/12,284615,304525,93.46,646257,843799,76.59
2015/06/11,319372,364245,87.68,603068,801715,75.22
2015/06/10,515026,555573,92.70,553301,735241,75.25
2015/06/09,608317,570849,106.56,662813,951095,69.69
2015/06/08,458346,479856,95.52,649843,875941,74.19
2015/06/05,456852,492949,92.68,610829,844820,72.30
2015/06/04,645792,679224,95.08,558070,781750,71.39
2015/06/03,401272,507372,79.09,520082,639289,81.35
2015/06/02,295050,348974,84.55,633788,767693,82.56
2015/06/01,343916,395580,86.94,615125,729386,84.33
2015/07/31,265477,295596,89.81,499959,656862,76.11
2015/07/30,349972,384603,91.00,477243,616770,77.38
2015/07/29,578511,596096,97.05,422526,594170,71.11
2015/07/28,409715,416874,98.28,514689,751175,68.52
2015/07/27,484596,569803,85.05,473557,699427,67.71
2015/07/24,272745,304667,89.52,436673,586582,74.44
2015/07/23,450166,477977,94.18,410160,531519,77.17
2015/07/22,531208,538595,98.63,357577,416120,85.93
2015/07/21,330954,345727,95.73,449371,514602,87.32
2015/07/20,447463,478321,93.55,408584,493535,82.79
2015/07/17,218412,237130,92.11,368231,430929,85.45
2015/07/16,247972,289808,85.56,324886,382139,85.02
2015/07/15,522943,547629,95.49,264461,322759,81.94
2015/07/14,374488,460729,81.28,538397,729532,73.80
2015/07/13,420456,470635,89.34,510325,698676,73.04
2015/07/09,650718,601938,108.10,466363,680602,68.52
2015/07/08,894352,931062,96.06,430174,588872,73.05
2015/07/07,379147,373996,101.38,546213,633101,86.28
2015/07/06,342412,356046,96.17,519288,611703,84.89
2015/07/03,337600,374499,90.15,493549,557951,88.46
2015/07/02,193069,247478,78.01,448193,522350,85.80
2015/07/01,412176,465139,88.61,404176,453390,89.15
2015/08/31,352578,332213,106.13,543395,595283,91.28
2015/08/28,409572,388777,105.35,483009,590790,81.76
2015/08/27,268801,307620,87.38,396162,600583,65.96
2015/08/26,712846,795187,89.65,347347,557408,62.31
2015/08/25,627738,529529,118.55,435726,739954,58.89
2015/08/24,869282,879426,98.85,355118,707884,50.17
2015/08/21,505051,535534,94.31,388083,627873,61.81
2015/08/20,397857,463577,85.82,340760,520666,65.45
2015/08/19,788861,670438,117.66,276899,416986,66.40
2015/08/18,383907,406066,94.54,536036,968171,55.37
2015/08/17,301166,329431,91.42,551966,912896,60.46
2015/08/14,274269,283613,96.71,562291,868389,64.75
2015/08/13,347024,398296,87.13,533688,830786,64.24
2015/08/12,835585,770187,108.49,483243,749468,64.48
2015/08/11,622365,718861,86.58,603413,863836,69.85
2015/08/10,340295,373808,91.03,575230,817265,70.38
2015/08/07,401166,417293,96.14,542915,797246,68.10
2015/08/06,462556,560260,82.56,506719,751899,67.39
2015/08/05,495315,543067,91.21,461159,639310,72.13
2015/08/04,500343,495476,100.98,543883,743177,73.18
2015/08/03,422392,400023,105.59,510146,707543,72.10
2015/09/30,538360,533065,100.99,419371,415329,100.97
2015/09/25,353385,280321,126.06,491649,491311,100.07
2015/09/24,364730,320195,113.91,433633,440831,98.37
2015/09/23,539443,535226,100.79,367651,368672,99.72
2015/09/22,253220,213047,118.86,484408,453189,106.89
2015/09/21,363477,337272,107.77,435849,422219,103.23
2015/09/18,274100,209231,131.00,383887,345047,111.26
2015/09/17,307754,274216,112.23,331035,323819,102.23
2015/09/16,464870,503239,92.38,230394,257853,89.35
2015/09/15,303991,358158,84.88,724632,711110,101.90
2015/09/14,319362,354234,90.16,706446,682986,103.43
2015/09/11,269947,260594,103.59,665229,624489,106.52
2015/09/10,315907,329967,95.74,623347,596816,104.45
2015/09/09,728090,750700,96.99,565534,551341,102.57
2015/09/08,355088,305628,116.18,651260,733466,88.79
2015/09/07,372539,337385,110.42,611656,691732,88.42
2015/09/04,334627,322221,103.85,564813,645429,87.51
2015/09/03,276250,267295,103.35,512878,594005,86.34
2015/09/02,669599,646323,103.60,461564,553245,83.43
2015/09/01,463216,416670,111.17,590820,637593,92.66
2015/10/30,381443,388214,98.26,435379,470926,92.45
2015/10/29,330574,362899,91.09,401071,431222,93.01
2015/10/28,493177,456812,107.96,342651,341580,100.31
2015/10/27,281119,286301,98.19,459396,433331,106.02
2015/10/26,211699,202286,104.65,416828,377964,110.28
2015/10/23,300366,297664,100.91,367083,342264,107.25
2015/10/22,181449,173657,104.49,313715,296261,105.89
2015/10/21,470134,447010,105.17,252130,249172,101.19
2015/10/20,245587,206721,118.80,739575,517067,143.03
2015/10/19,278442,260546,106.87,707554,512545,138.05
2015/10/16,237588,223340,106.38,668791,481344,138.94
2015/10/15,401647,352800,113.85,646034,458179,141.00
2015/10/14,426506,372268,114.57,574323,438918,130.85
2015/10/13,304045,250105,121.57,690070,527494,130.82
2015/10/12,425550,346892,122.68,657646,502986,130.75
2015/10/08,350069,359173,97.47,583602,479646,121.67
2015/10/07,500065,490839,101.88,524338,427387,122.68
2015/10/06,428186,398654,107.41,651043,529468,122.96
2015/10/05,313428,294016,106.60,604928,497533,121.59
2015/10/02,227935,188407,120.98,566471,460938,122.90
2015/10/01,469154,363160,129.19,528800,444977,118.84
2015/11/30,501014,471157,106.34,486154,569124,85.42
2015/11/27,300289,322344,93.16,470402,488433,96.31
2015/11/26,330751,286213,115.56,443440,427825,103.65
2015/11/25,534392,533756,100.12,364706,390057,93.50
2015/11/24,455347,479270,95.01,479444,487786,98.29
2015/11/23,321726,302862,106.23,453330,422759,107.23
2015/11/20,294302,275997,106.63,390646,385290,101.39
2015/11/19,364504,352736,103.34,347827,353280,98.46
2015/11/18,531310,570323,93.16,269697,306220,88.07
2015/11/17,517952,556676,93.04,546328,658680,82.94
2015/11/16,440067,402797,109.25,513911,665116,77.27
2015/11/13,430946,461395,93.40,507020,629770,80.51
2015/11/12,353156,362336,97.47,484727,594209,81.58
2015/11/11,755537,783334,96.45,454130,547939,82.88
2015/11/10,486175,475113,102.33,568999,660755,86.11
2015/11/09,573748,557095,102.99,542701,591960,91.68
2015/11/06,574369,598897,95.90,534118,534839,99.87
2015/11/05,241238,264890,91.07,496086,427674,116.00
2015/11/04,648626,841438,77.09,445955,378053,117.96
2015/11/03,410620,393441,104.37,541367,487335,111.09
2015/11/02,284319,262096,108.48,471351,497641,94.72
2015/12/31,223895,188123,119.02,394010,351947,111.95
2015/12/30,385361,413581,93.18,330268,312498,105.69
2015/12/29,263782,313906,84.03,423614,410692,103.15
2015/12/28,166387,169884,97.94,407412,363914,111.95
2015/12/25,201596,150730,133.75,383744,338495,113.37
2015/12/24,265001,238145,111.28,346220,319480,108.37
2015/12/23,504609,446085,113.12,282123,268888,104.92
2015/12/22,295365,296173,99.73,414521,382755,108.30
2015/12/21,344550,327099,105.34,378909,341046,111.10
2015/12/18,296165,261632,113.20,334440,298078,112.20
2015/12/17,280763,257969,108.84,277889,249882,111.21
2015/12/16,523244,544048,96.18,194230,188834,102.86
2015/12/15,330378,326371,101.23,582402,697426,83.51
2015/12/14,406838,372402,109.25,554909,681097,81.47
2015/12/11,343638,386373,88.94,529675,639828,82.78
2015/12/10,393122,404220,97.25,515699,594988,86.67
2015/12/09,581628,627031,92.76,487224,536941,90.74
2015/12/08,401042,448356,89.45,592396,630220,94.00
2015/12/07,355882,352597,100.93,582443,564287,103.22
2015/12/04,327531,297395,110.13,529980,549563,96.44
2015/12/03,300456,304368,98.71,498771,507351,98.31
2015/12/02,496214,585421,84.76,434916,452503,96.11
2015/12/01,451425,449791,100.36,546429,574562,95.10
2016/01/30,293521,257747,113.88,557514,367262,151.80
2016/01/29,545488,482577,113.04,493768,355661,138.83
2016/01/28,308957,250377,123.40,408573,347791,117.48
2016/01/27,398778,402547,99.06,337373,314890,107.14
2016/01/26,311941,276029,113.01,484755,416733,116.32
2016/01/25,380043,322589,117.81,468475,385387,121.56
2016/01/22,371726,319516,116.34,411005,371470,110.64
2016/01/21,381942,324527,117.69,332787,334500,99.49
2016/01/20,629560,749920,83.95,238257,254162,93.74
2016/01/19,430764,412227,104.50,607225,651094,93.26
2016/01/18,718937,630125,114.09,566230,641884,88.21
2016/01/15,502714,484295,103.80,546525,628680,86.93
2016/01/14,423522,444175,95.35,495522,569723,86.98
2016/01/13,660511,644408,102.50,421921,485726,86.86
2016/01/12,453050,416347,108.82,515564,622402,82.83
2016/01/11,520525,466658,111.54,473306,566251,83.59
2016/01/08,448956,387101,115.98,462597,526455,87.87
2016/01/07,584976,533678,109.61,404001,476583,84.77
2016/01/06,781053,702980,111.11,378310,391051,96.74
2016/01/05,418216,388004,107.79,457305,494325,92.51
2016/01/04,512664,558078,91.86,413493,432311,95.65
2016/02/26,321108,255657,125.60,496050,364998,135.90
2016/02/25,301363,249340,120.86,437752,327223,133.78
2016/02/24,512859,456308,112.39,350552,301992,116.08
2016/02/23,255518,229807,111.19,494353,382971,129.08
2016/02/22,335244,300964,111.39,453687,351902,128.92
2016/02/19,224570,170645,131.60,410008,304423,134.68
2016/02/18,309694,250799,123.48,342012,270670,126.36
2016/02/17,446484,393739,113.40,241677,219261,110.22
2016/02/16,465500,386817,120.34,527248,378945,139.14
2016/02/15,516553,437770,118.00,428118,348328,122.91
2016/02/03,550090,518227,106.15,431828,345546,124.97
2016/02/02,291827,290465,100.47,611470,453232,134.91
2016/02/01,336948,342129,98.49,583053,413342,141.06
2016/03/31,334312,362958,92.11,485709,404372,120.11
2016/03/30,493184,466856,105.64,412229,324382,127.08
2016/03/29,384954,416375,92.45,496111,476784,104.05
2016/03/28,232736,239003,97.38,487665,420601,115.94
2016/03/25,244896,246990,99.15,448323,369533,121.32
2016/03/24,297338,291456,102.02,404943,314321,128.83
2016/03/23,412505,376373,109.60,333039,255757,130.22
2016/03/22,326929,348974,93.68,469382,357712,131.22
2016/03/21,274305,261038,105.08,426006,314450,135.48
2016/03/18,288344,224791,128.27,388223,275925,140.70
2016/03/17,335056,335943,99.74,321197,245730,130.71
2016/03/16,386926,401237,96.43,243805,184030,132.48
2016/03/15,448928,449850,99.80,679790,473651,143.52
2016/03/14,279024,271349,102.83,680634,411457,165.42
2016/03/11,370945,266226,139.33,646121,388794,166.19
2016/03/10,300653,229305,131.11,595835,377101,158.00
2016/03/09,364760,360433,101.20,521200,355432,146.64
2016/03/08,357051,300714,118.73,660571,423149,156.11
2016/03/07,316605,274288,115.43,616760,395567,155.92
2016/03/04,294221,214078,137.44,571902,373356,153.18
2016/03/03,309311,232811,132.86,526115,350636,150.05
2016/03/02,476694,416149,114.55,448818,314738,142.60
2016/03/01,412947,330591,124.91,561297,381226,147.23
2016/04/29,346451,381050,90.92,425198,444774,95.60
2016/04/28,370430,397141,93.27,386285,368338,104.87
2016/04/27,358084,370712,96.59,342960,273067,125.60
2016/04/26,346606,296175,117.03,487163,360257,135.23
2016/04/25,197315,177244,111.32,432572,337436,128.19
2016/04/22,272084,264928,102.70,381104,304726,125.06
2016/04/21,245152,233512,104.98,334055,272141,122.75
2016/04/20,630325,641712,98.23,259172,220464,117.56
2016/04/19,394487,421158,93.67,646062,544788,118.59
2016/04/18,220271,248208,88.74,635849,508011,125.16
2016/04/15,321122,270535,118.70,607392,463814,130.96
2016/04/14,286911,288226,99.54,557213,448160,124.33
2016/04/13,485089,433072,112.01,506934,401346,126.31
2016/04/12,395300,331574,119.22,613157,524465,116.91
2016/04/11,299010,277652,107.69,577205,507530,113.73
2016/04/08,353318,305022,115.83,534672,476719,112.16
2016/04/07,319173,333137,95.81,470944,444053,106.06
2016/04/06,492835,492600,100.05,421304,387592,108.70
2016/04/01,347511,344148,100.98,500757,454600,110.15
2016/05/31,340701,350955,97.08,593631,417331,142.24
2016/05/30,353940,327078,108.21,550203,373575,147.28
2016/05/27,264831,244987,108.10,485775,348525,139.38
2016/05/26,176602,148873,118.63,426701,323012,132.10
2016/05/25,513495,482324,106.46,381599,294942,129.38
2016/05/24,284336,265747,106.99,560253,381905,146.70
2016/05/23,607789,580298,104.74,531541,335338,158.51
2016/05/20,384777,302873,127.04,428706,331834,129.19
2016/05/19,289726,260537,111.20,350583,297365,117.90
2016/05/18,467110,511326,91.35,265393,217352,122.10
2016/05/17,371259,391070,94.93,561744,595996,94.25
2016/05/16,284663,246469,115.50,519476,597393,86.96
2016/05/13,393690,401420,98.07,474035,579086,81.86
2016/05/12,303636,246976,122.94,453701,505339,89.78
2016/05/11,488104,519262,94.00,398326,460447,86.51
2016/05/10,360926,376612,95.83,512309,568704,90.08
2016/05/09,243718,260189,93.67,466064,539734,86.35
2016/05/06,279224,283216,98.59,446061,512644,87.01
2016/05/05,303293,306143,99.07,416461,470056,88.60
2016/05/04,620930,557410,111.40,367120,407745,90.04
2016/05/03,297140,352009,84.41,438278,502097,87.29
2016/06/30,348597,256800,135.75,488431,329238,148.35
2016/06/29,440728,414527,106.32,405897,287071,141.39
2016/06/28,347221,274832,126.34,570386,452973,125.92
2016/06/27,326972,247361,132.18,522969,436476,119.82
2016/06/24,755677,674989,111.95,450335,410448,109.72
2016/06/23,172572,166450,103.68,397845,307817,129.25
2016/06/22,322525,346265,93.14,320878,240622,133.35
2016/06/21,276867,236599,117.02,473775,328469,144.24
2016/06/20,270691,263691,102.65,425226,302516,140.56
2016/06/17,272339,226533,120.22,363827,278892,130.45
2016/06/16,331653,320047,103.63,303513,269427,112.65
2016/06/15,478595,573480,83.45,204013,174663,116.80
2016/06/14,361267,283422,127.47,673529,434886,154.87
2016/06/13,404849,343482,117.87,597248,410739,145.41
2016/06/08,553470,516869,107.08,579660,344506,168.26
2016/06/07,390243,344916,113.14,686737,428945,160.10
2016/06/06,306023,282845,108.19,618290,428371,144.34
2016/06/04,108155,79248,136.48,588131,404754,145.31
2016/06/03,186155,146593,126.99,572891,396173,144.61
2016/06/02,295280,269855,109.42,537422,371758,144.56
2016/06/01,523951,484820,108.07,474194,322324,147.12
2016/07/29,284862,314640,90.54,500162,465670,107.41
2016/07/28,252621,270686,93.33,454793,406317,111.93
2016/07/27,533688,511554,104.33,372799,339265,109.88
2016/07/26,337886,314283,107.51,504250,470041,107.28
2016/07/25,450443,480233,93.80,441122,448994,98.25
2016/07/22,251223,243333,103.24,414835,378815,109.51
2016/07/21,317205,335911,94.43,360695,318789,113.15
2016/07/20,504622,498251,101.28,244676,214958,113.83
2016/07/19,374855,355938,105.31,772881,421000,183.58
2016/07/18,307624,306065,100.51,716432,368910,194.20
2016/07/15,363707,329883,110.25,669380,358174,186.89
2016/07/14,231927,205540,112.84,615199,358723,171.50
2016/07/13,493888,451680,109.34,562833,334387,168.32
2016/07/12,288708,240612,119.99,676495,366309,184.68
2016/07/11,370223,303887,121.83,605197,353173,171.36
2016/07/07,218186,166100,131.36,511533,347826,147.07
2016/07/06,532601,495894,107.40,455499,331629,137.35
2016/07/05,234539,204274,114.82,626667,380701,164.61
2016/07/04,300592,232397,129.34,598485,357608,167.36
2016/07/01,342072,256693,133.26,549026,336833,163.00
2016/08/31,440174,450037,97.81,418741,351502,119.13
2016/08/30,272372,261907,104.00,557156,457546,121.77
2016/08/29,352307,356699,98.77,527975,432369,122.11
2016/08/26,230316,212604,108.33,502380,378055,132.89
2016/08/25,338502,264133,128.16,451106,339406,132.91
2016/08/24,326300,322283,101.25,360879,302696,119.22
2016/08/23,314266,294613,106.67,487983,445737,109.48
2016/08/22,346894,375493,92.38,436507,439610,99.29
2016/08/19,374512,401997,93.16,404192,376799,107.27
2016/08/18,223792,196800,113.72,350486,301788,116.14
2016/08/17,329454,460323,71.57,262402,231599,113.30
2016/08/16,313198,411776,76.06,667175,573457,116.34
2016/08/15,203541,221160,92.03,653445,535175,122.10
2016/08/12,225331,223234,100.94,623461,506127,123.18
2016/08/11,362068,382802,94.58,583617,497596,117.29
2016/08/10,404359,390136,103.65,512614,404899,126.60
2016/08/09,255951,238555,107.29,651888,525846,123.97
2016/08/08,322256,286711,112.40,606842,497950,121.87
2016/08/05,320916,296450,108.25,562282,472750,118.94
2016/08/04,238191,263695,90.33,505547,461811,109.47
2016/08/03,450208,465502,96.71,439481,393617,111.65
2016/08/02,205178,204615,100.28,589768,512892,114.99
2016/08/01,321849,250694,128.38,557301,481092,115.84
2016/09/30,394433,296808,132.89,469028,330821,141.78
2016/09/29,513637,455054,112.87,359569,254206,141.45
2016/09/26,264185,264076,100.04,433870,347154,124.98
2016/09/23,255726,212638,120.26,398297,296337,134.41
2016/09/22,307518,273237,112.55,340676,276326,123.29
2016/09/21,410854,522159,78.68,262957,213595,123.11
2016/09/20,283573,265602,106.77,704241,470821,149.58
2016/09/19,522795,430398,121.47,650510,444686,146.29
2016/09/14,520502,450720,115.48,532099,444335,119.75
2016/09/13,504914,510926,98.82,640717,623051,102.84
2016/09/12,403487,355148,113.61,615018,576371,106.71
2016/09/10,378746,316365,119.72,598813,524041,114.27
2016/09/09,286938,328988,87.22,597030,463897,128.70
2016/09/08,204481,167184,122.31,577770,387632,149.05
2016/09/07,519982,548460,94.81,521005,348196,149.63
2016/09/06,377401,304996,123.74,661703,433652,152.59
2016/09/05,312136,239736,130.20,598102,433535,137.96
2016/09/02,207513,207627,99.95,519317,440746,117.83
2016/09/01,296447,302902,97.87,482530,419152,115.12
2016/10/31,418881,349416,119.88,511809,387570,132.06
2016/10/28,207666,164255,126.43,460622,354668,129.87
2016/10/27,258426,250800,103.04,418922,333727,125.53
2016/10/26,355323,330567,107.49,358784,272396,131.71
2016/10/25,348336,275396,126.49,561132,353753,158.62
2016/10/24,237324,163479,145.17,488097,337091,144.80
2016/10/21,279742,177963,157.19,444907,314878,141.30
2016/10/20,287909,189894,151.62,375639,284269,132.14
2016/10/19,484158,482906,100.26,252165,213589,118.06
2016/10/18,341009,291860,116.84,640461,498124,128.57
2016/10/17,410087,427730,95.88,597386,500474,119.36
2016/10/14,253236,250703,101.01,560341,435933,128.54
2016/10/13,335618,286315,117.22,539814,408449,132.16
2016/10/12,470215,386307,121.72,472360,325192,145.26
2016/10/11,549313,469355,117.04,589461,427234,137.97
2016/10/07,174659,121401,143.87,538893,372926,144.50
2016/10/06,241748,190367,126.99,480012,346361,138.59
2016/10/05,306630,267441,114.65,404593,290706,139.18
2016/10/04,302729,235097,128.77,605815,372576,162.60
2016/10/03,289949,213254,135.96,545982,358662,152.23
2016/11/30,401694,377492,106.41,431307,325025,132.70
2016/11/29,263795,227528,115.94,552626,398748,138.59
2016/11/28,322440,232148,138.89,527090,370658,142.20
2016/11/25,209722,151943,138.03,471197,347548,135.58
2016/11/24,204680,168330,121.59,429837,331835,129.53
2016/11/23,361763,328886,110.00,377769,292737,129.05
2016/11/22,439591,371662,118.28,513942,348502,147.47
2016/11/21,196547,155221,126.62,439038,334201,131.37
2016/11/18,245348,201907,121.52,397276,310591,127.91
2016/11/17,221491,204671,108.22,343786,281316,122.21
2016/11/16,476183,475940,100.05,265429,228397,116.21
2016/11/15,325662,360720,90.28,593531,634998,93.47
2016/11/14,398741,454968,87.64,549912,605587,90.81
2016/11/11,474526,458693,103.45,516471,537939,96.01
2016/11/10,378202,375933,100.60,514614,454137,113.32
2016/11/09,1305238,1180263,110.59,432737,408996,105.80
2016/11/08,322294,297293,108.41,621997,519138,119.81
2016/11/07,303258,269525,112.52,546313,482710,113.18
2016/11/04,221433,199431,111.03,478763,450022,106.39
2016/11/03,246882,252844,97.64,442739,415071,106.67
2016/11/02,607562,583877,104.06,404043,358915,112.57
2016/11/01,314166,274674,114.38,548320,433915,126.37
2016/12/30,337086,326597,103.21,437615,370301,118.18
2016/12/29,225127,211111,106.64,371793,325606,114.18
2016/12/28,372366,376427,98.92,291794,262401,111.20
2016/12/27,139764,138112,101.20,387387,413007,93.80
2016/12/26,194781,191550,101.69,362738,392525,92.41
2016/12/23,247230,278517,88.77,327718,357717,91.61
2016/12/22,273573,301923,90.61,285834,295739,96.65
2016/12/21,321289,352581,91.12,201849,196278,102.84
2016/12/20,273729,294139,93.06,682371,521164,130.93
2016/12/19,268092,293549,91.33,669721,478276,140.03
2016/12/16,197720,192117,102.92,644655,432303,149.12
2016/12/15,278165,227430,122.31,619548,407411,152.07
2016/12/14,351759,331536,106.10,558227,365536,152.71
2016/12/13,193929,147428,131.54,700471,435714,160.76
2016/12/12,347570,291645,119.18,673049,416441,161.62
2016/12/09,218204,144639,150.86,628942,380160,165.44
2016/12/08,318640,273927,116.32,571834,363856,157.16
2016/12/07,370789,310592,119.38,493246,346124,142.51
2016/12/06,325964,257265,126.70,629121,433382,145.17
2016/12/05,244392,261652,93.40,561965,438646,128.11
2016/12/02,295987,261723,113.09,521861,406686,128.32
2016/12/01,244897,177379,138.06,493459,351173,140.52
2017/01/24,293693,228368,128.61,540445,407306,132.69
2017/01/23,281792,218471,128.98,486377,370226,131.37
2017/01/20,207160,135515,152.87,423061,334236,126.58
2017/01/19,259807,234732,110.68,349972,313480,111.64
2017/01/18,345198,401086,86.07,257229,224740,114.46
2017/01/17,269651,261073,103.29,597526,530838,112.56
2017/01/16,296435,319941,92.65,530729,507335,104.61
2017/01/13,215645,198767,108.49,524018,439515,119.23
2017/01/12,302386,320283,94.41,474769,400921,118.42
2017/01/11,408082,361319,112.94,390046,339510,114.88
2017/01/10,213337,188848,112.97,521955,462453,112.87
2017/01/09,283113,299496,94.53,497650,438043,113.61
2017/01/06,198660,161768,122.81,459535,381019,120.61
2017/01/05,340926,288545,118.15,416250,349175,119.21
2017/01/04,335800,301149,111.51,331447,291282,113.79
2017/01/03,264142,228532,115.58,470781,413192,113.94
2017/02/24,259814,210994,123.14,603194,434395,138.86
2017/02/23,262273,230226,113.92,533266,390412,136.59
2017/02/22,459486,420648,109.23,448115,346171,129.45
2017/02/21,300230,269887,111.24,597702,483500,123.62
2017/02/20,244623,265079,92.28,561770,435620,128.96
2017/02/18,119688,88157,135.77,528243,392161,134.70
2017/02/17,174584,142806,122.25,501395,364873,137.42
2017/02/16,348331,318693,109.30,461125,339765,135.72
2017/02/15,484171,536949,90.17,358400,260502,137.58
2017/02/14,416603,426344,97.72,784503,453523,172.98
2017/02/13,284674,223532,127.35,728458,450736,161.62
2017/02/10,463843,462284,100.34,685180,433512,158.05
2017/02/09,312874,254596,122.89,588878,412455,142.77
2017/02/08,446714,420944,106.12,497917,375701,132.53
2017/02/07,273972,201405,136.03,655722,454758,144.19
2017/02/06,450903,305578,147.56,596271,434346,137.28
2017/02/03,275090,229958,119.63,475439,411604,115.51
2017/02/02,569565,555017,102.62,392498,359163,109.28
2017/03/31,248470,228308,108.83,571557,450704,126.81
2017/03/30,244627,183150,133.57,524345,403432,129.97
2017/03/29,488177,455137,107.26,440026,367658,119.68
2017/03/28,471614,493917,95.48,581236,487166,119.31
2017/03/27,308603,285801,107.98,561096,429109,130.76
2017/03/24,226713,209488,108.22,497236,387432,128.34
2017/03/23,278909,246693,113.06,455679,360197,126.51
2017/03/22,554852,549571,100.96,380884,305700,124.59
2017/03/21,389275,376359,103.43,577143,384322,150.17
2017/03/20,267162,244921,109.08,512071,342173,149.65
2017/03/17,271772,216102,125.76,467007,314089,148.69
2017/03/16,357246,267373,133.61,409071,283608,144.24
2017/03/15,394435,379845,103.84,291549,226299,128.83
2017/03/14,332151,333850,99.49,739913,535332,138.22
2017/03/13,311842,264939,117.70,709968,553115,128.36
2017/03/10,407268,425878,95.63,661587,545801,121.21
2017/03/09,343830,351061,97.94,624831,497118,125.69
2017/03/08,414983,454263,91.35,570286,426421,133.74
2017/03/07,313413,258689,121.15,709866,549254,129.24
2017/03/06,285905,247744,115.40,667768,555805,120.14
2017/03/03,280801,342368,82.02,606007,521339,116.24
2017/03/02,396832,423293,93.75,570234,465940,122.38
2017/03/01,451314,479325,94.16,490806,386314,127.05
2017/04/28,278079,243679,114.12,593091,415192,142.85
2017/04/27,255588,191803,133.26,529829,384675,137.73
2017/04/26,537801,551477,97.52,441852,341100,129.54
2017/04/25,494967,421007,117.57,638363,409907,155.73
2017/04/24,363499,301715,120.48,536950,416829,128.82
2017/04/21,332458,251242,132.33,502029,384302,130.63
2017/04/20,268893,254231,105.77,403049,351701,114.60
2017/04/19,554025,533791,103.79,320665,280690,114.24
2017/04/18,294757,304740,96.72,711262,634218,112.15
2017/04/17,377970,391170,96.63,678979,599019,113.35
2017/04/14,514021,458096,112.21,655529,552071,118.74
2017/04/13,369059,311318,118.55,616975,482423,127.89
2017/04/12,445548,419045,106.32,533141,438039,121.71
2017/04/11,390879,391994,99.72,678133,559562,121.19
2017/04/10,230961,197067,117.20,649705,516816,125.71
2017/04/07,553659,509023,108.77,611436,501690,121.88
2017/04/06,302982,231888,130.66,571996,438740,130.37
2017/04/05,495292,460715,107.51,483509,390841,123.71
2017/05/31,326946,322737,101.30,515402,421118,122.39
2017/05/26,307818,254510,120.95,640966,484735,132.23
2017/05/25,364367,288401,126.34,569638,431259,132.09
2017/05/24,288532,284732,101.33,453294,377185,120.18
2017/05/23,279747,234597,119.25,608536,456073,133.43
2017/05/22,235857,173756,135.74,559751,432614,129.39
2017/05/19,211204,150189,140.63,512012,405389,126.30
2017/05/18,370311,278792,132.83,448547,365962,122.57
2017/05/17,413922,405064,102.19,332846,294021,113.20
2017/05/16,258902,251097,103.11,788439,553453,142.46
2017/05/15,274653,229921,119.46,763378,533460,143.10
2017/05/12,219083,175223,125.03,726804,518633,140.14
2017/05/11,369801,306398,120.69,690998,487103,141.86
2017/05/10,408192,407781,100.10,605731,440005,137.66
2017/05/09,506508,544149,93.08,745904,550970,135.38
2017/05/08,283851,267046,106.29,696824,509208,136.84
2017/05/05,312841,283636,110.30,654339,476657,137.28
2017/05/04,232340,189513,122.60,597214,414328,144.14
2017/05/03,359674,328216,109.58,526296,362939,145.01
2017/05/02,365012,315455,115.71,668142,420942,158.73
2017/06/30,384559,351484,109.41,582865,515938,112.97
2017/06/29,365105,349164,104.57,526504,448334,117.44
2017/06/28,735074,690566,106.45,428520,374372,114.46
2017/06/27,377739,409614,92.22,667964,470087,142.09
2017/06/26,656155,676893,96.94,631871,406090,155.60
2017/06/23,252808,214911,117.63,503265,364199,138.18
2017/06/22,367705,283356,129.77,433986,326331,132.99
2017/06/21,628946,724252,86.84,324109,267077,121.35
2017/06/20,557547,665147,83.82,879535,537297,163.70
2017/06/19,420492,407064,103.30,822369,568916,144.55
2017/06/16,428450,363560,117.85,762612,575608,132.49
2017/06/15,334249,283354,117.96,690590,596127,115.85
2017/06/14,791692,690550,114.65,640578,537835,119.10
2017/06/13,284073,280049,101.44,768189,637901,120.42
2017/06/12,404209,398075,101.54,731660,598182,122.31
2017/06/09,274008,241032,113.68,693208,497145,139.44
2017/06/08,196755,166148,118.42,651209,477319,136.43
2017/06/07,417740,422027,98.98,595228,438975,135.59
2017/06/06,199725,161817,123.43,750720,501877,149.58
2017/06/05,338939,286272,118.40,730947,496518,147.21
2017/06/03,149415,113632,131.49,665306,497831,133.64
2017/06/02,276491,225859,122.42,642115,487249,131.78
2017/06/01,220860,195637,112.89,587338,474198,123.86
2017/07/31,364422,353854,102.99,625476,523145,119.56
2017/07/28,432463,372973,115.95,575573,465132,123.74
2017/07/27,439430,356361,123.31,542837,389523,139.36
2017/07/26,564785,510655,110.60,410931,334776,122.75
2017/07/25,288386,271426,106.25,571866,456931,125.15
2017/07/24,342465,293320,116.75,542412,424853,127.67
2017/07/21,264186,270045,97.83,480542,379127,126.75
2017/07/20,274287,213659,128.38,429193,313229,137.02
2017/07/19,704959,637591,110.57,319783,246694,129.63
2017/07/18,293899,263489,111.54,809761,592723,136.62
2017/07/17,375476,356205,105.41,768274,572029,134.31
2017/07/14,240569,216595,111.07,711911,542707,131.18
2017/07/13,463041,443632,104.38,666865,506439,131.68
2017/07/12,557214,542906,102.64,559073,451892,123.72
2017/07/11,539358,479340,112.52,759469,603698,125.80
2017/07/10,341734,323059,105.78,665710,608745,109.36
2017/07/07,342975,330896,103.65,616008,559221,110.15
2017/07/06,312733,334216,93.57,587646,505833,116.17
2017/07/05,693506,701238,98.90,513210,424510,120.89
2017/07/04,441115,450475,97.92,650464,606014,107.33
2017/07/03,315375,285503,110.46,623710,554994,112.38
2017/08/31,308847,264751,116.66,755773,441312,171.26
2017/08/30,623993,578149,107.93,668373,399022,167.50
2017/08/29,379330,316591,119.82,857148,491526,174.39
2017/08/28,297149,260950,113.87,832811,456201,182.55
2017/08/25,419161,321205,130.50,790698,424088,186.45
2017/08/24,411247,278597,147.61,704132,395523,178.03
2017/08/23,655590,530908,123.48,572890,357447,160.27
2017/08/22,410068,306455,133.81,780372,449357,173.66
2017/08/21,296785,258100,114.99,697901,449466,155.27
2017/08/18,405820,335511,120.96,640682,419219,152.83
2017/08/17,413750,268630,154.02,577660,352247,163.99
2017/08/16,833299,673356,123.75,427338,278646,153.36
2017/08/15,483234,448954,107.64,864541,713844,121.11
2017/08/14,479758,513447,93.44,813324,701436,115.95
2017/08/11,555690,487529,113.98,786287,657716,119.55
2017/08/10,666426,624109,106.78,717231,610423,117.50
2017/08/09,660232,647674,101.94,610983,480094,127.26
2017/08/08,430753,409392,105.22,804819,546743,147.20
2017/08/07,399212,341696,116.83,761890,497018,153.29
2017/08/04,257431,215691,119.35,674927,507349,133.03
2017/08/03,441678,354845,124.47,610180,475793,128.24
2017/08/02,547619,572669,95.63,507621,376365,134.87
2017/08/01,421470,379702,111.00,677319,523176,129.46
2017/09/30,249887,187915,132.98,711652,533509,133.39
2017/09/29,284417,291725,97.49,676774,532833,127.01
2017/09/28,329455,342888,96.08,641141,480377,133.47
2017/09/27,627526,582571,107.72,571022,394368,144.79
2017/09/26,613971,569412,107.83,704964,612842,115.03
2017/09/25,587755,595862,98.64,666204,529018,125.93
2017/09/22,492207,436602,112.74,620286,415964,149.12
2017/09/21,362775,304521,119.13,566552,326632,173.45
2017/09/20,818476,689856,118.64,467013,248075,188.25
2017/09/19,450273,407032,110.62,1063512,632024,168.27
2017/09/18,435147,376484,115.58,1025345,583160,175.83
2017/09/15,328338,342591,95.84,948894,583659,162.58
2017/09/14,284341,236251,120.36,908874,530680,171.27
2017/09/13,605479,542932,111.52,844033,484320,174.27
2017/09/12,422986,301786,140.16,1034314,574504,180.04
2017/09/11,457897,390181,117.36,972755,562410,172.96
2017/09/08,395314,267618,147.72,932044,533930,174.56
2017/09/07,347900,318977,109.07,842547,520945,161.73
2017/09/06,650839,601314,108.24,752762,439302,171.35
2017/09/05,318243,257403,123.64,877724,500418,175.40
2017/09/04,274408,209384,131.05,848322,480884,176.41
2017/09/01,286682,224197,127.87,815342,458548,177.81
2017/10/31,448233,339799,131.91,901156,491852,183.22
2017/10/30,489454,435923,112.28,824081,474852,173.54
2017/10/27,457766,371547,123.21,744693,441653,168.61
2017/10/26,295563,222339,132.93,670719,385055,174.19
2017/10/25,499436,422025,118.34,579516,334810,173.09
2017/10/24,288450,238826,120.78,757063,443322,170.77
2017/10/23,346921,273265,126.95,710239,418876,169.56
2017/10/20,422504,289089,146.15,661487,388882,170.10
2017/10/19,371265,282344,131.49,590887,337382,175.14
2017/10/18,665512,665486,100.00,463416,270426,171.37
2017/10/17,342398,360544,94.97,940829,531407,177.04
2017/10/16,380226,368336,103.23,921180,489651,188.13
2017/10/13,283542,226039,125.44,858744,480078,178.88
2017/10/12,378911,319212,118.70,799905,463167,172.70
2017/10/11,746850,738051,101.19,713517,444459,160.54
2017/10/06,335920,288606,116.39,729937,487183,149.83
2017/10/05,482482,458396,105.25,638431,436625,146.22
2017/10/03,375910,298216,126.05,827414,566631,146.02
2017/10/02,403832,322742,125.13,772084,541759,142.51
2017/11/30,559291,522912,106.96,830938,604819,137.39
2017/11/29,525250,433283,121.23,741541,474357,156.33
2017/11/28,460482,417999,110.16,846681,626860,135.07
2017/11/27,403884,421116,95.91,823945,559302,147.32
2017/11/24,195506,136104,143.64,788174,480230,164.12
2017/11/23,248719,201155,123.65,746733,458680,162.80
2017/11/22,757297,731154,103.58,672318,413509,162.59
2017/11/21,532955,409185,130.25,878601,458987,191.42
2017/11/20,300949,279942,107.50,775248,461568,167.96
2017/11/17,405774,315314,128.69,735844,417607,176.20
2017/11/16,337443,281481,119.88,628804,385429,163.14
2017/11/15,610672,566859,107.73,513034,300649,170.64
2017/11/14,409745,397786,103.01,967783,653876,148.01
2017/11/13,275999,261020,105.74,950681,601756,157.98
2017/11/10,426381,365216,116.75,909497,563543,161.39
2017/11/09,429691,405133,106.06,857922,514196,166.85
2017/11/08,388966,327067,118.93,792528,436382,181.61
2017/11/07,391630,299779,130.64,957890,521521,183.67
2017/11/06,355602,306936,115.86,891469,507202,175.76
2017/11/03,276767,229458,120.62,834221,477578,174.68
2017/11/02,298249,264571,112.73,781868,445277,175.59
2017/11/01,522417,465649,112.19,708485,391050,181.18
2017/12/29,456512,385531,118.41,766831,425079,180.40
2017/12/28,457735,366306,124.96,664857,399615,166.37
2017/12/27,564076,508055,111.03,532795,337793,157.73
2017/12/26,498611,469114,106.29,660980,493235,134.01
2017/12/25,253249,196555,128.84,651303,402663,161.75
2017/12/22,273414,225236,121.39,585045,372325,157.13
2017/12/21,340135,292198,116.41,511192,331403,154.25
2017/12/20,680604,540384,125.95,394236,251101,157.00
2017/12/19,432969,427443,101.29,1039022,797192,130.34
2017/12/18,364068,346515,105.07,1019017,743086,137.13
2017/12/15,471332,458860,102.72,975752,722442,135.06
2017/12/14,462779,415834,111.29,950416,654853,145.13
2017/12/13,573849,489303,117.28,869101,619999,140.18
2017/12/12,424860,453617,93.66,1008330,796025,126.67
2017/12/11,469483,395041,118.84,988330,743027,133.01
2017/12/08,459502,412993,111.26,929486,738396,125.88
2017/12/07,612603,532414,115.06,865038,685622,126.17
2017/12/06,1052548,964510,109.13,783723,594554,131.82
2017/12/05,491974,471405,104.36,962570,732253,131.45
2017/12/04,555811,451908,122.99,949687,689387,137.76
2017/12/01,724563,648189,111.78,906093,659902,137.31
2018/01/31,844089,769435,109.70,686129,392759,174.69
2018/01/30,571714,561697,101.78,837739,613935,136.45
2018/01/29,399368,418960,95.32,815257,546267,149.24
2018/01/26,441008,428799,102.85,756264,477114,158.51
2018/01/25,564609,482998,116.90,697731,419733,166.23
2018/01/24,740034,709142,104.36,569312,349124,163.07
2018/01/23,523009,546656,95.67,822109,482704,170.31
2018/01/22,550878,510506,107.91,750307,430295,174.37
2018/01/19,374875,296512,126.43,652943,399724,163.35
2018/01/18,554821,549244,101.02,566515,361748,156.60
2018/01/17,681167,678752,100.36,412790,267839,154.12
2018/01/16,335238,343504,97.59,1014749,503266,201.63
2018/01/15,421316,389148,108.27,986125,500524,197.02
2018/01/12,422541,353472,119.54,925201,481531,192.14
2018/01/11,438343,319618,137.15,846698,481337,175.91
2018/01/10,668874,575388,116.25,762061,416027,183.18
2018/01/09,376391,325132,115.77,968742,529425,182.98
2018/01/08,351208,331180,106.05,924687,502495,184.02
2018/01/05,395176,338670,116.68,865538,468541,184.73
2018/01/04,386841,358822,107.81,790539,442672,178.58
2018/01/03,645072,627576,102.79,684187,372008,183.92
2018/01/02,464670,341765,135.96,866600,446284,194.18
2018/02/27,339566,333859,101.71,531295,389648,136.35
2018/02/26,271380,317442,85.49,494494,365289,135.37
2018/02/23,319170,305690,104.41,464371,327113,141.96
2018/02/22,208554,224755,92.79,398538,301049,132.38
2018/02/21,577730,565464,102.17,350590,235651,148.78
2018/02/12,395745,367055,107.82,689540,533112,129.34
2018/02/09,443831,423426,104.82,626576,478898,130.84
2018/02/08,256230,248442,103.13,597536,437609,136.55
2018/02/07,949138,995649,95.33,556090,392927,141.53
2018/02/06,1258494,950447,132.41,662031,633224,104.55
2018/02/05,771693,618840,124.70,860170,581797,147.85
2018/02/02,443349,409461,108.28,843537,502078,168.01
2018/02/01,385994,297777,129.63,790308,441816,178.88
2018/03/31,83439,101456,82.24,475306,323425,146.96
2018/03/30,265677,212343,125.12,464070,309972,149.71
2018/03/29,252730,240814,104.95,423465,291781,145.13
2018/03/28,601466,535328,112.35,369416,249269,148.20
2018/03/27,534792,417028,128.24,509835,360620,141.38
2018/03/26,432622,310269,139.43,456241,360054,126.71
2018/03/23,499368,401361,124.42,404137,334074,120.97
2018/03/22,378292,339377,111.47,348863,252893,137.95
2018/03/21,483411,488286,99.00,259250,171475,151.19
2018/03/20,337408,277134,121.75,673259,436947,154.08
2018/03/19,273557,257593,106.20,657275,412043,159.52
2018/03/16,328575,367703,89.36,621828,401247,154.97
2018/03/15,249635,221861,112.52,599126,371808,161.14
2018/03/14,572829,513294,111.60,558283,338259,165.05
2018/03/13,430207,349807,122.98,719379,414028,173.75
2018/03/12,439901,345899,127.18,676640,412483,164.04
2018/03/09,286582,248145,115.49,584560,400575,145.93
2018/03/08,308945,215394,143.43,561182,375364,149.50
2018/03/07,697704,597874,116.70,491293,339064,144.90
2018/03/06,446353,369370,120.84,572143,418908,136.58
2018/03/05,414829,388871,106.68,520695,407961,127.63
2018/03/02,324779,335649,96.76,479424,359764,133.26
2018/03/01,664110,586813,113.17,439641,299479,146.80
2018/04/30,420225,340918,123.26,452129,356520,126.82
2018/04/27,327383,301209,108.69,384858,349312,110.18
2018/04/26,368582,354060,104.10,358959,329636,108.90
2018/04/25,774087,695453,111.31,292284,251223,116.34
2018/04/24,539110,560407,96.20,400170,423904,94.40
2018/04/23,427532,425330,100.52,378074,354458,106.66
2018/04/20,416993,359112,116.12,354204,290600,121.89
2018/04/19,308247,249668,123.46,307447,206458,148.92
2018/04/18,668502,667888,100.09,230109,163371,140.85
2018/04/17,416626,425508,97.91,573851,441820,129.88
2018/04/16,261751,253841,103.12,590322,383374,153.98
2018/04/13,254073,234551,108.32,569281,356151,159.84
2018/04/12,283455,257281,110.17,536573,336987,159.23
2018/04/11,533914,430432,124.04,485002,299648,161.86
2018/04/10,464610,374716,123.99,533218,336668,158.38
2018/04/09,582805,463480,125.75,446915,285911,156.31
2018/04/03,333144,287349,115.94,506609,374230,135.37
2018/04/02,193821,185526,104.47,488897,347713,140.60
2018/05/31,246217,230094,107.01,374128,288033,129.89
2018/05/30,647809,575231,112.62,322681,245179,131.61
2018/05/29,260146,277604,93.71,436266,313165,139.31
2018/05/28,241437,196048,123.15,412775,272015,151.75
2018/05/25,270973,227612,119.05,383820,255520,150.21
2018/05/24,272719,217545,125.36,344762,242981,141.89
2018/05/23,466119,484549,96.20,282026,204558,137.87
2018/05/22,310260,336123,92.31,383179,294608,130.06
2018/05/21,300644,243365,123.54,358234,240028,149.25
2018/05/18,216253,207581,104.18,307874,232792,132.25
2018/05/17,213056,219432,97.09,277244,207634,133.53
2018/05/16,624429,527748,118.32,233859,158683,147.37
2018/05/15,396705,381631,103.95,539969,390742,138.19
2018/05/14,411378,418463,98.31,515404,356345,144.64
2018/05/11,317090,305345,103.85,475173,339854,139.82
2018/05/10,244179,225941,108.07,436580,346180,126.11
2018/05/09,581171,526220,110.44,395680,320487,123.46
2018/05/08,404819,344921,117.37,509753,411841,123.77
2018/05/07,370995,368611,100.65,456856,408627,111.80
2018/05/04,347144,340452,101.97,422965,395796,106.86
2018/05/03,282975,303810,93.14,391978,358246,109.42
2018/05/02,456322,414036,110.21,348616,290206,120.13
2018/06/29,341790,327617,104.33,328163,286530,114.53
2018/06/28,324083,302436,107.16,276697,279534,98.99
2018/06/27,477014,462308,103.18,201472,221584,90.92
2018/06/26,441570,429189,102.88,296438,333680,88.84
2018/06/25,223664,243969,91.68,261465,280087,93.35
2018/06/22,281454,292799,96.13,250537,251345,99.68
2018/06/21,191990,201315,95.37,218208,209610,104.10
2018/06/20,728629,714492,101.98,173420,160437,108.09
2018/06/19,421368,429105,98.20,491008,443386,110.74
2018/06/15,319391,314930,101.42,482218,377076,127.88
2018/06/14,284403,343643,82.76,449586,363160,123.80
2018/06/13,432494,444193,97.37,415572,300247,138.41
2018/06/12,410198,430845,95.21,514257,410160,125.38
2018/06/11,311893,303796,102.67,482249,365172,132.06
2018/06/08,262153,296665,88.37,448495,331960,135.11
2018/06/07,279206,287515,97.11,435893,285962,152.43
2018/06/06,609575,579280,105.23,385833,247343,155.99
2018/06/05,374570,374757,99.95,503683,329493,152.87
2018/06/04,410279,353782,115.97,489347,296544,165.02
2018/06/01,270416,238195,113.53,419977,291863,143.90
2018/07/31,320700,279594,114.70,370311,271355,136.47
2018/07/30,297789,268721,110.82,346328,264580,130.90
2018/07/27,291755,213518,136.64,321517,222959,144.20
2018/07/26,212929,198566,107.23,271293,214750,126.33
2018/07/25,386587,380600,101.57,217809,177421,122.76
2018/07/24,310787,238781,130.16,341511,253316,134.82
2018/07/23,329242,291919,112.79,309683,237597,130.34
2018/07/20,428538,348327,123.03,284838,215809,131.99
2018/07/19,243706,216787,112.42,231545,192116,120.52
2018/07/18,595314,537019,110.86,168877,149970,112.61
2018/07/17,288474,318167,90.67,411698,365847,112.53
2018/07/16,260741,251266,103.77,402868,350903,114.81
2018/07/13,348801,298867,116.71,383357,322873,118.73
2018/07/12,352691,294975,119.57,351984,318308,110.58
2018/07/11,491915,504339,97.54,275587,283958,97.05
2018/07/10,349072,296639,117.68,395978,375395,105.48
2018/07/09,369038,363256,101.59,370867,364886,101.64
2018/07/06,400546,420036,95.36,333002,370008,90.00
2018/07/05,298062,328180,90.82,297705,324387,91.77
2018/07/04,497444,491525,101.20,260209,250336,103.94
2018/07/03,571971,540391,105.84,370373,347960,106.44
2018/07/02,331847,291105,114.00,348289,312122,111.59
2018/08/31,292878,287189,101.98,380332,301435,126.17
2018/08/30,367397,386534,95.05,358067,272456,131.42
2018/08/29,556659,529315,105.17,291359,215952,134.92
2018/08/28,360443,324623,111.03,385804,293352,131.52
2018/08/27,325678,314918,103.42,348199,277472,125.49
2018/08/24,266529,312415,85.31,302561,286626,105.56
2018/08/23,281112,264574,106.25,286156,250851,114.07
2018/08/22,536115,439618,121.95,231698,206771,112.06
2018/08/21,373294,329684,113.23,352739,307380,114.76
2018/08/20,320473,295764,108.35,313192,298389,104.96
2018/08/17,292959,282855,103.57,283998,273350,103.90
2018/08/16,382012,333738,114.46,257159,239897,107.20
2018/08/15,717135,689989,103.93,177076,168991,104.78
2018/08/14,475774,398121,119.50,418792,407098,102.87
2018/08/13,692759,580985,119.24,393800,396615,99.29
2018/08/10,244236,246699,99.00,390201,315490,123.68
2018/08/09,255626,225878,113.17,365641,289735,126.20
2018/08/08,533884,436510,122.31,333580,248412,134.28
2018/08/07,287719,295147,97.48,413554,355723,116.26
2018/08/06,344418,321218,107.22,400041,331305,120.75
2018/08/03,287444,268693,106.98,362618,321577,112.76
2018/08/02,388690,380259,102.22,322551,304102,106.07
2018/08/01,407914,338698,120.44,283452,203625,139.20
2018/09/28,318827,330748,96.40,303951,297638,102.12
2018/09/27,244121,293782,83.10,276523,245712,112.54
2018/09/26,394179,395360,99.70,213258,187417,113.79
2018/09/25,315784,271294,116.40,313970,258434,121.49
2018/09/21,325895,345843,94.23,280817,220584,127.31
2018/09/20,258048,262449,98.32,228222,210502,108.42
2018/09/19,467879,430850,108.59,157299,136197,115.49
2018/09/18,367697,341033,107.82,465057,417865,111.29
2018/09/17,277409,278956,99.45,450686,385091,117.03
2018/09/14,434710,363113,119.72,433377,348210,124.46
2018/09/13,269620,280701,96.05,392796,365076,107.59
2018/09/12,638077,609968,104.61,354363,318432,111.28
2018/09/11,431404,400710,107.66,446180,443996,100.49
2018/09/10,537546,520800,103.22,427085,426146,100.22
2018/09/07,433961,388920,111.58,400767,348406,115.03
2018/09/06,374793,316167,118.54,386971,312407,123.87
2018/09/05,548571,526695,104.15,338245,254773,132.76
2018/09/04,304515,308410,98.74,443638,358976,123.58
2018/09/03,337123,375731,89.72,407104,356878,114.07
2018/10/31,667241,650748,102.53,266155,274624,96.92
2018/10/30,382411,376908,101.46,353448,408778,86.46
2018/10/29,356944,361747,98.67,323273,391240,82.63
2018/10/26,389312,445175,87.45,292621,365926,79.97
2018/10/25,366375,430070,85.19,261215,318105,82.12
2018/10/24,834657,889568,93.83,225478,239590,94.11
2018/10/23,437197,512058,85.38,312533,361110,86.55
2018/10/22,374322,409955,91.31,289993,300809,96.40
2018/10/19,380333,379960,100.10,254874,270174,94.34
2018/10/18,275847,258784,106.59,221909,229132,96.85
2018/10/17,665750,731846,90.97,170248,171022,99.55
2018/10/16,507183,493873,102.70,429137,527919,81.29
2018/10/15,318487,359272,88.65,384240,508159,75.61
2018/10/12,459635,523711,87.77,354578,453753,78.14
2018/10/11,892977,973420,91.74,293807,406682,72.24
2018/10/09,385515,434385,88.75,407133,521308,78.10
2018/10/08,476469,515623,92.41,372583,498265,74.78
2018/10/05,710576,700644,101.42,331261,442389,74.88
2018/10/04,356708,408270,87.37,299528,345936,86.58
2018/10/03,565629,531605,106.40,264940,241220,109.83
2018/10/02,367923,447870,82.15,345438,376457,91.76
2018/10/01,242712,213987,113.42,348419,315496,110.44
2018/11/30,210004,212243,98.95,306519,254892,120.25
2018/11/29,261528,248920,105.07,284037,224072,126.76
2018/11/28,539872,554883,97.29,232028,188538,123.07
2018/11/27,381654,415307,91.90,331715,277390,119.58
2018/11/26,392994,319830,122.88,307582,239932,128.20
2018/11/23,241778,229554,105.33,257918,224590,114.84
2018/11/22,153456,165239,92.87,221874,184781,120.07
2018/11/21,582418,543829,107.10,187310,145613,128.64
2018/11/20,379310,411934,92.08,453747,436557,103.94
2018/11/19,259623,217375,119.44,445526,399081,111.64
2018/11/16,307950,340972,90.32,423610,382042,110.88
2018/11/15,336484,290558,115.81,402435,351437,114.51
2018/11/14,499651,442922,112.81,351117,321971,109.05
2018/11/13,556447,526723,105.64,434737,437776,99.31
2018/11/12,332784,285297,116.64,419526,400799,104.67
2018/11/09,295023,336996,87.54,379768,380467,99.82
2018/11/08,286471,285737,100.26,358404,335654,106.78
2018/11/07,537806,495435,108.55,312190,287999,108.40
2018/11/06,280484,293215,95.66,397757,382758,103.92
2018/11/05,325712,344326,94.59,367854,355243,103.55
2018/11/02,297886,315471,94.43,345203,323968,106.55
2018/11/01,232133,284783,81.51,309860,314073,98.66
2018/12/28,293161,223583,131.12,322549,243371,132.53
2018/12/27,334268,279059,119.78,287230,224380,128.01
2018/12/26,449709,416846,107.88,227951,189106,120.54
2018/12/25,402110,375081,107.21,316065,333603,94.74
2018/12/24,174361,143780,121.27,285955,265517,107.70
2018/12/22,134744,150249,89.68,263623,251025,105.02
2018/12/21,289187,281482,102.74,253141,235327,107.57
2018/12/20,241537,260867,92.59,217617,203199,107.10
2018/12/19,405509,396640,102.24,156361,131214,119.16
2018/12/18,421414,372635,113.09,412653,408239,101.08
2018/12/17,370319,304215,121.73,414806,369299,112.32
2018/12/14,340920,361650,94.27,384248,352887,108.89
2018/12/13,258937,246209,105.17,369144,313409,117.78
2018/12/12,612142,546594,111.99,333792,282532,118.14
2018/12/11,385131,352858,109.15,416863,418610,99.58
2018/12/10,351618,344504,102.06,391010,398875,98.03
2018/12/07,338307,296936,113.93,349390,364909,95.75
2018/12/06,351908,438525,80.25,305624,336395,90.85
2018/12/05,653236,610524,107.00,270525,250008,108.21
2018/12/04,333470,354767,94.00,395458,306596,128.98
2018/12/03,501689,394738,127.09,388661,261958,148.37
2019/01/30,386317,381256,101.33,302467,216969,139.41
2019/01/29,369372,351895,104.97,414479,316299,131.04
2019/01/28,277848,222504,124.87,422289,278266,151.76
2019/01/25,349917,293138,119.37,385921,259892,148.49
2019/01/24,214728,193008,111.25,310332,240258,129.17
2019/01/23,407597,380456,107.13,267288,202865,131.76
2019/01/22,250054,224008,111.63,380487,284641,133.67
2019/01/21,357486,289627,123.43,360360,262512,137.27
2019/01/18,285923,255087,112.09,309505,233416,132.60
2019/01/17,261910,268079,97.70,257841,202796,127.14
2019/01/16,414776,442013,93.84,192499,140478,137.03
2019/01/15,457911,412182,111.09,457890,352941,129.74
2019/01/14,258342,271574,95.13,412473,344195,119.84
2019/01/11,322258,294228,109.53,397940,310536,128.15
2019/01/10,221789,193870,114.40,347640,290775,119.56
2019/01/09,742602,643675,115.37,306879,254085,120.78
2019/01/08,355426,305377,116.39,404939,374369,108.17
2019/01/07,458639,402737,113.88,380999,350077,108.83
2019/01/04,373572,380509,98.18,319965,347266,92.14
2019/01/03,275171,335939,81.91,289911,295184,98.21
2019/01/02,626248,625443,100.13,244937,227073,107.87
2019/02/27,378701,338339,111.93,306333,212927,143.87
2019/02/26,352775,306580,115.07,419910,284910,147.38
2019/02/25,370776,320972,115.52,390679,264243,147.85
2019/02/22,237174,208884,113.54,342771,239480,143.13
2019/02/21,283035,235371,120.25,305890,201733,151.63
2019/02/20,549364,548115,100.23,235828,159627,147.74
2019/02/19,253181,192417,131.58,517403,350740,147.52
2019/02/18,370840,271089,136.80,484076,334364,144.78
2019/02/15,265244,240089,110.48,432721,319449,135.46
2019/02/14,239186,209072,114.40,395063,301321,131.11
2019/02/13,416426,447385,93.08,352991,262450,134.50
2019/02/12,321070,224867,142.78,385370,266477,144.62
2019/02/11,361119,339656,106.32,315563,226336,139.42
2019/03/29,437855,371251,117.94,408518,272674,149.82
2019/03/28,256503,241737,106.11,332076,252822,131.35
2019/03/27,478166,448172,106.69,271804,189882,143.14
2019/03/26,377756,320347,117.92,382006,311409,122.67
2019/03/25,429500,394829,108.78,346545,312168,111.01
2019/03/22,352478,315380,111.76,326264,235218,138.71
2019/03/21,289526,239008,121.14,288432,192749,149.64
2019/03/20,430694,467009,92.22,209361,146105,143.29
2019/03/19,343006,270350,126.87,549977,381191,144.28
2019/03/18,341575,302218,113.02,518608,371942,139.43
2019/03/15,371890,288733,128.80,485863,341942,142.09
2019/03/14,255627,215987,118.35,434930,327160,132.94
2019/03/13,464939,441414,105.33,381006,288852,131.90
2019/03/12,494241,407671,121.24,516602,361164,143.04
2019/03/11,299900,240295,124.80,471797,366497,128.73
2019/03/08,384167,386961,99.28,439483,345739,127.11
2019/03/07,302964,274571,110.34,417223,305793,136.44
2019/03/06,425517,354517,120.03,344728,238090,144.79
2019/03/05,292032,306537,95.27,403699,324591,124.37
2019/03/04,301564,318825,94.59,369689,297329,124.34
2019/04/30,309252,282764,109.37,427739,335716,127.41
2019/04/29,287642,234568,122.63,412535,321573,128.29
2019/04/26,373233,330371,112.97,360095,299774,120.12
2019/04/25,242565,199517,121.58,328044,235176,139.49
2019/04/24,460236,461757,99.67,266439,198929,133.94
2019/04/23,381135,326391,116.77,409450,289257,141.55
2019/04/22,240714,214269,112.34,379612,284117,133.61
2019/04/19,335388,297562,112.71,353234,258103,136.86
2019/04/18,380580,323191,117.76,309772,208046,148.90
2019/04/17,528968,567713,93.18,221443,140352,157.78
2019/04/16,390846,336637,116.10,576086,310825,185.34
2019/04/15,309888,239837,129.21,547540,304030,180.09
2019/04/12,247634,203081,121.94,525599,298962,175.81
2019/04/11,325983,275552,118.30,494090,276057,178.98
2019/04/10,455377,399115,114.10,438239,213035,205.71
2019/04/09,329009,222962,147.56,522223,271534,192.32
2019/04/08,377032,273723,137.74,474819,260222,182.47
2019/04/03,424005,405045,104.68,373868,211393,176.86
2019/04/02,339370,265532,127.81,507692,321860,157.74
2019/04/01,470613,430518,109.31,461264,299943,153.78
2019/05/31,405682,355582,114.09,435402,373209,116.66
2019/05/30,303745,273897,110.90,374375,342190,109.41
2019/05/29,486269,457313,106.33,304853,288080,105.82
2019/05/28,245907,236890,103.81,430217,403773,106.55
2019/05/27,272852,261765,104.24,413713,386049,107.17
2019/05/24,374596,295730,126.67,390122,355023,109.89
2019/05/23,362568,343037,105.69,336579,322453,104.38
2019/05/22,474476,465997,101.82,276350,238699,115.77
2019/05/21,442535,420387,105.27,415024,350781,118.31
2019/05/20,392414,349446,112.30,386191,341281,113.16
2019/05/17,420518,444734,94.55,347914,311741,111.60
2019/05/16,338578,307945,109.95,299521,237369,126.18
2019/05/15,598257,599532,99.79,221977,165783,133.90
2019/05/14,679307,667150,101.82,534564,485482,110.11
2019/05/13,465550,552753,84.22,501475,453194,110.65
2019/05/10,611413,545600,112.06,454741,375590,121.07
2019/05/09,420053,416425,100.87,396596,331862,119.51
2019/05/08,723596,599266,120.75,361344,255351,141.51
2019/05/07,489312,389296,125.69,504096,374352,134.66
2019/05/06,631988,514823,122.76,437574,363239,120.46
2019/05/03,407065,350309,116.20,418256,272151,153.69
2019/05/02,508866,462123,110.11,328796,225967,145.51
2019/06/28,187866,209065,89.86,279867,280776,99.68
2019/06/27,255692,231689,110.36,257778,237119,108.71
2019/06/26,422661,381553,110.77,183433,191518,95.78
2019/06/25,297193,315234,94.28,292504,290986,100.52
2019/06/24,262936,246199,106.80,289191,254704,113.54
2019/06/21,265775,327140,81.24,257993,233355,110.56
2019/06/20,185474,174954,106.01,213468,183142,116.56
2019/06/19,653242,687222,95.06,161714,127530,126.80
2019/06/18,212120,214237,99.01,456561,411296,111.01
2019/06/17,299449,294913,101.54,443581,410163,108.15
2019/06/14,184334,184483,99.92,424914,399587,106.34
2019/06/13,257372,269923,95.35,406516,375355,108.30
2019/06/12,412139,474341,86.89,361513,310923,116.27
2019/06/11,407895,361503,112.83,484471,422034,114.79
2019/06/10,410113,366925,111.77,444019,402493,110.32
2019/06/06,273240,309275,88.35,387142,380700,101.69
2019/06/05,471975,510693,92.42,334738,309654,108.10
2019/06/04,355083,390257,90.99,482085,440147,109.53
2019/06/03,398708,362749,109.91,467725,405929,115.22
2019/07/31,549920,526769,104.39,250450,221101,113.27
2019/07/30,296188,309159,95.80,349200,306599,113.89
2019/07/29,203964,198041,102.99,334287,278730,119.93
2019/07/26,160922,149132,107.91,298913,256164,116.69
2019/07/25,196786,183478,107.25,265539,225785,117.61
2019/07/24,362000,359495,100.70,211788,182012,116.36
2019/07/23,282552,259841,108.74,339159,265189,127.89
2019/07/22,272723,223583,121.98,315634,252144,125.18
2019/07/19,319428,275026,116.14,268282,237560,112.93
2019/07/18,172239,167410,102.88,200566,200691,99.94
2019/07/17,461680,530270,87.07,140822,133244,105.69
2019/07/16,284432,271434,104.79,453221,336203,134.81
2019/07/15,379533,378288,100.33,420481,325230,129.29
2019/07/12,222781,195458,113.98,386356,314275,122.94
2019/07/11,312078,279461,111.67,362823,286955,126.44
2019/07/10,483424,445931,108.41,293741,254785,115.29
2019/07/09,243380,265167,91.78,367755,357977,102.73
2019/07/08,321267,290470,110.60,350561,319440,109.74
2019/07/05,171450,156524,109.54,324420,284907,113.87
2019/07/04,215547,188955,114.07,301609,264896,113.86
2019/07/03,492262,389874,126.26,242080,229947,105.28
2019/07/02,225839,222503,101.50,375376,314462,119.37
2019/07/01,366090,318222,115.04,358225,298630,119.96
2019/08/30,368177,311557,118.17,380720,294673,129.20
2019/08/29,228098,194474,117.29,319256,261548,122.06
2019/08/28,461419,371970,124.05,255129,214853,118.75
2019/08/27,358166,308162,116.23,377747,358906,105.25
2019/08/26,514712,455962,112.88,335393,341276,98.28
2019/08/23,215734,199385,108.20,291624,250089,116.61
2019/08/22,268984,258396,104.10,258627,224791,115.05
2019/08/21,421268,391552,107.59,185392,154094,120.31
2019/08/20,358149,342550,104.55,474787,398618,119.11
2019/08/19,380195,317057,119.91,460397,389674,118.15
2019/08/16,462891,457113,101.26,427162,382700,111.62
2019/08/15,426052,355025,120.01,384569,366579,104.91
2019/08/14,698857,657126,106.35,322638,288150,111.97
2019/08/13,420863,389215,108.13,420483,405395,103.72
2019/08/12,338186,273523,123.64,408285,365310,111.76
2019/08/08,442927,397075,111.55,370430,341250,108.55
2019/08/07,609887,605765,100.68,282795,275381,102.69
2019/08/06,895460,743121,120.50,423324,453717,93.30
2019/08/05,469078,446309,105.10,394293,429506,91.80
2019/08/02,539398,503467,107.14,356636,373288,95.54
2019/08/01,306247,287559,106.50,316074,290326,108.87
2019/09/27,278763,234959,118.64,374810,283532,132.19
2019/09/26,267945,230692,116.15,344751,252054,136.78
2019/09/25,466203,407718,114.34,285350,194944,146.38
2019/09/24,303838,262029,115.96,383665,276621,138.70
2019/09/23,234192,194474,120.42,366109,265873,137.70
2019/09/20,184281,148891,123.77,322085,235207,136.94
2019/09/19,253951,208867,121.59,275490,213108,129.27
2019/09/18,434081,523029,82.99,196826,141099,139.49
2019/09/17,306305,245592,124.72,524279,359624,145.79
2019/09/16,332160,279976,118.64,490550,334071,146.84
2019/09/12,300543,297292,101.09,429926,310875,138.30
2019/09/11,463669,459892,100.82,374395,247614,151.20
2019/09/10,274042,263309,104.08,489907,349842,140.04
2019/09/09,258731,229016,112.98,472849,331834,142.50
2019/09/06,276767,223038,124.09,450846,309025,145.89
2019/09/05,351211,331962,105.80,401962,291431,137.93
2019/09/04,492852,470537,104.74,325029,244786,132.78
2019/09/03,372774,308144,120.97,444884,349215,127.40
2019/09/02,343629,270459,127.05,424380,315400,134.55
2019/10/31,267128,216622,123.32,398378,270600,147.22
2019/10/30,343824,364647,94.29,330106,209531,157.55
2019/10/29,326575,287732,113.50,450530,287833,156.52
2019/10/28,210584,166117,126.77,431251,269998,159.72
2019/10/25,244003,237422,102.77,404294,249934,161.76
2019/10/24,264458,192846,137.13,370126,229786,161.07
2019/10/23,419941,373056,112.57,285559,183303,155.79
2019/10/22,369620,294230,125.62,418711,255331,163.99
2019/10/21,193929,151384,128.10,367822,254201,144.70
2019/10/18,345735,319864,108.09,344881,239890,143.77
2019/10/17,200553,139819,143.44,291458,187266,155.64
2019/10/16,542110,474464,114.26,215466,142821,150.86
2019/10/15,337463,246469,136.92,509683,277583,183.61
2019/10/14,400678,292890,136.80,452358,264587,170.97
2019/10/09,543357,473204,114.83,341266,235952,144.63
2019/10/08,401745,332977,120.65,500795,301218,166.26
2019/10/07,301454,215759,139.72,459393,324617,141.52
2019/10/04,335115,283407,118.25,419249,314117,133.47
2019/10/03,382169,299051,127.79,378993,288002,131.59
2019/10/02,400731,347674,115.26,313396,215529,145.41
2019/10/01,417636,343975,121.41,430705,277298,155.32
2019/11/29,409349,395428,103.52,347032,303612,114.30
2019/11/28,253680,218603,116.05,313282,243477,128.67
2019/11/27,302303,298055,101.43,245069,179168,136.78
2019/11/26,363074,311367,116.61,398990,283270,140.85
2019/11/25,306648,266757,114.95,360281,275598,130.73
2019/11/22,232776,183370,126.94,322900,249527,129.40
2019/11/21,358393,309008,115.98,285608,219099,130.36
2019/11/20,478926,511752,93.59,191305,143068,133.72
2019/11/19,507447,413017,122.86,582344,356321,163.43
2019/11/18,325102,235946,137.79,534102,344345,155.11
2019/11/15,348287,320177,108.78,504278,343574,146.77
2019/11/14,324895,270958,119.91,456076,331033,137.77
2019/11/13,536428,511577,104.86,403099,290607,138.71
2019/11/12,431633,338645,127.46,544872,406530,134.03
2019/11/11,482724,447062,107.98,497451,411290,120.95
2019/11/08,340204,338297,100.56,502111,340022,147.67
2019/11/07,320024,271761,117.76,474904,301156,157.69
2019/11/06,571240,645210,88.54,408383,234066,174.47
2019/11/05,491714,473909,103.76,559874,317366,176.41
2019/11/04,564194,515732,109.40,529845,291881,181.53
2019/11/01,256210,185580,138.06,433958,282002,153.88
2019/12/31,308635,302705,101.96,319829,282595,113.18
2019/12/30,247431,224874,110.03,328981,253301,129.88
2019/12/27,243700,236435,103.07,306369,221258,138.47
2019/12/26,139508,129317,107.88,251816,203696,123.62
2019/12/25,312560,349989,89.31,197814,161309,122.63
2019/12/24,222866,253288,87.99,312139,296739,105.19
2019/12/23,241297,259021,93.16,298528,274585,108.72
2019/12/20,368385,365727,100.73,264473,248527,106.42
2019/12/19,268214,283020,94.77,220305,195888,112.46
2019/12/18,441142,510157,86.47,149696,111483,134.28
2019/12/17,539637,451874,119.42,567165,296105,191.54
2019/12/16,397388,320784,123.88,534111,322369,165.68
2019/12/13,450352,481204,93.59,496663,298338,166.48
2019/12/12,474987,507420,93.61,440921,265204,166.26
2019/12/11,642022,589258,108.95,340160,237651,143.13
2019/12/10,292587,277702,105.36,456440,342218,133.38
2019/12/09,378989,293363,129.19,461539,318340,144.98
2019/12/06,349413,322128,108.47,419043,307053,136.47
2019/12/05,357434,290478,123.05,374708,277797,134.89
2019/12/04,616689,501783,122.90,287727,230384,124.89
2019/12/03,481097,365117,131.77,412544,350928,117.56
2019/12/02,386275,305568,126.41,389236,337748,115.24
2020/01/31,380528,448299,84.88,314175,286491,109.66
2020/01/30,815341,862408,94.54,228523,215353,106.12
2020/01/20,216646,167584,129.28,321685,212915,151.09
2020/01/17,219122,197578,110.90,287146,192666,149.04
2020/01/16,212554,176779,120.24,248833,163652,152.05
2020/01/15,575697,543742,105.88,188760,119829,157.52
2020/01/14,411870,367042,112.21,506310,334734,151.26
2020/01/13,491154,383284,128.14,453623,323795,140.10
2020/01/10,309883,293393,105.62,385311,317790,121.25
2020/01/09,328871,328786,100.03,322439,286276,112.63
2020/01/08,904816,783899,115.43,258912,244537,105.88
2020/01/07,690967,739052,93.49,361652,405093,89.28
2020/01/06,413544,433142,95.48,346585,349763,99.09
2020/01/03,545847,505839,107.91,320519,262908,121.91
2020/01/02,552593,511342,108.07,237327,186703,127.11
2020/02/27,502340,453435,110.79,407701,284916,143.10
2020/02/26,957387,804123,119.06,333288,193558,172.19
2020/02/25,748678,611861,122.36,459130,327185,140.33
2020/02/24,480336,426986,112.49,413261,299703,137.89
2020/02/21,399906,360692,110.87,384755,240611,159.91
2020/02/20,327977,319024,102.81,332944,204119,163.11
2020/02/19,736411,709911,103.73,255122,138577,184.10
2020/02/18,524546,506021,103.66,509146,408308,124.70
2020/02/17,369312,343192,107.61,511537,353810,144.58
2020/02/14,373738,303634,123.09,498267,319230,156.08
2020/02/13,328202,294257,111.54,475097,293571,161.83
2020/02/12,656366,569082,115.34,396846,256246,154.87
2020/02/11,448976,364259,123.26,505735,379732,133.18
2020/02/10,539445,486241,110.94,476745,367483,129.73
2020/02/07,362062,325295,111.30,435314,328901,132.35
2020/02/06,418677,382226,109.54,398362,277864,143.37
2020/02/05,827144,818048,101.11,310689,241968,128.40
2020/02/04,565363,536058,105.47,420618,356092,118.12
2020/02/03,638723,598005,106.81,360434,370142,97.38
2020/03/31,405816,362460,111.96,476939,289041,165.01
2020/03/30,406146,320922,126.56,450099,271306,165.90
2020/03/27,308735,281973,109.49,412580,237347,173.83
2020/03/26,288923,295923,97.63,385734,210798,182.99
2020/03/25,816728,691995,118.03,331078,167155,198.07
2020/03/24,532004,457803,116.21,435672,264235,164.88
2020/03/23,345284,366241,94.28,362327,259010,139.89
2020/03/20,281377,352876,79.74,337104,220224,153.07
2020/03/19,162327,304439,53.32,269549,195200,138.09
2020/03/18,1003636,950060,105.64,251085,121463,206.72
2020/03/17,802966,674037,119.13,552684,514884,107.34
2020/03/16,537485,682482,78.75,512715,489926,104.65
2020/03/13,780049,747912,104.30,485582,441737,109.93
2020/03/12,590228,617151,95.64,466255,387252,120.40
2020/03/11,869115,873068,99.55,443992,297680,149.15
2020/03/10,840932,802124,104.84,573677,461414,124.33
2020/03/09,657375,632264,103.97,525276,431872,121.63
2020/03/06,426069,402544,105.84,524435,351809,149.07
2020/03/05,319367,285088,112.02,485570,277404,175.04
2020/03/04,755226,721664,104.65,405620,233793,173.50
2020/03/03,626842,639462,98.03,506292,373077,135.71
2020/03/02,617210,584567,105.58,454378,353424,128.56
2020/04/30,283787,265025,107.08,392502,211115,185.92
2020/04/29,566902,491526,115.34,337143,180904,186.37
2020/04/28,336685,280336,120.10,439072,245518,178.83
2020/04/27,407523,265383,153.56,423059,225117,187.93
2020/04/24,208463,185817,112.19,365516,219507,166.52
2020/04/23,261342,271249,96.35,340746,202625,168.17
2020/04/22,644770,602264,107.06,297000,164914,180.09
2020/04/21,520759,519629,100.22,378952,277298,136.66
2020/04/20,229022,248730,92.08,369257,230417,160.26
2020/04/17,397789,401785,99.01,352410,195723,180.06
2020/04/16,223655,206317,108.40,308057,168670,182.64
2020/04/15,560902,576079,97.37,256418,123474,207.67
2020/04/14,493414,391711,125.96,531040,277680,191.24
2020/04/13,223910,207353,107.98,471971,282674,166.97
2020/04/10,216989,180812,120.01,457455,263461,173.63
2020/04/09,284154,257290,110.44,434077,245082,177.12
2020/04/08,702604,680084,103.31,400367,216520,184.91
2020/04/07,437830,346389,126.40,485157,280107,173.20
2020/04/06,382392,312512,122.36,439277,256029,171.57
2020/04/01,495910,430542,115.18,376398,208497,180.53
2020/05/29,270930,258370,104.86,391756,243740,160.73
2020/05/28,299001,297750,100.42,366123,219757,166.60
2020/05/27,473214,442943,106.83,322419,168733,191.08
2020/05/26,393976,385004,102.33,430250,242266,177.59
2020/05/25,393144,356598,110.25,388124,250072,155.20
2020/05/22,311301,333536,93.33,347194,225400,154.03
2020/05/21,244307,238671,102.36,325521,172751,188.43
2020/05/20,488115,524102,93.13,266679,123206,216.45
2020/05/19,452572,489132,92.53,485910,329696,147.38
2020/05/18,349777,329458,106.17,459906,334346,137.55
2020/05/15,351565,365988,96.06,440267,306455,143.66
2020/05/14,293168,284660,102.99,414416,281990,146.96
2020/05/13,524955,438971,119.59,386511,232169,166.48
2020/05/12,400859,401151,99.93,464832,316938,146.66
2020/05/11,302051,246949,122.31,455745,286788,158.91
2020/05/08,223211,209125,106.74,423096,261463,161.82
2020/05/07,232072,214020,108.43,397618,244738,162.47
2020/05/06,562116,499774,112.47,359071,210886,170.27
2020/05/05,386776,342395,112.96,448108,284546,157.48
2020/05/04,383031,361164,106.05,414492,269540,153.78
2020/06/30,342560,289225,118.44,262541,217621,120.64
2020/06/29,341353,331145,103.08,223324,213236,104.73
2020/06/24,470925,421711,111.67,163447,134588,121.44
2020/06/23,422256,362646,116.44,262502,220497,119.05
2020/06/22,331768,276733,119.89,242282,195230,124.10
2020/06/19,205075,208134,98.53,195086,167684,116.34
2020/06/18,244369,225432,108.40,168134,149831,112.22
2020/06/17,617781,630704,97.95,111768,106249,105.19
2020/06/16,538546,469816,114.63,537314,322477,166.62
2020/06/15,431557,444317,97.13,484505,329765,146.92
2020/06/12,422273,364062,115.99,467813,300715,155.57
2020/06/11,344805,341373,101.01,434781,264812,164.18
2020/06/10,519966,497802,104.45,403023,210046,191.87
2020/06/09,346782,318808,108.77,504573,297264,169.74
2020/06/08,435104,430604,101.05,486523,279715,173.94
2020/06/05,264350,224659,117.67,434480,250658,173.34
2020/06/04,275679,289248,95.31,405718,231758,175.06
2020/06/03,557518,545225,102.25,359978,186838,192.67
2020/06/02,338023,287506,117.57,465118,272311,170.80
2020/06/01,329732,287768,114.58,439673,250730,175.36
2020/07/31,309666,273972,113.03,274036,217781,125.83
2020/07/30,263661,292897,90.02,250418,194653,128.65
2020/07/29,768314,720190,106.68,192105,150132,127.96
2020/07/28,854770,881062,97.02,325544,253631,128.35
2020/07/27,492923,462299,106.62,309595,213243,145.18
2020/07/24,391475,409702,95.55,235235,221269,106.31
2020/07/23,247969,247605,100.15,205884,187805,109.63
2020/07/22,579165,598690,96.74,153648,130019,118.17
2020/07/21,564798,482236,117.12,302777,204450,148.09
2020/07/20,315793,293656,107.54,232617,205111,113.41
2020/07/17,285334,261091,109.29,197010,177658,110.89
2020/07/16,244460,270253,90.46,168624,155244,108.62
2020/07/15,671717,678408,99.01,119900,94618,126.72
2020/07/14,468665,431541,108.60,386423,268797,143.76
2020/07/13,353697,293348,120.57,350000,239687,146.02
2020/07/10,327980,336679,97.42,299149,232800,128.50
2020/07/09,228122,242281,94.16,273637,201317,135.92
2020/07/08,565496,512856,110.26,228969,165081,138.70
2020/07/07,498983,508997,98.03,370122,264473,139.95
2020/07/06,425312,390729,108.85,340996,242584,140.57
2020/07/03,323409,324498,99.66,288347,217507,132.57
2020/07/02,266829,249194,107.08,245622,194791,126.10
2020/07/01,512748,452593,113.29,182966,150841,121.30
2020/08/31,400247,397318,100.74,282803,245863,115.02
2020/08/28,287417,294349,97.64,246502,207688,118.69
2020/08/27,272945,281090,97.10,233440,176729,132.09
2020/08/26,424532,400757,105.93,181515,130119,139.50
2020/08/25,415394,376074,110.46,318583,245899,129.56
2020/08/24,309570,270736,114.34,270205,233770,115.59
2020/08/21,328783,336705,97.65,239966,221316,108.43
2020/08/20,407851,444664,91.72,188636,209410,90.08
2020/08/19,539459,578589,93.24,134869,107245,125.76
2020/08/18,394644,416247,94.81,365563,271756,134.52
2020/08/17,341114,280526,121.60,342858,244710,140.11
2020/08/14,256828,252733,101.62,309134,252920,122.23
2020/08/13,237604,252796,93.99,274436,234233,117.16
2020/08/12,587052,620404,94.62,239106,197014,121.36
2020/08/11,368080,364984,100.85,360303,293041,122.95
2020/08/10,317554,281282,112.90,348627,266508,130.81
2020/08/07,262537,261740,100.30,310614,250594,123.95
2020/08/06,329438,324143,101.63,284516,218123,130.44
2020/08/05,525797,515502,102.00,215194,170109,126.50
2020/08/04,450126,388958,115.73,326030,257829,126.45
2020/08/03,333973,367143,90.97,305871,269236,113.61
2020/09/30,538959,448877,120.07,165967,140892,117.80
2020/09/29,370004,386201,95.81,298173,257953,115.59
2020/09/28,334912,283663,118.07,264566,234465,112.84
2020/09/25,361035,367869,98.14,221575,231771,95.60
2020/09/24,338895,379260,89.36,182429,207727,87.82
2020/09/23,563429,564917,99.74,131583,134305,97.97
2020/09/22,541359,515442,105.03,251037,276838,90.68
2020/09/21,324931,338178,96.08,227101,222826,101.92
2020/09/18,216231,204299,105.84,198869,178888,111.17
2020/09/17,245697,234967,104.57,168651,155987,108.12
2020/09/16,538733,608181,88.58,106094,88728,119.57
2020/09/15,317757,280543,113.26,355587,267214,133.07
2020/09/14,319938,270645,118.21,328228,265898,123.44
2020/09/11,263562,280128,94.09,301882,260135,116.05
2020/09/10,230873,220889,104.52,269587,224461,120.10
2020/09/09,690358,675234,102.24,229458,191582,119.77
2020/09/08,327305,271635,120.49,356506,276773,128.81
2020/09/07,403250,402924,100.08,325535,269002,121.02
2020/09/04,364555,328638,110.93,295578,249576,118.43
2020/09/03,291444,306820,94.99,257889,210381,122.58
2020/09/02,518045,519852,99.65,209435,162533,128.86
2020/09/01,447315,406507,110.04,326716,262614,124.41
2020/10/30,236967,268436,88.28,230952,237267,97.34
2020/10/29,296857,260430,113.99,213492,199344,107.10
2020/10/28,378707,355161,106.63,132405,129066,102.59
2020/10/27,287320,280773,102.33,270215,232790,116.08
2020/10/26,248975,214894,115.86,242718,212241,114.36
2020/10/23,235199,214800,109.50,209643,192951,108.65
2020/10/22,216446,220767,98.04,160851,164957,97.51
2020/10/21,440925,420683,104.81,100526,100156,100.37
2020/10/20,298531,272358,109.61,330940,284797,116.20
2020/10/19,306056,267196,114.54,300565,257249,116.84
2020/10/16,278948,294672,94.66,264205,248903,106.15
2020/10/15,266762,293068,91.02,239257,223863,106.88
2020/10/14,426668,434517,98.19,198436,164414,120.69
2020/10/13,374270,349151,107.19,316016,258109,122.44
2020/10/12,387454,353403,109.64,280254,230308,121.69
2020/10/08,252585,277253,91.10,234623,192088,122.14
2020/10/07,506323,470372,107.64,179564,145786,123.17
2020/10/06,376126,327173,114.96,279943,217744,128.57
2020/10/05,284679,263419,108.07,232918,202554,114.99
2020/11/30,469973,481158,97.68,305690,277347,110.22
2020/11/27,287371,238946,120.27,277174,227388,121.89
2020/11/26,317851,280074,113.49,230058,199707,115.20
2020/11/25,627849,696910,90.09,155564,145917,106.61
2020/11/24,350088,403117,86.85,315108,256773,122.72
2020/11/23,439750,375961,116.97,300144,217067,138.27
2020/11/20,254357,264111,96.31,237994,198267,120.04
2020/11/19,268827,279571,96.16,190728,159735,119.40
2020/11/18,702852,655237,107.27,129641,101520,127.70
2020/11/17,513172,552075,92.95,405015,283760,142.73
2020/11/16,481506,413252,116.52,360965,249142,144.88
2020/11/13,275090,223478,123.09,290210,233534,124.27
2020/11/12,243640,240712,101.22,263945,209863,125.77
2020/11/11,673594,614380,109.64,223350,172186,129.71
2020/11/10,543926,578267,94.06,342169,279239,122.54
2020/11/09,418162,366077,114.23,312906,248147,126.10
2020/11/06,271704,241136,112.68,251492,215827,116.52
2020/11/05,263846,244831,107.77,210288,186643,112.67
2020/11/04,623536,623909,99.94,161181,145674,110.65
2020/11/03,290476,259963,111.74,283003,252901,111.90
2020/11/02,251501,248652,101.15,251266,255514,98.34
2020/12/31,252992,242069,104.51,224824,179477,125.27
2020/12/30,522682,495652,105.45,170473,135652,125.67
2020/12/29,342669,328561,104.29,313380,240876,130.10
2020/12/28,301034,208117,144.65,264959,213465,124.12
2020/12/25,274035,246907,110.99,230343,199618,115.39
2020/12/24,240739,221205,108.83,194216,173900,111.68
2020/12/23,644798,598015,107.82,137507,133743,102.81
2020/12/22,656460,539576,121.66,257392,237438,108.40
2020/12/21,440051,367806,119.64,245872,198834,123.66
2020/12/18,194132,195430,99.34,196614,190897,102.99
2020/12/17,243732,274311,88.85,162342,158096,102.69
2020/12/16,667292,630482,105.84,107230,91627,117.03
2020/12/15,480681,561681,85.58,356536,359020,99.31
2020/12/14,361768,369136,98.00,365981,328917,111.27
2020/12/11,480533,505417,95.08,338880,302838,111.90
2020/12/10,370603,354367,104.58,312794,275461,113.55
2020/12/09,598437,573751,104.30,245987,197074,124.82
2020/12/08,494272,428490,115.35,395304,279687,141.34
2020/12/07,465657,414440,112.36,348226,280826,124.00
2020/12/04,350222,311670,112.37,309760,249431,124.19
2020/12/03,284296,274490,103.57,260353,229222,113.58
2020/12/02,652236,672703,96.96,205214,178868,114.73
2020/12/01,440812,418222,105.40,340264,287717,118.26
2021/01/29,516424,588018,87.82,297698,277392,107.32
2021/01/28,393291,401653,97.92,270372,238170,113.52
2021/01/27,860451,779037,110.45,201712,150560,133.97
2021/01/26,647840,688223,94.13,328158,305439,107.44
2021/01/25,472911,476655,99.21,309024,253842,121.74
2021/01/22,301032,307720,97.83,281333,212212,132.57
2021/01/21,494863,454141,108.97,246034,161893,151.97
2021/01/20,860030,834177,103.10,128261,93177,137.65
2021/01/19,560395,515819,108.64,444489,294527,150.92
2021/01/18,553805,562515,98.45,407732,305657,133.40
2021/01/15,617126,616305,100.13,385256,283160,136.06
2021/01/14,283951,252432,112.49,319138,234448,136.12
2021/01/13,793967,679732,116.81,256637,177664,144.45
2021/01/12,522605,487200,107.27,402205,296298,135.74
2021/01/11,414587,398297,104.09,383837,265502,144.57
2021/01/08,433851,467386,92.82,350448,236988,147.88
2021/01/07,433433,379735,114.14,317416,206419,153.77
2021/01/06,1150550,943431,121.95,215027,168662,127.49
2021/01/05,521319,434658,119.94,340035,231535,146.86
2021/01/04,409683,362995,112.86,291020,209950,138.61
2021/02/26,421570,458830,91.88,265144,240473,110.26
2021/02/25,316618,324550,97.56,239761,177368,135.18
2021/02/24,795069,804298,98.85,176362,134606,131.02
2021/02/23,498553,420883,118.45,310441,221148,140.38
2021/02/22,440692,392588,112.25,277179,199576,138.88
2021/02/19,313731,313992,99.92,217481,176557,123.18
2021/02/18,323889,275626,117.51,181074,135380,133.75
2021/02/17,583449,517751,112.69,121320,76249,159.11
2021/02/05,304360,296813,102.54,289803,199044,145.60
2021/02/04,256883,245288,104.73,250485,184353,135.87
2021/02/03,688831,730135,94.34,217424,153493,141.65
2021/02/02,652658,567952,114.91,414301,266005,155.75
2021/02/01,566623,488366,116.02,356384,293264,121.52
2021/03/31,495630,533282,92.94,168107,139503,120.50
2021/03/30,422515,352273,119.94,341427,239788,142.39
2021/03/29,389760,396654,98.26,318945,225292,141.57
2021/03/26,383597,344962,111.20,263742,205837,128.13
2021/03/25,297353,295719,100.55,210868,179805,117.28
2021/03/24,572422,538172,106.36,149872,125593,119.33
2021/03/23,384437,397338,96.75,271371,249400,108.81
2021/03/22,378409,352204,107.44,246796,218669,112.86
2021/03/19,369551,399828,92.43,204342,201660,101.33
2021/03/18,318678,328274,97.08,174029,146853,118.51
2021/03/17,643634,584907,110.04,105918,89180,118.77
2021/03/16,410092,397092,103.27,348940,280911,124.22
2021/03/15,334905,308926,108.41,326384,277300,117.70
2021/03/12,271907,267708,101.57,297644,251097,118.54
2021/03/11,356305,305007,116.82,272208,215665,126.22
2021/03/10,643243,693545,92.75,216534,184970,117.06
2021/03/09,571628,563675,101.41,371244,318167,116.68
2021/03/08,560989,537009,104.47,341855,291385,117.32
2021/03/05,453716,447765,101.33,314330,252434,124.52
2021/03/04,416714,434897,95.82,274281,221488,123.84
2021/03/03,777310,701802,110.76,199865,148560,134.53
2021/03/02,537507,619839,86.72,290812,271561,107.09
2021/04/29,336811,282523,119.22,272291,167358,162.70
2021/04/28,507558,474452,106.98,204178,115344,177.02
2021/04/27,444760,382578,116.25,377659,223585,168.91
2021/04/26,463130,376498,123.01,345139,191065,180.64
2021/04/23,356959,290521,122.87,279371,181951,153.54
2021/04/22,458846,398154,115.24,236649,162262,145.84
2021/04/21,668509,622814,107.34,139160,88744,156.81
2021/04/20,432955,343694,125.97,417672,249950,167.10
2021/04/19,395577,329766,119.96,385613,232253,166.03
2021/04/16,390312,385524,101.24,341705,225880,151.28
2021/04/15,350937,339821,103.27,309323,202957,152.41
2021/04/14,907420,911296,99.57,243117,166907,145.66
2021/04/13,576146,532583,108.18,356300,259904,137.09
2021/04/12,352493,330036,106.80,334263,251427,132.95
2021/04/09,296121,293863,100.77,293517,228535,128.43
2021/04/08,316653,283902,111.54,263495,194892,135.20
2021/04/07,422868,439153,96.29,196528,151059,130.10
2021/04/06,413187,374567,110.31,300087,224473,133.69
2021/04/01,260931,243273,107.26,233998,184188,127.04
2021/05/31,411396,355301,115.79,299852,176945,169.46
2021/05/28,285019,255428,111.58,262277,158796,165.17
2021/05/27,249377,212490,117.36,218832,149951,145.94
2021/05/26,520395,524695,99.18,178303,111676,159.66
2021/05/25,452015,363903,124.21,276307,186537,148.12
2021/05/24,316411,254318,124.42,226437,171323,132.17
2021/05/21,290279,305961,94.87,185595,147190,126.09
2021/05/20,211948,236911,89.46,153838,135492,113.54
2021/05/19,695533,716752,97.04,113007,85444,132.26
2021/05/18,626265,529043,118.38,373404,290288,128.63
2021/05/17,517777,450367,114.97,303193,295535,102.59
2021/05/14,408774,397097,102.94,295126,257300,114.70
2021/05/13,372877,388240,96.04,261839,233589,112.09
2021/05/12,1235797,1139686,108.43,213892,197712,108.18
2021/05/11,866603,833645,103.95,334903,343857,97.40
2021/05/10,375023,376958,99.49,362278,270978,133.69
2021/05/07,425783,382105,111.43,324352,228155,142.16
2021/05/06,446853,407404,109.68,276731,227149,121.83
2021/05/05,803179,719797,111.58,214497,172543,124.32
2021/05/04,753490,816186,92.32,320618,316102,101.43
2021/05/03,485455,551594,88.01,309358,261190,118.44
2021/06/30,516108,434709,118.72,145335,119500,121.62
2021/06/29,346698,335629,103.30,264318,197579,133.78
2021/06/28,247328,206219,119.93,239074,166918,143.23
2021/06/25,264180,235039,112.40,221836,153005,144.99
2021/06/24,216255,175142,123.47,186104,132959,139.97
2021/06/23,640547,589264,108.70,125996,105699,119.20
2021/06/22,384920,340967,112.89,231457,218478,105.94
2021/06/21,456355,404968,112.69,204598,199117,102.75
2021/06/18,192428,203901,94.37,169057,141750,119.26
2021/06/17,246762,214855,114.85,145026,117416,123.51
2021/06/16,494608,424993,116.38,81063,65723,123.34
2021/06/15,329547,273097,120.67,349744,204003,171.44
2021/06/11,256741,250276,102.58,316616,192611,164.38
2021/06/10,281903,267121,105.53,287690,183216,157.02
2021/06/09,558398,584125,95.60,235980,153885,153.35
2021/06/08,331178,353204,93.76,334207,228981,145.95
2021/06/07,481738,477539,100.88,305964,215737,141.82
2021/06/04,230574,211067,109.24,277536,184493,150.43
2021/06/03,232093,216222,107.34,261639,156401,167.29
2021/06/02,578828,584074,99.10,223300,125709,177.63
2021/06/01,366934,307741,119.23,330347,200347,164.89
2021/07/30,263345,243244,108.26,204352,195229,104.67
2021/07/29,270840,240904,112.43,184674,165835,111.36
2021/07/28,891800,759129,117.48,118633,133633,88.78
2021/07/27,465191,386628,120.32,309052,222903,138.65
2021/07/26,317740,330214,96.22,279588,202835,137.84
2021/07/23,254618,224459,113.44,253120,167552,151.07
2021/07/22,365926,262169,139.58,219164,146966,149.13
2021/07/21,887232,800227,110.87,96146,93674,102.64
2021/07/20,612159,660947,92.62,299706,363188,82.52
2021/07/19,355920,411757,86.44,279324,333350,83.79
2021/07/16,320738,372576,86.09,262011,288629,90.78
2021/07/15,290336,281480,103.15,244161,216101,112.98
2021/07/14,618929,593396,104.30,181969,154702,117.63
2021/07/13,473525,412375,114.83,311750,289555,107.67
2021/07/12,375336,373294,100.55,291815,260798,111.89
2021/07/09,350941,392833,89.34,254110,245237,103.62
2021/07/08,258936,250739,103.27,226427,198079,114.31
2021/07/07,581252,568923,102.17,167225,145454,114.97
2021/07/06,271086,278278,97.42,293707,224278,130.96
2021/07/05,352052,275867,127.62,282357,189499,149.00
2021/07/02,201941,205882,98.09,237943,172809,137.69
2021/07/01,290118,246645,117.63,220504,160989,136.97
2021/08/31,437773,470053,93.13,299533,215778,138.82
2021/08/30,352230,303672,115.99,276241,206211,133.96
2021/08/27,296912,282756,105.01,233760,189848,123.13
2021/08/26,276896,324132,85.43,202415,186577,108.49
2021/08/25,573756,526340,109.01,154185,133497,115.50
2021/08/24,374358,346433,108.06,266889,226608,117.78
2021/08/23,468398,390501,119.95,244039,209865,116.28
2021/08/20,452472,439797,102.88,187974,225697,83.29
2021/08/19,379910,426670,89.04,158776,196889,80.64
2021/08/18,917697,839110,109.37,104401,92275,113.14
2021/08/17,407888,462242,88.24,244643,309037,79.16
2021/08/16,415320,418357,99.27,239784,282814,84.79
2021/08/13,283083,340522,83.13,222768,242353,91.92
2021/08/12,193014,206145,93.63,207351,205649,100.83
2021/08/11,671355,607894,110.44,175921,169982,103.49
2021/08/10,318535,373471,85.29,274400,258451,106.17
2021/08/09,271666,298988,90.86,266233,221434,120.23
2021/08/06,243829,228018,106.93,243176,195317,124.50
2021/08/05,158396,113045,140.12,210999,168245,125.41
2021/08/04,490053,398553,122.96,160675,141543,113.52
2021/08/03,320081,272288,117.55,262276,218840,119.85
2021/08/02,338059,305124,110.79,237570,201188,118.08
2021/09/30,260642,288941,90.21,202773,201182,100.79
2021/09/29,652563,661074,98.71,150231,166101,90.45
2021/09/28,272077,353504,76.97,245524,237119,103.54
2021/09/27,254729,219703,115.94,226918,198344,114.41
2021/09/24,239690,223569,107.21,198411,178111,111.40
2021/09/23,209553,197438,106.14,168356,150273,112.03
2021/09/22,491303,565870,86.82,121732,114407,106.40
2021/09/17,279216,261868,106.62,177380,158485,111.92
2021/09/16,194346,211453,91.91,144226,139071,103.71
2021/09/15,568878,586676,96.97,93336,80856,115.43
2021/09/14,353299,294284,120.05,342375,249609,137.16
2021/09/13,286364,239503,119.57,326113,230267,141.62
2021/09/10,321912,266189,120.93,294188,213482,137.80
2021/09/09,322761,292585,110.31,261144,216671,120.53
2021/09/08,672625,701492,95.88,215750,183224,117.75
2021/09/07,375727,398162,94.37,318731,253279,125.84
2021/09/06,356407,344565,103.44,299154,232007,128.94
2021/09/03,287571,276349,104.06,273554,212741,128.59
2021/09/02,290264,285135,101.80,233776,207158,112.85
2021/09/01,512311,522933,97.97,182946,150484,121.57
2021/10/29,226198,255806,88.43,199549,188147,106.06
2021/10/28,173373,172719,100.38,175239,159786,109.67
2021/10/27,403093,468497,86.04,135474,125095,108.30
2021/10/26,329606,307158,107.31,234714,196544,119.42
2021/10/25,261228,272234,95.96,200798,188449,106.55
2021/10/22,185819,219185,84.78,172224,163301,105.46
2021/10/21,268848,244391,110.01,149920,137769,108.82
2021/10/20,491721,451426,108.93,100969,82963,121.70
2021/10/19,342105,334505,102.27,331820,303442,109.35
2021/10/18,275567,292641,94.17,298319,294248,101.38
2021/10/15,363822,328892,110.62,291276,257158,113.27
2021/10/14,232298,234210,99.18,246935,247736,99.68
2021/10/13,590088,652816,90.39,217181,214205,101.39
2021/10/12,354442,425279,83.34,308295,298523,103.27
2021/10/08,261713,259890,100.70,281246,256845,109.50
2021/10/07,325332,309813,105.01,246109,227176,108.33
2021/10/06,585911,603786,97.04,196263,199981,98.14
2021/10/05,493665,536844,91.96,283115,312507,90.59
2021/10/04,406226,471195,86.21,248386,292273,84.98
2021/10/01,350290,433084,80.88,221725,263824,84.04
2021/11/30,448805,410899,109.23,283862,267272,106.21
2021/11/29,476983,424445,112.38,251389,246017,102.18
2021/11/26,319108,369461,86.37,213797,214222,99.80
2021/11/25,161468,159064,101.51,202893,164967,122.99
2021/11/24,500059,482148,103.71,159722,129125,123.70
2021/11/23,339028,454599,74.58,246061,236964,103.84
2021/11/22,236585,245017,96.56,240855,200206,120.30
2021/11/19,210100,251605,83.50,213934,174773,122.41
2021/11/18,198148,173921,113.93,181573,130361,139.28
2021/11/17,393017,387072,101.54,118911,88969,133.65
2021/11/16,295100,247460,119.25,338575,244723,138.35
2021/11/15,300523,308472,97.42,307719,234746,131.09
2021/11/12,275203,267119,103.03,270769,223902,120.93
2021/11/11,240037,252790,94.96,245813,206721,118.91
2021/11/10,462507,497123,93.04,209798,165497,126.77
2021/11/09,378296,395804,95.58,318457,245038,129.96
2021/11/08,337650,293294,115.12,281759,223251,126.21
2021/11/05,264381,283624,93.22,245091,213410,114.85
2021/11/04,224993,249452,90.19,206669,199345,103.67
2021/11/03,399082,375609,106.25,165608,148074,111.84
2021/11/02,397957,397615,100.09,254095,230829,110.08
2021/11/01,267164,262510,101.77,235144,207983,113.06
2021/12/30,144981,155304,93.35,197075,167832,117.42
2021/12/29,403570,409417,98.57,159739,131242,121.71
2021/12/28,298181,239427,124.54,260716,192375,135.52
2021/12/27,214833,172550,124.50,233309,184876,126.20
2021/12/24,155470,165541,93.92,207207,173600,119.36
2021/12/23,198055,200684,98.69,183062,159281,114.93
2021/12/22,363459,350357,103.74,132746,118488,112.03
2021/12/21,459082,403161,113.87,241467,209577,115.22
2021/12/20,317699,352719,90.07,201620,215016,93.77
2021/12/17,250647,249326,100.53,183465,165813,110.65
2021/12/16,227352,230249,98.74,154122,133475,115.47
2021/12/15,561429,526588,106.62,94734,81599,116.10
2021/12/14,406406,442878,91.76,302628,280538,107.87
2021/12/13,281508,316457,88.96,288181,238940,120.61
2021/12/10,200565,237446,84.47,265349,220906,120.12
2021/12/09,236729,221846,106.71,250090,199819,125.16
2021/12/08,536346,580139,92.45,211782,167213,126.65
2021/12/07,397151,377967,105.08,311789,264458,117.90
2021/12/06,307471,281448,109.25,296311,241176,122.86
2021/12/03,255637,237531,107.62,267031,205194,130.14
2021/12/02,277566,277500,100.02,241672,189384,127.61
2021/12/01,797697,687608,116.01,188283,156939,119.97
2022/01/26,698663,627720,111.30,138180,130782,105.66
2022/01/25,628867,695521,90.42,223690,283703,78.85
2022/01/24,456678,444702,102.69,225110,242548,92.81
2022/01/21,391499,459143,85.27,180847,210610,85.87
2022/01/20,304928,273860,111.34,167496,152968,109.50
2022/01/19,720133,690688,104.26,99501,101156,98.36
2022/01/18,483146,445780,108.38,304807,283800,107.40
2022/01/17,465027,415137,112.02,304497,274207,111.05
2022/01/14,531152,592450,89.65,265314,270280,98.16
2022/01/13,238457,247561,96.32,236899,213376,111.02
2022/01/12,579033,572570,101.13,195939,182374,107.44
2022/01/11,530879,535900,99.06,300491,299510,100.33
2022/01/10,403541,388678,103.82,276154,276231,99.97
2022/01/07,420973,454868,92.55,246134,261731,94.04
2022/01/06,347912,369266,94.22,228446,220338,103.68
2022/01/05,521903,518936,100.57,182805,164391,111.20
2022/01/04,457033,460301,99.29,288606,215826,133.72
2022/01/03,285928,295004,96.92,234198,198746,117.84
2022/02/25,447177,426781,104.78,245286,228479,107.36
2022/02/24,455128,416388,109.30,209412,202751,103.29
2022/02/23,587917,531532,110.61,155395,125199,124.12
2022/02/22,552331,545563,101.24,249943,233526,107.03
2022/02/21,356449,299740,118.92,241845,194096,124.60
2022/02/18,310995,250747,124.03,217894,169993,128.18
2022/02/17,331436,276317,119.95,182102,148232,122.85
2022/02/16,685026,642974,106.54,119398,95054,125.61
2022/02/15,505555,465694,108.56,285438,269294,105.99
2022/02/14,484554,450185,107.63,259555,254824,101.86
2022/02/11,383120,322348,118.85,265860,210165,126.50
2022/02/10,312659,262458,119.13,231134,178608,129.41
2022/02/09,512928,425099,120.66,167250,147138,113.67
2022/02/08,371046,286045,129.72,205141,184693,111.07
2022/02/07,539247,524580,102.80,144903,144211,100.48
2022/03/31,187684,179370,104.64,193314,185262,104.35
2022/03/30,594132,576421,103.07,157387,147464,106.73
2022/03/29,347405,292944,118.59,248274,240114,103.40
2022/03/28,386725,393018,98.40,222203,227344,97.74
2022/03/25,213411,216782,98.44,200386,197550,101.44
2022/03/24,206149,208022,99.10,181521,173111,104.86
2022/03/23,558999,518357,107.84,138617,130467,106.25
2022/03/22,294469,246468,119.48,239063,207567,115.17
2022/03/21,319031,269398,118.42,222152,195009,113.92
2022/03/18,255873,259888,98.46,193932,178240,108.80
2022/03/17,349664,307613,113.67,170119,143382,118.65
2022/03/16,937521,891799,105.13,92435,97411,94.89
2022/03/15,532678,553456,96.25,299940,320280,93.65
2022/03/14,366693,357448,102.59,287903,280897,102.49
2022/03/11,334542,340348,98.29,263577,257057,102.54
2022/03/10,315827,291993,108.16,251637,216792,116.07
2022/03/09,738197,714059,103.38,192558,189460,101.64
2022/03/08,606159,620392,97.71,280671,330126,85.02
2022/03/07,465729,528957,88.05,252194,282810,89.17
2022/03/04,310186,309826,100.12,254512,220356,115.50
2022/03/03,273702,230871,118.55,234741,186644,125.77
2022/03/02,614607,588843,104.38,177606,153799,115.48
2022/03/01,471378,401319,117.46,294714,236317,124.71
2022/04/29,355028,346233,102.54,216321,203502,106.30
2022/04/28,289143,268713,107.60,175709,183850,95.57
2022/04/27,879506,811556,108.37,114764,143473,79.99
2022/04/26,403741,377511,106.95,231710,275693,84.05
2022/04/25,505020,474603,106.41,211474,251526,84.08
2022/04/22,318982,304526,104.75,179218,188506,95.07
2022/04/21,219238,217340,100.87,137711,152541,90.28
2022/04/20,542599,577107,94.02,89427,97865,91.38
2022/04/19,393990,342427,115.06,289843,308699,93.89
2022/04/18,303406,289137,104.94,265208,300515,88.25
2022/04/15,305529,353828,86.35,247323,272505,90.76
2022/04/14,177997,179967,98.91,234513,227762,102.96
2022/04/13,700839,585537,119.69,201684,191442,105.35
2022/04/12,429520,396935,108.21,286218,310926,92.05
2022/04/11,393385,436527,90.12,256583,292463,87.73
2022/04/08,263986,242090,109.04,237370,257577,92.15
2022/04/07,289196,342758,84.37,206676,233247,88.61
2022/04/06,466653,433180,107.73,173693,165001,105.27
2022/04/01,293726,284200,103.35,221405,213579,103.66
2022/05/31,418054,392091,106.62,299283,221308,135.23
2022/05/30,444981,392623,113.34,277318,214658,129.19
2022/05/27,318188,273641,116.28,220013,203524,108.10
2022/05/26,299644,305141,98.20,178950,188363,95.00
2022/05/25,691291,618984,111.68,134488,133425,100.80
2022/05/24,449903,480302,93.67,239679,251925,95.14
2022/05/23,509727,498259,102.30,226185,232113,97.45
2022/05/20,362355,330940,109.49,192051,198457,96.77
2022/05/19,319903,308333,103.75,157617,178158,88.47
2022/05/18,644813,620997,103.84,98703,95218,103.66
2022/05/17,380112,321594,118.20,285807,297261,96.15
2022/05/16,381721,347223,109.94,266532,296995,89.74
2022/05/13,355834,306209,116.21,238244,270300,88.14
2022/05/12,371097,409841,90.55,201238,250555,80.32
2022/05/11,637947,683582,93.32,156458,188111,83.17
2022/05/10,542430,520426,104.23,256867,316636,81.12
2022/05/09,413251,454571,90.91,228168,298968,76.32
2022/05/06,358614,374658,95.72,211314,262149,80.61
2022/05/05,255824,255784,100.02,183644,207543,88.48
2022/05/04,485769,450631,107.80,141342,157389,89.80
2022/05/03,349684,337224,103.69,243750,240918,101.18
2022/06/30,264647,342480,77.27,155391,251875,61.69
2022/06/29,616960,648105,95.19,124662,178638,69.78
2022/06/28,327392,395841,82.71,237437,276941,85.74
2022/06/27,362935,305824,118.67,228664,254172,89.96
2022/06/24,291828,346305,84.27,185904,249552,74.50
2022/06/23,369139,394139,93.66,156934,226439,69.31
2022/06/22,623402,698983,89.19,108554,158461,68.51
2022/06/21,404696,348798,116.03,228839,256738,89.13
2022/06/20,371060,439658,84.40,189468,258560,73.28
2022/06/17,398281,375892,105.96,170860,213696,79.95
2022/06/16,290255,324850,89.35,136050,159900,85.08
2022/06/15,589442,628009,93.86,82192,97117,84.63
2022/06/14,538095,549601,97.91,279740,321714,86.95
2022/06/13,419550,491408,85.38,251040,287951,87.18
2022/06/10,312129,321801,96.99,237384,240750,98.60
2022/06/09,211679,192239,110.11,217867,207684,104.90
2022/06/08,601503,512074,117.46,185242,172623,107.31
2022/06/07,389000,420310,92.55,253916,256244,99.09
2022/06/06,361722,343179,105.40,236387,223687,105.68
2022/06/02,249935,232637,107.44,200134,200260,99.94
2022/06/01,671467,692148,97.01,162536,156838,103.63
2022/07/29,254233,239698,106.06,190761,213633,89.29
2022/07/28,198319,228826,86.67,161947,197935,81.82
2022/07/27,457142,523587,87.31,114328,152016,75.21
2022/07/26,294342,328832,89.51,197203,240773,81.90
2022/07/25,260738,219125,118.99,185341,204496,90.63
2022/07/22,218877,224273,97.59,157978,189829,83.22
2022/07/21,232165,232539,99.84,129021,159655,80.81
2022/07/20,566014,587136,96.40,70344,122815,57.28
2022/07/19,332266,337353,98.49,276368,322095,85.80
2022/07/18,347600,297182,116.97,255302,304094,83.95
2022/07/15,352489,331703,106.27,227974,290545,78.46
2022/07/14,319807,297995,107.32,201543,269849,74.69
2022/07/13,664858,695857,95.55,160754,230232,69.82
2022/07/12,423021,508624,83.17,250227,361529,69.21
2022/07/11,346411,377265,91.82,246951,322576,76.56
2022/07/08,342715,319188,107.37,224690,294601,76.27
2022/07/07,304962,352191,86.59,187163,269647,69.41
2022/07/06,676328,804474,84.07,129886,235752,55.09
2022/07/05,442404,544575,81.24,216081,360789,59.89
2022/07/04,368687,453961,81.22,194052,339186,57.21
2022/07/01,401513,508036,79.03,166126,302167,54.98
2022/08/31,775756,722885,107.31,137975,149844,92.08
2022/08/30,364776,344483,105.89,230039,254297,90.46
2022/08/29,429204,494365,86.82,197557,259446,76.15
2022/08/26,218619,207953,105.13,181538,177102,102.50
2022/08/25,208748,189560,110.12,153924,164552,93.54
2022/08/24,410304,410590,99.93,106838,134729,79.30
2022/08/23,296261,332071,89.22,180403,229484,78.61
2022/08/22,231112,260350,88.77,171114,191551,89.33
2022/08/19,204060,184283,110.73,152548,154205,98.93
2022/08/18,172481,181799,94.87,119384,135315,88.23
2022/08/17,394527,419984,93.94,75733,90740,83.46
2022/08/16,268019,249410,107.46,299263,256460,116.69
2022/08/15,301407,285069,105.73,280770,246667,113.83
2022/08/12,279480,263564,106.04,252689,231611,109.10
2022/08/11,299222,281785,106.19,227898,218636,104.24
2022/08/10,405346,434976,93.19,169783,187913,90.35
2022/08/09,333132,336644,98.96,278427,261846,106.33
2022/08/08,240252,233744,102.78,259272,251579,103.06
2022/08/05,307465,255467,120.35,237435,223842,106.07
2022/08/04,233969,248161,94.28,191220,224822,85.05
2022/08/03,518121,521479,99.36,151791,183974,82.51
2022/08/02,375008,353468,106.09,221534,272993,81.15
2022/08/01,228955,239466,95.61,211906,241246,87.84
2022/09/30,345475,380331,90.84,166196,262157,63.40
2022/09/29,284150,312788,90.84,149386,226271,66.02
2022/09/28,728579,752816,96.78,102921,170177,60.48
2022/09/27,359210,382373,93.94,201175,297486,67.63
2022/09/26,419191,483183,86.76,175657,281452,62.41
2022/09/23,239402,312687,76.56,159302,212944,74.81
2022/09/22,258425,291428,88.68,133923,167813,79.80
2022/09/21,523687,532812,98.29,72676,95061,76.45
2022/09/20,348577,348699,99.97,254193,289640,87.76
2022/09/19,286745,320116,89.58,238078,287297,82.87
2022/09/16,258554,277178,93.28,221664,260268,85.17
2022/09/15,244658,233885,104.61,212106,232830,91.10
2022/09/14,701733,715401,98.09,172306,191754,89.86
2022/09/13,293724,263201,111.60,277769,245213,113.28
2022/09/12,357528,299187,119.50,241835,226643,106.70
2022/09/08,235519,234484,100.44,186862,213026,87.72
2022/09/07,559708,668554,83.72,142033,182834,77.68
2022/09/06,289274,305340,94.74,240153,293054,81.95
2022/09/05,359247,401713,89.43,218523,272136,80.30
2022/09/02,294357,327011,90.01,192453,259955,74.03
2022/09/01,267024,305988,87.27,172008,222389,77.35
2022/10/31,335629,331775,101.16,211120,270888,77.94
2022/10/28,242133,314620,76.96,183725,255995,71.77
2022/10/27,262384,246070,106.63,172125,217226,79.24
2022/10/26,599932,610733,98.23,120551,184313,65.41
2022/10/25,512184,677823,75.56,198660,307963,64.51
2022/10/24,436846,466263,93.69,189637,269041,70.49
2022/10/21,339210,383744,88.39,156619,237951,65.82
2022/10/20,314636,382355,82.29,125497,206104,60.89
2022/10/19,815398,838709,97.22,79269,133387,59.43
2022/10/18,511435,557978,91.66,273496,356506,76.72
2022/10/17,488871,576890,84.74,244520,349760,69.91
2022/10/14,586162,571547,102.56,234167,292719,80.00
2022/10/13,270312,322927,83.71,180957,276154,65.53
2022/10/12,696741,721624,96.55,151273,222728,67.92
2022/10/11,501049,614257,81.57,203881,347090,58.74
2022/10/07,254977,288667,88.33,196662,265200,74.16
2022/10/06,271672,272921,99.54,183050,228787,80.01
2022/10/05,773774,775097,99.83,142608,191132,74.61
2022/10/04,411368,381605,107.80,234793,297138,79.02
2022/10/03,378219,424114,89.18,194117,295074,65.79
2022/11/30,620167,595430,104.15,179047,172111,104.03
2022/11/29,535672,478282,112.00,277993,271470,102.40
2022/11/28,394034,468035,84.19,236322,268143,88.13
2022/11/25,177057,217076,81.56,228380,228621,99.89
2022/11/24,278108,235328,118.18,213343,200270,106.53
2022/11/23,491088,512227,95.87,142883,164636,86.79
2022/11/22,406520,373980,108.70,247722,272975,90.75
2022/11/21,305597,361856,84.45,227887,261880,87.02
2022/11/18,441924,480260,92.02,211912,232137,91.29
2022/11/17,287477,323943,88.74,180864,202882,89.15
2022/11/16,958392,990659,96.74,128247,140040,91.58
2022/11/15,679966,640556,106.15,385488,287150,134.25
2022/11/14,467003,473773,98.57,328728,282857,116.22
2022/11/11,610963,585214,104.40,295701,249719,118.41
2022/11/10,235106,289388,81.24,217949,246248,88.51
2022/11/09,740489,658028,112.53,189771,195799,96.92
2022/11/08,443876,371521,119.48,286149,281443,101.67
2022/11/07,513527,468263,109.67,256642,281518,91.16
2022/11/04,266651,313097,85.17,210510,276178,76.22
2022/11/03,222046,262260,84.67,184475,249989,73.79
2022/11/02,454421,461344,98.50,145570,193033,75.41
2022/11/01,385863,358347,107.68,243505,279415,87.15
2022/12/30,267914,242514,110.47,181756,182152,99.78
2022/12/29,236242,237728,99.37,154288,170330,90.58
2022/12/28,499344,539510,92.56,116596,134997,86.37
2022/12/27,263612,235746,111.82,217199,212751,102.09
2022/12/26,243087,224334,108.36,198202,209745,94.50
2022/12/23,302606,317923,95.18,174732,195799,89.24
2022/12/22,242926,236282,102.81,158137,153018,103.35
2022/12/21,549666,504102,109.04,98411,106093,92.76
2022/12/20,524043,547596,95.70,256677,344327,74.54
2022/12/19,345581,336610,102.67,267433,312975,85.45
2022/12/16,356398,437503,81.46,254810,287516,88.62
2022/12/15,250900,272602,92.04,237220,253624,93.53
2022/12/14,734115,685153,107.15,204050,213108,95.75
2022/12/13,255353,281901,90.58,264313,310821,85.04
2022/12/12,297863,356362,83.58,259670,289497,89.70
2022/12/09,268499,248368,108.11,251307,262600,95.70
2022/12/08,240248,310846,77.29,221976,255563,86.86
2022/12/07,745512,685717,108.72,192825,202677,95.14
2022/12/06,377527,505634,74.66,274442,311103,88.22
2022/12/05,350655,377393,92.92,277742,277225,100.19
2022/12/02,238163,276974,85.99,248768,251382,98.96
2022/12/01,327968,364545,89.97,234664,222416,105.51
2023/01/31,273744,330999,82.70,138214,170220,81.20
2023/01/30,349525,410532,85.14,89495,87502,102.28
2023/01/17,142037,147777,96.12,200645,191808,104.61
2023/01/16,195256,200493,97.39,189684,180133,105.30
2023/01/13,261440,305050,85.70,176152,175608,100.31
2023/01/12,147592,164753,89.58,161427,160363,100.66
2023/01/11,553048,555559,99.55,142750,131979,108.16
2023/01/10,479056,469606,102.01,301387,227327,132.58
2023/01/09,596922,484056,123.32,276672,193739,142.81
2023/01/06,285047,262552,108.57,214223,197219,108.62
2023/01/05,224444,228660,98.16,172712,184092,93.82
2023/01/04,563562,559566,100.71,135015,145210,92.98
2023/01/03,493351,496771,99.31,222208,207378,107.15
2023/02/24,300841,290596,103.53,254702,208935,121.90
2023/02/23,315061,267524,117.77,234335,181113,129.39
2023/02/22,501565,517194,96.98,166774,157273,106.04
2023/02/21,209850,200587,104.62,256113,229380,111.65
2023/02/20,310725,264939,117.28,241534,214613,112.54
2023/02/17,269439,285400,94.41,209834,198049,105.95
2023/02/16,249731,216067,115.58,185223,158674,116.73
2023/02/15,701234,738813,94.91,126910,126021,100.71
2023/02/14,296406,264638,112.00,281937,246165,114.53
2023/02/13,284562,335607,84.79,262026,241530,108.49
2023/02/10,283253,305030,92.86,241910,207141,116.79
2023/02/09,184452,179394,102.82,215255,178170,120.81
2023/02/08,550057,486557,113.05,172508,140816,122.51
2023/02/07,338851,341292,99.28,245734,232426,105.73
2023/02/06,290708,336046,86.51,221044,211053,104.73
2023/02/03,253053,253651,99.76,200888,182160,110.28
2023/02/02,265711,243436,109.15,174915,157141,111.31
2023/02/01,398264,441790,90.15,112610,127496,88.32
2023/03/31,237440,214454,110.72,219968,173617,126.70
2023/03/30,218338,171022,127.67,191965,157249,122.08
2023/03/29,459961,414152,111.06,148921,132514,112.38
2023/03/28,324818,405392,80.12,261027,235261,110.95
2023/03/27,314271,309820,101.44,254105,206841,122.85
2023/03/24,326549,268527,121.61,234709,169450,138.51
2023/03/23,324445,258090,125.71,209628,151344,138.51
2023/03/22,639480,488793,130.83,143100,117556,121.73
2023/03/21,459624,333304,137.90,262955,218221,120.50
2023/03/20,310832,259393,119.83,231983,206494,112.34
2023/03/17,339502,284700,119.25,210455,184515,114.06
2023/03/16,391252,385941,101.38,166777,174888,95.36
2023/03/15,635665,581629,109.29,109266,112427,97.19
2023/03/14,445256,519489,85.71,289526,324915,89.11
2023/03/13,411840,444899,92.57,276590,298830,92.56
2023/03/10,348072,454067,76.66,243160,275236,88.35
2023/03/09,180744,195626,92.39,233350,214196,108.94
2023/03/08,479267,556461,86.13,199273,176990,112.59
2023/03/07,327677,256361,127.82,323867,233468,138.72
2023/03/06,387441,315096,122.96,297072,226273,131.29
2023/03/03,263885,236534,111.56,262573,216564,121.24
2023/03/02,228709,233322,98.02,230729,193184,119.43
2023/03/01,561623,528102,106.35,194170,159037,122.09
2023/04/28,297937,261200,114.06,191779,173868,110.30
2023/04/27,217806,220289,98.87,153820,160116,96.07
2023/04/26,509978,572352,89.10,116175,133979,86.71
2023/04/25,441499,505175,87.40,184958,248233,74.51
2023/04/24,255672,276773,92.38,183386,203380,90.17
2023/04/21,283802,349018,81.31,155202,181102,85.70
2023/04/20,213816,249285,85.77,130390,143228,91.04
2023/04/19,448162,461735,97.06,89703,94536,94.89
2023/04/18,285448,303317,94.11,271517,244576,111.02
2023/04/17,246155,255252,96.44,254332,222427,114.34
2023/04/14,296924,267989,110.80,238431,200086,119.16
2023/04/13,235958,273795,86.18,203193,191195,106.28
2023/04/12,353389,333830,105.86,166762,139840,119.25
2023/04/11,366639,340053,107.82,262600,202487,129.69
2023/04/10,202513,165526,122.35,222006,186562,119.00
2023/04/07,184552,160417,115.05,197448,164964,119.69
2023/04/06,379068,338050,112.13,156830,136801,114.64
2023/05/31,806273,859239,93.84,168377,165444,101.77
2023/05/30,299154,308626,96.93,297207,270884,109.72
2023/05/29,446570,446574,100.00,275882,247810,111.33
2023/05/26,413890,395565,104.63,251999,209485,120.29
2023/05/25,332796,333497,99.79,197721,179988,109.85
2023/05/24,452906,475363,95.28,140593,135800,103.53
2023/05/23,308322,280699,109.84,253798,225464,112.57
2023/05/22,215217,212034,101.50,233973,206215,113.46
2023/05/19,293117,328187,89.31,221496,186722,118.62
2023/05/18,330331,319377,103.43,191723,149437,128.30
2023/05/17,693991,722389,96.07,126006,103870,121.31
2023/05/16,454497,400709,113.42,282799,239253,118.20
2023/05/15,298628,286357,104.29,249292,262900,94.82
2023/05/12,345333,349534,98.80,229552,239871,95.70
2023/05/11,298444,311654,95.76,206831,207558,99.65
2023/05/10,398492,495469,80.43,159813,165512,96.56
2023/05/09,261578,264103,99.04,262545,227349,115.48
2023/05/08,341595,270977,126.06,244887,212421,115.28
2023/05/05,279443,258346,108.17,216349,192073,112.64
2023/05/04,212818,182399,116.68,184204,167220,110.16
2023/05/03,416701,432224,96.41,134591,135190,99.56
2023/05/02,361899,280780,128.89,232917,193310,120.49
2023/06/30,274869,249925,109.98,200375,191662,104.55
2023/06/29,282699,299994,94.23,171713,166082,103.39
2023/06/28,439542,450283,97.61,111712,112144,99.61
2023/06/27,377072,371020,101.63,174369,203342,85.75
2023/06/26,252846,261715,96.61,148977,159199,93.58
2023/06/21,433352,423931,102.22,89396,98955,90.34
2023/06/20,346368,383557,90.30,320506,304277,105.33
2023/06/19,284900,306382,92.99,313885,281709,111.42
2023/06/16,257381,299094,86.05,289369,266983,108.38
2023/06/15,264405,278866,94.81,260874,236623,110.25
2023/06/14,584250,656080,89.05,213373,190375,112.08
2023/06/13,532159,546222,97.43,331586,254913,130.08
2023/06/12,365626,344013,106.28,295411,261733,112.87
2023/06/09,276201,267694,103.18,258770,249895,103.55
2023/06/08,306606,367030,83.54,221215,241968,91.42
2023/06/07,546285,507828,107.57,180961,178490,101.38
2023/06/06,318831,314423,101.40,298255,271384,109.90
2023/06/05,363679,412850,88.09,275139,259357,106.09
2023/06/02,358093,320129,111.86,252448,220493,114.49
2023/06/01,242908,252221,96.31,212656,209178,101.66
2023/07/31,540106,563899,95.78,216662,229578,94.37
2023/07/28,368622,353228,104.36,202573,185998,108.91
2023/07/27,315805,267311,118.14,168749,156824,107.60
2023/07/26,530702,558913,94.95,113085,122807,92.08
2023/07/25,470314,410865,114.47,227995,203340,112.13
2023/07/24,361647,353003,102.45,186669,210717,88.59
2023/07/21,383253,401251,95.51,166474,190761,87.27
2023/07/20,254230,242818,104.70,137618,142023,96.90
2023/07/19,655303,709325,92.38,86714,101203,85.68
2023/07/18,473320,479256,98.76,275790,244302,112.89
2023/07/17,344452,326692,105.44,271590,223655,121.43
2023/07/14,364084,333518,109.16,251424,200494,125.40
2023/07/13,487838,461742,105.65,225198,190725,118.07
2023/07/12,635135,624962,101.63,155460,150805,103.09
2023/07/11,559837,432468,129.45,296359,231482,128.03
2023/07/10,474713,441629,107.49,243749,249945,97.52
2023/07/07,430715,413806,104.09,216158,231488,93.38
2023/07/06,367577,405444,90.66,183748,203268,90.40
2023/07/05,385369,385381,100.00,146164,134759,108.46
2023/07/04,349537,311462,112.22,268166,208952,128.34
2023/07/03,384514,317593,121.07,243753,195676,124.57
2023/08/31,234382,221295,105.91,183984,193427,95.12
2023/08/30,574664,499183,115.12,151873,152000,99.92
2023/08/29,377637,326807,115.55,259017,267514,96.82
2023/08/28,343160,351263,97.69,241548,260914,92.58
2023/08/25,371221,405294,91.59,216038,244531,88.35
2023/08/24,359634,308918,116.42,197773,171281,115.47
2023/08/23,636466,540768,117.70,137693,132639,103.81
2023/08/22,387077,359543,107.66,232965,241914,96.30
2023/08/21,393278,385903,101.91,212541,231543,91.79
2023/08/18,395031,391480,100.91,191454,205522,93.15
2023/08/17,346612,359680,96.37,155979,170839,91.30
2023/08/16,639781,633863,100.93,91296,123251,74.07
2023/08/15,427970,429508,99.64,243921,335781,72.64
2023/08/14,441236,581651,75.86,220698,325724,67.76
2023/08/11,382062,403021,94.80,213757,268355,79.65
2023/08/10,363886,410131,88.72,185983,248670,74.79
2023/08/09,697842,694127,100.54,143666,174880,82.15
2023/08/08,478968,480603,99.66,251263,265775,94.54
2023/08/07,473168,406950,116.27,232360,222736,104.32
2023/08/04,340592,347793,97.93,178614,211290,84.53
2023/08/02,711917,745862,95.45,130019,161672,80.42
2023/08/01,392457,374162,104.89,246839,242409,101.83
2023/09/28,283833,272022,104.34,166908,192291,86.80
2023/09/27,532947,505175,105.50,120829,147928,81.68
2023/09/26,421773,409734,102.94,230982,265937,86.86
2023/09/25,333852,271788,122.84,228459,228604,99.94
2023/09/22,289330,276500,104.64,189011,228409,82.75
2023/09/21,286885,344468,83.28,151640,202302,74.96
2023/09/20,564784,546200,103.40,96992,119608,81.09
2023/09/19,343279,384271,89.33,276245,302503,91.32
2023/09/18,292397,352765,82.89,274693,275187,99.82
2023/09/15,278525,231973,120.07,261610,221675,118.02
2023/09/14,339219,273437,124.06,243539,206315,118.04
2023/09/13,489468,436268,112.19,179325,178957,100.21
2023/09/12,374338,347670,107.67,277003,275107,100.69
2023/09/11,314001,390462,80.42,246445,274340,89.83
2023/09/08,263273,254575,103.42,240248,236515,101.58
2023/09/07,249520,252805,98.70,207695,213423,97.32
2023/09/06,436335,427740,102.01,166813,166136,100.41
2023/09/05,219787,194175,113.19,259908,240893,107.89
2023/09/04,350127,311603,112.36,242994,222804,109.06
2023/09/01,248350,239019,103.90,212099,208233,101.86
2023/10/31,411592,538977,76.37,262079,313515,83.59
2023/10/30,331785,339871,97.62,262483,271497,96.68
2023/10/27,296414,282028,105.10,246451,239295,102.99
2023/10/26,322752,366523,88.06,204850,226813,90.32
2023/10/25,644419,560472,114.98,157491,151594,103.89
2023/10/24,558839,593490,94.16,265531,268334,98.96
2023/10/23,279797,364490,76.76,227770,240800,94.59
2023/10/20,366192,398481,91.90,206799,205419,100.67
2023/10/19,239227,254568,93.97,167863,179978,93.27
2023/10/18,743139,752470,98.76,119632,128759,92.91
2023/10/17,382496,425899,89.81,270190,305270,88.51
2023/10/16,354184,395308,89.60,253791,292944,86.63
2023/10/13,264678,282865,93.57,228307,245467,93.01
2023/10/12,274461,262294,104.64,208136,195204,106.62
2023/10/11,626528,597555,104.85,151397,162654,93.08
2023/10/06,281278,254116,110.69,218779,224696,97.37
2023/10/05,318689,263610,120.89,198476,213233,93.08
2023/10/04,672538,662379,101.53,130130,171859,75.72
2023/10/03,384135,364240,105.46,240901,245358,98.18
2023/10/02,382790,286967,133.39,229082,202863,112.92
2023/11/30,251941,253794,99.27,256154,222622,115.06
2023/11/29,493450,507026,97.32,194199,185594,104.64
2023/11/28,436800,383660,113.85,302300,262862,115.00
2023/11/27,286550,351234,81.58,256183,265621,96.45
2023/11/24,183601,196453,93.46,243602,230448,105.71
2023/11/23,262264,269790,97.21,220400,210587,104.66
2023/11/22,431179,524481,82.21,172542,164315,105.01
2023/11/21,441394,328856,134.22,296088,230540,128.43
2023/11/20,248786,247303,100.60,259263,234330,110.64
2023/11/17,284653,241082,118.07,241398,203789,118.45
2023/11/16,277788,311718,89.12,194718,184099,105.77
2023/11/15,743548,766918,96.95,136308,124979,109.06
2023/11/14,345542,310357,111.34,347952,292164,119.09
2023/11/13,531607,538007,98.81,321818,284488,113.12
2023/11/10,307911,291630,105.58,288458,254313,113.43
2023/11/09,226158,228940,98.78,268140,232962,115.10
2023/11/08,587843,540559,108.75,227607,191395,118.92
2023/11/07,333526,283185,117.78,367409,280618,130.93
2023/11/06,461464,410106,112.52,355426,265158,134.04
2023/11/03,360316,304500,118.33,295057,256138,115.19
2023/11/02,364414,317179,114.89,250132,228159,109.63
2023/11/01,549175,545989,100.58,171274,187896,91.15
2023/12/29,148838,155853,95.50,231446,195144,118.60
2023/12/28,159728,173001,92.33,206720,175567,117.74
2023/12/27,394078,404830,97.34,165374,136709,120.97
2023/12/26,265706,194444,136.65,282865,209606,134.95
2023/12/25,232516,186009,125.00,253891,210657,120.52
2023/12/22,221895,214728,103.34,218654,199737,109.47
2023/12/21,287853,272089,105.79,188765,179415,105.21
2023/12/20,457687,428991,106.69,124780,118243,105.53
2023/12/19,340106,421038,80.78,357450,318807,112.12
2023/12/18,272054,267433,101.73,356153,286557,124.29
2023/12/15,291504,286086,101.89,322404,256225,125.83
2023/12/14,304151,306959,99.09,282391,230616,122.45
2023/12/13,429815,497178,86.45,224314,208763,107.45
2023/12/12,319097,300432,106.21,337637,301439,112.01
2023/12/11,289275,286748,100.88,321435,280135,114.74
2023/12/08,309277,287980,107.40,297351,261599,113.67
2023/12/07,233178,245931,94.81,251000,245158,102.38
2023/12/06,546188,524605,104.11,209699,200447,104.62
2023/12/05,402115,452693,88.83,316027,302112,104.61
2023/12/04,319074,326763,97.65,318144,274742,115.80
2023/12/01,258758,281684,91.86,289536,246266,117.57
2024/01/31,470319,509400,92.33,156553,148044,105.75
2024/01/30,283644,306884,92.43,304400,241664,125.96
2024/01/29,394462,286048,137.90,292818,222934,131.35
2024/01/26,219266,235482,93.11,291028,208422,139.63
2024/01/25,295017,275913,106.92,261050,190975,136.69
2024/01/24,482456,431418,111.83,179842,144403,124.54
2024/01/23,309090,315100,98.09,316624,227991,138.88
2024/01/22,420350,452658,92.86,285391,216650,131.73
2024/01/19,502184,497896,100.86,251940,179295,140.52
2024/01/18,224401,233658,96.04,179102,165618,108.14
2024/01/17,724857,680032,106.59,125485,123263,101.80
2024/01/16,393368,438864,89.63,289490,327751,88.33
2024/01/15,373638,453784,82.34,280440,288272,97.28
2024/01/12,203780,243486,83.69,251139,257906,97.38
2024/01/11,191095,227178,84.12,223451,220634,101.28
2024/01/10,599686,636875,94.16,185012,187879,98.47
2024/01/09,475076,595282,79.81,282351,307680,91.77
2024/01/08,412851,427915,96.48,272158,286612,94.96
2024/01/05,231829,282379,82.10,237001,271120,87.42
2024/01/04,216421,239988,90.18,216085,229843,94.01
2024/01/03,622854,729547,85.38,177203,178062,99.52
2024/01/02,309583,404231,76.59,263673,246495,106.97
2024/02/29,500698,472765,105.91,169020,132997,127.09
2024/02/27,434683,389808,111.51,270943,230236,117.68
2024/02/26,272427,248672,109.55,267721,219089,122.20
2024/02/23,329424,303940,108.38,235822,201870,116.82
2024/02/22,267082,233894,114.19,186914,166820,112.05
2024/02/21,530815,533059,99.58,121339,113721,106.70
2024/02/20,338723,270804,125.08,323128,227693,141.91
2024/02/19,298033,230649,129.21,293043,213175,137.47
2024/02/16,210476,197648,106.49,261721,182152,143.68
2024/02/15,455336,465100,97.90,206320,137270,150.30
2024/02/05,198369,194455,102.01,240848,202494,118.94
2024/02/02,163417,153188,106.68,217520,181635,119.76
2024/02/01,179571,178607,100.54,193923,173754,111.61
2024/03/29,269873,262549,102.79,239929,186726,128.49
2024/03/28,275480,294306,93.60,207102,174028,119.00
2024/03/27,568149,591229,96.10,153172,116601,131.36
2024/03/26,777069,794644,97.79,282184,244009,115.64
2024/03/25,311718,295316,105.55,272373,201019,135.50
2024/03/22,363887,425648,85.49,244186,183228,133.27
2024/03/21,390100,349762,111.53,212821,136090,156.38
2024/03/20,774498,785659,98.58,117630,93661,125.59
2024/03/19,467923,492139,95.08,394128,302032,130.49
2024/03/18,378264,350437,107.94,367608,287373,127.92
2024/03/15,327645,362154,90.47,329457,270271,121.90
2024/03/14,307662,313179,98.24,306122,231277,132.36
2024/03/13,802354,863918,92.87,250636,179734,139.45
2024/03/12,517865,475101,109.00,390052,287946,135.46
2024/03/11,501666,577208,86.91,373050,281884,132.34
2024/03/08,585096,651094,89.86,340754,253244,134.56
2024/03/07,455208,468959,97.07,309424,210458,147.02
2024/03/06,798221,778637,102.52,217287,153267,141.77
2024/03/05,513761,519266,98.94,353419,250563,141.05
2024/03/04,568828,529900,107.35,309961,212527,145.85
2024/03/01,269706,245507,109.86,226663,177396,127.77
2024/04/30,342647,312945,109.49,309944,219162,141.42
2024/04/29,447886,369013,121.37,298102,198142,150.45
2024/04/26,533265,496737,107.35,265371,196103,135.32
2024/04/25,309908,321282,96.46,216020,180606,119.61
2024/04/24,761370,766678,99.31,174284,112463,154.97
2024/04/23,443853,454643,97.63,274954,292002,94.16
2024/04/22,526008,532095,98.86,239908,283265,84.69
2024/04/19,846097,899825,94.03,209808,245347,85.51
2024/04/18,378179,386784,97.78,212280,171742,123.60
2024/04/17,947787,903469,104.91,141624,116410,121.66
2024/04/16,842372,960327,87.72,279085,350375,79.65
2024/04/15,478212,547619,87.33,297839,283219,105.16
2024/04/12,319023,322907,98.80,285756,224919,127.05
2024/04/11,320369,332669,96.30,256865,203080,126.48
2024/04/10,643748,612979,105.02,193925,141593,136.96
2024/04/09,681581,568719,119.84,322623,203231,158.75
2024/04/08,340472,289138,117.75,243610,188411,129.30
2024/04/03,681157,662757,102.78,169720,134843,125.86
2024/04/02,516507,424646,121.63,313259,226581,138.25
2024/04/01,343800,345861,99.40,268250,223431,120.06
2024/05/31,426181,421657,101.07,239652,219081,109.39
2024/05/30,330179,344096,95.96,208344,189528,109.93
2024/05/29,543743,599818,90.65,163530,120990,135.16
2024/05/28,344539,299765,114.94,301490,188405,160.02
2024/05/27,424414,368445,115.19,273101,179433,152.20
2024/05/24,319106,297136,107.39,229769,177256,129.63
2024/05/23,224712,237450,94.64,197107,155454,126.79
2024/05/22,632550,637557,99.21,152076,107803,141.07
2024/05/21,358968,386350,92.91,246742,223521,110.39
2024/05/20,386710,402131,96.17,231864,203495,113.94
2024/05/17,238429,252114,94.57,209160,166404,125.69
2024/05/16,342996,353477,97.03,188162,149271,126.05
2024/05/15,860739,838578,102.64,125938,86668,145.31
2024/05/14,362189,323946,111.81,330146,220916,149.44
2024/05/13,415450,412635,100.68,299808,221501,135.35
2024/05/10,330880,299136,110.61,282172,196249,143.78
2024/05/09,263509,242213,108.79,247297,179496,137.77
2024/05/08,535749,524851,102.08,201353,138159,145.74
2024/05/07,408986,418621,97.70,311166,239162,130.11
2024/05/06,470779,432278,108.91,288901,213232,135.49
2024/05/03,374179,376788,99.31,245372,192926,127.18
2024/05/02,616069,611284,100.78,179008,138668,129.09
2024/06/28,352323,325562,108.22,200112,184524,108.45
2024/06/27,293283,275791,106.34,174532,175127,99.66
2024/06/26,722353,680529,106.15,120616,120446,100.14
2024/06/25,533323,533114,100.04,217618,244033,89.18
2024/06/24,500817,486523,102.94,191432,215213,88.95
2024/06/21,355692,342226,103.93,188288,162451,115.90
2024/06/20,267350,231037,115.72,163407,122637,133.24
2024/06/19,948501,1005501,94.33,103826,62612,165.82
2024/06/18,533136,469231,113.62,360975,205599,175.57
2024/06/17,322898,259469,124.45,330715,201506,164.12
2024/06/14,359358,309085,116.27,307998,182376,168.88
2024/06/13,447030,400508,111.62,271782,172296,157.74
2024/06/12,741050,734422,100.90,211885,125235,169.19
2024/06/11,414838,433289,95.74,307846,215054,143.15
2024/06/07,282042,268641,104.99,281270,187767,149.80
2024/06/06,450928,403294,111.81,267400,165696,161.38
2024/06/05,922043,862566,106.90,188953,130929,144.32
2024/06/04,509097,558938,91.08,283335,265016,106.91
2024/06/03,558467,543408,102.77,289081,217803,132.73
2024/07/31,718158,781485,91.90,123060,126930,96.95
2024/07/30,434275,562190,77.25,192782,218247,88.33
2024/07/29,311280,358078,86.93,173739,186432,93.19
2024/07/26,574142,562126,102.14,116372,125275,92.89
2024/07/23,418972,411953,101.70,227510,251535,90.45
2024/07/22,500202,634014,78.89,187030,257548,72.62
2024/07/19,407269,476151,85.53,179814,189868,94.70
2024/07/18,290469,316710,91.71,152381,146134,104.27
2024/07/17,708972,750011,94.53,95597,75587,126.47
2024/07/16,514111,522619,98.37,286715,269859,106.25
2024/07/15,388434,422118,92.02,259389,261548,99.17
2024/07/12,377002,458831,82.17,237296,236677,100.26
2024/07/11,295846,262993,112.49,219370,181257,121.03
2024/07/10,658578,697311,94.45,155350,143605,108.18
2024/07/09,524522,558535,93.91,264655,242747,109.03
2024/07/08,455883,416272,109.52,251961,206318,122.12
2024/07/05,180579,187602,96.26,212844,198570,107.19
2024/07/04,332568,300455,110.69,199432,177524,112.34
2024/07/03,679026,562883,120.63,133811,133393,100.31
2024/07/02,454955,488844,93.07,238251,231493,102.92
2024/07/01,366904,324575,113.04,224506,208949,107.45
2024/08/30,217426,230797,94.21,157900,161192,97.96
2024/08/29,200163,263168,76.06,136401,149192,91.43
2024/08/28,528907,547666,96.57,102874,92562,111.14
2024/08/27,267249,322061,82.98,182668,177863,102.70
2024/08/26,318900,356302,89.50,169803,162873,104.25
2024/08/23,249819,290135,86.10,142588,140992,101.13
2024/08/22,182243,212456,85.78,127478,119788,106.42
2024/08/21,471136,554727,84.93,89227,75961,117.46
2024/08/20,271916,277401,98.02,251449,219420,114.60
2024/08/19,289487,265692,108.96,239943,199545,120.25
2024/08/16,295609,266796,110.80,216666,183981,117.77
2024/08/15,228817,225274,101.57,187064,179028,104.49
2024/08/14,523008,479709,109.03,148584,150337,98.83
2024/08/13,299931,258926,115.84,240212,220815,108.78
2024/08/12,275475,288581,95.46,211865,207922,101.90
2024/08/09,238157,249142,95.59,182970,197840,92.48
2024/08/08,165539,200696,82.48,149621,187774,79.68
2024/08/07,635591,588644,107.98,123636,140341,88.10
2024/08/06,278496,454550,61.27,194797,277237,70.26
2024/08/05,341562,493693,69.19,161017,274316,58.70
2024/08/02,386966,488818,79.16,173737,238144,72.95
2024/08/01,245915,246309,99.84,174887,172583,101.34
2024/09/30,406677,459360,88.53,145148,185786,78.13
2024/09/27,310160,364186,85.17,145819,147529,98.84
2024/09/26,210600,207330,101.58,127002,116881,108.66
2024/09/25,599264,590677,101.45,91441,75186,121.62
2024/09/24,338022,348765,96.92,183324,139455,131.46
2024/09/23,238460,221153,107.83,159297,133627,119.21
2024/09/20,272741,261526,104.29,142159,114246,124.43
2024/09/19,240876,211959,113.64,112669,90982,123.84
2024/09/18,473574,520175,91.04,57842,58371,99.09
2024/09/16,211075,205137,102.89,201775,182413,110.61
2024/09/13,227884,217251,104.89,188001,165406,113.66
2024/09/12,315750,299642,105.38,172779,147855,116.86
2024/09/11,590803,515647,114.58,124081,116217,106.77
2024/09/10,384776,382144,100.69,202512,209124,96.84
2024/09/09,409862,396768,103.30,182560,187996,97.11
2024/09/06,250253,226550,110.46,163793,154692,105.88
2024/09/05,212792,206499,103.05,142542,148420,96.04
2024/09/04,640068,717918,89.16,103544,113839,90.96
2024/09/03,243561,309330,78.74,182166,209550,86.93
2024/09/02,253954,330591,76.82,173691,192361,90.29
2024/10/30,495987,489688,101.29,67984,92155,73.77
2024/10/29,360899,509582,70.82,134773,206504,65.26
2024/10/28,312176,380540,82.04,127194,176584,72.03
2024/10/25,159875,187361,85.33,113957,145751,78.19
2024/10/24,189761,237082,80.04,93376,134601,69.37
2024/10/23,390696,526840,74.16,65954,85346,77.28
2024/10/22,336041,383730,87.57,146032,174177,83.84
2024/10/21,215493,265302,81.23,136890,155408,88.08
2024/10/18,329464,393338,83.76,124886,129348,96.55
2024/10/17,145085,160063,90.64,89295,97821,91.28
2024/10/16,691389,703696,98.25,57638,62478,92.25
2024/10/15,367836,305904,120.25,198667,147632,134.57
2024/10/14,242092,245451,98.63,177762,147687,120.36
2024/10/11,228429,211721,107.89,153733,131060,117.30
2024/10/09,548502,495209,110.76,117638,105030,112.00
2024/10/08,296239,344361,86.03,173073,169712,101.98
2024/10/07,320886,303018,105.90,156499,139977,111.80
2024/10/04,605684,621014,97.53,106443,102017,104.34
2024/10/01,333926,362979,92.00,162916,205574,79.25
2024/11/29,215332,227899,94.49,128302,164545,77.97
2024/11/28,254716,281981,90.33,112474,146420,76.82
2024/11/27,519997,602498,86.31,77894,101170,76.99
2024/11/26,292849,393180,74.48,160403,187900,85.37
2024/11/25,246856,242709,101.71,157494,154804,101.74
2024/11/22,323344,320147,101.00,139962,128797,108.67
2024/11/21,191834,231640,82.82,102062,119417,85.47
2024/11/20,596953,570606,104.62,67391,71478,94.28
2024/11/19,482014,435594,110.66,194304,188742,102.95
2024/11/18,289413,319099,90.70,159854,188714,84.71
2024/11/15,224410,221225,101.44,140131,162336,86.32
2024/11/14,248622,292312,85.05,116975,149222,78.39
2024/11/13,690114,640077,107.82,92252,110598,83.41
2024/11/12,387561,516601,75.02,176364,212222,83.10
2024/11/11,263100,327288,80.39,172084,176334,97.59
2024/11/08,243041,227321,106.92,162530,139111,116.83
2024/11/07,285911,276209,103.51,136403,123537,110.41
2024/11/06,563812,566350,99.55,83995,87215,96.31
2024/11/05,278193,280078,99.33,148793,158826,93.68
2024/11/04,213114,200344,106.37,126701,142418,88.96
2024/11/01,212212,271036,78.30,100296,134628,74.50
2024/12/31,253969,317920,79.88,134738,156945,85.85
2024/12/30,183071,230216,79.52,127393,136508,93.32
2024/12/27,172736,163323,105.76,119880,117329,102.17
2024/12/26,80031,93824,85.30,97038,106121,91.44
2024/12/25,365377,384780,94.96,74027,77238,95.84
2024/12/24,303936,327926,92.68,160944,162829,98.84
2024/12/23,399739,323829,123.44,155090,139551,111.13
2024/12/20,208594,278922,74.79,101954,135363,75.32
2024/12/19,223442,265889,84.04,88875,109906,80.86
2024/12/18,600674,617872,97.22,51755,66304,78.06
2024/12/17,292435,282697,103.44,184042,196134,93.83
2024/12/16,336682,356867,94.34,167432,192854,86.82
2024/12/13,208616,257625,80.98,152730,167269,91.31
2024/12/12,196768,197143,99.81,140732,144478,97.41
2024/12/11,534024,556895,95.89,107212,115103,93.14
2024/12/10,319733,368488,86.77,168548,186893,90.18
2024/12/09,181134,188500,96.09,161917,162145,99.86
2024/12/06,180299,196778,91.63,143730,143384,100.24
2024/12/05,141278,135889,103.97,128912,126538,101.88
2024/12/04,531543,494700,107.45,96356,103342,93.24
2024/12/03,415689,345545,120.30,198714,174701,113.75
2024/12/02,369290,304499,121.28,174156,163310,106.64
2025/01/22,468698,442884,105.83,86999,84127,103.41
2025/01/21,255531,283746,90.06,161117,157286,102.44
2025/01/20,224503,227422,98.72,148468,144303,102.89
2025/01/17,287036,366660,78.28,132315,137679,96.10
2025/01/16,228298,228283,100.01,108722,112016,97.06
2025/01/15,506261,569337,88.92,61242,71893,85.18
2025/01/14,353783,370662,95.45,170029,228683,74.35
2025/01/13,401252,574490,69.84,151933,221090,68.72
2025/01/10,182008,237397,76.67,141396,181146,78.06
2025/01/09,229746,296904,77.38,127763,160622,79.54
2025/01/08,537831,640380,83.99,101806,111995,90.90
2025/01/07,426990,437274,97.65,193571,177985,108.76
2025/01/06,400953,334280,119.95,173329,153175,113.16
2025/01/03,225515,238923,94.39,120744,139332,86.66
2025/01/02,393927,522422,75.40,85528,104662,81.72
2025/02/27,225243,250911,89.77,120559,144241,83.58
2025/02/26,644216,557718,115.51,96617,100461,96.17
2025/02/25,360822,397389,90.80,156159,179964,86.77
2025/02/24,224809,228209,98.51,153711,149825,102.59
2025/02/21,236935,198251,119.51,137892,121579,113.42
2025/02/20,160947,182463,88.21,115359,107258,107.55
2025/02/19,463882,475896,97.48,81793,73705,110.97
2025/02/18,224675,175732,127.85,194741,165777,117.47
2025/02/17,273920,251001,109.13,174742,165618,105.51
2025/02/14,204311,241085,84.75,148662,161387,92.12
2025/02/13,202553,200101,101.23,141184,132766,106.34
2025/02/12,469358,456010,102.93,112164,110563,101.45
2025/02/11,260672,257659,101.17,176413,171533,102.84
2025/02/10,263218,280855,93.72,163442,161551,101.17
2025/02/07,170402,131283,129.80,149798,130517,114.77
2025/02/06,166506,152095,109.47,125937,116974,107.66
2025/02/05,448433,403311,111.19,93245,87666,106.36
2025/02/04,268867,257026,104.61,120245,139954,85.92
2025/02/03,286615,356721,80.35,78424,82332,95.25
2025/03/31,386772,477883,80.93,144410,219961,65.65
2025/03/28,292819,357245,81.97,124793,172271,72.44
2025/03/27,193852,230910,83.95,110764,136577,81.10
2025/03/26,452662,444320,101.88,77016,86407,89.13
2025/03/25,332072,310144,107.07,148023,168644,87.77
2025/03/24,294680,318459,92.53,129869,165706,78.37
2025/03/21,228101,239479,95.25,115456,134595,85.78
2025/03/20,214674,210434,102.01,102246,106005,96.45
2025/03/19,548397,585988,93.59,54809,71186,76.99
2025/03/18,326381,296334,110.14,208530,218268,95.54
2025/03/17,300568,278745,107.83,182245,206835,88.11
2025/03/14,282606,264639,106.79,160315,193646,82.79
2025/03/13,298213,313239,95.20,143014,172573,82.87
2025/03/12,711488,631696,112.63,113153,122662,92.25
2025/03/11,432651,537746,80.46,173058,220271,78.57
2025/03/10,316492,348090,90.92,159939,195984,81.61
2025/03/07,239535,262945,91.10,142853,168314,84.87
2025/03/06,191010,209440,91.20,129874,145241,89.42
2025/03/05,687941,623931,110.26,104393,107734,96.90
2025/03/04,521042,511949,101.78,177218,207752,85.30
2025/03/03,316742,378943,83.59,139000,187683,74.06
2025/04/30,461566,459450,100.46,66304,85641,77.42
2025/04/29,294789,302998,97.29,135778,155100,87.54
2025/04/28,209638,209033,100.29,120290,148314,81.10
2025/04/25,260293,249989,104.12,103188,132304,77.99
2025/04/24,160838,212549,75.67,75887,123205,61.59
2025/04/23,601360,510796,117.73,56159,86342,65.04
2025/04/22,264794,289529,91.46,106859,160138,66.73
2025/04/21,123012,162235,75.82,93623,136924,68.38
2025/04/18,163390,181319,90.11,83955,116756,71.91
2025/04/17,169770,180342,94.14,71596,99674,71.83
2025/04/16,456521,491277,92.93,42886,57560,74.51
2025/04/15,291358,248352,117.32,196013,210375,93.17
2025/04/14,275853,272005,101.41,168374,200467,83.99
2025/04/11,280035,326636,85.73,134572,181842,74.00
2025/04/10,127307,234577,54.27,110623,171575,64.48
2025/04/09,561644,760195,73.88,79118,145060,54.54
2025/04/08,142919,321238,44.49,120845,214013,56.47
2025/04/07,163647,180673,90.58,107052,160254,66.80
2025/04/02,635611,548085,115.97,91123,120063,75.90
2025/04/01,453863,386546,117.42,178555,222380,80.29
2025/05/29,154742,166617,92.87,96261,105008,91.67
2025/05/28,521168,500162,104.20,70673,73646,95.96
2025/05/27,208998,253256,82.52,123814,150298,82.38
2025/05/26,296442,278010,106.63,115868,124786,92.85
2025/05/23,186094,196493,94.71,101379,103449,98.00
2025/05/22,148413,159936,92.80,85742,85707,100.04
2025/05/21,470597,418795,112.37,60361,52818,114.28
2025/05/20,308597,315992,97.66,178872,167813,106.59
2025/05/19,223313,272103,82.07,166078,154112,107.76
2025/05/16,188430,167635,112.40,157298,129111,121.83
2025/05/15,164089,166931,98.30,138927,118892,116.85
2025/05/14,592636,526208,112.62,106294,90096,117.98
2025/05/13,364201,364636,99.88,181211,159178,113.84
2025/05/12,225185,203432,110.69,147000,143983,102.10
2025/05/09,194098,202300,95.95,121985,134090,90.97
2025/05/08,140511,162568,86.43,105154,125068,84.08
2025/05/07,517185,550982,93.87,75947,96912,78.37
2025/05/06,268514,284415,94.41,144025,159499,90.30
2025/05/05,305805,351018,87.12,127724,148941,85.75
2025/05/02,229433,230427,99.57,112505,113207,99.38
2025/06/30,191148,195565,97.74,132272,133714,98.92
2025/06/27,150449,176558,85.21,110129,114083,96.53
2025/06/26,125029,146511,85.34,92833,93386,99.41
2025/06/25,469363,494516,94.91,68885,66516,103.56
2025/06/24,410650,362732,113.21,153319,136302,112.48
2025/06/23,265969,291024,91.39,115411,136868,84.32
2025/06/20,178017,217839,81.72,97165,109645,88.62
2025/06/19,151590,176136,86.06,79093,87557,90.33
2025/06/18,532995,524389,101.64,51266,48525,105.65
2025/06/17,294268,310522,94.77,178096,176561,100.87
2025/06/16,229668,242542,94.69,160811,170255,94.45
2025/06/13,259095,262949,98.53,145357,152297,95.44
2025/06/12,164269,179816,91.35,128743,124383,103.51
2025/06/11,466645,449534,103.81,108751,91333,119.07
2025/06/10,374180,320711,116.67,184554,138014,133.72
2025/06/09,203836,188467,108.15,148818,140902,105.62
2025/06/06,172680,171599,100.63,128548,126219,101.85
2025/06/05,141021,147689,95.49,113415,108430,104.60
2025/06/04,575776,444654,129.49,85255,78939,108.00
2025/06/03,319172,272650,117.06,142699,166384,85.76
2025/06/02,246362,344333,71.55,118214,154159,76.68
2025/07/31,188231,192295,97.89,128062,117603,108.89
2025/07/30,467479,451768,103.48,81383,77260,105.34
2025/07/29,256866,313659,81.89,131713,149084,88.35
2025/07/28,210585,218813,96.24,119020,122448,97.20
2025/07/25,239960,274020,87.57,81764,89867,90.98
2025/07/24,162421,181095,89.69,102045,102242,99.81
2025/07/23,516385,499534,103.37,66501,65614,101.35
2025/07/22,367845,401745,91.56,115461,152336,75.79
2025/07/21,154955,172095,90.04,100799,110834,90.95
2025/07/18,340393,350094,97.23,77118,78996,97.62
2025/07/17,167395,159283,105.09,94837,93580,101.34
2025/07/16,517892,447370,115.76,52674,53251,98.92
2025/07/15,310570,282584,109.90,179678,137393,130.78
2025/07/14,177301,211943,83.66,150782,132113,114.13
2025/07/11,327581,297377,110.16,129906,98637,131.70
2025/07/10,210283,193696,108.56,148593,112938,131.57
2025/07/09,432246,414067,104.39,111269,87325,127.42
2025/07/08,259381,294807,87.98,161736,165557,97.69
2025/07/07,202919,226147,89.73,150760,149665,100.73
2025/07/04,187829,213830,87.84,141032,121328,116.24
2025/07/03,165676,161067,102.86,126122,97795,128.97
2025/07/02,408563,410845,99.44,85777,75125,114.18
2025/07/01,341931,385728,88.65,161864,150408,107.62
2025/08/29,430769,422362,101.99,109698,83092,132.02
2025/08/28,248580,289847,85.76,133472,120158,111.08
2025/08/27,491831,433477,113.46,89010,64950,137.04
2025/08/26,286795,266765,107.51,174985,128899,135.75
2025/08/25,368136,299467,122.93,157495,104499,150.71
2025/08/22,415456,406415,102.22,99522,81884,121.54
2025/08/21,315617,292039,108.07,126494,108131,116.98
2025/08/20,649818,775702,83.77,69510,72420,95.98
2025/08/19,231112,241711,95.62,204914,160469,127.70
2025/08/18,302012,267756,112.79,187496,135318,138.56
2025/08/15,396787,398023,99.69,140402,114629,122.48
2025/08/14,222646,228348,97.50,158098,144430,109.46
2025/08/13,619432,589737,105.04,119082,102348,116.35
2025/08/12,235814,249185,94.63,185019,156236,118.42
2025/08/11,296412,297565,99.61,169913,143965,118.02
2025/08/08,321382,344306,93.34,125098,108460,115.34
2025/08/07,370395,332670,111.34,169707,129077,131.48
2025/08/06,437260,480512,91.00,95633,89560,106.78
2025/08/05,326287,271019,120.39,175060,150090,116.64
2025/08/04,256262,283387,90.43,139962,148125,94.49
2025/08/01,429956,498687,86.22,102710,107757,95.32
2025/09/30,337960,289505,116.74,155073,116013,133.67
2025/09/26,707749,746752,94.78,96295,92828,103.73
2025/09/25,269088,274042,98.19,136554,111913,122.02
2025/09/24,738912,733431,100.75,98078,71529,137.12
2025/09/23,438481,418433,104.79,190590,115498,165.02
2025/09/22,266874,230436,115.81,151085,104493,144.59
2025/09/19,605553,594536,101.85,98909,79124,125.01
2025/09/18,355093,320316,110.86,141148,96031,146.98
2025/09/17,473165,547587,86.41,72152,54907,131.41
2025/09/16,368077,301969,121.89,217208,132467,163.97
2025/09/15,249977,227600,109.83,183570,130651,140.50
2025/09/12,457420,387422,118.07,147781,96166,153.67
2025/09/11,376206,383449,98.11,177473,130552,135.94
2025/09/10,673876,617460,109.14,131760,78814,167.18
2025/09/09,362955,288617,125.76,209604,117854,177.85
2025/09/08,396506,326841,121.31,175916,107888,163.05
2025/09/05,451505,360515,125.24,122492,82879,147.80
2025/09/04,407707,330798,123.25,160179,115877,138.23
2025/09/03,712537,618068,115.28,103295,83008,124.44
2025/09/02,390653,365235,106.96,167354,158153,105.82
2025/09/01,389522,417142,93.38,146268,141589,103.30
2025/10/31,478562,506953,94.40,90463,80331,112.61
2025/10/30,312482,338836,92.22,120177,124790,96.30
2025/10/29,513561,466203,110.16,80644,74246,108.62
2025/10/28,251592,296896,84.74,129834,125223,103.68
2025/10/27,391200,383720,101.95,96541,80692,119.64
2025/10/23,224414,242130,92.68,119972,110959,108.12
2025/10/22,612679,628054,97.55,83518,67289,124.12
2025/10/21,343801,325064,105.76,167936,121900,137.77
2025/10/20,377075,321169,117.41,147047,111003,132.47
2025/10/17,574658,644439,89.17,89758,85577,104.89
2025/10/16,355425,351494,101.12,124675,104725,119.05
2025/10/15,802100,783096,102.43,67195,52732,127.43
2025/10/14,551875,543764,101.49,166733,153704,108.48
2025/10/13,448027,459929,97.41,125455,107268,116.95
2025/10/09,247063,236046,104.67,151746,108649,139.67
2025/10/08,595623,643852,92.51,106288,75973,139.90
2025/10/07,377199,318337,118.49,181885,113151,160.75
2025/10/03,569130,561701,101.32,118210,80963,146.00
2025/10/02,360190,336503,107.04,160620,110992,144.71
2025/10/01,694897,644086,107.89,106748,76270,139.96
2025/11/28,371228,287266,129.23,112172,72672,154.35
2025/11/27,319877,257686,124.13,147933,96473,153.34
2025/11/26,652812,569323,114.66,95212,67203,141.68
2025/11/25,380635,346069,109.99,158249,145946,108.43
2025/11/24,280775,311211,90.22,120624,132334,91.15
2025/11/21,666800,809218,82.40,84537,90661,93.25
2025/11/20,374014,332008,112.65,130541,98106,133.06
2025/11/19,653813,638470,102.40,62362,60370,103.30
2025/11/18,493258,582025,84.75,167779,188273,89.11
2025/11/17,395041,400569,98.62,161867,143677,112.66
2025/11/14,589004,669500,87.98,114577,110534,103.66
2025/11/13,308035,315429,97.66,154675,133801,115.60
2025/11/12,569831,528985,107.72,102364,87116,117.50
2025/11/11,334181,370075,90.30,162467,156249,103.98
2025/11/10,348988,379351,92.00,149355,137596,108.55
2025/11/07,565995,638177,88.69,103983,107189,97.01
2025/11/06,304944,270534,112.72,142349,123300,115.45
2025/11/05,724514,775009,93.48,85411,88458,96.56
2025/11/04,396395,407571,97.26,150594,150403,100.13
2025/11/03,294232,311467,94.47,128666,120332,106.93
2025/12/31,432808,441730,97.98,85937,59670,144.02
2025/12/30,264031,259465,101.76,140796,106338,132.40
2025/12/29,241799,197886,122.19,123578,78994,156.44
2025/12/26,278420,273758,101.70,76437,61754,123.78
2025/12/24,388859,383384,101.43,73733,59764,123.37
2025/12/23,222904,191699,116.28,143265,109553,130.77
2025/12/22,269661,210780,127.93,123952,92529,133.96
2025/12/19,539646,470632,114.66,74533,67774,109.97
2025/12/18,366212,392971,93.19,104906,129590,80.95
2025/12/17,603701,537499,112.32,58578,54363,107.75
2025/12/16,401957,462886,86.84,169331,180444,93.84
2025/12/15,292210,321850,90.79,152304,143867,105.86
2025/12/12,444032,423720,104.79,118033,81712,144.45
2025/12/11,326027,393244,82.91,142527,133970,106.39
2025/12/10,394006,374261,105.28,108882,76284,142.73
2025/12/09,199422,215532,92.53,160059,125190,127.85
2025/12/08,241473,205016,117.78,148469,100879,147.18
2025/12/05,395821,403596,98.07,106628,79015,134.95
2025/12/04,232401,250390,92.82,137815,105686,130.40
2025/12/03,549429,532236,103.23,97707,72754,134.30
2025/12/02,314719,293239,107.33,160981,128339,125.43
2025/12/01,199379,215789,92.40,136805,112118,122.02
2026/01/30,637442,712827,89.42,137088,87295,157.04
2026/01/29,297450,343572,86.58,165889,123273,134.57
2026/01/28,456567,429999,106.18,128545,66995,191.87
2026/01/27,297184,242800,122.40,188183,111579,168.65
2026/01/26,209302,197599,105.92,162390,94532,171.78
2026/01/23,484840,456810,106.14,122962,66233,185.65
2026/01/22,364073,319152,114.08,157993,112140,140.89
2026/01/21,747063,765883,97.54,92311,59712,154.59
2026/01/20,298756,266427,112.13,199152,134149,148.46
2026/01/19,278108,275542,100.93,177172,117989,150.16
2026/01/16,534367,556065,96.10,131514,83323,157.84
2026/01/15,227239,257337,88.30,150382,126344,119.03
2026/01/14,483567,464710,104.06,114753,75758,151.47
2026/01/13,404292,388807,103.98,177702,143702,123.66
2026/01/12,265912,235132,113.09,158093,122879,128.66
2026/01/09,542707,595788,91.09,111415,87610,127.17
2026/01/08,271439,287623,94.37,144213,114134,126.35
2026/01/07,530430,556406,95.33,102759,69655,147.53
2026/01/06,346425,321932,107.61,180618,116461,155.09
2026/01/05,433279,376338,115.13,159167,98007,162.40
2026/01/02,414739,390998,106.07,92044,66893,137.60
2026/02/26,206954,218216,94.84,132163,85849,153.95
2026/02/25,684499,679462,100.74,92073,50541,182.17
2026/02/24,425189,355493,119.61,136375,77307,176.41
2026/02/23,394595,399946,98.66,67522,44950,150.22
2026/02/11,628239,665722,94.37,160321,75342,212.79
2026/02/10,353697,348742,101.42,214123,125380,170.78
2026/02/09,288067,281314,102.40,185765,124256,149.50
2026/02/06,707733,742420,95.33,137140,86583,158.39
2026/02/05,320859,374488,85.68,179122,138944,128.92
2026/02/04,658357,631806,104.20,138778,78163,177.55
2026/02/03,439435,376923,116.58,202988,154303,131.55
2026/02/02,345876,424925,81.40,167699,153565,109.20
2026/03/31,232396,252276,92.12,107685,101029,106.59
2026/03/30,165709,167400,98.99,93540,76490,122.29
2026/03/27,400296,408457,98.00,64956,49520,131.17
2026/03/26,214983,196814,109.23,93998,73093,128.60
2026/03/25,510253,460879,110.71,61855,43811,141.19
2026/03/24,305139,285620,106.83,108397,97391,111.30
2026/03/23,163672,172958,94.63,85779,77920,110.09
2026/03/20,580217,537901,107.87,63942,43923,145.58
2026/03/19,256147,270674,94.63,90186,82304,109.58
2026/03/18,518868,493409,105.16,57013,36768,155.06
2026/03/17,245985,207057,118.80,177964,119926,148.39
2026/03/16,271523,257896,105.28,153013,109160,140.17
2026/03/13,536638,523821,102.45,121369,76374,158.91
2026/03/12,244314,233105,104.81,143094,99261,144.16
2026/03/11,745883,618993,120.50,114120,69766,163.58
2026/03/10,352058,309278,113.83,157726,139917,112.73
2026/03/09,219820,282490,77.82,123788,122339,101.18
2026/03/06,606292,593457,102.16,102772,67535,152.18
2026/03/05,333633,330378,100.99,139691,108307,128.98
2026/03/04,817820,856616,95.47,98766,74075,133.33
2026/03/03,424435,460986,92.07,144462,129647,111.43
2026/03/02,560581,602048,93.11,112457,77036,145.98
2026/04/30,135799,123293,110.14,107556,67661,158.96
2026/04/29,444458,463355,95.92,77658,45381,171.12
2026/04/28,218838,197727,110.68,124520,103335,120.50
2026/04/27,196979,178020,110.65,108707,79427,136.86
2026/04/24,521044,434960,119.79,73266,41676,175.80
2026/04/23,303935,331915,91.57,92956,83664,111.11
2026/04/22,420119,401719,104.58,62584,44807,139.67
2026/04/21,248841,198940,125.08,109730,92095,119.15
2026/04/20,186377,193363,96.39,89547,83742,106.93
2026/04/17,358832,419156,85.61,58672,44542,131.72
2026/04/16,200828,173963,115.44,87010,64265,135.39
2026/04/15,478324,470894,101.58,50758,33910,149.68
2026/04/14,264837,211427,125.26,141290,85423,165.40
2026/04/13,144675,123803,116.86,109778,77920,140.89
2026/04/10,351845,341500,103.03,82857,58707,141.14
2026/04/09,175368,178177,98.42,102641,94005,109.19
2026/04/08,401816,358333,112.13,73894,59768,123.63
2026/04/07,309254,249423,123.99,79478,57106,139.18
2026/04/02,167489,155252,107.88,102522,72833,140.76
2026/04/01,484647,389294,124.49,68539,48110,142.46
2026/05/29,443758,355520,124.82,86016,38684,222.36
2026/05/28,273231,273374,99.95,105568,82596,127.81
2026/05/27,566963,524288,108.14,74886,40574,184.57
2026/05/26,179379,161536,111.05,116693,92791,125.76
2026/05/25,207699,150183,138.30,98585,66292,148.71
2026/05/22,429695,401468,107.03,58833,37653,156.25
2026/05/21,207887,153075,135.81,91369,65171,140.20
2026/05/20,512050,529759,96.66,47760,36476,130.94
2026/05/19,240128,254023,94.53,151637,123874,122.41
2026/05/18,182703,182147,100.31,138277,98164,140.86
2026/05/15,485024,457751,105.96,108147,66581,162.43
2026/05/14,211751,167988,126.05,133181,81978,162.46
2026/05/13,475567,469906,101.20,99802,58946,169.31
2026/05/12,214563,176948,121.26,135272,83681,161.65
2026/05/11,153289,124848,122.78,114778,70705,162.33
2026/05/08,456365,409488,111.45,88872,49004,181.36
2026/05/07,202333,157511,128.46,118801,68224,174.13
2026/05/06,500528,443548,112.85,83697,47129,177.59
2026/05/05,168069,140074,119.99,118434,76587,154.64
2026/05/04,346275,267010,129.69,90034,52989,169.91
2026/06/30,199066,145119,137.17,103194,76481,134.93
2026/06/29,128431,109264,117.54,82072,66232,123.92
2026/06/26,378976,420926,90.03,55337,42984,128.74
2026/06/25,154847,160369,96.56,90124,78660,114.57
2026/06/24,394224,460283,85.65,56565,42027,134.59
2026/06/23,171057,208467,82.05,83196,84046,98.99
2026/06/22,310654,243174,127.75,57608,39017,147.65
2026/06/18,142116,125947,112.84,73261,63887,114.67
2026/06/17,447306,416109,107.50,36594,27484,133.15
2026/06/16,186945,142010,131.64,170780,103830,164.48
2026/06/15,169628,126283,134.32,150207,87328,172.00
2026/06/12,391613,391113,100.13,109682,65153,168.35
2026/06/11,225901,214908,105.12,132390,99293,133.33
2026/06/10,558930,517869,107.93,101610,61208,166.01
2026/06/09,215154,181918,118.27,148950,111453,133.64
2026/06/08,175402,210096,83.49,120784,95293,126.75
2026/06/05,485322,537078,90.36,94904,50040,189.66
2026/06/04,162557,188106,86.42,121092,86242,140.41
2026/06/03,434108,371294,116.92,92070,42295,217.69
2026/06/02,241542,225971,106.89,131646,92164,142.84
2026/06/01,175531,147866,118.71,115079,67252,171.12
2026/07/31,351655,364487,96.48,53689,50049,107.27
2026/07/30,157159,169736,92.59,69875,87971,79.43
2026/07/29,456929,455977,100.21,49714,58979,84.29
2026/07/28,203999,221822,91.97,87529,97943,89.37
2026/07/27,149664,141537,105.74,74054,67417,109.84
2026/07/24,377130,388388,97.10,49766,44159,112.70
2026/07/23,144955,138529,104.64,74878,62864,119.11
2026/07/22,401658,384361,104.50,49802,42120,118.24
2026/07/21,186995,155817,120.01,85519,80435,106.32
2026/07/20,151759,170328,89.10,60816,73520,82.72
2026/07/17,377448,451306,83.63,42516,45745,92.94
2026/07/16,145245,165037,88.01,67082,71845,93.37
2026/07/15,369841,324234,114.07,35475,34248,103.58
2026/07/14,244774,266738,91.77,101607,102317,99.31
2026/07/13,306532,314037,97.61,74743,60071,124.42
2026/07/09,175220,173682,100.89,96041,80837,118.81
2026/07/08,372357,409020,91.04,67629,52097,129.81
2026/07/07,190714,237611,80.26,101943,103306,98.68
2026/07/06,102948,116695,88.22,86012,70373,122.22
2026/07/03,442908,443706,99.82,64347,47210,136.30
2026/07/02,152726,154372,98.93,87173,72364,120.46
2026/07/01,356449,313466,113.71,59582,41951,142.03
