date,pcr_vol,pcr_oi
2001-12-24,24.02,13.18
2001-12-25,21.88,24.78
2001-12-26,46.63,35.06
2001-12-27,63.02,41.95
2001-12-28,86.47,49.1
2001-12-31,123.29,66.78
2002-01-02,70.79,68.89
2002-01-03,130.65,75.16
2002-01-04,112.13,87.05
2002-01-07,71.39,90.97
2002-01-08,103.86,89.83
2002-01-09,155.18,95.95
2002-01-10,176.0,95.53
2002-01-11,81.77,86.45
2002-01-14,120.73,85.07
2002-01-15,59.86,81.2
2002-01-16,142.91,63.84
2002-01-17,27.5,61.19
2002-01-18,54.18,62.04
2002-01-21,78.84,63.84
2002-01-22,106.97,72.22
2002-01-23,97.25,83.16
2002-01-24,126.89,85.23
2002-01-25,97.56,91.36
2002-01-28,86.54,92.63
2002-01-29,78.45,90.24
2002-01-30,64.91,80.91
2002-01-31,71.88,80.18
2002-02-01,49.17,80.4
2002-02-04,142.62,79.26
2002-02-05,81.49,78.99
2002-02-06,77.39,80.25
2002-02-18,33.2,83.29
2002-02-19,44.26,78.6
2002-02-20,178.07,79.82
2002-02-21,107.39,91.37
2002-02-22,72.65,92.01
2002-02-25,151.69,101.33
2002-02-26,86.68,96.85
2002-02-27,39.21,81.79
2002-03-01,138.43,87.31
2002-03-04,69.73,93.69
2002-03-05,54.88,97.37
2002-03-06,96.63,98.34
2002-03-07,74.02,101.86
2002-03-08,83.66,102.97
2002-03-11,55.22,112.44
2002-03-12,69.03,112.5
2002-03-13,93.5,112.42
2002-03-14,125.39,112.34
2002-03-15,98.47,115.25
2002-03-18,106.0,119.28
2002-03-19,64.71,126.37
2002-03-20,122.17,136.02
2002-03-21,110.81,117.62
2002-03-22,88.72,98.65
2002-03-25,144.07,105.87
2002-03-26,56.74,102.11
2002-03-27,70.17,99.42
2002-03-28,71.93,97.83
2002-03-29,50.22,95.87
2002-04-01,104.8,93.51
2002-04-02,101.22,98.92
2002-04-03,38.48,104.23
2002-04-04,70.38,107.47
2002-04-08,44.38,112.22
2002-04-09,53.5,103.54
2002-04-10,97.52,106.27
2002-04-11,159.78,110.49
2002-04-12,113.81,115.19
2002-04-15,55.59,118.3
2002-04-16,77.22,124.24
2002-04-17,65.55,141.05
2002-04-18,107.53,128.12
2002-04-19,218.79,140.34
2002-04-22,57.88,135.67
2002-04-23,198.53,144.97
2002-04-24,189.44,149.46
2002-04-25,53.7,131.19
2002-04-26,38.12,103.92
2002-04-29,91.34,101.74
2002-04-30,69.37,97.89
2002-05-02,71.36,87.6
2002-05-03,65.9,71.96
2002-05-06,49.36,63.59
2002-05-07,109.34,61.58
2002-05-08,61.84,60.7
2002-05-09,49.26,62.26
2002-05-10,65.82,62.27
2002-05-13,97.86,62.97
2002-05-14,93.53,66.37
2002-05-15,59.03,95.28
2002-05-16,123.95,96.62
2002-05-17,81.96,96.12
2002-05-20,116.54,97.84
2002-05-21,142.02,93.1
2002-05-22,80.99,93.99
2002-05-23,79.42,96.14
2002-05-24,121.86,108.35
2002-05-27,94.97,109.42
2002-05-28,123.53,110.38
2002-05-29,89.99,108.04
2002-05-30,116.41,115.44
2002-05-31,85.97,109.1
2002-06-03,101.03,98.3
2002-06-04,108.95,92.55
2002-06-05,93.89,96.11
2002-06-06,73.07,97.52
2002-06-07,104.74,77.69
2002-06-10,74.06,78.67
2002-06-11,102.81,75.05
2002-06-12,75.82,72.71
2002-06-13,61.67,78.24
2002-06-14,55.94,76.77
2002-06-17,68.24,78.01
2002-06-18,61.76,78.85
2002-06-19,123.66,64.3
2002-06-20,67.54,64.64
2002-06-21,68.26,69.45
2002-06-24,74.0,69.03
2002-06-25,65.97,67.39
2002-06-26,51.6,55.04
2002-06-27,62.73,56.69
2002-06-28,52.45,58.14
2002-07-01,70.22,57.49
2002-07-02,82.57,57.45
2002-07-03,107.11,59.46
2002-07-04,86.39,65.25
2002-07-05,96.45,70.33
2002-07-08,56.45,71.77
2002-07-09,121.21,76.11
2002-07-10,68.22,74.28
2002-07-11,95.41,73.86
2002-07-12,62.6,78.49
2002-07-15,63.38,80.81
2002-07-16,54.68,79.92
2002-07-17,111.61,96.03
2002-07-18,63.76,91.67
2002-07-19,71.75,87.64
2002-07-22,115.05,89.57
2002-07-23,76.48,86.52
2002-07-24,81.58,79.8
2002-07-25,66.38,77.92
2002-07-26,64.75,63.47
2002-07-29,58.15,66.66
2002-07-30,68.0,73.21
2002-07-31,63.78,72.38
2002-08-01,52.82,71.72
2002-08-02,75.11,70.33
2002-08-05,58.7,61.57
2002-08-06,98.99,65.48
2002-08-07,62.63,68.48
2002-08-08,78.35,67.29
2002-08-09,70.35,73.68
2002-08-12,86.73,75.45
2002-08-13,101.32,77.73
2002-08-14,120.65,78.85
2002-08-15,95.01,86.54
2002-08-16,81.0,91.0
2002-08-19,63.49,89.89
2002-08-20,74.4,92.16
2002-08-21,79.43,124.16
2002-08-22,101.28,122.33
2002-08-23,77.26,120.55
2002-08-26,107.57,121.05
2002-08-27,90.63,113.34
2002-08-28,125.62,114.89
2002-08-29,72.79,110.02
2002-08-30,123.42,112.08
2002-09-02,85.1,103.49
2002-09-03,112.54,99.69
2002-09-04,65.77,94.8
2002-09-05,78.19,87.32
2002-09-09,79.69,81.14
2002-09-10,78.34,82.42
2002-09-11,84.62,85.37
2002-09-12,53.58,83.53
2002-09-13,104.57,83.55
2002-09-16,147.09,79.54
2002-09-17,81.74,79.23
2002-09-18,104.24,92.87
2002-09-19,83.16,92.61
2002-09-20,77.61,86.8
2002-09-23,80.46,86.21
2002-09-24,81.84,83.38
2002-09-25,147.81,84.58
2002-09-26,79.73,85.98
2002-09-27,93.66,84.14
2002-09-30,77.22,83.78
2002-10-01,75.83,85.0
2002-10-02,74.29,86.2
2002-10-03,70.68,79.45
2002-10-04,90.21,78.82
2002-10-07,107.31,72.95
2002-10-08,52.79,69.64
2002-10-09,55.87,68.0
2002-10-11,76.61,64.29
2002-10-14,88.04,66.62
2002-10-15,61.83,66.31
2002-10-16,54.53,76.44
2002-10-17,74.76,83.46
2002-10-18,66.65,86.75
2002-10-21,59.09,84.35
2002-10-22,80.56,86.51
2002-10-23,69.35,86.61
2002-10-24,80.66,84.26
2002-10-25,76.59,85.83
2002-10-28,54.95,81.78
2002-10-29,76.6,81.43
2002-10-30,77.98,78.53
2002-10-31,53.19,80.17
2002-11-01,68.42,77.84
2002-11-04,60.27,83.05
2002-11-05,87.78,85.34
2002-11-06,54.97,91.5
2002-11-07,66.55,86.71
2002-11-08,88.17,91.29
2002-11-11,70.92,86.3
2002-11-12,95.52,84.52
2002-11-13,82.45,85.04
2002-11-14,65.77,83.76
2002-11-15,53.89,90.42
2002-11-18,51.83,92.0
2002-11-19,64.56,93.1
2002-11-20,68.37,63.46
2002-11-21,72.36,58.68
2002-11-22,75.02,67.38
2002-11-25,68.2,65.34
2002-11-26,59.7,64.72
2002-11-27,88.47,64.37
2002-11-28,72.22,63.45
2002-11-29,64.65,63.43
2002-12-02,70.75,62.26
2002-12-03,77.02,67.42
2002-12-04,84.91,69.09
2002-12-05,95.84,67.46
2002-12-06,100.78,71.27
2002-12-09,81.2,72.28
2002-12-10,90.58,70.84
2002-12-11,73.87,70.93
2002-12-12,79.24,70.79
2002-12-13,94.42,66.83
2002-12-16,78.39,63.92
2002-12-17,79.25,62.23
2002-12-18,89.05,79.73
2002-12-19,78.91,77.8
2002-12-20,73.87,74.47
2002-12-23,86.73,75.44
2002-12-24,62.9,75.55
2002-12-25,85.77,75.38
2002-12-26,102.84,72.17
2002-12-27,86.21,71.55
2002-12-30,92.73,73.32
2002-12-31,56.93,70.81
2003-01-02,100.48,71.08
2003-01-03,76.15,73.79
2003-01-06,75.14,79.3
2003-01-07,82.05,84.93
2003-01-08,50.46,94.75
2003-01-09,74.57,103.53
2003-01-10,69.63,113.81
2003-01-13,48.45,134.61
2003-01-14,67.3,149.32
2003-01-15,88.66,117.51
2003-01-16,103.41,118.07
2003-01-17,92.03,119.0
2003-01-20,95.91,112.68
2003-01-21,84.87,119.45
2003-01-22,116.13,128.4
2003-01-23,64.03,133.41
2003-01-24,48.54,129.88
2003-01-27,80.76,113.21
2003-01-28,68.79,108.41
2003-02-06,60.02,91.77
2003-02-07,90.15,75.81
2003-02-10,73.78,68.02
2003-02-11,66.79,65.71
2003-02-12,62.24,64.37
2003-02-13,84.36,59.75
2003-02-14,81.19,57.06
2003-02-17,52.89,56.9
2003-02-18,63.63,57.89
2003-02-19,43.67,69.48
2003-02-20,68.51,70.64
2003-02-21,72.18,72.07
2003-02-24,63.03,68.53
2003-02-25,90.72,66.37
2003-02-26,80.58,64.99
2003-02-27,78.37,62.01
2003-03-03,89.07,64.64
2003-03-04,72.54,63.59
2003-03-05,67.98,61.62
2003-03-06,76.81,60.61
2003-03-07,104.02,57.08
2003-03-10,60.83,54.17
2003-03-11,88.26,50.33
2003-03-12,76.97,49.71
2003-03-13,98.69,52.99
2003-03-14,55.51,58.07
2003-03-17,76.08,58.05
2003-03-18,60.85,66.47
2003-03-19,77.87,70.68
2003-03-20,59.8,70.38
2003-03-21,85.12,71.82
2003-03-24,73.5,73.64
2003-03-25,74.97,67.89
2003-03-26,80.03,69.88
2003-03-27,78.95,68.99
2003-03-28,79.64,68.52
2003-03-31,85.65,62.01
2003-04-01,100.19,61.42
2003-04-02,80.64,63.23
2003-04-03,57.74,63.75
2003-04-04,76.15,77.29
2003-04-07,72.49,87.05
2003-04-08,65.7,91.89
2003-04-09,79.78,90.82
2003-04-10,89.23,94.73
2003-04-11,84.2,92.65
2003-04-14,92.38,91.53
2003-04-15,60.37,89.15
2003-04-16,54.79,81.05
2003-04-17,97.51,87.28
2003-04-18,89.15,89.84
2003-04-21,99.59,91.7
2003-04-22,83.75,88.39
2003-04-23,59.63,84.16
2003-04-24,105.89,75.88
2003-04-25,78.51,63.83
2003-04-28,89.78,55.1
2003-04-29,68.95,58.4
2003-04-30,73.64,57.59
2003-05-02,77.38,56.54
2003-05-05,84.79,57.6
2003-05-06,81.54,60.27
2003-05-07,81.23,64.4
2003-05-08,82.51,64.85
2003-05-09,92.35,66.65
2003-05-12,85.66,70.79
2003-05-13,83.43,75.18
2003-05-14,86.45,76.22
2003-05-15,85.02,76.69
2003-05-16,75.35,76.86
2003-05-19,98.19,76.29
2003-05-20,76.36,74.29
2003-05-21,80.66,100.31
2003-05-22,105.39,104.98
2003-05-23,89.85,108.15
2003-05-26,86.61,111.08
2003-05-27,93.13,113.83
2003-05-28,82.55,116.62
2003-05-29,89.68,121.26
2003-05-30,78.44,139.12
2003-06-02,73.04,153.97
2003-06-03,81.88,154.52
2003-06-05,70.94,152.98
2003-06-06,90.04,151.7
2003-06-09,80.26,166.18
2003-06-10,77.79,167.1
2003-06-11,72.32,165.47
2003-06-12,68.99,184.41
2003-06-13,83.57,184.71
2003-06-16,84.06,190.09
2003-06-17,67.22,212.37
2003-06-18,56.57,118.73
2003-06-19,111.72,118.65
2003-06-20,81.2,109.5
2003-06-23,75.92,101.69
2003-06-24,93.86,94.04
2003-06-25,84.35,91.37
2003-06-26,66.52,88.72
2003-06-27,66.42,84.45
2003-06-30,68.72,83.1
2003-07-01,78.55,87.76
2003-07-02,73.37,98.03
2003-07-03,63.17,108.19
2003-07-04,73.56,110.2
2003-07-07,70.31,132.32
2003-07-08,46.87,124.0
2003-07-09,63.56,116.97
2003-07-10,58.7,111.09
2003-07-11,77.58,105.56
2003-07-14,60.01,113.02
2003-07-15,59.33,117.71
2003-07-16,50.99,94.86
2003-07-17,84.02,92.6
2003-07-18,82.17,91.08
2003-07-21,54.46,80.8
2003-07-22,60.62,73.81
2003-07-23,51.09,70.11
2003-07-24,58.92,75.34
2003-07-25,61.47,76.7
2003-07-28,80.64,86.06
2003-07-29,74.58,79.81
2003-07-30,68.56,73.48
2003-07-31,71.12,69.46
2003-08-01,59.84,69.78
2003-08-04,58.38,69.22
2003-08-05,60.19,63.72
2003-08-06,66.7,59.13
2003-08-07,57.75,57.82
2003-08-08,49.14,60.22
2003-08-11,61.65,60.35
2003-08-12,69.14,59.12
2003-08-13,61.14,76.78
2003-08-14,53.52,84.21
2003-08-15,61.17,96.8
2003-08-18,54.78,103.95
2003-08-19,61.33,114.59
2003-08-20,64.0,91.21
2003-08-21,98.98,114.87
2003-08-22,62.93,118.65
2003-08-25,82.36,122.94
2003-08-26,79.85,108.12
2003-08-27,74.5,103.6
2003-08-28,85.44,98.22
2003-08-29,83.38,106.78
2003-09-01,90.73,120.24
2003-09-02,83.53,127.69
2003-09-03,75.64,124.81
2003-09-04,115.52,120.66
2003-09-05,66.63,106.67
2003-09-08,70.13,116.38
2003-09-09,81.21,119.52
2003-09-10,102.39,104.74
2003-09-12,73.07,100.74
2003-09-15,57.26,101.62
2003-09-16,67.9,106.81
2003-09-17,58.99,83.54
2003-09-18,94.08,91.74
2003-09-19,108.95,95.21
2003-09-22,91.91,94.32
2003-09-23,102.86,92.86
2003-09-24,92.92,91.13
2003-09-25,101.27,91.71
2003-09-26,104.78,92.99
2003-09-29,92.5,92.77
2003-09-30,63.95,90.46
2003-10-01,67.76,86.17
2003-10-02,68.41,86.07
2003-10-03,97.46,90.46
2003-10-06,85.65,109.8
2003-10-07,65.7,116.07
2003-10-08,93.75,114.41
2003-10-09,81.05,119.28
2003-10-13,64.12,145.16
2003-10-14,63.61,155.39
2003-10-15,67.35,132.81
2003-10-16,85.83,137.5
2003-10-17,68.36,121.62
2003-10-20,85.1,116.75
2003-10-21,90.77,116.09
2003-10-22,87.43,112.95
2003-10-23,98.6,111.19
2003-10-24,100.0,108.99
2003-10-27,80.83,104.74
2003-10-28,85.23,114.63
2003-10-29,76.76,130.68
2003-10-30,85.35,133.26
2003-10-31,80.6,126.1
2003-11-03,81.45,121.54
2003-11-04,85.94,124.23
2003-11-05,93.66,124.2
2003-11-06,104.23,116.7
2003-11-07,104.08,112.98
2003-11-10,83.58,110.94
2003-11-11,90.3,104.93
2003-11-12,79.25,100.68
2003-11-13,71.68,100.27
2003-11-14,68.52,106.94
2003-11-17,87.34,103.72
2003-11-18,82.16,101.47
2003-11-19,104.26,110.71
2003-11-20,69.55,101.19
2003-11-21,98.44,95.85
2003-11-24,64.1,93.05
2003-11-25,70.01,92.68
2003-11-26,77.64,92.03
2003-11-27,89.62,89.96
2003-11-28,75.09,90.57
2003-12-01,96.49,90.2
2003-12-02,75.8,91.89
2003-12-03,100.66,94.06
2003-12-04,85.02,96.33
2003-12-05,78.52,94.65
2003-12-08,81.51,92.31
2003-12-09,81.43,91.15
2003-12-10,84.34,87.05
2003-12-11,97.57,87.38
2003-12-12,83.95,91.1
2003-12-15,67.78,93.71
2003-12-16,84.91,96.05
2003-12-17,105.56,106.67
2003-12-18,87.15,101.11
2003-12-19,96.16,101.01
2003-12-22,81.04,99.68
2003-12-23,76.0,98.62
2003-12-24,74.69,101.29
2003-12-25,81.97,99.0
2003-12-26,84.4,97.66
2003-12-29,88.25,96.74
2003-12-30,70.98,94.07
2003-12-31,88.83,93.58
2004-01-02,71.0,106.88
2004-01-05,53.11,115.86
2004-01-06,47.07,116.65
2004-01-07,63.25,119.86
2004-01-08,71.36,121.98
2004-01-09,65.6,128.07
2004-01-12,66.36,126.07
2004-01-13,65.57,131.15
2004-01-14,69.19,133.44
2004-01-15,56.4,134.89
2004-01-16,71.9,137.65
2004-01-27,59.48,130.68
2004-01-28,113.25,129.41
2004-01-29,120.73,131.39
2004-01-30,85.8,127.11
2004-02-02,96.12,125.16
2004-02-03,91.37,118.41
2004-02-04,87.7,112.68
2004-02-05,86.1,110.65
2004-02-06,84.8,119.21
2004-02-09,79.69,137.56
2004-02-10,71.59,143.02
2004-02-11,91.57,144.61
2004-02-12,76.62,155.8
2004-02-13,78.15,173.34
2004-02-16,97.01,174.97
2004-02-17,77.96,187.9
2004-02-18,77.93,166.21
2004-02-19,120.65,158.08
2004-02-20,106.47,156.49
2004-02-23,91.1,161.58
2004-02-24,107.5,155.37
2004-02-25,85.37,154.61
2004-02-26,105.35,163.28
2004-02-27,112.75,175.13
2004-03-01,83.47,199.22
2004-03-02,65.58,198.28
2004-03-03,70.0,183.11
2004-03-04,82.05,179.44
2004-03-05,64.86,156.95
2004-03-08,61.05,142.3
2004-03-09,62.68,132.19
2004-03-10,64.87,122.46
2004-03-11,62.58,117.3
2004-03-12,69.68,116.59
2004-03-15,86.62,114.03
2004-03-16,94.52,109.73
2004-03-17,88.35,150.26
2004-03-18,68.93,135.85
2004-03-19,81.14,137.57
2004-03-22,78.02,123.85
2004-03-23,76.02,84.65
2004-03-24,45.87,73.41
2004-03-25,41.89,70.19
2004-03-26,73.79,67.85
2004-03-29,67.0,67.92
2004-03-30,67.34,69.99
2004-03-31,66.32,71.52
2004-04-01,78.94,72.44
2004-04-02,64.66,72.28
2004-04-05,59.54,76.55
2004-04-06,56.07,79.44
2004-04-07,76.33,79.12
2004-04-08,68.81,81.75
2004-04-09,93.25,81.6
2004-04-12,62.62,94.22
2004-04-13,71.88,96.81
2004-04-14,66.59,105.38
2004-04-15,73.28,102.54
2004-04-16,68.07,105.38
2004-04-19,69.81,104.66
2004-04-20,78.14,105.69
2004-04-21,74.94,121.18
2004-04-22,70.82,108.0
2004-04-23,58.75,99.86
2004-04-26,87.48,98.51
2004-04-27,80.92,93.12
2004-04-28,70.35,87.32
2004-04-29,82.74,77.25
2004-04-30,86.25,64.57
2004-05-03,60.95,58.56
2004-05-04,89.71,60.33
2004-05-05,82.16,60.8
2004-05-06,85.66,59.17
2004-05-07,107.63,61.02
2004-05-10,87.43,58.94
2004-05-11,82.07,57.77
2004-05-12,78.43,62.26
2004-05-13,82.28,61.21
2004-05-14,82.2,59.81
2004-05-17,130.91,48.75
2004-05-18,106.3,48.66
2004-05-19,48.86,95.89
2004-05-20,67.14,85.24
2004-05-21,80.26,90.63
2004-05-24,85.54,91.5
2004-05-25,82.13,92.37
2004-05-26,84.32,93.29
2004-05-27,75.92,95.15
2004-05-28,84.87,100.15
2004-05-31,85.79,99.36
2004-06-01,90.24,95.98
2004-06-02,128.69,94.88
2004-06-03,88.29,88.58
2004-06-04,87.9,86.01
2004-06-07,72.76,89.5
2004-06-08,65.32,94.3
2004-06-09,69.29,98.92
2004-06-10,91.11,98.75
2004-06-11,100.7,94.65
2004-06-14,98.27,90.1
2004-06-15,91.55,87.89
2004-06-16,84.93,124.73
2004-06-17,60.4,101.61
2004-06-18,64.34,97.07
2004-06-21,66.55,96.0
2004-06-23,54.74,93.65
2004-06-24,70.57,94.88
2004-06-25,69.71,96.64
2004-06-28,73.67,93.99
2004-06-29,69.9,92.51
2004-06-30,60.77,94.08
2004-07-01,87.16,98.0
2004-07-02,103.24,97.31
2004-07-05,79.83,96.28
2004-07-06,65.92,96.3
2004-07-07,100.49,98.66
2004-07-08,80.3,99.09
2004-07-09,86.76,99.62
2004-07-12,91.38,96.75
2004-07-13,118.56,95.6
2004-07-14,74.95,96.28
2004-07-15,98.44,88.62
2004-07-16,79.64,87.06
2004-07-19,117.01,84.46
2004-07-20,116.88,74.13
2004-07-21,86.63,81.1
2004-07-22,70.25,78.14
2004-07-23,62.23,75.35
2004-07-26,69.92,74.33
2004-07-27,73.22,73.14
2004-07-28,74.44,76.15
2004-07-29,70.09,75.81
2004-07-30,76.86,77.49
2004-08-02,92.26,78.36
2004-08-03,71.62,80.67
2004-08-04,90.59,78.9
2004-08-05,69.74,80.06
2004-08-06,64.9,82.45
2004-08-09,103.62,82.29
2004-08-10,80.62,84.99
2004-08-11,77.69,81.74
2004-08-12,92.15,81.05
2004-08-13,74.93,79.87
2004-08-16,87.97,79.48
2004-08-17,69.64,78.07
2004-08-18,85.01,76.03
2004-08-19,77.29,83.62
2004-08-20,73.72,92.18
2004-08-23,81.36,99.34
2004-08-26,60.47,110.26
2004-08-27,64.5,107.21
2004-08-30,58.17,102.98
2004-08-31,57.23,100.82
2004-09-01,60.42,106.6
2004-09-02,76.96,108.7
2004-09-03,70.97,108.04
2004-09-06,74.92,105.5
2004-09-07,72.46,109.6
2004-09-08,69.07,113.28
2004-09-09,75.06,115.7
2004-09-10,68.03,118.67
2004-09-13,60.1,128.2
2004-09-14,62.92,132.95
2004-09-15,87.39,110.82
2004-09-16,92.74,105.51
2004-09-17,94.9,105.5
2004-09-20,76.6,101.58
2004-09-21,68.64,101.47
2004-09-22,77.23,102.89
2004-09-23,98.79,104.54
2004-09-24,86.02,100.73
2004-09-27,67.88,95.24
2004-09-29,70.22,90.76
2004-09-30,58.63,87.59
2004-10-01,72.63,88.26
2004-10-04,57.02,99.64
2004-10-05,54.27,100.51
2004-10-06,42.36,103.97
2004-10-07,56.79,107.36
2004-10-08,65.78,108.79
2004-10-11,67.72,102.85
2004-10-12,56.31,98.6
2004-10-13,79.2,96.18
2004-10-14,85.83,85.78
2004-10-15,102.32,79.18
2004-10-18,95.01,73.83
2004-10-19,75.61,69.61
2004-10-20,82.93,66.36
2004-10-21,64.56,63.92
2004-10-22,60.87,62.34
2004-10-26,73.67,58.83
2004-10-27,72.79,57.32
2004-10-28,53.34,57.06
2004-10-29,75.38,58.39
2004-11-01,69.56,56.49
2004-11-02,72.96,59.95
2004-11-03,59.57,64.34
2004-11-04,80.87,68.0
2004-11-05,68.7,75.41
2004-11-08,80.13,75.3
2004-11-09,83.76,78.04
2004-11-10,77.76,77.98
2004-11-11,69.16,76.05
2004-11-12,69.84,79.11
2004-11-15,48.0,78.69
2004-11-16,57.54,78.4
2004-11-17,43.57,68.46
2004-11-18,60.66,67.54
2004-11-19,60.62,67.52
2004-11-22,72.16,62.64
2004-11-23,84.04,63.68
2004-11-24,73.97,64.53
2004-11-25,60.45,65.07
2004-11-26,69.6,62.33
2004-11-29,84.86,61.0
2004-11-30,72.62,59.27
2004-12-01,82.06,60.27
2004-12-02,63.25,64.15
2004-12-03,62.71,67.42
2004-12-06,66.58,69.47
2004-12-07,64.45,70.5
2004-12-08,72.72,70.74
2004-12-09,61.2,70.77
2004-12-10,67.83,70.68
2004-12-13,76.08,70.5
2004-12-14,73.34,71.36
2004-12-15,55.91,90.38
2004-12-16,82.14,91.38
2004-12-17,105.87,99.09
2004-12-20,86.44,99.28
2004-12-21,79.49,99.08
2004-12-22,69.9,96.03
2004-12-23,76.17,94.65
2004-12-24,56.57,91.8
2004-12-27,74.87,91.0
2004-12-28,88.05,89.82
2004-12-29,61.52,87.84
2004-12-30,70.35,91.09
2004-12-31,59.17,89.18
2005-01-03,57.79,88.9
2005-01-04,60.23,87.34
2005-01-05,65.51,83.24
2005-01-06,57.41,81.36
2005-01-07,61.67,78.88
2005-01-10,56.72,75.22
2005-01-11,54.25,73.45
2005-01-12,81.08,71.29
2005-01-13,69.79,66.25
2005-01-14,67.69,64.89
2005-01-17,53.72,64.96
2005-01-18,75.89,65.2
2005-01-19,64.67,73.43
2005-01-20,59.43,68.71
2005-01-21,69.84,67.92
2005-01-24,77.09,65.26
2005-01-25,68.22,63.51
2005-01-26,54.09,63.73
2005-01-27,58.87,64.83
2005-01-28,67.27,64.35
2005-01-31,59.88,69.66
2005-02-01,58.03,71.52
2005-02-02,52.18,79.24
2005-02-03,53.49,80.86
2005-02-14,50.25,88.42
2005-02-15,57.18,93.39
2005-02-16,69.72,87.11
2005-02-17,66.58,85.13
2005-02-18,69.53,83.56
2005-02-21,71.22,85.1
2005-02-22,79.15,88.66
2005-02-23,78.83,87.79
2005-02-24,74.56,98.69
2005-02-25,50.91,97.22
2005-03-01,67.48,103.49
2005-03-02,88.85,106.87
2005-03-03,75.5,102.78
2005-03-04,70.0,100.84
2005-03-07,69.03,97.55
2005-03-08,78.01,97.43
2005-03-09,90.57,99.4
2005-03-10,96.37,100.25
2005-03-11,88.37,102.91
2005-03-14,87.94,103.13
2005-03-15,121.61,96.38
2005-03-16,105.86,85.91
2005-03-17,75.51,83.43
2005-03-18,61.33,78.95
2005-03-21,76.06,79.31
2005-03-22,91.28,81.29
2005-03-23,80.47,80.68
2005-03-24,78.48,82.56
2005-03-25,71.43,83.93
2005-03-28,87.56,84.14
2005-03-29,116.55,89.69
2005-03-30,83.48,86.39
2005-03-31,78.69,84.86
2005-04-01,73.23,84.34
2005-04-04,84.81,84.33
2005-04-06,85.52,84.1
2005-04-07,82.98,83.5
2005-04-08,90.76,82.21
2005-04-11,116.03,83.63
2005-04-12,99.65,83.46
2005-04-13,92.81,82.88
2005-04-14,109.65,84.13
2005-04-15,114.06,78.83
2005-04-18,170.33,69.43
2005-04-19,106.98,67.67
2005-04-20,137.61,91.6
2005-04-21,119.24,96.49
2005-04-22,90.0,94.46
2005-04-25,86.84,94.28
2005-04-26,100.14,96.93
2005-04-27,96.34,95.71
2005-04-28,85.4,93.84
2005-04-29,85.72,93.95
2005-05-03,73.15,96.63
2005-05-04,89.32,94.64
2005-05-05,79.83,107.29
2005-05-06,95.36,112.79
2005-05-09,103.09,118.36
2005-05-10,77.68,118.59
2005-05-11,99.13,115.21
2005-05-12,90.79,111.75
2005-05-13,69.4,119.09
2005-05-16,79.49,116.09
2005-05-17,93.29,105.53
2005-05-18,72.83,87.09
2005-05-19,59.2,80.95
2005-05-20,78.25,81.74
2005-05-23,73.98,78.8
2005-05-24,82.0,79.14
2005-05-25,84.32,78.66
2005-05-26,78.1,78.06
2005-05-27,69.29,77.87
2005-05-30,62.64,77.78
2005-05-31,69.94,79.67
2005-06-01,87.29,79.17
2005-06-02,67.43,83.44
2005-06-03,65.78,91.39
2005-06-06,70.6,103.03
2005-06-07,81.41,105.37
2005-06-08,67.12,111.52
2005-06-09,69.42,113.39
2005-06-10,66.56,116.98
2005-06-13,61.84,125.8
2005-06-14,52.5,131.83
2005-06-15,69.55,90.22
2005-06-16,70.35,94.43
2005-06-17,53.29,89.82
2005-06-20,70.99,86.65
2005-06-21,98.35,91.87
2005-06-22,63.95,103.97
2005-06-23,54.96,102.81
2005-06-24,73.71,99.86
2005-06-27,69.85,95.82
2005-06-28,55.85,93.15
2005-06-29,73.99,86.31
2005-06-30,71.26,83.04
2005-07-01,66.08,78.92
2005-07-04,69.03,78.32
2005-07-05,62.54,78.05
2005-07-06,73.17,78.04
2005-07-07,66.79,75.54
2005-07-08,73.67,75.02
2005-07-11,55.37,81.24
2005-07-12,59.55,86.98
2005-07-13,50.18,90.52
2005-07-14,47.85,96.19
2005-07-15,59.93,97.06
2005-07-19,61.91,97.45
2005-07-20,63.98,72.56
2005-07-21,52.56,68.08
2005-07-22,62.38,68.21
2005-07-25,54.07,67.51
2005-07-26,50.02,68.15
2005-07-27,55.75,67.35
2005-07-28,68.38,68.29
2005-07-29,62.67,68.15
2005-08-01,50.81,68.02
2005-08-02,58.48,66.63
2005-08-03,59.37,68.7
2005-08-04,53.72,69.09
2005-08-08,62.33,67.31
2005-08-09,59.02,66.82
2005-08-10,52.25,65.91
2005-08-11,63.21,65.29
2005-08-12,67.78,66.09
2005-08-15,103.06,59.24
2005-08-16,90.63,56.58
2005-08-17,82.69,77.31
2005-08-18,51.59,73.94
2005-08-19,55.0,67.21
2005-08-22,47.87,66.27
2005-08-23,56.29,65.76
2005-08-24,59.4,62.07
2005-08-25,74.51,63.16
2005-08-26,115.54,69.43
2005-08-29,144.36,65.7
2005-08-30,96.13,64.25
2005-08-31,86.12,61.94
2005-09-02,61.14,63.06
2005-09-05,61.53,64.2
2005-09-06,59.04,65.66
2005-09-07,65.86,67.83
2005-09-08,59.63,69.34
2005-09-09,71.71,68.86
2005-09-12,70.9,70.35
2005-09-13,89.61,71.03
2005-09-14,116.48,71.58
2005-09-15,110.59,70.05
2005-09-16,107.87,60.69
2005-09-19,96.32,59.07
2005-09-20,86.35,61.23
2005-09-21,85.36,74.46
2005-09-22,111.23,81.29
2005-09-23,83.74,72.9
2005-09-26,88.95,66.65
2005-09-27,73.47,65.9
2005-09-28,79.58,65.32
2005-09-29,51.44,68.11
2005-09-30,57.5,74.56
2005-10-03,63.0,78.05
2005-10-04,67.17,83.48
2005-10-05,77.97,86.92
2005-10-06,99.96,82.81
2005-10-07,99.29,81.86
2005-10-11,80.15,81.58
2005-10-12,76.24,74.86
2005-10-13,95.58,68.31
2005-10-14,68.79,67.69
2005-10-17,130.68,57.65
2005-10-18,108.77,58.31
2005-10-19,138.06,75.58
2005-10-20,72.17,69.51
2005-10-21,88.59,70.6
2005-10-24,74.23,68.37
2005-10-25,75.37,71.59
2005-10-26,80.27,66.22
2005-10-27,84.24,62.94
2005-10-28,92.09,60.83
2005-10-31,64.08,62.77
2005-11-01,66.11,68.98
2005-11-02,69.27,77.49
2005-11-03,52.68,80.51
2005-11-04,60.31,85.97
2005-11-07,79.43,85.21
2005-11-08,71.57,83.04
2005-11-09,72.31,94.11
2005-11-10,76.64,115.58
2005-11-11,64.15,121.98
2005-11-14,70.6,124.04
2005-11-15,101.14,113.88
2005-11-16,79.17,68.17
2005-11-17,86.11,73.06
2005-11-18,58.57,77.9
2005-11-21,70.83,91.55
2005-11-22,68.55,91.22
2005-11-23,56.61,88.76
2005-11-24,65.66,89.83
2005-11-25,65.99,91.33
2005-11-28,98.49,96.57
2005-11-29,72.9,96.39
2005-11-30,86.23,95.68
2005-12-01,144.37,99.91
2005-12-02,65.64,109.46
2005-12-05,91.27,112.43
2005-12-06,104.64,121.29
2005-12-07,57.65,120.53
2005-12-08,91.66,118.48
2005-12-09,90.39,111.38
2005-12-12,74.83,112.02
2005-12-13,63.07,110.66
2005-12-14,71.53,110.25
2005-12-15,77.74,111.86
2005-12-16,55.72,117.61
2005-12-19,58.47,140.33
2005-12-20,72.12,140.4
2005-12-21,67.16,98.01
2005-12-22,92.77,106.89
2005-12-23,94.84,120.28
2005-12-26,93.05,126.11
2005-12-27,90.63,122.66
2005-12-28,71.62,118.37
2005-12-29,67.56,120.02
2005-12-30,75.17,113.04
2006-01-02,68.22,106.37
2006-01-03,66.05,114.77
2006-01-04,63.94,115.23
2006-01-05,56.08,123.25
2006-01-06,73.7,122.61
2006-01-09,71.86,127.8
2006-01-10,76.79,122.86
2006-01-11,70.49,121.99
2006-01-12,65.34,124.9
2006-01-13,71.98,122.79
2006-01-16,70.11,124.34
2006-01-17,72.81,129.23
2006-01-18,119.83,84.13
2006-01-19,66.54,85.2
2006-01-20,64.56,82.48
2006-01-23,93.4,79.01
2006-01-24,73.9,77.12
2006-01-25,67.01,79.19
2006-02-03,66.91,81.82
2006-02-06,71.72,88.16
2006-02-07,66.8,98.68
2006-02-08,83.82,92.26
2006-02-09,71.41,91.57
2006-02-10,106.29,92.6
2006-02-13,91.55,91.22
2006-02-14,86.74,93.73
2006-02-15,82.33,117.92
2006-02-16,77.66,109.26
2006-02-17,80.47,109.74
2006-02-20,88.32,107.6
2006-02-21,78.77,105.4
2006-02-22,113.54,110.82
2006-02-23,106.2,110.03
2006-02-24,75.1,109.14
2006-02-27,90.45,112.16
2006-03-01,87.83,111.07
2006-03-02,76.3,116.15
2006-03-03,103.93,113.4
2006-03-06,103.14,113.74
2006-03-07,102.91,108.5
2006-03-08,102.98,103.04
2006-03-09,86.57,103.71
2006-03-10,82.96,102.39
2006-03-13,104.14,108.0
2006-03-14,112.77,102.21
2006-03-15,110.99,111.6
2006-03-16,72.26,88.78
2006-03-17,110.6,90.91
2006-03-20,88.36,89.99
2006-03-21,82.39,87.54
2006-03-22,119.19,84.91
2006-03-23,102.68,87.82
2006-03-24,111.22,87.98
2006-03-27,91.03,88.75
2006-03-28,88.16,93.09
2006-03-29,80.46,96.69
2006-03-30,69.65,98.94
2006-03-31,67.8,107.0
2006-04-03,70.3,113.59
2006-04-04,72.49,116.57
2006-04-06,69.2,124.34
2006-04-07,63.26,131.73
2006-04-10,67.13,149.32
2006-04-11,80.95,134.67
2006-04-12,73.17,138.12
2006-04-13,56.16,143.54
2006-04-14,75.82,162.41
2006-04-17,66.71,161.31
2006-04-18,93.45,152.68
2006-04-19,82.63,120.94
2006-04-20,76.78,129.32
2006-04-21,49.95,117.75
2006-04-24,66.92,118.66
2006-04-25,56.89,98.1
2006-04-26,58.52,102.39
2006-04-27,50.84,107.43
2006-04-28,59.0,103.74
2006-05-02,64.11,105.07
2006-05-03,63.59,112.72
2006-05-04,71.39,125.0
2006-05-05,58.18,142.0
2006-05-08,63.76,145.78
2006-05-09,64.05,129.5
2006-05-10,67.52,112.68
2006-05-11,81.14,114.84
2006-05-12,93.06,105.66
2006-05-15,78.81,97.1
2006-05-16,106.82,82.76
2006-05-17,80.42,83.3
2006-05-18,123.5,98.71
2006-05-19,71.07,97.45
2006-05-22,65.49,83.62
2006-05-23,95.44,76.09
2006-05-24,76.92,74.1
2006-05-25,69.01,71.96
2006-05-26,60.0,70.76
2006-05-29,62.18,70.81
2006-05-30,72.44,69.56
2006-06-01,66.44,69.42
2006-06-02,75.92,71.58
2006-06-05,76.25,63.86
2006-06-06,85.15,64.13
2006-06-07,81.95,60.39
2006-06-08,90.41,47.4
2006-06-09,97.27,50.1
2006-06-12,74.81,53.66
2006-06-13,73.77,55.84
2006-06-14,68.36,57.98
2006-06-15,72.48,56.46
2006-06-16,72.3,61.23
2006-06-19,77.66,60.62
2006-06-20,99.86,55.19
2006-06-21,96.49,59.26
2006-06-22,61.41,61.23
2006-06-23,84.34,67.68
2006-06-26,63.26,70.8
2006-06-27,56.95,71.71
2006-06-28,72.77,69.75
2006-06-29,61.89,74.8
2006-06-30,77.59,75.97
2006-07-03,93.55,74.68
2006-07-04,83.05,75.93
2006-07-05,85.19,75.1
2006-07-06,85.7,70.96
2006-07-07,67.71,70.68
2006-07-10,69.67,71.68
2006-07-11,67.98,71.88
2006-07-12,75.26,72.93
2006-07-13,68.78,69.4
2006-07-14,98.21,60.81
2006-07-17,117.3,50.37
2006-07-18,107.15,51.32
2006-07-19,76.58,52.66
2006-07-20,52.92,59.32
2006-07-21,86.4,62.01
2006-07-24,73.43,63.62
2006-07-25,46.26,63.76
2006-07-26,50.13,63.35
2006-07-27,76.13,63.59
2006-07-28,68.2,66.43
2006-07-31,59.37,63.24
2006-08-01,61.26,63.73
2006-08-02,78.84,65.13
2006-08-03,80.33,67.41
2006-08-04,74.15,69.27
2006-08-07,72.24,72.8
2006-08-08,68.04,76.33
2006-08-09,70.32,80.3
2006-08-10,71.38,89.47
2006-08-11,100.84,94.16
2006-08-14,68.79,103.0
2006-08-15,82.54,104.37
2006-08-16,62.81,67.06
2006-08-17,79.7,71.27
2006-08-18,80.69,72.25
2006-08-21,93.67,65.3
2006-08-22,81.85,64.77
2006-08-23,84.54,68.47
2006-08-24,75.5,67.18
2006-08-25,69.11,67.81
2006-08-28,88.84,66.82
2006-08-29,72.73,67.96
2006-08-30,78.68,72.17
2006-08-31,66.92,76.06
2006-09-01,68.99,81.21
2006-09-04,67.6,85.84
2006-09-05,59.32,88.3
2006-09-06,75.69,86.07
2006-09-07,78.92,86.49
2006-09-08,70.41,89.19
2006-09-11,77.51,86.09
2006-09-12,71.01,86.04
2006-09-13,86.18,87.98
2006-09-14,94.42,90.42
2006-09-15,97.97,98.48
2006-09-18,83.31,117.99
2006-09-19,77.35,118.55
2006-09-20,75.24,76.28
2006-09-21,88.57,83.71
2006-09-22,91.9,83.72
2006-09-25,92.3,84.23
2006-09-26,71.05,88.36
2006-09-27,81.86,87.96
2006-09-28,97.42,79.96
2006-09-29,77.37,78.46
2006-10-02,92.27,84.85
2006-10-03,113.73,87.2
2006-10-04,91.21,83.53
2006-10-05,86.54,89.0
2006-10-11,83.82,88.06
2006-10-12,95.68,89.16
2006-10-13,105.59,93.29
2006-10-14,145.05,99.53
2006-10-16,64.58,115.41
2006-10-17,77.79,117.46
2006-10-18,104.21,83.61
2006-10-19,80.23,75.48
2006-10-20,84.45,77.05
2006-10-23,93.67,82.29
2006-10-24,94.43,83.26
2006-10-25,102.29,83.69
2006-10-26,73.27,83.01
2006-10-27,100.07,86.73
2006-10-30,102.04,82.72
2006-10-31,93.7,82.85
2006-11-01,77.34,84.59
2006-11-02,85.52,89.9
2006-11-03,78.43,97.6
2006-11-06,94.43,94.33
2006-11-07,85.05,97.82
2006-11-08,106.28,98.96
2006-11-09,87.23,100.74
2006-11-10,90.28,98.12
2006-11-13,87.82,96.59
2006-11-14,76.69,102.62
2006-11-15,76.44,77.56
2006-11-16,98.09,87.15
2006-11-17,72.83,84.25
2006-11-20,107.63,84.33
2006-11-21,79.24,86.12
2006-11-22,105.1,87.42
2006-11-23,75.5,91.33
2006-11-24,75.63,92.94
2006-11-27,73.98,97.88
2006-11-28,79.76,97.36
2006-11-29,118.03,95.72
2006-11-30,105.02,101.11
2006-12-01,57.82,110.82
2006-12-04,62.11,115.46
2006-12-05,61.35,112.68
2006-12-06,100.35,110.94
2006-12-07,131.49,109.77
2006-12-08,68.56,104.16
2006-12-11,113.06,106.91
2006-12-12,94.86,101.01
2006-12-13,123.76,94.61
2006-12-14,113.39,95.62
2006-12-15,111.9,99.67
2006-12-18,95.07,109.39
2006-12-19,118.64,115.24
2006-12-20,95.14,89.84
2006-12-21,90.69,95.52
2006-12-22,111.22,101.28
2006-12-25,114.2,104.06
2006-12-26,68.9,105.23
2006-12-27,112.23,107.7
2006-12-28,100.65,107.98
2006-12-29,97.04,115.3
2007-01-02,80.02,119.63
2007-01-03,72.84,114.96
2007-01-04,92.56,111.75
2007-01-05,92.0,108.12
2007-01-08,80.2,104.39
2007-01-09,78.18,95.9
2007-01-10,91.54,87.58
2007-01-11,107.84,80.98
2007-01-12,86.24,94.59
2007-01-15,90.98,97.96
2007-01-16,97.39,102.34
2007-01-17,98.02,93.62
2007-01-18,82.41,98.2
2007-01-19,103.1,100.34
2007-01-22,97.01,103.0
2007-01-23,94.0,105.88
2007-01-24,86.53,107.73
2007-01-25,115.4,111.27
2007-01-26,95.75,103.3
2007-01-29,86.57,99.43
2007-01-30,96.58,94.99
2007-01-31,113.63,83.52
2007-02-01,78.16,81.55
2007-02-02,84.41,86.2
2007-02-05,89.45,88.42
2007-02-06,79.2,93.36
2007-02-07,79.97,94.7
2007-02-08,79.67,93.03
2007-02-09,82.72,97.47
2007-02-12,95.77,96.27
2007-02-13,85.84,92.09
2007-02-14,91.98,96.27
2007-02-26,73.36,96.14
2007-02-27,141.99,107.73
2007-03-01,132.95,96.85
2007-03-02,103.87,93.82
2007-03-03,105.24,87.18
2007-03-05,129.91,76.97
2007-03-06,80.93,73.75
2007-03-07,79.37,75.63
2007-03-08,90.83,77.62
2007-03-09,84.85,79.57
2007-03-12,89.49,81.59
2007-03-13,92.39,90.33
2007-03-14,112.17,85.18
2007-03-15,75.44,91.55
2007-03-16,91.65,98.68
2007-03-19,92.79,102.76
2007-03-20,95.96,106.22
2007-03-21,83.63,98.5
2007-03-22,83.15,96.61
2007-03-23,77.77,95.29
2007-03-26,112.89,96.66
2007-03-27,98.54,98.97
2007-03-28,115.15,98.15
2007-03-29,116.77,100.99
2007-03-30,79.87,103.05
2007-04-02,92.6,105.27
2007-04-03,86.07,104.21
2007-04-04,111.73,111.91
2007-04-09,117.82,117.15
2007-04-10,131.0,117.63
2007-04-11,119.61,122.82
2007-04-12,111.1,125.04
2007-04-13,108.23,125.21
2007-04-14,110.66,125.62
2007-04-16,113.26,126.05
2007-04-17,103.21,125.3
2007-04-18,104.86,118.4
2007-04-19,102.45,108.29
2007-04-20,109.47,112.43
2007-04-23,95.54,111.57
2007-04-24,112.06,111.6
2007-04-25,112.74,114.57
2007-04-26,138.75,115.31
2007-04-27,122.07,111.69
2007-04-30,80.95,99.04
2007-05-02,95.19,100.36
2007-05-03,102.17,101.26
2007-05-04,86.8,108.74
2007-05-07,73.22,113.42
2007-05-08,89.68,110.15
2007-05-09,102.09,109.62
2007-05-10,97.06,113.28
2007-05-11,105.12,115.25
2007-05-14,92.18,113.08
2007-05-15,105.31,107.33
2007-05-16,106.0,109.39
2007-05-17,88.23,106.37
2007-05-18,87.41,102.96
2007-05-21,83.71,99.02
2007-05-22,79.59,94.54
2007-05-23,126.97,98.86
2007-05-24,102.06,100.41
2007-05-25,105.41,96.12
2007-05-28,98.13,96.17
2007-05-29,92.8,98.57
2007-05-30,118.53,99.3
2007-05-31,95.62,100.59
2007-06-01,87.27,101.61
2007-06-04,85.8,102.7
2007-06-05,98.32,102.64
2007-06-06,82.13,109.53
2007-06-07,92.21,110.99
2007-06-08,142.71,109.8
2007-06-11,88.52,112.86
2007-06-12,79.89,115.78
2007-06-13,120.72,117.51
2007-06-14,87.13,127.23
2007-06-15,66.79,138.5
2007-06-20,85.93,96.94
2007-06-21,72.2,102.35
2007-06-22,70.57,97.76
2007-06-23,95.08,96.21
2007-06-25,65.86,95.64
2007-06-26,73.09,94.06
2007-06-27,71.56,91.53
2007-06-28,79.12,92.83
2007-06-29,88.36,92.15
2007-07-02,85.93,94.0
2007-07-03,76.23,99.37
2007-07-04,81.3,107.74
2007-07-05,109.13,112.52
2007-07-06,72.94,115.57
2007-07-09,58.6,126.99
2007-07-10,76.4,123.67
2007-07-11,79.85,116.71
2007-07-12,79.76,114.09
2007-07-13,77.23,119.84
2007-07-16,83.28,127.62
2007-07-17,104.04,133.12
2007-07-18,64.74,112.92
2007-07-19,123.18,109.17
2007-07-20,99.79,115.37
2007-07-23,68.03,113.19
2007-07-24,77.04,120.81
2007-07-25,73.58,116.07
2007-07-26,71.18,111.46
2007-07-27,124.19,92.61
2007-07-30,110.17,82.93
2007-07-31,75.22,84.76
2007-08-01,108.41,86.39
2007-08-02,103.32,79.91
2007-08-03,75.65,81.09
2007-08-06,119.36,82.0
2007-08-07,93.0,84.76
2007-08-08,88.97,87.0
2007-08-09,83.0,87.72
2007-08-10,140.87,89.05
2007-08-13,92.01,87.33
2007-08-14,108.7,87.29
2007-08-15,138.81,114.35
2007-08-16,137.77,107.98
2007-08-17,92.51,99.39
2007-08-20,62.13,98.98
2007-08-21,57.93,97.33
2007-08-22,60.01,95.4
2007-08-23,67.88,98.12
2007-08-24,52.81,100.18
2007-08-27,69.75,98.42
2007-08-28,58.28,96.99
2007-08-29,80.69,94.41
2007-08-30,65.75,94.17
2007-08-31,47.17,96.28
2007-09-03,58.25,97.16
2007-09-04,66.81,96.53
2007-09-05,86.48,98.17
2007-09-06,82.09,96.14
2007-09-07,69.28,100.9
2007-09-10,98.26,97.96
2007-09-11,66.98,98.29
2007-09-12,113.18,99.61
2007-09-13,112.27,101.15
2007-09-14,116.66,100.67
2007-09-17,94.11,99.48
2007-09-19,78.06,76.5
2007-09-20,99.2,89.15
2007-09-21,65.27,93.36
2007-09-26,74.04,94.92
2007-09-27,56.73,94.96
2007-09-28,53.5,95.63
2007-09-29,69.64,93.51
2007-10-01,79.14,93.78
2007-10-02,67.96,101.35
2007-10-03,48.14,108.68
2007-10-04,73.42,101.39
2007-10-05,57.69,101.31
2007-10-08,60.72,105.12
2007-10-09,77.94,106.43
2007-10-11,99.69,110.95
2007-10-12,97.38,112.46
2007-10-15,102.47,113.3
2007-10-16,90.98,116.4
2007-10-17,96.44,132.51
2007-10-18,77.3,117.07
2007-10-19,89.7,114.7
2007-10-22,103.89,116.24
2007-10-23,83.5,108.31
2007-10-24,84.42,106.6
2007-10-25,91.09,103.99
2007-10-26,84.3,103.13
2007-10-29,84.33,104.71
2007-10-30,81.35,103.03
2007-10-31,93.15,100.24
2007-11-01,89.81,101.17
2007-11-02,94.76,89.58
2007-11-05,97.63,85.42
2007-11-06,80.49,87.49
2007-11-07,89.0,91.11
2007-11-08,102.9,82.48
2007-11-09,98.95,80.31
2007-11-12,110.87,74.57
2007-11-13,99.62,72.56
2007-11-14,84.73,73.17
2007-11-15,81.75,73.89
2007-11-16,118.53,76.88
2007-11-19,101.22,76.94
2007-11-20,94.65,73.45
2007-11-21,89.5,86.29
2007-11-22,73.4,79.39
2007-11-23,71.18,78.39
2007-11-26,58.82,75.99
2007-11-27,73.49,75.39
2007-11-28,56.82,73.98
2007-11-29,60.51,73.46
2007-11-30,87.36,80.29
2007-12-03,92.76,78.19
2007-12-04,93.87,77.76
2007-12-05,94.25,78.12
2007-12-06,86.2,81.3
2007-12-07,83.5,82.72
2007-12-10,87.24,79.05
2007-12-11,80.39,80.7
2007-12-12,85.08,80.88
2007-12-13,87.4,72.79
2007-12-14,105.27,66.93
2007-12-17,105.65,62.82
2007-12-18,105.95,60.71
2007-12-19,89.16,75.46
2007-12-20,50.62,66.61
2007-12-21,50.27,64.21
2007-12-24,43.63,62.37
2007-12-25,71.4,62.22
2007-12-26,57.48,60.86
2007-12-27,65.51,63.76
2007-12-28,67.24,61.53
2007-12-31,82.91,61.83
2008-01-02,77.02,61.85
2008-01-03,80.24,56.71
2008-01-04,74.97,53.56
2008-01-07,79.19,49.8
2008-01-08,86.77,48.75
2008-01-09,69.81,51.29
2008-01-10,62.59,53.09
2008-01-11,62.27,49.28
2008-01-14,81.32,50.74
2008-01-15,67.84,59.98
2008-01-16,72.91,52.96
2008-01-17,62.49,54.72
2008-01-18,57.49,60.21
2008-01-21,57.66,58.8
2008-01-22,64.74,48.64
2008-01-23,74.54,48.05
2008-01-24,54.02,46.54
2008-01-25,47.16,49.4
2008-01-28,48.25,47.23
2008-01-29,58.41,47.28
2008-01-30,44.2,48.19
2008-01-31,63.38,45.95
2008-02-01,70.93,51.25
2008-02-12,60.7,50.09
2008-02-13,62.54,49.96
2008-02-14,67.41,53.24
2008-02-15,97.68,57.02
2008-02-18,79.44,60.55
2008-02-19,84.78,64.87
2008-02-20,68.6,60.1
2008-02-21,48.83,57.0
2008-02-22,69.53,57.84
2008-02-25,55.28,59.54
2008-02-26,59.61,57.58
2008-02-27,66.65,59.62
2008-02-29,71.11,60.97
2008-03-03,82.39,63.48
2008-03-04,64.36,64.33
2008-03-05,61.02,67.79
2008-03-06,67.22,68.84
2008-03-07,70.15,72.26
2008-03-10,74.75,70.76
2008-03-11,73.39,68.15
2008-03-12,59.26,64.86
2008-03-13,72.75,66.26
2008-03-14,77.69,65.65
2008-03-17,120.73,68.04
2008-03-18,81.45,63.52
2008-03-19,71.66,54.0
2008-03-20,53.05,54.94
2008-03-21,76.1,65.67
2008-03-24,93.16,82.94
2008-03-25,76.07,84.49
2008-03-26,61.55,83.79
2008-03-27,65.77,79.48
2008-03-28,61.39,79.19
2008-03-31,66.4,79.23
2008-04-01,66.41,76.76
2008-04-02,58.4,76.94
2008-04-03,60.4,77.27
2008-04-07,88.02,78.47
2008-04-08,74.09,79.99
2008-04-09,75.49,80.4
2008-04-10,73.26,85.14
2008-04-11,59.02,88.58
2008-04-14,74.76,88.09
2008-04-15,84.39,97.31
2008-04-16,74.27,96.14
2008-04-17,101.79,95.73
2008-04-18,96.67,94.08
2008-04-21,90.7,93.35
2008-04-22,101.04,96.78
2008-04-23,79.9,96.26
2008-04-24,86.51,99.02
2008-04-25,67.39,97.03
2008-04-28,63.28,94.45
2008-04-29,68.21,92.89
2008-04-30,110.69,95.01
2008-05-02,69.17,89.61
2008-05-05,60.72,89.21
2008-05-06,68.67,84.16
2008-05-07,85.22,82.98
2008-05-08,69.69,81.79
2008-05-09,89.53,82.12
2008-05-12,97.89,78.64
2008-05-13,73.84,79.21
2008-05-14,87.14,83.06
2008-05-15,66.33,89.27
2008-05-16,59.25,90.89
2008-05-19,64.92,92.23
2008-05-20,71.98,89.09
2008-05-21,79.93,102.77
2008-05-22,82.44,98.94
2008-05-23,84.7,95.88
2008-05-26,85.49,91.36
2008-05-27,82.34,87.86
2008-05-28,71.2,82.68
2008-05-29,56.51,79.6
2008-05-30,79.42,76.93
2008-06-02,72.08,75.07
2008-06-03,75.83,72.58
2008-06-04,65.79,71.47
2008-06-05,65.42,71.93
2008-06-06,66.95,71.94
2008-06-09,86.3,69.17
2008-06-10,85.73,63.24
2008-06-11,92.5,63.81
2008-06-12,114.86,54.74
2008-06-13,73.22,55.74
2008-06-16,77.56,53.99
2008-06-17,77.08,52.2
2008-06-18,82.34,85.42
2008-06-19,77.17,83.24
2008-06-20,72.58,81.61
2008-06-23,76.14,78.07
2008-06-24,57.02,73.58
2008-06-25,66.4,70.41
2008-06-26,68.31,67.79
2008-06-27,75.09,55.77
2008-06-30,69.55,53.97
2008-07-01,76.44,49.62
2008-07-02,54.1,44.93
2008-07-03,57.36,43.65
2008-07-04,54.13,42.75
2008-07-07,56.49,44.11
2008-07-08,72.96,40.35
2008-07-09,70.21,42.95
2008-07-10,72.49,42.38
2008-07-11,62.94,47.11
2008-07-14,77.08,47.71
2008-07-15,82.88,43.48
2008-07-16,91.41,42.78
2008-07-17,42.67,41.48
2008-07-18,47.5,40.48
2008-07-21,51.63,42.21
2008-07-22,56.06,42.22
2008-07-23,45.28,46.9
2008-07-24,54.19,49.37
2008-07-25,76.18,46.65
2008-07-29,61.95,44.82
2008-07-30,61.06,45.52
2008-07-31,65.65,48.25
2008-08-01,83.87,49.65
2008-08-04,68.78,48.71
2008-08-05,75.09,45.68
2008-08-06,65.3,47.76
2008-08-07,50.69,50.39
2008-08-08,63.33,56.14
2008-08-11,63.44,61.49
2008-08-12,71.03,60.54
2008-08-13,83.1,60.41
2008-08-14,69.27,61.8
2008-08-15,71.21,61.48
2008-08-18,89.31,52.55
2008-08-19,87.99,52.05
2008-08-20,90.27,42.78
2008-08-21,57.95,44.47
2008-08-22,67.52,45.25
2008-08-25,64.63,47.37
2008-08-26,46.96,47.33
2008-08-27,67.55,47.2
2008-08-28,57.44,46.31
2008-08-29,53.13,45.11
2008-09-01,71.46,45.92
2008-09-02,78.95,44.91
2008-09-03,77.23,44.65
2008-09-04,77.58,39.75
2008-09-05,62.03,36.28
2008-09-08,50.89,42.88
2008-09-09,77.32,41.0
2008-09-10,76.22,39.85
2008-09-11,73.97,38.75
2008-09-12,69.3,36.89
2008-09-15,77.83,33.66
2008-09-16,52.31,28.93
2008-09-17,58.56,44.26
2008-09-18,49.68,42.35
2008-09-19,40.6,46.62
2008-09-22,61.84,51.94
2008-09-23,72.37,56.51
2008-09-24,49.59,58.54
2008-09-25,57.09,58.07
2008-09-26,74.51,54.47
2008-09-30,74.87,48.51
2008-10-01,60.45,49.13
2008-10-02,72.01,48.69
2008-10-03,58.17,47.53
2008-10-06,57.5,43.43
2008-10-07,54.65,42.07
2008-10-08,62.12,36.59
2008-10-09,48.14,34.32
2008-10-13,31.85,29.7
2008-10-14,49.25,31.77
2008-10-15,72.04,43.84
2008-10-16,76.67,48.01
2008-10-17,54.57,46.3
2008-10-20,57.28,47.65
2008-10-21,35.24,46.48
2008-10-22,52.65,42.13
2008-10-23,44.7,38.13
2008-10-24,42.36,38.17
2008-10-27,60.67,38.3
2008-10-28,33.06,41.46
2008-10-29,32.44,43.71
2008-10-30,43.34,46.92
2008-10-31,51.65,55.68
2008-11-03,48.98,58.56
2008-11-04,66.86,58.24
2008-11-05,62.48,59.22
2008-11-06,82.73,57.0
2008-11-07,52.48,54.05
2008-11-10,60.08,56.55
2008-11-11,53.65,55.67
2008-11-12,62.93,52.52
2008-11-13,73.39,48.85
2008-11-14,62.57,49.88
2008-11-17,61.73,48.91
2008-11-18,73.89,45.49
2008-11-19,96.3,51.04
2008-11-20,51.06,49.47
2008-11-21,44.24,49.65
2008-11-24,35.9,49.94
2008-11-25,44.99,54.23
2008-11-26,51.03,52.84
2008-11-27,57.82,56.22
2008-11-28,49.69,56.28
2008-12-01,59.7,62.42
2008-12-02,83.11,62.41
2008-12-03,60.1,62.71
2008-12-04,66.83,61.33
2008-12-05,81.89,61.23
2008-12-08,64.01,66.76
2008-12-09,60.33,66.83
2008-12-10,56.01,76.65
2008-12-11,61.59,77.77
2008-12-12,114.87,72.5
2008-12-15,76.71,78.0
2008-12-16,87.48,82.69
2008-12-17,75.92,70.14
2008-12-18,44.11,67.64
2008-12-19,54.62,71.79
2008-12-22,70.83,70.96
2008-12-23,82.24,61.86
2008-12-24,66.35,61.29
2008-12-25,60.54,59.86
2008-12-26,58.3,59.52
2008-12-29,22.47,59.13
2008-12-30,33.42,67.32
2008-12-31,36.59,65.54
2009-01-05,53.7,66.79
2009-01-06,61.28,68.42
2009-01-07,66.07,70.11
2009-01-08,79.67,64.57
2009-01-09,64.84,64.13
2009-01-10,84.55,61.26
2009-01-12,68.53,61.01
2009-01-13,71.21,63.0
2009-01-14,80.16,64.69
2009-01-15,91.37,60.78
2009-01-16,57.23,59.62
2009-01-17,71.53,58.92
2009-01-19,53.07,58.87
2009-01-20,81.53,58.57
2009-01-21,110.68,84.45
2009-02-02,79.0,79.82
2009-02-03,77.7,89.52
2009-02-04,83.71,89.13
2009-02-05,77.98,88.13
2009-02-06,78.39,91.99
2009-02-09,83.29,99.69
2009-02-10,89.84,103.17
2009-02-11,91.42,109.85
2009-02-12,86.07,104.48
2009-02-13,70.94,107.3
2009-02-16,104.24,112.3
2009-02-17,108.29,112.02
2009-02-18,93.51,111.31
2009-02-19,64.01,82.09
2009-02-20,84.74,84.45
2009-02-23,95.85,84.61
2009-02-24,103.05,86.47
2009-02-25,86.77,88.34
2009-02-26,90.88,88.2
2009-02-27,78.84,88.9
2009-03-02,92.87,89.54
2009-03-03,99.52,89.67
2009-03-04,83.85,95.46
2009-03-05,59.99,98.99
2009-03-06,93.23,102.09
2009-03-09,90.05,101.24
2009-03-10,88.13,98.82
2009-03-11,88.72,107.52
2009-03-12,80.41,109.39
2009-03-13,73.68,128.64
2009-03-16,87.28,143.47
2009-03-17,84.65,156.97
2009-03-18,66.31,105.87
2009-03-19,102.15,110.76
2009-03-20,111.72,109.7
2009-03-23,93.43,110.91
2009-03-24,73.25,119.25
2009-03-25,76.0,127.6
2009-03-26,90.74,127.27
2009-03-27,73.37,123.77
2009-03-30,94.26,114.19
2009-03-31,89.47,108.54
2009-04-01,94.09,115.24
2009-04-02,92.09,131.1
2009-04-03,74.51,138.15
2009-04-06,76.46,138.3
2009-04-07,115.07,131.91
2009-04-08,82.28,124.25
2009-04-09,88.43,137.23
2009-04-10,75.79,158.98
2009-04-13,112.0,173.15
2009-04-14,100.01,180.25
2009-04-15,90.03,177.93
2009-04-16,141.92,120.81
2009-04-17,130.13,122.04
2009-04-20,121.81,116.4
2009-04-21,100.4,117.36
2009-04-22,111.89,129.13
2009-04-23,127.14,132.15
2009-04-24,86.14,137.68
2009-04-27,122.49,120.49
2009-04-28,98.64,108.59
2009-04-29,92.25,101.6
2009-04-30,72.8,132.13
2009-05-04,100.08,163.95
2009-05-05,112.52,169.85
2009-05-06,116.68,165.88
2009-05-07,105.22,156.82
2009-05-08,111.4,155.7
2009-05-11,110.56,152.67
2009-05-12,96.28,136.95
2009-05-13,92.95,137.4
2009-05-14,89.5,141.54
2009-05-15,101.41,141.56
2009-05-18,109.47,142.17
2009-05-19,99.57,159.82
2009-05-20,94.76,128.01
2009-05-21,138.4,125.18
2009-05-22,131.63,130.42
2009-05-25,120.04,134.04
2009-05-26,163.75,132.55
2009-05-27,101.87,144.22
2009-06-01,105.31,141.93
2009-06-02,93.07,139.06
2009-06-03,132.49,128.99
2009-06-04,101.14,117.6
2009-06-05,80.4,110.79
2009-06-06,111.88,113.83
2009-06-08,102.28,109.35
2009-06-09,107.1,95.71
2009-06-10,92.37,90.33
2009-06-11,95.85,90.05
2009-06-12,95.2,90.14
2009-06-15,108.92,80.11
2009-06-16,104.89,76.13
2009-06-17,109.49,78.83
2009-06-18,78.88,90.29
2009-06-19,80.29,88.28
2009-06-22,87.87,88.36
2009-06-23,95.01,93.45
2009-06-24,62.16,95.22
2009-06-25,60.5,93.99
2009-06-26,90.41,94.28
2009-06-29,107.17,92.54
2009-06-30,68.03,89.15
2009-07-01,94.62,94.24
2009-07-02,89.18,100.15
2009-07-03,100.13,104.95
2009-07-06,90.97,105.61
2009-07-07,88.61,110.0
2009-07-08,108.84,109.85
2009-07-09,90.86,113.88
2009-07-10,94.16,115.01
2009-07-13,110.0,107.71
2009-07-14,89.23,110.61
2009-07-15,78.06,106.37
2009-07-16,94.53,113.66
2009-07-17,88.87,115.7
2009-07-20,79.03,118.72
2009-07-21,93.68,117.91
2009-07-22,91.68,121.66
2009-07-23,85.37,122.98
2009-07-24,111.47,126.07
2009-07-27,100.86,127.51
2009-07-28,103.63,132.69
2009-07-29,90.62,132.28
2009-07-30,108.27,128.84
2009-07-31,87.09,133.06
2009-08-03,86.18,135.49
2009-08-04,109.02,134.39
2009-08-05,102.36,132.91
2009-08-06,115.55,125.49
2009-08-10,101.76,123.14
2009-08-11,91.57,120.98
2009-08-12,111.71,119.24
2009-08-13,102.43,126.25
2009-08-14,95.32,131.02
2009-08-17,117.7,128.93
2009-08-18,118.97,110.99
2009-08-19,112.79,109.35
2009-08-20,99.5,119.31
2009-08-21,104.22,120.13
2009-08-24,98.0,124.3
2009-08-25,112.05,125.66
2009-08-26,143.42,121.79
2009-08-27,129.77,124.42
2009-08-28,119.43,126.0
2009-08-31,107.5,124.79
2009-09-01,90.64,135.15
2009-09-02,90.23,140.9
2009-09-03,102.94,147.92
2009-09-04,100.96,158.69
2009-09-07,104.33,167.68
2009-09-08,82.27,173.64
2009-09-09,95.37,170.74
2009-09-10,81.33,187.89
2009-09-11,113.29,198.54
2009-09-14,109.13,191.95
2009-09-15,115.09,192.53
2009-09-16,95.0,130.33
2009-09-17,105.57,125.63
2009-09-18,100.51,131.97
2009-09-21,89.92,126.52
2009-09-22,110.09,124.1
2009-09-23,99.07,121.47
2009-09-24,93.75,117.69
2009-09-25,102.9,116.84
2009-09-28,110.4,114.79
2009-09-29,79.73,114.21
2009-09-30,91.34,114.87
2009-10-01,81.34,120.74
2009-10-02,114.68,118.21
2009-10-05,97.39,116.05
2009-10-06,95.63,118.98
2009-10-07,135.29,124.24
2009-10-08,79.84,119.64
2009-10-09,97.61,121.69
2009-10-12,115.01,119.74
2009-10-13,102.11,118.23
2009-10-14,122.74,126.43
2009-10-15,80.16,132.15
2009-10-16,88.68,129.16
2009-10-19,116.18,135.06
2009-10-20,73.02,135.58
2009-10-21,94.53,134.65
2009-10-22,103.62,126.34
2009-10-23,84.99,122.2
2009-10-26,89.54,117.35
2009-10-27,97.98,115.78
2009-10-28,121.78,114.68
2009-10-29,109.26,106.15
2009-10-30,95.44,103.0
2009-11-02,98.35,98.52
2009-11-03,96.44,99.07
2009-11-04,95.02,100.67
2009-11-05,111.15,102.56
2009-11-06,94.89,101.25
2009-11-09,78.4,100.06
2009-11-10,97.09,102.32
2009-11-11,84.32,107.59
2009-11-12,84.03,108.03
2009-11-13,94.81,107.04
2009-11-16,102.48,114.57
2009-11-17,85.21,117.9
2009-11-18,93.23,130.29
2009-11-19,113.93,135.06
2009-11-20,94.47,130.8
2009-11-23,95.13,124.01
2009-11-24,106.41,123.84
2009-11-25,97.1,126.67
2009-11-26,133.65,125.07
2009-11-27,105.74,119.83
2009-11-30,115.45,117.12
2009-12-01,90.48,117.82
2009-12-02,95.98,118.71
2009-12-03,85.67,117.51
2009-12-04,95.5,115.15
2009-12-07,91.98,113.38
2009-12-08,97.62,113.8
2009-12-09,106.72,114.89
2009-12-10,100.98,113.31
2009-12-11,90.52,118.47
2009-12-14,98.16,121.34
2009-12-15,90.84,122.73
2009-12-16,80.58,133.31
2009-12-17,83.5,124.76
2009-12-18,105.76,119.82
2009-12-21,95.8,119.77
2009-12-22,92.85,121.63
2009-12-23,87.71,119.86
2009-12-24,96.95,123.96
2009-12-25,111.42,124.57
2009-12-28,88.06,130.93
2009-12-29,100.4,127.16
2009-12-30,104.82,128.2
2009-12-31,95.08,132.68
2010-01-04,84.69,130.8
2010-01-05,76.66,127.23
2010-01-06,85.27,138.49
2010-01-07,77.72,137.58
2010-01-08,99.88,137.68
2010-01-11,126.04,140.66
2010-01-12,105.25,140.51
2010-01-13,92.04,134.69
2010-01-14,91.37,136.96
2010-01-15,96.83,140.35
2010-01-18,107.58,140.09
2010-01-19,97.64,132.03
2010-01-20,83.52,112.49
2010-01-21,84.99,104.39
2010-01-22,101.16,95.57
2010-01-25,102.65,95.71
2010-01-26,97.15,79.41
2010-01-27,96.15,78.81
2010-01-28,74.59,84.69
2010-01-29,94.88,78.26
2010-02-01,74.06,73.53
2010-02-02,98.76,70.64
2010-02-03,76.42,70.74
2010-02-04,87.88,71.52
2010-02-05,116.48,59.03
2010-02-06,80.84,56.12
2010-02-08,71.74,55.99
2010-02-09,74.62,59.38
2010-02-10,68.24,61.84
2010-02-22,89.03,65.34
2010-02-23,84.97,95.26
2010-02-24,84.9,94.63
2010-02-25,83.31,89.21
2010-02-26,85.47,86.74
2010-03-01,83.06,94.07
2010-03-02,76.21,94.35
2010-03-03,89.12,92.12
2010-03-04,81.18,93.19
2010-03-05,78.08,95.84
2010-03-08,85.02,101.94
2010-03-09,99.12,103.64
2010-03-10,84.72,104.27
2010-03-11,92.21,104.53
2010-03-12,94.41,104.99
2010-03-15,87.47,101.27
2010-03-16,96.35,103.05
2010-03-17,65.62,79.22
2010-03-18,68.33,84.28
2010-03-19,63.21,80.65
2010-03-22,74.5,81.31
2010-03-23,80.89,83.95
2010-03-24,97.64,88.01
2010-03-25,69.38,89.14
2010-03-26,84.05,95.9
2010-03-29,91.67,97.94
2010-03-30,95.73,100.02
2010-03-31,81.44,100.25
2010-04-01,89.64,100.34
2010-04-02,95.45,101.94
2010-04-06,80.76,107.28
2010-04-07,82.91,108.61
2010-04-08,91.61,107.62
2010-04-09,87.46,105.64
2010-04-12,73.13,105.24
2010-04-13,86.97,99.8
2010-04-14,90.64,100.83
2010-04-15,92.65,103.85
2010-04-16,87.36,101.91
2010-04-19,101.63,91.91
2010-04-20,92.33,93.38
2010-04-21,80.21,88.41
2010-04-22,89.02,86.67
2010-04-23,92.7,89.89
2010-04-26,85.55,93.99
2010-04-27,73.87,95.44
2010-04-28,101.08,93.8
2010-04-29,77.02,97.04
2010-04-30,85.58,98.65
2010-05-03,83.93,93.07
2010-05-04,96.02,92.94
2010-05-05,101.74,81.81
2010-05-06,101.94,74.0
2010-05-07,95.39,66.19
2010-05-10,88.29,68.81
2010-05-11,103.99,71.69
2010-05-12,92.43,73.64
2010-05-13,94.73,80.04
2010-05-14,98.67,84.59
2010-05-17,108.45,80.74
2010-05-18,99.37,79.43
2010-05-19,99.71,88.55
2010-05-20,81.06,83.85
2010-05-21,77.37,74.38
2010-05-24,72.71,71.56
2010-05-25,69.23,64.18
2010-05-26,100.91,64.55
2010-05-27,89.52,65.26
2010-05-28,74.74,69.95
2010-05-31,93.34,72.47
2010-07-01,98.63,76.13
2010-07-02,102.97,72.96
2010-07-05,93.05,75.47
2010-07-06,88.2,83.65
2010-07-07,87.94,86.97
2010-07-08,95.31,88.79
2010-07-09,102.02,92.53
2010-07-12,99.24,95.84
2010-07-13,87.35,94.55
2010-07-14,100.2,104.7
2010-07-15,79.8,108.26
2010-07-16,92.96,107.82
2010-07-19,96.3,109.79
2010-07-20,86.73,113.58
2010-07-21,94.13,74.18
2010-07-22,102.64,79.48
2010-07-23,80.37,85.67
2010-07-26,85.4,87.96
2010-07-27,70.78,88.7
2010-07-28,94.92,91.88
2010-07-29,106.81,96.95
2010-07-30,104.52,99.03
2010-08-02,89.79,106.23
2010-08-03,84.71,115.79
2010-08-04,77.68,117.26
2010-08-05,89.95,116.0
2010-08-06,106.89,118.92
2010-08-09,107.34,128.33
2010-08-10,108.93,131.32
2010-08-11,94.37,126.39
2010-08-12,98.75,123.54
2010-08-13,87.99,130.38
2010-08-16,94.76,133.23
2010-08-17,94.75,137.26
2010-08-18,88.35,94.0
2010-08-19,93.85,97.86
2010-08-20,82.23,98.2
2010-08-23,93.03,102.59
2010-08-24,117.09,107.36
2010-08-25,95.95,104.11
2010-08-26,95.4,97.93
2010-08-27,79.0,94.99
2010-08-30,84.76,99.18
2010-08-31,83.66,92.36
2010-09-01,95.43,90.3
2010-09-02,79.12,95.87
2010-09-03,115.86,100.29
2010-09-06,121.34,109.63
2010-09-07,110.57,111.33
2010-09-08,111.37,107.97
2010-09-09,102.76,110.27
2010-09-10,115.2,113.91
2010-09-13,98.67,135.59
2010-09-14,73.21,146.21
2010-09-15,75.01,121.26
2010-09-16,98.46,124.06
2010-09-17,77.59,118.35
2010-09-20,73.03,115.08
2010-09-21,72.55,113.38
2010-09-23,86.43,114.24
2010-09-24,88.12,114.64
2010-09-27,75.93,121.58
2010-09-28,106.24,122.71
2010-09-29,79.2,129.01
2010-09-30,95.17,130.04
2010-10-01,114.65,132.16
2010-10-04,92.52,134.83
2010-10-05,95.28,133.84
2010-10-06,107.41,140.78
2010-10-07,133.0,142.52
2010-10-08,88.05,140.56
2010-10-11,88.14,138.86
2010-10-12,96.31,127.58
2010-10-13,93.59,127.43
2010-10-14,86.75,134.74
2010-10-15,104.94,133.88
2010-10-18,96.59,119.84
2010-10-19,109.89,115.84
2010-10-20,91.77,119.99
2010-10-21,105.55,120.02
2010-10-22,112.24,118.3
2010-10-25,100.02,115.84
2010-10-26,110.67,122.75
2010-10-27,92.69,129.21
2010-10-28,106.11,137.97
2010-10-29,85.31,134.66
2010-11-01,77.68,134.88
2010-11-02,83.28,130.19
2010-11-03,89.04,125.59
2010-11-04,105.43,125.52
2010-11-05,94.55,130.01
2010-11-08,87.49,126.56
2010-11-09,100.82,125.47
2010-11-10,94.16,125.91
2010-11-11,110.1,126.13
2010-11-12,103.95,121.04
2010-11-15,92.11,112.17
2010-11-16,105.32,116.95
2010-11-17,102.6,113.18
2010-11-18,81.68,106.36
2010-11-19,93.45,105.75
2010-11-22,97.11,110.84
2010-11-23,90.68,111.26
2010-11-24,106.36,111.1
2010-11-25,116.22,114.36
2010-11-26,109.12,118.59
2010-11-29,114.03,114.64
2010-11-30,118.47,121.06
2010-12-01,99.82,124.77
2010-12-02,96.05,138.5
2010-12-03,107.6,147.07
2010-12-06,105.62,155.1
2010-12-07,102.27,154.13
2010-12-08,103.35,155.67
2010-12-09,94.24,154.91
2010-12-10,87.22,152.48
2010-12-13,98.4,156.33
2010-12-14,98.66,156.98
2010-12-15,100.88,110.7
2010-12-16,88.76,109.84
2010-12-17,96.17,109.63
2010-12-20,98.75,112.34
2010-12-21,106.55,112.01
2010-12-22,108.72,111.69
2010-12-23,129.09,114.43
2010-12-24,116.87,114.95
2010-12-27,125.33,116.9
2010-12-28,112.4,116.73
2010-12-29,82.52,117.6
2010-12-30,105.87,119.04
2010-12-31,111.44,124.55
2011-01-03,92.89,128.13
2011-01-04,94.48,126.3
2011-01-05,89.9,117.69
2011-01-06,93.31,114.87
2011-01-07,88.73,113.53
2011-01-10,100.77,113.55
2011-01-11,94.88,116.19
2011-01-12,106.48,119.64
2011-01-13,93.41,122.77
2011-01-14,97.79,122.21
2011-01-17,92.67,117.19
2011-01-18,89.87,120.58
2011-01-19,79.29,103.59
2011-01-20,104.85,105.18
2011-01-21,102.45,102.93
2011-01-24,102.15,101.76
2011-01-25,101.77,104.61
2011-01-26,94.46,106.55
2011-01-27,97.22,104.83
2011-01-28,98.1,108.59
2011-02-08,94.77,109.21
2011-02-09,80.16,108.28
2011-02-10,87.92,98.57
2011-02-11,111.77,79.39
2011-02-14,101.15,78.41
2011-02-15,94.41,80.67
2011-02-16,109.77,85.54
2011-02-17,74.04,97.04
2011-02-18,92.09,101.32
2011-02-21,104.14,102.94
2011-02-22,100.77,94.95
2011-02-23,104.22,88.63
2011-02-24,81.13,85.42
2011-02-25,78.1,81.17
2011-03-01,102.1,87.44
2011-03-02,99.41,92.15
2011-03-03,98.51,97.49
2011-03-04,93.31,101.35
2011-03-07,97.75,99.18
2011-03-08,113.56,100.45
2011-03-09,92.19,102.47
2011-03-10,84.94,95.72
2011-03-11,105.83,88.09
2011-03-14,102.58,84.06
2011-03-15,115.41,68.3
2011-03-16,99.44,101.82
2011-03-17,106.8,101.28
2011-03-18,106.03,103.57
2011-03-21,97.65,106.76
2011-03-22,102.81,107.89
2011-03-23,102.55,111.22
2011-03-24,99.1,113.01
2011-03-25,100.58,116.95
2011-03-28,93.01,117.76
2011-03-29,102.1,117.62
2011-03-30,86.64,116.96
2011-03-31,81.06,116.66
2011-04-01,88.39,117.28
2011-04-06,98.01,126.66
2011-04-07,86.65,130.41
2011-04-08,84.66,131.19
2011-04-11,99.82,133.95
2011-04-12,90.96,124.62
2011-04-13,121.55,125.73
2011-04-14,89.69,129.17
2011-04-15,85.56,127.63
2011-04-18,102.21,126.72
2011-04-19,106.17,120.43
2011-04-20,84.74,117.81
2011-04-21,86.28,123.34
2011-04-22,71.19,115.02
2011-04-25,80.33,116.73
2011-04-26,82.53,116.35
2011-04-27,76.66,122.4
2011-04-28,77.1,117.97
2011-04-29,75.77,115.23
2011-05-03,85.86,113.88
2011-05-04,84.68,112.24
2011-05-05,81.55,120.07
2011-05-06,87.87,118.68
2011-05-09,91.22,122.29
2011-05-10,81.85,116.55
2011-05-11,79.2,112.52
2011-05-12,84.78,113.32
2011-05-13,91.1,114.7
2011-05-16,85.34,111.87
2011-05-17,103.46,108.45
2011-05-18,94.68,109.16
2011-05-19,93.42,117.13
2011-05-20,94.14,111.84
2011-05-23,101.61,108.89
2011-05-24,100.54,107.21
2011-05-25,104.58,105.67
2011-05-26,98.99,108.43
2011-05-27,94.86,110.37
2011-05-30,93.72,110.42
2011-05-31,88.77,124.88
2011-06-01,78.49,125.21
2011-06-02,102.56,118.62
2011-06-03,87.75,120.85
2011-06-07,93.27,119.48
2011-06-08,95.37,119.82
2011-06-09,113.25,122.65
2011-06-10,103.36,110.24
2011-06-13,121.54,97.58
2011-06-14,98.02,104.75
2011-06-15,95.47,101.79
2011-06-16,114.99,109.09
2011-06-17,108.5,108.1
2011-06-20,100.81,107.25
2011-06-21,97.5,105.48
2011-06-22,103.22,102.4
2011-06-23,94.07,101.81
2011-06-24,80.03,96.64
2011-06-27,88.71,92.78
2011-06-28,92.39,93.08
2011-06-29,81.2,97.73
2011-06-30,109.68,100.38
2011-07-01,99.92,101.69
2011-07-04,109.36,101.77
2011-07-05,89.2,99.81
2011-07-06,98.33,104.59
2011-07-07,101.2,103.62
2011-07-08,91.45,104.79
2011-07-11,94.35,101.74
2011-07-12,107.36,90.97
2011-07-13,99.44,89.31
2011-07-14,95.58,89.29
2011-07-15,95.63,94.0
2011-07-18,83.36,95.01
2011-07-19,109.4,96.4
2011-07-20,86.28,103.75
2011-07-21,94.92,103.82
2011-07-22,96.41,108.31
2011-07-25,114.33,108.74
2011-07-26,97.77,110.99
2011-07-27,82.2,111.66
2011-07-28,109.65,114.53
2011-07-29,115.59,111.77
2011-08-01,107.85,109.07
2011-08-02,91.91,104.77
2011-08-03,113.09,93.95
2011-08-04,96.64,84.15
2011-08-05,99.01,63.36
2011-08-08,96.68,53.15
2011-08-09,103.68,54.75
2011-08-10,71.94,55.72
2011-08-11,75.61,60.57
2011-08-12,86.22,62.37
2011-08-15,115.9,65.77
2011-08-16,71.17,66.39
2011-08-17,81.96,64.16
2011-08-18,86.54,84.45
2011-08-19,128.58,85.93
2011-08-22,116.33,90.65
2011-08-23,80.51,94.56
2011-08-24,94.66,93.25
2011-08-25,83.51,92.6
2011-08-26,104.57,91.46
2011-08-29,99.87,91.75
2011-08-30,100.85,90.95
2011-08-31,90.21,88.54
2011-09-01,82.54,92.81
2011-09-02,114.61,91.59
2011-09-05,102.55,86.9
2011-09-06,128.35,84.7
2011-09-07,107.05,84.99
2011-09-08,99.67,86.99
2011-09-09,94.11,84.27
2011-09-13,92.85,79.34
2011-09-14,112.59,77.32
2011-09-15,101.69,78.85
2011-09-16,103.18,88.46
2011-09-19,101.07,89.05
2011-09-20,105.55,89.95
2011-09-21,82.12,105.79
2011-09-22,93.23,107.5
2011-09-23,106.2,97.79
2011-09-26,93.93,91.62
2011-09-27,93.29,93.02
2011-09-28,107.33,95.89
2011-09-29,92.95,98.97
2011-09-30,129.2,103.81
2011-10-03,104.25,98.07
2011-10-04,113.62,97.68
2011-10-05,109.88,96.74
2011-10-06,110.57,98.01
2011-10-07,117.41,99.28
2011-10-11,132.57,105.53
2011-10-12,101.53,104.57
2011-10-13,93.96,104.31
2011-10-14,94.87,104.45
2011-10-17,91.46,104.51
2011-10-18,98.37,101.94
2011-10-19,87.26,100.41
2011-10-20,97.93,82.32
2011-10-21,92.51,82.19
2011-10-24,102.44,89.59
2011-10-25,83.38,89.06
2011-10-26,89.1,91.45
2011-10-27,85.18,92.92
2011-10-28,84.74,94.53
2011-10-31,89.53,92.03
2011-11-01,91.56,91.95
2011-11-02,115.26,91.05
2011-11-03,117.53,89.79
2011-11-04,109.96,92.03
2011-11-07,100.13,92.59
2011-11-08,88.93,93.33
2011-11-09,80.75,94.12
2011-11-10,118.22,81.8
2011-11-11,85.82,80.71
2011-11-14,84.71,87.64
2011-11-15,103.78,87.08
2011-11-16,103.2,87.53
2011-11-17,96.71,86.6
2011-11-18,110.06,84.84
2011-11-21,82.97,78.02
2011-11-22,83.94,79.98
2011-11-23,88.78,74.74
2011-11-24,97.27,71.76
2011-11-25,89.22,70.32
2011-11-28,95.13,69.84
2011-11-29,88.82,68.95
2011-11-30,88.55,68.93
2011-12-01,76.29,76.03
2011-12-02,89.63,77.24
2011-12-05,87.29,76.15
2011-12-06,100.8,72.73
2011-12-07,90.35,72.49
2011-12-08,85.82,71.72
2011-12-09,104.66,69.05
2011-12-12,93.86,69.77
2011-12-13,80.47,69.07
2011-12-14,92.75,70.37
2011-12-15,93.38,66.15
2011-12-16,96.77,65.44
2011-12-19,99.83,61.37
2011-12-20,98.09,61.78
2011-12-21,83.57,77.26
2011-12-22,71.41,75.72
2011-12-23,87.6,77.8
2011-12-26,86.19,77.64
2011-12-27,86.13,77.19
2011-12-28,94.67,79.07
2011-12-29,85.09,79.44
2011-12-30,78.77,81.63
2012-01-02,76.07,81.42
2012-01-03,84.45,86.49
2012-01-04,95.36,92.31
2012-01-05,94.19,95.07
2012-01-06,104.38,97.77
2012-01-09,92.11,98.93
2012-01-10,90.63,104.34
2012-01-11,80.06,103.86
2012-01-12,87.45,104.03
2012-01-13,81.42,103.54
2012-01-16,95.72,100.75
2012-01-17,94.4,104.09
2012-01-18,89.92,105.47
2012-01-30,94.02,108.99
2012-01-31,87.91,106.33
2012-02-01,105.7,111.46
2012-02-02,88.77,116.71
2012-02-03,101.63,117.45
2012-02-04,80.41,123.25
2012-02-06,100.71,120.23
2012-02-07,91.9,120.54
2012-02-08,79.71,127.94
2012-02-09,87.84,131.71
2012-02-10,74.82,131.42
2012-02-13,92.16,131.52
2012-02-14,88.11,125.91
2012-02-15,65.27,101.24
2012-02-16,98.38,102.21
2012-02-17,91.45,101.12
2012-02-20,94.38,101.14
2012-02-21,94.62,101.88
2012-02-22,84.8,105.13
2012-02-23,90.79,101.53
2012-02-24,80.54,102.97
2012-02-29,103.09,109.59
2012-03-01,79.29,112.1
2012-03-02,106.01,109.45
2012-03-03,84.5,108.72
2012-03-05,84.76,105.72
2012-03-06,92.39,100.55
2012-03-07,115.24,101.23
2012-03-08,85.0,105.68
2012-03-09,81.63,105.47
2012-03-12,92.72,102.36
2012-03-13,105.68,103.96
2012-03-14,91.29,109.23
2012-03-15,98.21,110.46
2012-03-16,90.26,107.81
2012-03-19,91.23,106.23
2012-03-20,86.57,102.42
2012-03-21,94.97,112.05
2012-03-22,102.51,112.04
2012-03-23,86.59,106.83
2012-03-26,101.9,104.02
2012-03-27,112.34,105.94
2012-03-28,84.83,105.66
2012-03-29,99.71,102.98
2012-03-30,118.54,100.06
2012-04-02,93.51,99.11
2012-04-03,101.6,91.58
2012-04-05,106.76,83.46
2012-04-06,99.77,86.74
2012-04-09,114.98,85.86
2012-04-10,101.43,83.85
2012-04-11,103.66,83.21
2012-04-12,93.27,82.07
2012-04-13,106.39,84.88
2012-04-16,104.54,83.38
2012-04-17,97.92,77.22
2012-04-18,98.97,111.52
2012-04-19,102.58,111.49
2012-04-20,102.89,108.44
2012-04-23,95.72,101.41
2012-04-24,112.46,105.05
2012-04-25,103.05,108.67
2012-04-26,100.42,109.68
2012-04-27,108.47,106.31
2012-04-30,103.16,103.35
2012-05-02,95.54,109.42
2012-05-03,92.3,110.18
2012-05-04,104.25,113.07
2012-05-07,105.68,100.7
2012-05-08,91.46,96.81
2012-05-09,101.7,89.97
2012-05-10,103.28,87.02
2012-05-11,96.55,84.53
2012-05-14,102.37,83.25
2012-05-15,107.04,83.69
2012-05-16,114.52,111.42
2012-05-17,106.64,111.31
2012-05-18,133.53,108.8
2012-05-21,103.32,102.69
2012-05-22,121.13,105.17
2012-05-23,116.37,105.32
2012-05-24,111.56,105.77
2012-05-25,109.13,105.26
2012-05-28,104.66,107.77
2012-05-29,90.37,117.34
2012-05-30,105.19,115.72
2012-05-31,105.22,113.1
2012-06-01,110.2,111.35
2012-06-04,122.05,98.2
2012-06-05,102.7,99.79
2012-06-06,94.4,104.63
2012-06-07,101.03,105.01
2012-06-08,91.3,104.24
2012-06-11,110.89,105.16
2012-06-12,102.68,102.59
2012-06-13,83.28,104.8
2012-06-14,96.4,104.22
2012-06-15,114.11,107.43
2012-06-18,98.9,114.49
2012-06-19,100.21,114.45
2012-06-20,77.89,101.59
2012-06-21,117.27,104.66
2012-06-22,106.63,104.65
2012-06-25,91.86,101.68
2012-06-26,99.21,97.34
2012-06-27,98.89,100.03
2012-06-28,92.85,101.25
2012-06-29,89.1,105.81
2012-07-02,119.51,108.34
2012-07-03,97.76,113.75
2012-07-04,86.59,117.37
2012-07-05,85.83,116.32
2012-07-06,94.06,112.38
2012-07-09,94.65,108.0
2012-07-10,88.46,103.26
2012-07-11,87.45,102.69
2012-07-12,86.2,90.13
2012-07-13,103.08,88.93
2012-07-16,79.99,85.74
2012-07-17,82.08,90.65
2012-07-18,88.2,98.08
2012-07-19,85.74,98.39
2012-07-20,95.04,99.8
2012-07-23,101.73,93.18
2012-07-24,115.8,93.62
2012-07-25,116.48,92.4
2012-07-26,95.56,92.66
2012-07-27,93.13,98.35
2012-07-30,82.72,100.52
2012-07-31,88.64,108.89
2012-08-01,82.4,113.64
2012-08-03,87.12,105.05
2012-08-06,86.82,106.12
2012-08-07,89.76,102.79
2012-08-08,71.61,105.01
2012-08-09,72.61,115.8
2012-08-10,86.49,115.72
2012-08-13,83.8,112.97
2012-08-14,82.23,118.1
2012-08-15,78.14,97.78
2012-08-16,94.54,97.27
2012-08-17,111.38,97.43
2012-08-20,93.31,98.13
2012-08-21,84.25,99.13
2012-08-22,100.26,99.24
2012-08-23,107.62,100.33
2012-08-24,85.57,99.13
2012-08-27,85.56,98.84
2012-08-28,77.54,94.1
2012-08-29,90.04,95.42
2012-08-30,95.95,95.68
2012-08-31,101.39,97.07
2012-09-03,86.28,97.94
2012-09-04,104.28,98.21
2012-09-05,80.72,94.77
2012-09-06,96.06,93.24
2012-09-07,94.92,94.33
2012-09-10,97.66,100.3
2012-09-11,98.28,103.32
2012-09-12,76.63,107.32
2012-09-13,94.24,105.61
2012-09-14,85.16,121.53
2012-09-17,89.8,126.02
2012-09-18,96.35,130.02
2012-09-19,72.86,111.52
2012-09-20,98.47,110.41
2012-09-21,101.04,107.82
2012-09-24,95.27,107.83
2012-09-25,90.48,106.5
2012-09-26,95.5,102.46
2012-09-27,83.41,101.89
2012-09-28,94.33,99.17
2012-10-01,90.71,100.76
2012-10-02,107.81,101.82
2012-10-03,108.15,99.93
2012-10-04,87.54,94.36
2012-10-05,93.61,94.42
2012-10-08,78.19,91.57
2012-10-09,86.58,91.47
2012-10-11,100.13,79.92
2012-10-12,100.15,74.93
2012-10-15,93.77,74.07
2012-10-16,99.92,76.15
2012-10-17,96.42,96.33
2012-10-18,91.93,94.16
2012-10-19,103.42,92.98
2012-10-22,117.89,90.81
2012-10-23,103.34,90.11
2012-10-24,108.22,89.75
2012-10-25,107.32,88.62
2012-10-26,111.87,84.58
2012-10-29,120.13,86.63
2012-10-30,116.94,88.91
2012-10-31,114.52,89.44
2012-11-01,120.26,82.05
2012-11-02,78.29,82.04
2012-11-05,100.26,81.32
2012-11-06,101.71,82.71
2012-11-07,97.62,84.98
2012-11-08,104.48,84.91
2012-11-09,105.55,88.3
2012-11-12,92.28,88.14
2012-11-13,106.41,81.9
2012-11-14,95.77,82.0
2012-11-15,98.04,80.17
2012-11-16,87.41,80.52
2012-11-19,105.5,79.82
2012-11-20,94.4,81.9
2012-11-21,114.62,103.76
2012-11-22,101.08,104.73
2012-11-23,82.67,109.01
2012-11-26,86.83,110.8
2012-11-27,92.41,112.96
2012-11-28,93.13,113.44
2012-11-29,84.25,121.16
2012-11-30,93.18,125.4
2012-12-03,94.44,125.67
2012-12-04,99.56,125.36
2012-12-05,83.49,127.92
2012-12-06,86.12,128.03
2012-12-07,98.06,129.99
2012-12-10,103.83,125.59
2012-12-11,99.37,125.56
2012-12-12,96.12,133.17
2012-12-13,87.25,135.7
2012-12-14,87.9,129.21
2012-12-17,93.04,120.5
2012-12-18,92.44,119.34
2012-12-19,89.68,106.31
2012-12-20,94.85,100.06
2012-12-21,124.86,96.17
2012-12-22,106.14,96.86
2012-12-24,105.02,98.05
2012-12-25,89.91,104.67
2012-12-26,88.27,102.04
2012-12-27,96.48,100.64
2012-12-28,78.99,101.96
2013-01-02,86.09,108.43
2013-01-03,94.19,113.14
2013-01-04,91.26,110.68
2013-01-07,97.77,107.12
2013-01-08,100.9,102.37
2013-01-09,97.82,107.4
2013-01-10,85.48,112.24
2013-01-11,84.04,112.0
2013-01-14,86.82,112.49
2013-01-15,90.42,106.82
2013-01-16,108.17,102.75
2013-01-17,102.72,95.34
2013-01-18,101.42,98.26
2013-01-21,103.16,98.93
2013-01-22,97.15,104.8
2013-01-23,93.99,103.42
2013-01-24,96.22,98.18
2013-01-25,94.96,93.69
2013-01-28,96.33,99.88
2013-01-29,82.71,109.21
2013-01-30,78.92,113.01
2013-01-31,103.94,107.24
2013-02-01,84.7,107.16
2013-02-04,84.85,109.03
2013-02-05,85.28,103.32
2013-02-06,81.71,105.59
2013-02-18,86.14,110.49
2013-02-19,87.12,113.57
2013-02-20,74.94,109.91
2013-02-21,113.3,110.49
2013-02-22,114.73,111.38
2013-02-23,99.79,111.67
2013-02-25,97.36,108.48
2013-02-26,101.02,105.74
2013-02-27,111.11,114.78
2013-03-01,115.46,116.54
2013-03-04,100.67,109.88
2013-03-05,105.23,111.89
2013-03-06,90.61,108.66
2013-03-07,105.09,107.22
2013-03-08,98.11,114.64
2013-03-11,97.7,117.87
2013-03-12,84.81,111.32
2013-03-13,90.2,110.0
2013-03-14,98.2,104.94
2013-03-15,90.47,101.72
2013-03-18,110.44,91.03
2013-03-19,108.77,92.66
2013-03-20,119.01,90.87
2013-03-21,94.94,95.72
2013-03-22,117.54,97.9
2013-03-25,122.53,105.0
2013-03-26,130.21,111.64
2013-03-27,101.29,105.98
2013-03-28,117.15,107.23
2013-03-29,121.73,117.66
2013-04-01,105.02,116.27
2013-04-02,104.55,114.85
2013-04-03,94.8,109.95
2013-04-08,113.33,92.39
2013-04-09,100.77,89.41
2013-04-10,105.88,93.19
2013-04-11,110.36,104.35
2013-04-12,115.79,103.42
2013-04-15,110.56,99.93
2013-04-16,117.66,100.5
2013-04-17,95.75,102.96
2013-04-18,114.68,112.63
2013-04-19,98.56,125.3
2013-04-22,94.26,125.14
2013-04-23,104.51,124.87
2013-04-24,77.83,120.75
2013-04-25,111.66,119.67
2013-04-26,84.94,124.57
2013-04-29,101.5,125.28
2013-04-30,85.06,130.83
2013-05-02,89.28,127.19
2013-05-03,84.07,129.54
2013-05-06,100.21,131.44
2013-05-07,101.72,124.81
2013-05-08,69.75,133.61
2013-05-09,80.77,143.27
2013-05-10,102.56,134.12
2013-05-13,81.45,127.53
2013-05-14,73.0,128.29
2013-05-15,68.66,89.42
2013-05-16,78.36,95.39
2013-05-17,78.03,96.9
2013-05-20,87.54,96.88
2013-05-21,98.58,101.13
2013-05-22,80.3,99.97
2013-05-23,101.56,92.25
2013-05-24,105.91,92.14
2013-05-27,112.78,98.13
2013-05-28,91.32,98.73
2013-05-29,79.05,113.93
2013-05-30,113.41,102.22
2013-05-31,81.1,101.76
2013-06-03,110.55,98.6
2013-06-04,106.03,96.15
2013-06-05,115.6,99.08
2013-06-06,109.52,93.52
2013-06-07,102.31,93.71
2013-06-10,104.47,98.17
2013-06-11,95.26,97.2
2013-06-13,108.73,83.42
2013-06-14,103.22,79.91
2013-06-17,114.97,82.75
2013-06-18,94.32,85.59
2013-06-19,108.17,97.17
2013-06-20,98.69,91.01
2013-06-21,114.55,89.48
2013-06-24,96.15,89.12
2013-06-25,117.4,86.13
2013-06-26,86.53,89.34
2013-06-27,95.12,93.48
2013-06-28,93.27,103.27
2013-07-01,83.32,114.0
2013-07-02,90.39,113.54
2013-07-03,102.92,100.0
2013-07-04,92.88,99.16
2013-07-05,93.01,109.96
2013-07-08,88.99,99.3
2013-07-09,98.49,106.91
2013-07-10,90.69,111.09
2013-07-11,84.48,141.8
2013-07-12,102.14,146.76
2013-07-15,95.33,154.73
2013-07-16,97.08,154.67
2013-07-17,84.95,114.66
2013-07-18,105.11,114.65
2013-07-19,99.5,97.41
2013-07-22,96.91,99.76
2013-07-23,79.5,109.26
2013-07-24,85.51,102.7
2013-07-25,95.91,103.84
2013-07-26,89.26,102.04
2013-07-29,90.91,94.05
2013-07-30,91.07,102.18
2013-07-31,97.38,98.12
2013-08-01,94.33,93.17
2013-08-02,84.89,93.96
2013-08-05,101.92,97.27
2013-08-06,87.64,88.22
2013-08-07,104.54,82.58
2013-08-08,81.72,79.32
2013-08-09,84.46,75.84
2013-08-12,100.35,79.2
2013-08-13,95.91,85.68
2013-08-14,80.05,79.14
2013-08-15,88.86,76.22
2013-08-16,92.47,79.07
2013-08-19,106.58,78.64
2013-08-20,101.95,74.87
2013-08-22,99.68,99.9
2013-08-23,97.24,103.6
2013-08-26,107.89,109.31
2013-08-27,97.23,103.69
2013-08-28,113.7,104.03
2013-08-29,106.92,113.45
2013-08-30,95.76,118.6
2013-09-02,88.63,124.86
2013-09-03,92.86,126.36
2013-09-04,85.37,115.46
2013-09-05,103.37,122.77
2013-09-06,109.81,128.45
2013-09-09,102.88,128.45
2013-09-10,100.06,135.03
2013-09-11,104.64,133.94
2013-09-12,114.27,134.41
2013-09-13,96.9,134.32
2013-09-14,104.1,134.45
2013-09-16,94.81,143.19
2013-09-17,88.48,140.83
2013-09-18,81.48,99.61
2013-09-23,114.77,105.98
2013-09-24,103.7,109.86
2013-09-25,116.68,109.68
2013-09-26,95.91,104.42
2013-09-27,96.7,107.6
2013-09-30,111.5,106.2
2013-10-01,111.25,109.53
2013-10-02,118.33,112.97
2013-10-03,97.05,123.39
2013-10-04,94.2,121.09
2013-10-07,90.9,116.57
2013-10-08,105.67,120.54
2013-10-09,100.11,118.92
2013-10-11,88.39,120.33
2013-10-14,93.17,116.24
2013-10-15,88.76,114.6
2013-10-16,102.52,104.3
2013-10-17,95.55,105.11
2013-10-18,91.56,105.09
2013-10-21,85.11,104.02
2013-10-22,92.82,103.66
2013-10-23,105.9,98.84
2013-10-24,110.18,101.65
2013-10-25,97.6,100.57
2013-10-28,97.31,105.74
2013-10-29,109.75,107.86
2013-10-30,101.66,107.64
2013-10-31,107.4,107.88
2013-11-01,108.81,105.68
2013-11-04,84.43,100.32
2013-11-05,88.58,94.5
2013-11-06,103.45,98.87
2013-11-07,86.5,98.44
2013-11-08,101.11,96.91
2013-11-11,84.34,91.13
2013-11-12,90.36,90.01
2013-11-13,98.45,85.23
2013-11-14,83.6,83.27
2013-11-15,75.02,86.22
2013-11-18,86.52,87.86
2013-11-19,83.88,92.79
2013-11-20,86.02,105.1
2013-11-21,89.98,92.79
2013-11-22,96.46,95.61
2013-11-25,86.47,102.24
2013-11-26,89.44,108.26
2013-11-27,83.1,103.78
2013-11-28,97.73,109.38
2013-11-29,89.3,112.85
2013-12-02,89.66,111.22
2013-12-03,96.78,109.52
2013-12-04,87.71,107.91
2013-12-05,91.53,104.32
2013-12-06,93.92,106.32
2013-12-09,79.42,113.4
2013-12-10,78.44,111.39
2013-12-11,87.63,109.06
2013-12-12,99.98,108.03
2013-12-13,112.07,113.94
2013-12-16,98.66,110.04
2013-12-17,104.08,113.1
2013-12-18,111.47,115.03
2013-12-19,101.38,110.82
2013-12-20,126.96,114.41
2013-12-23,101.49,117.77
2013-12-24,105.15,116.32
2013-12-25,98.08,114.14
2013-12-26,106.5,114.55
2013-12-27,88.49,115.29
2013-12-30,92.68,122.27
2013-12-31,82.82,121.37
2014-01-02,82.06,114.98
2014-01-03,106.12,107.53
2014-01-06,96.14,103.31
2014-01-07,103.51,104.49
2014-01-08,93.77,110.3
2014-01-09,97.36,105.62
2014-01-10,95.98,106.32
2014-01-13,96.19,111.35
2014-01-14,91.19,111.55
2014-01-15,74.63,107.68
2014-01-16,90.56,103.88
2014-01-17,97.73,105.14
2014-01-20,111.55,106.26
2014-01-21,99.69,104.85
2014-01-22,90.99,104.51
2014-01-23,89.15,105.55
2014-01-24,82.27,102.98
2014-01-27,92.72,93.23
2014-02-05,107.94,85.17
2014-02-06,93.7,84.67
2014-02-07,97.87,89.2
2014-02-10,102.28,92.15
2014-02-11,102.02,94.94
2014-02-12,83.01,93.91
2014-02-13,97.3,94.97
2014-02-14,92.91,102.87
2014-02-17,98.47,103.27
2014-02-18,97.31,107.17
2014-02-19,95.05,121.6
2014-02-20,109.73,115.3
2014-02-21,91.35,120.11
2014-02-24,112.04,121.6
2014-02-25,104.02,121.0
2014-02-26,102.7,123.91
2014-02-27,91.59,122.87
2014-03-03,101.46,119.07
2014-03-04,106.47,116.64
2014-03-05,97.71,125.06
2014-03-06,107.81,129.82
2014-03-07,94.47,128.33
2014-03-10,119.56,127.71
2014-03-11,102.66,128.64
2014-03-12,112.53,123.52
2014-03-13,101.82,130.18
2014-03-14,109.93,127.22
2014-03-17,106.6,128.94
2014-03-18,92.27,133.28
2014-03-19,94.93,113.2
2014-03-20,115.25,112.76
2014-03-21,108.63,111.88
2014-03-24,113.06,112.02
2014-03-25,104.99,121.35
2014-03-26,93.52,122.0
2014-03-27,107.3,124.42
2014-03-28,116.76,127.92
2014-03-31,136.89,131.06
2014-04-01,119.19,137.81
2014-04-02,101.0,132.32
2014-04-03,108.51,130.62
2014-04-07,135.73,132.0
2014-04-08,111.04,134.09
2014-04-09,117.4,140.66
2014-04-10,95.31,141.02
2014-04-11,109.35,137.85
2014-04-14,110.01,136.39
2014-04-15,101.59,141.69
2014-04-16,77.32,113.83
2014-04-17,144.06,121.42
2014-04-18,112.36,123.39
2014-04-21,135.96,125.04
2014-04-22,122.36,126.11
2014-04-23,126.57,125.56
2014-04-24,114.57,125.93
2014-04-25,122.76,111.62
2014-04-28,108.12,113.66
2014-04-29,101.82,121.32
2014-04-30,128.9,123.92
2014-05-02,132.72,128.84
2014-05-05,113.33,129.78
2014-05-06,110.68,134.19
2014-05-07,115.95,127.93
2014-05-08,121.65,133.63
2014-05-09,110.84,129.25
2014-05-12,108.49,122.7
2014-05-13,106.19,122.81
2014-05-14,117.45,130.66
2014-05-15,117.91,129.57
2014-05-16,104.48,129.28
2014-05-19,104.95,129.67
2014-05-20,103.13,133.23
2014-05-21,113.19,122.78
2014-05-22,112.05,127.53
2014-05-23,113.36,131.82
2014-05-26,104.16,132.55
2014-05-27,107.71,133.22
2014-05-28,82.53,130.19
2014-05-29,110.74,133.16
2014-05-30,113.45,131.75
2014-06-03,102.36,130.05
2014-06-04,101.89,138.64
2014-06-05,108.37,138.08
2014-06-06,107.03,141.2
2014-06-09,116.35,143.11
2014-06-10,96.95,155.24
2014-06-11,87.29,153.58
2014-06-12,115.5,155.62
2014-06-13,107.28,154.13
2014-06-16,109.23,155.09
2014-06-17,86.2,165.78
2014-06-18,75.75,127.76
2014-06-19,119.17,133.78
2014-06-20,112.19,128.36
2014-06-23,127.47,124.52
2014-06-24,121.71,125.94
2014-06-25,131.93,130.9
2014-06-26,119.09,140.18
2014-06-27,92.04,136.66
2014-06-30,97.11,145.21
2014-07-01,80.95,153.34
2014-07-02,85.61,145.35
2014-07-03,89.3,148.1
2014-07-04,93.89,143.82
2014-07-07,101.77,142.99
2014-07-08,120.16,147.81
2014-07-09,117.49,151.66
2014-07-10,110.24,159.72
2014-07-11,118.65,151.5
2014-07-14,117.64,156.56
2014-07-15,101.8,159.31
2014-07-16,108.42,126.53
2014-07-17,112.31,119.44
2014-07-18,111.97,114.91
2014-07-21,100.44,117.49
2014-07-22,106.18,125.25
2014-07-24,86.45,123.25
2014-07-25,110.75,118.71
2014-07-28,106.17,120.03
2014-07-29,102.7,114.27
2014-07-30,108.81,126.19
2014-07-31,114.74,117.15
2014-08-01,120.34,109.05
2014-08-04,105.26,109.79
2014-08-05,108.9,94.36
2014-08-06,118.18,95.45
2014-08-07,86.03,94.39
2014-08-08,116.94,91.63
2014-08-11,100.34,96.59
2014-08-12,104.15,95.96
2014-08-13,89.48,100.86
2014-08-14,97.95,101.33
2014-08-15,108.32,101.58
2014-08-18,94.22,96.6
2014-08-19,86.87,106.98
2014-08-20,90.06,122.64
2014-08-21,102.23,114.11
2014-08-22,106.43,131.46
2014-08-25,110.63,131.4
2014-08-26,94.55,131.52
2014-08-27,102.8,134.45
2014-08-28,122.01,132.58
2014-08-29,86.04,126.4
2014-09-01,111.09,130.14
2014-09-02,97.4,110.51
2014-09-03,104.94,119.05
2014-09-04,106.66,115.78
2014-09-05,94.21,112.07
2014-09-09,96.39,113.55
2014-09-10,98.12,107.68
2014-09-11,86.23,104.22
2014-09-12,96.12,94.09
2014-09-15,98.93,90.85
2014-09-16,96.45,84.07
2014-09-17,97.84,87.49
2014-09-18,96.38,89.07
2014-09-19,88.61,92.21
2014-09-22,96.52,84.65
2014-09-23,110.71,83.85
2014-09-24,112.82,88.2
2014-09-25,94.8,80.85
2014-09-26,110.36,79.89
2014-09-29,95.71,78.27
2014-09-30,90.0,77.84
2014-10-01,85.11,80.72
2014-10-02,96.22,85.48
2014-10-03,79.23,94.9
2014-10-06,85.24,94.55
2014-10-07,103.75,89.12
2014-10-08,106.62,86.37
2014-10-09,88.46,84.3
2014-10-13,111.82,71.82
2014-10-14,114.48,72.74
2014-10-15,107.81,92.59
2014-10-16,99.36,91.46
2014-10-17,94.32,86.71
2014-10-20,93.09,92.19
2014-10-21,88.65,92.8
2014-10-22,84.06,99.58
2014-10-23,107.38,102.03
2014-10-24,107.67,95.54
2014-10-27,97.26,96.27
2014-10-28,92.36,108.14
2014-10-29,81.0,109.3
2014-10-30,91.94,107.2
2014-10-31,86.08,114.72
2014-11-03,81.3,117.33
2014-11-04,100.7,119.32
2014-11-05,97.41,113.53
2014-11-06,89.9,105.52
2014-11-07,98.11,105.28
2014-11-10,81.99,116.62
2014-11-11,82.5,114.51
2014-11-12,86.33,102.89
2014-11-13,87.75,105.67
2014-11-14,91.34,106.71
2014-11-17,96.51,105.82
2014-11-18,100.8,99.64
2014-11-19,91.9,104.76
2014-11-20,113.07,118.11
2014-11-21,98.66,113.9
2014-11-24,101.48,116.07
2014-11-25,101.95,117.06
2014-11-26,92.63,117.52
2014-11-27,105.68,123.23
2014-11-28,113.15,125.02
2014-12-01,102.66,115.38
2014-12-02,100.73,105.91
2014-12-03,93.93,122.47
2014-12-04,91.58,122.39
2014-12-05,94.61,120.79
2014-12-08,87.07,117.37
2014-12-09,103.47,111.03
2014-12-10,108.4,104.64
2014-12-11,98.6,105.84
2014-12-12,99.55,107.16
2014-12-15,99.52,103.45
2014-12-16,104.17,101.15
2014-12-17,113.34,98.62
2014-12-18,91.15,101.38
2014-12-19,89.4,111.57
2014-12-22,95.22,120.0
2014-12-23,96.94,122.51
2014-12-24,85.17,118.11
2014-12-25,113.06,116.92
2014-12-26,91.08,114.87
2014-12-27,117.37,115.84
2014-12-29,98.18,123.69
2014-12-30,90.69,118.23
2014-12-31,110.95,120.06
2015-01-05,98.22,121.96
2015-01-06,106.36,100.04
2015-01-07,105.52,113.31
2015-01-08,89.91,128.33
2015-01-09,97.02,124.67
2015-01-12,104.24,122.44
2015-01-13,108.68,125.51
2015-01-14,109.89,128.92
2015-01-15,105.11,124.8
2015-01-16,97.16,121.15
2015-01-19,100.98,121.61
2015-01-20,98.26,131.68
2015-01-21,84.44,117.87
2015-01-22,117.89,124.8
2015-01-23,96.19,125.25
2015-01-26,127.84,126.46
2015-01-27,106.63,126.24
2015-01-28,116.8,121.25
2015-01-29,106.94,114.61
2015-01-30,106.21,111.52
2015-02-02,110.41,111.26
2015-02-03,108.28,114.11
2015-02-04,84.16,122.57
2015-02-05,98.44,120.26
2015-02-06,85.94,111.83
2015-02-09,96.43,110.24
2015-02-10,90.95,105.82
2015-02-11,87.19,120.46
2015-02-12,98.96,119.78
2015-02-13,92.53,124.76
2015-02-24,91.82,124.26
2015-02-25,106.98,127.52
2015-02-26,104.7,118.9
2015-03-02,108.16,114.67
2015-03-03,97.31,113.38
2015-03-04,99.03,116.7
2015-03-05,99.05,115.09
2015-03-06,99.04,116.56
2015-03-09,89.19,110.99
2015-03-10,92.53,105.0
2015-03-11,95.97,108.26
2015-03-12,104.86,114.34
2015-03-13,96.98,113.85
2015-03-16,100.19,108.37
2015-03-17,92.7,111.75
2015-03-18,83.73,113.17
2015-03-19,107.14,120.36
2015-03-20,120.87,119.28
2015-03-23,112.14,120.5
2015-03-24,100.03,117.87
2015-03-25,107.82,114.7
2015-03-26,103.4,109.27
2015-03-27,101.77,102.13
2015-03-30,98.66,100.84
2015-03-31,82.98,102.61
2015-04-01,107.29,106.72
2015-04-02,99.21,112.08
2015-04-07,112.09,114.55
2015-04-08,103.71,110.86
2015-04-09,93.73,107.45
2015-04-10,97.63,111.04
2015-04-13,95.38,111.51
2015-04-14,106.74,111.38
2015-04-15,110.35,106.02
2015-04-16,98.75,110.14
2015-04-17,87.18,104.61
2015-04-20,110.71,105.72
2015-04-21,104.45,103.27
2015-04-22,89.32,105.45
2015-04-23,80.1,113.64
2015-04-24,78.81,114.21
2015-04-27,75.37,116.51
2015-04-28,105.9,114.22
2015-04-29,107.22,106.86
2015-04-30,85.1,100.56
2015-05-04,93.48,101.01
2015-05-05,87.3,97.9
2015-05-06,91.56,104.66
2015-05-07,84.8,96.89
2015-05-08,86.23,92.54
2015-05-11,88.14,90.14
2015-05-12,97.36,88.51
2015-05-13,86.89,94.22
2015-05-14,84.43,85.28
2015-05-15,89.86,81.29
2015-05-18,68.74,78.36
2015-05-19,77.86,84.57
2015-05-20,93.35,87.97
2015-05-21,86.81,82.42
2015-05-22,96.59,87.85
2015-05-25,87.01,87.4
2015-05-26,95.53,91.32
2015-05-27,99.27,90.75
2015-05-28,92.32,95.22
2015-05-29,88.04,91.87
2015-06-01,86.94,84.33
2015-06-02,84.55,82.56
2015-06-03,79.09,81.35
2015-06-04,95.08,71.39
2015-06-05,92.68,72.3
2015-06-08,95.52,74.19
2015-06-09,106.56,69.69
2015-06-10,92.7,75.25
2015-06-11,87.68,75.22
2015-06-12,93.46,76.59
2015-06-15,95.65,75.52
2015-06-16,107.46,72.51
2015-06-17,98.71,73.68
2015-06-18,85.88,75.82
2015-06-22,108.89,88.99
2015-06-23,101.46,92.42
2015-06-24,104.44,84.1
2015-06-25,87.29,90.23
2015-06-26,93.98,89.61
2015-06-29,121.6,80.33
2015-06-30,108.48,84.1
2015-07-01,88.61,89.15
2015-07-02,78.01,85.8
2015-07-03,90.15,88.46
2015-07-06,96.17,84.89
2015-07-07,101.38,86.28
2015-07-08,96.06,73.05
2015-07-09,108.1,68.52
2015-07-13,89.34,73.04
2015-07-14,81.28,73.8
2015-07-15,95.49,81.94
2015-07-16,85.56,85.02
2015-07-17,92.11,85.45
2015-07-20,93.55,82.79
2015-07-21,95.73,87.32
2015-07-22,98.63,85.93
2015-07-23,94.18,77.17
2015-07-24,89.52,74.44
2015-07-27,85.05,67.71
2015-07-28,98.28,68.52
2015-07-29,97.05,71.11
2015-07-30,91.0,77.38
2015-07-31,89.81,76.11
2015-08-03,105.59,72.1
2015-08-04,100.98,73.18
2015-08-05,91.21,72.13
2015-08-06,82.56,67.39
2015-08-07,96.14,68.1
2015-08-10,91.03,70.38
2015-08-11,86.58,69.85
2015-08-12,108.49,64.48
2015-08-13,87.13,64.24
2015-08-14,96.71,64.75
2015-08-17,91.42,60.46
2015-08-18,94.54,55.37
2015-08-19,117.66,66.4
2015-08-20,85.82,65.45
2015-08-21,94.31,61.81
2015-08-24,98.85,50.17
2015-08-25,118.55,58.89
2015-08-26,89.65,62.31
2015-08-27,87.38,65.96
2015-08-28,105.35,81.76
2015-08-31,106.13,91.28
2015-09-01,111.17,92.66
2015-09-02,103.6,83.43
2015-09-03,103.35,86.34
2015-09-04,103.85,87.51
2015-09-07,110.42,88.42
2015-09-08,116.18,88.79
2015-09-09,96.99,102.57
2015-09-10,95.74,104.45
2015-09-11,103.59,106.52
2015-09-14,90.16,103.43
2015-09-15,84.88,101.9
2015-09-16,92.38,89.35
2015-09-17,112.23,102.23
2015-09-18,131.0,111.26
2015-09-21,107.77,103.23
2015-09-22,118.86,106.89
2015-09-23,100.79,99.72
2015-09-24,113.91,98.37
2015-09-25,126.06,100.07
2015-09-30,100.99,100.97
2015-10-01,129.19,118.84
2015-10-02,120.98,122.9
2015-10-05,106.6,121.59
2015-10-06,107.41,122.96
2015-10-07,101.88,122.68
2015-10-08,97.47,121.67
2015-10-12,122.68,130.75
2015-10-13,121.57,130.82
2015-10-14,114.57,130.85
2015-10-15,113.85,141.0
2015-10-16,106.38,138.94
2015-10-19,106.87,138.05
2015-10-20,118.8,143.03
2015-10-21,105.17,101.19
2015-10-22,104.49,105.89
2015-10-23,100.91,107.25
2015-10-26,104.65,110.28
2015-10-27,98.19,106.02
2015-10-28,107.96,100.31
2015-10-29,91.09,93.01
2015-10-30,98.26,92.45
2015-11-02,108.48,94.72
2015-11-03,104.37,111.09
2015-11-04,77.09,117.96
2015-11-05,91.07,116.0
2015-11-06,95.9,99.87
2015-11-09,102.99,91.68
2015-11-10,102.33,86.11
2015-11-11,96.45,82.88
2015-11-12,97.47,81.58
2015-11-13,93.4,80.51
2015-11-16,109.25,77.27
2015-11-17,93.04,82.94
2015-11-18,93.16,88.07
2015-11-19,103.34,98.46
2015-11-20,106.63,101.39
2015-11-23,106.23,107.23
2015-11-24,95.01,98.29
2015-11-25,100.12,93.5
2015-11-26,115.56,103.65
2015-11-27,93.16,96.31
2015-11-30,106.34,85.42
2015-12-01,100.36,95.1
2015-12-02,84.76,96.11
2015-12-03,98.71,98.31
2015-12-04,110.13,96.44
2015-12-07,100.93,103.22
2015-12-08,89.45,94.0
2015-12-09,92.76,90.74
2015-12-10,97.25,86.67
2015-12-11,88.94,82.78
2015-12-14,109.25,81.47
2015-12-15,101.23,83.51
2015-12-16,96.18,102.86
2015-12-17,108.84,111.21
2015-12-18,113.2,112.2
2015-12-21,105.34,111.1
2015-12-22,99.73,108.3
2015-12-23,113.12,104.92
2015-12-24,111.28,108.37
2015-12-25,133.75,113.37
2015-12-28,97.94,111.95
2015-12-29,84.03,103.15
2015-12-30,93.18,105.69
2015-12-31,119.02,111.95
2016-01-04,91.86,95.65
2016-01-05,107.79,92.51
2016-01-06,111.11,96.74
2016-01-07,109.61,84.77
2016-01-08,115.98,87.87
2016-01-11,111.54,83.59
2016-01-12,108.82,82.83
2016-01-13,102.5,86.86
2016-01-14,95.35,86.98
2016-01-15,103.8,86.93
2016-01-18,114.09,88.21
2016-01-19,104.5,93.26
2016-01-20,83.95,93.74
2016-01-21,117.69,99.49
2016-01-22,116.34,110.64
2016-01-25,117.81,121.56
2016-01-26,113.01,116.32
2016-01-27,99.06,107.14
2016-01-28,123.4,117.48
2016-01-29,113.04,138.83
2016-01-30,113.88,151.8
2016-02-01,98.49,141.06
2016-02-02,100.47,134.91
2016-02-03,106.15,124.97
2016-02-15,118.0,122.91
2016-02-16,120.34,139.14
2016-02-17,113.4,110.22
2016-02-18,123.48,126.36
2016-02-19,131.6,134.68
2016-02-22,111.39,128.92
2016-02-23,111.19,129.08
2016-02-24,112.39,116.08
2016-02-25,120.86,133.78
2016-02-26,125.6,135.9
2016-03-01,124.91,147.23
2016-03-02,114.55,142.6
2016-03-03,132.86,150.05
2016-03-04,137.44,153.18
2016-03-07,115.43,155.92
2016-03-08,118.73,156.11
2016-03-09,101.2,146.64
2016-03-10,131.11,158.0
2016-03-11,139.33,166.19
2016-03-14,102.83,165.42
2016-03-15,99.8,143.52
2016-03-16,96.43,132.48
2016-03-17,99.74,130.71
2016-03-18,128.27,140.7
2016-03-21,105.08,135.48
2016-03-22,93.68,131.22
2016-03-23,109.6,130.22
2016-03-24,102.02,128.83
2016-03-25,99.15,121.32
2016-03-28,97.38,115.94
2016-03-29,92.45,104.05
2016-03-30,105.64,127.08
2016-03-31,92.11,120.11
2016-04-01,100.98,110.15
2016-04-06,100.05,108.7
2016-04-07,95.81,106.06
2016-04-08,115.83,112.16
2016-04-11,107.69,113.73
2016-04-12,119.22,116.91
2016-04-13,112.01,126.31
2016-04-14,99.54,124.33
2016-04-15,118.7,130.96
2016-04-18,88.74,125.16
2016-04-19,93.67,118.59
2016-04-20,98.23,117.56
2016-04-21,104.98,122.75
2016-04-22,102.7,125.06
2016-04-25,111.32,128.19
2016-04-26,117.03,135.23
2016-04-27,96.59,125.6
2016-04-28,93.27,104.87
2016-04-29,90.92,95.6
2016-05-03,84.41,87.29
2016-05-04,111.4,90.04
2016-05-05,99.07,88.6
2016-05-06,98.59,87.01
2016-05-09,93.67,86.35
2016-05-10,95.83,90.08
2016-05-11,94.0,86.51
2016-05-12,122.94,89.78
2016-05-13,98.07,81.86
2016-05-16,115.5,86.96
2016-05-17,94.93,94.25
2016-05-18,91.35,122.1
2016-05-19,111.2,117.9
2016-05-20,127.04,129.19
2016-05-23,104.74,158.51
2016-05-24,106.99,146.7
2016-05-25,106.46,129.38
2016-05-26,118.63,132.1
2016-05-27,108.1,139.38
2016-05-30,108.21,147.28
2016-05-31,97.08,142.24
2016-06-01,108.07,147.12
2016-06-02,109.42,144.56
2016-06-03,126.99,144.61
2016-06-04,136.48,145.31
2016-06-06,108.19,144.34
2016-06-07,113.14,160.1
2016-06-08,107.08,168.26
2016-06-13,117.87,145.41
2016-06-14,127.47,154.87
2016-06-15,83.45,116.8
2016-06-16,103.63,112.65
2016-06-17,120.22,130.45
2016-06-20,102.65,140.56
2016-06-21,117.02,144.24
2016-06-22,93.14,133.35
2016-06-23,103.68,129.25
2016-06-24,111.95,109.72
2016-06-27,132.18,119.82
2016-06-28,126.34,125.92
2016-06-29,106.32,141.39
2016-06-30,135.75,148.35
2016-07-01,133.26,163.0
2016-07-04,129.34,167.36
2016-07-05,114.82,164.61
2016-07-06,107.4,137.35
2016-07-07,131.36,147.07
2016-07-11,121.83,171.36
2016-07-12,119.99,184.68
2016-07-13,109.34,168.32
2016-07-14,112.84,171.5
2016-07-15,110.25,186.89
2016-07-18,100.51,194.2
2016-07-19,105.31,183.58
2016-07-20,101.28,113.83
2016-07-21,94.43,113.15
2016-07-22,103.24,109.51
2016-07-25,93.8,98.25
2016-07-26,107.51,107.28
2016-07-27,104.33,109.88
2016-07-28,93.33,111.93
2016-07-29,90.54,107.41
2016-08-01,128.38,115.84
2016-08-02,100.28,114.99
2016-08-03,96.71,111.65
2016-08-04,90.33,109.47
2016-08-05,108.25,118.94
2016-08-08,112.4,121.87
2016-08-09,107.29,123.97
2016-08-10,103.65,126.6
2016-08-11,94.58,117.29
2016-08-12,100.94,123.18
2016-08-15,92.03,122.1
2016-08-16,76.06,116.34
2016-08-17,71.57,113.3
2016-08-18,113.72,116.14
2016-08-19,93.16,107.27
2016-08-22,92.38,99.29
2016-08-23,106.67,109.48
2016-08-24,101.25,119.22
2016-08-25,128.16,132.91
2016-08-26,108.33,132.89
2016-08-29,98.77,122.11
2016-08-30,104.0,121.77
2016-08-31,97.81,119.13
2016-09-01,97.87,115.12
2016-09-02,99.95,117.83
2016-09-05,130.2,137.96
2016-09-06,123.74,152.59
2016-09-07,94.81,149.63
2016-09-08,122.31,149.05
2016-09-09,87.22,128.7
2016-09-10,119.72,114.27
2016-09-12,113.61,106.71
2016-09-13,98.82,102.84
2016-09-14,115.48,119.75
2016-09-19,121.47,146.29
2016-09-20,106.77,149.58
2016-09-21,78.68,123.11
2016-09-22,112.55,123.29
2016-09-23,120.26,134.41
2016-09-26,100.04,124.98
2016-09-29,112.87,141.45
2016-09-30,132.89,141.78
2016-10-03,135.96,152.23
2016-10-04,128.77,162.6
2016-10-05,114.65,139.18
2016-10-06,126.99,138.59
2016-10-07,143.87,144.5
2016-10-11,117.04,137.97
2016-10-12,121.72,145.26
2016-10-13,117.22,132.16
2016-10-14,101.01,128.54
2016-10-17,95.88,119.36
2016-10-18,116.84,128.57
2016-10-19,100.26,118.06
2016-10-20,151.62,132.14
2016-10-21,157.19,141.3
2016-10-24,145.17,144.8
2016-10-25,126.49,158.62
2016-10-26,107.49,131.71
2016-10-27,103.04,125.53
2016-10-28,126.43,129.87
2016-10-31,119.88,132.06
2016-11-01,114.38,126.37
2016-11-02,104.06,112.57
2016-11-03,97.64,106.67
2016-11-04,111.03,106.39
2016-11-07,112.52,113.18
2016-11-08,108.41,119.81
2016-11-09,110.59,105.8
2016-11-10,100.6,113.32
2016-11-11,103.45,96.01
2016-11-14,87.64,90.81
2016-11-15,90.28,93.47
2016-11-16,100.05,116.21
2016-11-17,108.22,122.21
2016-11-18,121.52,127.91
2016-11-21,126.62,131.37
2016-11-22,118.28,147.47
2016-11-23,110.0,129.05
2016-11-24,121.59,129.53
2016-11-25,138.03,135.58
2016-11-28,138.89,142.2
2016-11-29,115.94,138.59
2016-11-30,106.41,132.7
2016-12-01,138.06,140.52
2016-12-02,113.09,128.32
2016-12-05,93.4,128.11
2016-12-06,126.7,145.17
2016-12-07,119.38,142.51
2016-12-08,116.32,157.16
2016-12-09,150.86,165.44
2016-12-12,119.18,161.62
2016-12-13,131.54,160.76
2016-12-14,106.1,152.71
2016-12-15,122.31,152.07
2016-12-16,102.92,149.12
2016-12-19,91.33,140.03
2016-12-20,93.06,130.93
2016-12-21,91.12,102.84
2016-12-22,90.61,96.65
2016-12-23,88.77,91.61
2016-12-26,101.69,92.41
2016-12-27,101.2,93.8
2016-12-28,98.92,111.2
2016-12-29,106.64,114.18
2016-12-30,103.21,118.18
2017-01-03,115.58,113.94
2017-01-04,111.51,113.79
2017-01-05,118.15,119.21
2017-01-06,122.81,120.61
2017-01-09,94.53,113.61
2017-01-10,112.97,112.87
2017-01-11,112.94,114.88
2017-01-12,94.41,118.42
2017-01-13,108.49,119.23
2017-01-16,92.65,104.61
2017-01-17,103.29,112.56
2017-01-18,86.07,114.46
2017-01-19,110.68,111.64
2017-01-20,152.87,126.58
2017-01-23,128.98,131.37
2017-01-24,128.61,132.69
2017-02-02,102.62,109.28
2017-02-03,119.63,115.51
2017-02-06,147.56,137.28
2017-02-07,136.03,144.19
2017-02-08,106.12,132.53
2017-02-09,122.89,142.77
2017-02-10,100.34,158.05
2017-02-13,127.35,161.62
2017-02-14,97.72,172.98
2017-02-15,90.17,137.58
2017-02-16,109.3,135.72
2017-02-17,122.25,137.42
2017-02-18,135.77,134.7
2017-02-20,92.28,128.96
2017-02-21,111.24,123.62
2017-02-22,109.23,129.45
2017-02-23,113.92,136.59
2017-02-24,123.14,138.86
2017-03-01,94.16,127.05
2017-03-02,93.75,122.38
2017-03-03,82.02,116.24
2017-03-06,115.4,120.14
2017-03-07,121.15,129.24
2017-03-08,91.35,133.74
2017-03-09,97.94,125.69
2017-03-10,95.63,121.21
2017-03-13,117.7,128.36
2017-03-14,99.49,138.22
2017-03-15,103.84,128.83
2017-03-16,133.61,144.24
2017-03-17,125.76,148.69
2017-03-20,109.08,149.65
2017-03-21,103.43,150.17
2017-03-22,100.96,124.59
2017-03-23,113.06,126.51
2017-03-24,108.22,128.34
2017-03-27,107.98,130.76
2017-03-28,95.48,119.31
2017-03-29,107.26,119.68
2017-03-30,133.57,129.97
2017-03-31,108.83,126.81
2017-04-05,107.51,123.71
2017-04-06,130.66,130.37
2017-04-07,108.77,121.88
2017-04-10,117.2,125.71
2017-04-11,99.72,121.19
2017-04-12,106.32,121.71
2017-04-13,118.55,127.89
2017-04-14,112.21,118.74
2017-04-17,96.63,113.35
2017-04-18,96.72,112.15
2017-04-19,103.79,114.24
2017-04-20,105.77,114.6
2017-04-21,132.33,130.63
2017-04-24,120.48,128.82
2017-04-25,117.57,155.73
2017-04-26,97.52,129.54
2017-04-27,133.26,137.73
2017-04-28,114.12,142.85
2017-05-02,115.71,158.73
2017-05-03,109.58,145.01
2017-05-04,122.6,144.14
2017-05-05,110.3,137.28
2017-05-08,106.29,136.84
2017-05-09,93.08,135.38
2017-05-10,100.1,137.66
2017-05-11,120.69,141.86
2017-05-12,125.03,140.14
2017-05-15,119.46,143.1
2017-05-16,103.11,142.46
2017-05-17,102.19,113.2
2017-05-18,132.83,122.57
2017-05-19,140.63,126.3
2017-05-22,135.74,129.39
2017-05-23,119.25,133.43
2017-05-24,101.33,120.18
2017-05-25,126.34,132.09
2017-05-26,120.95,132.23
2017-05-31,101.3,122.39
2017-06-01,112.89,123.86
2017-06-02,122.42,131.78
2017-06-03,131.49,133.64
2017-06-05,118.4,147.21
2017-06-06,123.43,149.58
2017-06-07,98.98,135.59
2017-06-08,118.42,136.43
2017-06-09,113.68,139.44
2017-06-12,101.54,122.31
2017-06-13,101.44,120.42
2017-06-14,114.65,119.1
2017-06-15,117.96,115.85
2017-06-16,117.85,132.49
2017-06-19,103.3,144.55
2017-06-20,83.82,163.7
2017-06-21,86.84,121.35
2017-06-22,129.77,132.99
2017-06-23,117.63,138.18
2017-06-26,96.94,155.6
2017-06-27,92.22,142.09
2017-06-28,106.45,114.46
2017-06-29,104.57,117.44
2017-06-30,109.41,112.97
2017-07-03,110.46,112.38
2017-07-04,97.92,107.33
2017-07-05,98.9,120.89
2017-07-06,93.57,116.17
2017-07-07,103.65,110.15
2017-07-10,105.78,109.36
2017-07-11,112.52,125.8
2017-07-12,102.64,123.72
2017-07-13,104.38,131.68
2017-07-14,111.07,131.18
2017-07-17,105.41,134.31
2017-07-18,111.54,136.62
2017-07-19,110.57,129.63
2017-07-20,128.38,137.02
2017-07-21,97.83,126.75
2017-07-24,116.75,127.67
2017-07-25,106.25,125.15
2017-07-26,110.6,122.75
2017-07-27,123.31,139.36
2017-07-28,115.95,123.74
2017-07-31,102.99,119.56
2017-08-01,111.0,129.46
2017-08-02,95.63,134.87
2017-08-03,124.47,128.24
2017-08-04,119.35,133.03
2017-08-07,116.83,153.29
2017-08-08,105.22,147.2
2017-08-09,101.94,127.26
2017-08-10,106.78,117.5
2017-08-11,113.98,119.55
2017-08-14,93.44,115.95
2017-08-15,107.64,121.11
2017-08-16,123.75,153.36
2017-08-17,154.02,163.99
2017-08-18,120.96,152.83
2017-08-21,114.99,155.27
2017-08-22,133.81,173.66
2017-08-23,123.48,160.27
2017-08-24,147.61,178.03
2017-08-25,130.5,186.45
2017-08-28,113.87,182.55
2017-08-29,119.82,174.39
2017-08-30,107.93,167.5
2017-08-31,116.66,171.26
2017-09-01,127.87,177.81
2017-09-04,131.05,176.41
2017-09-05,123.64,175.4
2017-09-06,108.24,171.35
2017-09-07,109.07,161.73
2017-09-08,147.72,174.56
2017-09-11,117.36,172.96
2017-09-12,140.16,180.04
2017-09-13,111.52,174.27
2017-09-14,120.36,171.27
2017-09-15,95.84,162.58
2017-09-18,115.58,175.83
2017-09-19,110.62,168.27
2017-09-20,118.64,188.25
2017-09-21,119.13,173.45
2017-09-22,112.74,149.12
2017-09-25,98.64,125.93
2017-09-26,107.83,115.03
2017-09-27,107.72,144.79
2017-09-28,96.08,133.47
2017-09-29,97.49,127.01
2017-09-30,132.98,133.39
2017-10-02,125.13,142.51
2017-10-03,126.05,146.02
2017-10-05,105.25,146.22
2017-10-06,116.39,149.83
2017-10-11,101.19,160.54
2017-10-12,118.7,172.7
2017-10-13,125.44,178.88
2017-10-16,103.23,188.13
2017-10-17,94.97,177.04
2017-10-18,100.0,171.37
2017-10-19,131.49,175.14
2017-10-20,146.15,170.1
2017-10-23,126.95,169.56
2017-10-24,120.78,170.77
2017-10-25,118.34,173.09
2017-10-26,132.93,174.19
2017-10-27,123.21,168.61
2017-10-30,112.28,173.54
2017-10-31,131.91,183.22
2017-11-01,112.19,181.18
2017-11-02,112.73,175.59
2017-11-03,120.62,174.68
2017-11-06,115.86,175.76
2017-11-07,130.64,183.67
2017-11-08,118.93,181.61
2017-11-09,106.06,166.85
2017-11-10,116.75,161.39
2017-11-13,105.74,157.98
2017-11-14,103.01,148.01
2017-11-15,107.73,170.64
2017-11-16,119.88,163.14
2017-11-17,128.69,176.2
2017-11-20,107.5,167.96
2017-11-21,130.25,191.42
2017-11-22,103.58,162.59
2017-11-23,123.65,162.8
2017-11-24,143.64,164.12
2017-11-27,95.91,147.32
2017-11-28,110.16,135.07
2017-11-29,121.23,156.33
2017-11-30,106.96,137.39
2017-12-01,111.78,137.31
2017-12-04,122.99,137.76
2017-12-05,104.36,131.45
2017-12-06,109.13,131.82
2017-12-07,115.06,126.17
2017-12-08,111.26,125.88
2017-12-11,118.84,133.01
2017-12-12,93.66,126.67
2017-12-13,117.28,140.18
2017-12-14,111.29,145.13
2017-12-15,102.72,135.06
2017-12-18,105.07,137.13
2017-12-19,101.29,130.34
2017-12-20,125.95,157.0
2017-12-21,116.41,154.25
2017-12-22,121.39,157.13
2017-12-25,128.84,161.75
2017-12-26,106.29,134.01
2017-12-27,111.03,157.73
2017-12-28,124.96,166.37
2017-12-29,118.41,180.4
2018-01-02,135.96,194.18
2018-01-03,102.79,183.92
2018-01-04,107.81,178.58
2018-01-05,116.68,184.73
2018-01-08,106.05,184.02
2018-01-09,115.77,182.98
2018-01-10,116.25,183.18
2018-01-11,137.15,175.91
2018-01-12,119.54,192.14
2018-01-15,108.27,197.02
2018-01-16,97.59,201.63
2018-01-17,100.36,154.12
2018-01-18,101.02,156.6
2018-01-19,126.43,163.35
2018-01-22,107.91,174.37
2018-01-23,95.67,170.31
2018-01-24,104.36,163.07
2018-01-25,116.9,166.23
2018-01-26,102.85,158.51
2018-01-29,95.32,149.24
2018-01-30,101.78,136.45
2018-01-31,109.7,174.69
2018-02-01,129.63,178.88
2018-02-02,108.28,168.01
2018-02-05,124.7,147.85
2018-02-06,132.41,104.55
2018-02-07,95.33,141.53
2018-02-08,103.13,136.55
2018-02-09,104.82,130.84
2018-02-12,107.82,129.34
2018-02-21,102.17,148.78
2018-02-22,92.79,132.38
2018-02-23,104.41,141.96
2018-02-26,85.49,135.37
2018-02-27,101.71,136.35
2018-03-01,113.17,146.8
2018-03-02,96.76,133.26
2018-03-05,106.68,127.63
2018-03-06,120.84,136.58
2018-03-07,116.7,144.9
2018-03-08,143.43,149.5
2018-03-09,115.49,145.93
2018-03-12,127.18,164.04
2018-03-13,122.98,173.75
2018-03-14,111.6,165.05
2018-03-15,112.52,161.14
2018-03-16,89.36,154.97
2018-03-19,106.2,159.52
2018-03-20,121.75,154.08
2018-03-21,99.0,151.19
2018-03-22,111.47,137.95
2018-03-23,124.42,120.97
2018-03-26,139.43,126.71
2018-03-27,128.24,141.38
2018-03-28,112.35,148.2
2018-03-29,104.95,145.13
2018-03-30,125.12,149.71
2018-03-31,82.24,146.96
2018-04-02,104.47,140.6
2018-04-03,115.94,135.37
2018-04-09,125.75,156.31
2018-04-10,123.99,158.38
2018-04-11,124.04,161.86
2018-04-12,110.17,159.23
2018-04-13,108.32,159.84
2018-04-16,103.12,153.98
2018-04-17,97.91,129.88
2018-04-18,100.09,140.85
2018-04-19,123.46,148.92
2018-04-20,116.12,121.89
2018-04-23,100.52,106.66
2018-04-24,96.2,94.4
2018-04-25,111.31,116.34
2018-04-26,104.1,108.9
2018-04-27,108.69,110.18
2018-04-30,123.26,126.82
2018-05-02,110.21,120.13
2018-05-03,93.14,109.42
2018-05-04,101.97,106.86
2018-05-07,100.65,111.8
2018-05-08,117.37,123.77
2018-05-09,110.44,123.46
2018-05-10,108.07,126.11
2018-05-11,103.85,139.82
2018-05-14,98.31,144.64
2018-05-15,103.95,138.19
2018-05-16,118.32,147.37
2018-05-17,97.09,133.53
2018-05-18,104.18,132.25
2018-05-21,123.54,149.25
2018-05-22,92.31,130.06
2018-05-23,96.2,137.87
2018-05-24,125.36,141.89
2018-05-25,119.05,150.21
2018-05-28,123.15,151.75
2018-05-29,93.71,139.31
2018-05-30,112.62,131.61
2018-05-31,107.01,129.89
2018-06-01,113.53,143.9
2018-06-04,115.97,165.02
2018-06-05,99.95,152.87
2018-06-06,105.23,155.99
2018-06-07,97.11,152.43
2018-06-08,88.37,135.11
2018-06-11,102.67,132.06
2018-06-12,95.21,125.38
2018-06-13,97.37,138.41
2018-06-14,82.76,123.8
2018-06-15,101.42,127.88
2018-06-19,98.2,110.74
2018-06-20,101.98,108.09
2018-06-21,95.37,104.1
2018-06-22,96.13,99.68
2018-06-25,91.68,93.35
2018-06-26,102.88,88.84
2018-06-27,103.18,90.92
2018-06-28,107.16,98.99
2018-06-29,104.33,114.53
2018-07-02,114.0,111.59
2018-07-03,105.84,106.44
2018-07-04,101.2,103.94
2018-07-05,90.82,91.77
2018-07-06,95.36,90.0
2018-07-09,101.59,101.64
2018-07-10,117.68,105.48
2018-07-11,97.54,97.05
2018-07-12,119.57,110.58
2018-07-13,116.71,118.73
2018-07-16,103.77,114.81
2018-07-17,90.67,112.53
2018-07-18,110.86,112.61
2018-07-19,112.42,120.52
2018-07-20,123.03,131.99
2018-07-23,112.79,130.34
2018-07-24,130.16,134.82
2018-07-25,101.57,122.76
2018-07-26,107.23,126.33
2018-07-27,136.64,144.2
2018-07-30,110.82,130.9
2018-07-31,114.7,136.47
2018-08-01,120.44,139.2
2018-08-02,102.22,106.07
2018-08-03,106.98,112.76
2018-08-06,107.22,120.75
2018-08-07,97.48,116.26
2018-08-08,122.31,134.28
2018-08-09,113.17,126.2
2018-08-10,99.0,123.68
2018-08-13,119.24,99.29
2018-08-14,119.5,102.87
2018-08-15,103.93,104.78
2018-08-16,114.46,107.2
2018-08-17,103.57,103.9
2018-08-20,108.35,104.96
2018-08-21,113.23,114.76
2018-08-22,121.95,112.06
2018-08-23,106.25,114.07
2018-08-24,85.31,105.56
2018-08-27,103.42,125.49
2018-08-28,111.03,131.52
2018-08-29,105.17,134.92
2018-08-30,95.05,131.42
2018-08-31,101.98,126.17
2018-09-03,89.72,114.07
2018-09-04,98.74,123.58
2018-09-05,104.15,132.76
2018-09-06,118.54,123.87
2018-09-07,111.58,115.03
2018-09-10,103.22,100.22
2018-09-11,107.66,100.49
2018-09-12,104.61,111.28
2018-09-13,96.05,107.59
2018-09-14,119.72,124.46
2018-09-17,99.45,117.03
2018-09-18,107.82,111.29
2018-09-19,108.59,115.49
2018-09-20,98.32,108.42
2018-09-21,94.23,127.31
2018-09-25,116.4,121.49
2018-09-26,99.7,113.79
2018-09-27,83.1,112.54
2018-09-28,96.4,102.12
2018-10-01,113.42,110.44
2018-10-02,82.15,91.76
2018-10-03,106.4,109.83
2018-10-04,87.37,86.58
2018-10-05,101.42,74.88
2018-10-08,92.41,74.78
2018-10-09,88.75,78.1
2018-10-11,91.74,72.24
2018-10-12,87.77,78.14
2018-10-15,88.65,75.61
2018-10-16,102.7,81.29
2018-10-17,90.97,99.55
2018-10-18,106.59,96.85
2018-10-19,100.1,94.34
2018-10-22,91.31,96.4
2018-10-23,85.38,86.55
2018-10-24,93.83,94.11
2018-10-25,85.19,82.12
2018-10-26,87.45,79.97
2018-10-29,98.67,82.63
2018-10-30,101.46,86.46
2018-10-31,102.53,96.92
2018-11-01,81.51,98.66
2018-11-02,94.43,106.55
2018-11-05,94.59,103.55
2018-11-06,95.66,103.92
2018-11-07,108.55,108.4
2018-11-08,100.26,106.78
2018-11-09,87.54,99.82
2018-11-12,116.64,104.67
2018-11-13,105.64,99.31
2018-11-14,112.81,109.05
2018-11-15,115.81,114.51
2018-11-16,90.32,110.88
2018-11-19,119.44,111.64
2018-11-20,92.08,103.94
2018-11-21,107.1,128.64
2018-11-22,92.87,120.07
2018-11-23,105.33,114.84
2018-11-26,122.88,128.2
2018-11-27,91.9,119.58
2018-11-28,97.29,123.07
2018-11-29,105.07,126.76
2018-11-30,98.95,120.25
2018-12-03,127.09,148.37
2018-12-04,94.0,128.98
2018-12-05,107.0,108.21
2018-12-06,80.25,90.85
2018-12-07,113.93,95.75
2018-12-10,102.06,98.03
2018-12-11,109.15,99.58
2018-12-12,111.99,118.14
2018-12-13,105.17,117.78
2018-12-14,94.27,108.89
2018-12-17,121.73,112.32
2018-12-18,113.09,101.08
2018-12-19,102.24,119.16
2018-12-20,92.59,107.1
2018-12-21,102.74,107.57
2018-12-22,89.68,105.02
2018-12-24,121.27,107.7
2018-12-25,107.21,94.74
2018-12-26,107.88,120.54
2018-12-27,119.78,128.01
2018-12-28,131.12,132.53
2019-01-02,100.13,107.87
2019-01-03,81.91,98.21
2019-01-04,98.18,92.14
2019-01-07,113.88,108.83
2019-01-08,116.39,108.17
2019-01-09,115.37,120.78
2019-01-10,114.4,119.56
2019-01-11,109.53,128.15
2019-01-14,95.13,119.84
2019-01-15,111.09,129.74
2019-01-16,93.84,137.03
2019-01-17,97.7,127.14
2019-01-18,112.09,132.6
2019-01-21,123.43,137.27
2019-01-22,111.63,133.67
2019-01-23,107.13,131.76
2019-01-24,111.25,129.17
2019-01-25,119.37,148.49
2019-01-28,124.87,151.76
2019-01-29,104.97,131.04
2019-01-30,101.33,139.41
2019-02-11,106.32,139.42
2019-02-12,142.78,144.62
2019-02-13,93.08,134.5
2019-02-14,114.4,131.11
2019-02-15,110.48,135.46
2019-02-18,136.8,144.78
2019-02-19,131.58,147.52
2019-02-20,100.23,147.74
2019-02-21,120.25,151.63
2019-02-22,113.54,143.13
2019-02-25,115.52,147.85
2019-02-26,115.07,147.38
2019-02-27,111.93,143.87
2019-03-04,94.59,124.34
2019-03-05,95.27,124.37
2019-03-06,120.03,144.79
2019-03-07,110.34,136.44
2019-03-08,99.28,127.11
2019-03-11,124.8,128.73
2019-03-12,121.24,143.04
2019-03-13,105.33,131.9
2019-03-14,118.35,132.94
2019-03-15,128.8,142.09
2019-03-18,113.02,139.43
2019-03-19,126.87,144.28
2019-03-20,92.22,143.29
2019-03-21,121.14,149.64
2019-03-22,111.76,138.71
2019-03-25,108.78,111.01
2019-03-26,117.92,122.67
2019-03-27,106.69,143.14
2019-03-28,106.11,131.35
2019-03-29,117.94,149.82
2019-04-01,109.31,153.78
2019-04-02,127.81,157.74
2019-04-03,104.68,176.86
2019-04-08,137.74,182.47
2019-04-09,147.56,192.32
2019-04-10,114.1,205.71
2019-04-11,118.3,178.98
2019-04-12,121.94,175.81
2019-04-15,129.21,180.09
2019-04-16,116.1,185.34
2019-04-17,93.18,157.78
2019-04-18,117.76,148.9
2019-04-19,112.71,136.86
2019-04-22,112.34,133.61
2019-04-23,116.77,141.55
2019-04-24,99.67,133.94
2019-04-25,121.58,139.49
2019-04-26,112.97,120.12
2019-04-29,122.63,128.29
2019-04-30,109.37,127.41
2019-05-02,110.11,145.51
2019-05-03,116.2,153.69
2019-05-06,122.76,120.46
2019-05-07,125.69,134.66
2019-05-08,120.75,141.51
2019-05-09,100.87,119.51
2019-05-10,112.06,121.07
2019-05-13,84.22,110.65
2019-05-14,101.82,110.11
2019-05-15,99.79,133.9
2019-05-16,109.95,126.18
2019-05-17,94.55,111.6
2019-05-20,112.3,113.16
2019-05-21,105.27,118.31
2019-05-22,101.82,115.77
2019-05-23,105.69,104.38
2019-05-24,126.67,109.89
2019-05-27,104.24,107.17
2019-05-28,103.81,106.55
2019-05-29,106.33,105.82
2019-05-30,110.9,109.41
2019-05-31,114.09,116.66
2019-06-03,109.91,115.22
2019-06-04,90.99,109.53
2019-06-05,92.42,108.1
2019-06-06,88.35,101.69
2019-06-10,111.77,110.32
2019-06-11,112.83,114.79
2019-06-12,86.89,116.27
2019-06-13,95.35,108.3
2019-06-14,99.92,106.34
2019-06-17,101.54,108.15
2019-06-18,99.01,111.01
2019-06-19,95.06,126.8
2019-06-20,106.01,116.56
2019-06-21,81.24,110.56
2019-06-24,106.8,113.54
2019-06-25,94.28,100.52
2019-06-26,110.77,95.78
2019-06-27,110.36,108.71
2019-06-28,89.86,99.68
2019-07-01,115.04,119.96
2019-07-02,101.5,119.37
2019-07-03,126.26,105.28
2019-07-04,114.07,113.86
2019-07-05,109.54,113.87
2019-07-08,110.6,109.74
2019-07-09,91.78,102.73
2019-07-10,108.41,115.29
2019-07-11,111.67,126.44
2019-07-12,113.98,122.94
2019-07-15,100.33,129.29
2019-07-16,104.79,134.81
2019-07-17,87.07,105.69
2019-07-18,102.88,99.94
2019-07-19,116.14,112.93
2019-07-22,121.98,125.18
2019-07-23,108.74,127.89
2019-07-24,100.7,116.36
2019-07-25,107.25,117.61
2019-07-26,107.91,116.69
2019-07-29,102.99,119.93
2019-07-30,95.8,113.89
2019-07-31,104.39,113.27
2019-08-01,106.5,108.87
2019-08-02,107.14,95.54
2019-08-05,105.1,91.8
2019-08-06,120.5,93.3
2019-08-07,100.68,102.69
2019-08-08,111.55,108.55
2019-08-12,123.64,111.76
2019-08-13,108.13,103.72
2019-08-14,106.35,111.97
2019-08-15,120.01,104.91
2019-08-16,101.26,111.62
2019-08-19,119.91,118.15
2019-08-20,104.55,119.11
2019-08-21,107.59,120.31
2019-08-22,104.1,115.05
2019-08-23,108.2,116.61
2019-08-26,112.88,98.28
2019-08-27,116.23,105.25
2019-08-28,124.05,118.75
2019-08-29,117.29,122.06
2019-08-30,118.17,129.2
2019-09-02,127.05,134.55
2019-09-03,120.97,127.4
2019-09-04,104.74,132.78
2019-09-05,105.8,137.93
2019-09-06,124.09,145.89
2019-09-09,112.98,142.5
2019-09-10,104.08,140.04
2019-09-11,100.82,151.2
2019-09-12,101.09,138.3
2019-09-16,118.64,146.84
2019-09-17,124.72,145.79
2019-09-18,82.99,139.49
2019-09-19,121.59,129.27
2019-09-20,123.77,136.94
2019-09-23,120.42,137.7
2019-09-24,115.96,138.7
2019-09-25,114.34,146.38
2019-09-26,116.15,136.78
2019-09-27,118.64,132.19
2019-10-01,121.41,155.32
2019-10-02,115.26,145.41
2019-10-03,127.79,131.59
2019-10-04,118.25,133.47
2019-10-07,139.72,141.52
2019-10-08,120.65,166.26
2019-10-09,114.83,144.63
2019-10-14,136.8,170.97
2019-10-15,136.92,183.61
2019-10-16,114.26,150.86
2019-10-17,143.44,155.64
2019-10-18,108.09,143.77
2019-10-21,128.1,144.7
2019-10-22,125.62,163.99
2019-10-23,112.57,155.79
2019-10-24,137.13,161.07
2019-10-25,102.77,161.76
2019-10-28,126.77,159.72
2019-10-29,113.5,156.52
2019-10-30,94.29,157.55
2019-10-31,123.32,147.22
2019-11-01,138.06,153.88
2019-11-04,109.4,181.53
2019-11-05,103.76,176.41
2019-11-06,88.54,174.47
2019-11-07,117.76,157.69
2019-11-08,100.56,147.67
2019-11-11,107.98,120.95
2019-11-12,127.46,134.03
2019-11-13,104.86,138.71
2019-11-14,119.91,137.77
2019-11-15,108.78,146.77
2019-11-18,137.79,155.11
2019-11-19,122.86,163.43
2019-11-20,93.59,133.72
2019-11-21,115.98,130.36
2019-11-22,126.94,129.4
2019-11-25,114.95,130.73
2019-11-26,116.61,140.85
2019-11-27,101.43,136.78
2019-11-28,116.05,128.67
2019-11-29,103.52,114.3
2019-12-02,126.41,115.24
2019-12-03,131.77,117.56
2019-12-04,122.9,124.89
2019-12-05,123.05,134.89
2019-12-06,108.47,136.47
2019-12-09,129.19,144.98
2019-12-10,105.36,133.38
2019-12-11,108.95,143.13
2019-12-12,93.61,166.26
2019-12-13,93.59,166.48
2019-12-16,123.88,165.68
2019-12-17,119.42,191.54
2019-12-18,86.47,134.28
2019-12-19,94.77,112.46
2019-12-20,100.73,106.42
2019-12-23,93.16,108.72
2019-12-24,87.99,105.19
2019-12-25,89.31,122.63
2019-12-26,107.88,123.62
2019-12-27,103.07,138.47
2019-12-30,110.03,129.88
2019-12-31,101.96,113.18
2020-01-02,108.07,127.11
2020-01-03,107.91,121.91
2020-01-06,95.48,99.09
2020-01-07,93.49,89.28
2020-01-08,115.43,105.88
2020-01-09,100.03,112.63
2020-01-10,105.62,121.25
2020-01-13,128.14,140.1
2020-01-14,112.21,151.26
2020-01-15,105.88,157.52
2020-01-16,120.24,152.05
2020-01-17,110.9,149.04
2020-01-20,129.28,151.09
2020-01-30,94.54,106.12
2020-01-31,84.88,109.66
2020-02-03,106.81,97.38
2020-02-04,105.47,118.12
2020-02-05,101.11,128.4
2020-02-06,109.54,143.37
2020-02-07,111.3,132.35
2020-02-10,110.94,129.73
2020-02-11,123.26,133.18
2020-02-12,115.34,154.87
2020-02-13,111.54,161.83
2020-02-14,123.09,156.08
2020-02-17,107.61,144.58
2020-02-18,103.66,124.7
2020-02-19,103.73,184.1
2020-02-20,102.81,163.11
2020-02-21,110.87,159.91
2020-02-24,112.49,137.89
2020-02-25,122.36,140.33
2020-02-26,119.06,172.19
2020-02-27,110.79,143.1
2020-03-02,105.58,128.56
2020-03-03,98.03,135.71
2020-03-04,104.65,173.5
2020-03-05,112.02,175.04
2020-03-06,105.84,149.07
2020-03-09,103.97,121.63
2020-03-10,104.84,124.33
2020-03-11,99.55,149.15
2020-03-12,95.64,120.4
2020-03-13,104.3,109.93
2020-03-16,78.75,104.65
2020-03-17,119.13,107.34
2020-03-18,105.64,206.72
2020-03-19,53.32,138.09
2020-03-20,79.74,153.07
2020-03-23,94.28,139.89
2020-03-24,116.21,164.88
2020-03-25,118.03,198.07
2020-03-26,97.63,182.99
2020-03-27,109.49,173.83
2020-03-30,126.56,165.9
2020-03-31,111.96,165.01
2020-04-01,115.18,180.53
2020-04-06,122.36,171.57
2020-04-07,126.4,173.2
2020-04-08,103.31,184.91
2020-04-09,110.44,177.12
2020-04-10,120.01,173.63
2020-04-13,107.98,166.97
2020-04-14,125.96,191.24
2020-04-15,97.37,207.67
2020-04-16,108.4,182.64
2020-04-17,99.01,180.06
2020-04-20,92.08,160.26
2020-04-21,100.22,136.66
2020-04-22,107.06,180.09
2020-04-23,96.35,168.17
2020-04-24,112.19,166.52
2020-04-27,153.56,187.93
2020-04-28,120.1,178.83
2020-04-29,115.34,186.37
2020-04-30,107.08,185.92
2020-05-04,106.05,153.78
2020-05-05,112.96,157.48
2020-05-06,112.47,170.27
2020-05-07,108.43,162.47
2020-05-08,106.74,161.82
2020-05-11,122.31,158.91
2020-05-12,99.93,146.66
2020-05-13,119.59,166.48
2020-05-14,102.99,146.96
2020-05-15,96.06,143.66
2020-05-18,106.17,137.55
2020-05-19,92.53,147.38
2020-05-20,93.13,216.45
2020-05-21,102.36,188.43
2020-05-22,93.33,154.03
2020-05-25,110.25,155.2
2020-05-26,102.33,177.59
2020-05-27,106.83,191.08
2020-05-28,100.42,166.6
2020-05-29,104.86,160.73
2020-06-01,114.58,175.36
2020-06-02,117.57,170.8
2020-06-03,102.25,192.67
2020-06-04,95.31,175.06
2020-06-05,117.67,173.34
2020-06-08,101.05,173.94
2020-06-09,108.77,169.74
2020-06-10,104.45,191.87
2020-06-11,101.01,164.18
2020-06-12,115.99,155.57
2020-06-15,97.13,146.92
2020-06-16,114.63,166.62
2020-06-17,97.95,105.19
2020-06-18,108.4,112.22
2020-06-19,98.53,116.34
2020-06-22,119.89,124.1
2020-06-23,116.44,119.05
2020-06-24,111.67,121.44
2020-06-29,103.08,104.73
2020-06-30,118.44,120.64
2020-07-01,113.29,121.3
2020-07-02,107.08,126.1
2020-07-03,99.66,132.57
2020-07-06,108.85,140.57
2020-07-07,98.03,139.95
2020-07-08,110.26,138.7
2020-07-09,94.16,135.92
2020-07-10,97.42,128.5
2020-07-13,120.57,146.02
2020-07-14,108.6,143.76
2020-07-15,99.01,126.72
2020-07-16,90.46,108.62
2020-07-17,109.29,110.89
2020-07-20,107.54,113.41
2020-07-21,117.12,148.09
2020-07-22,96.74,118.17
2020-07-23,100.15,109.63
2020-07-24,95.55,106.31
2020-07-27,106.62,145.18
2020-07-28,97.02,128.35
2020-07-29,106.68,127.96
2020-07-30,90.02,128.65
2020-07-31,113.03,125.83
2020-08-03,90.97,113.61
2020-08-04,115.73,126.45
2020-08-05,102.0,126.5
2020-08-06,101.63,130.44
2020-08-07,100.3,123.95
2020-08-10,112.9,130.81
2020-08-11,100.85,122.95
2020-08-12,94.62,121.36
2020-08-13,93.99,117.16
2020-08-14,101.62,122.23
2020-08-17,121.6,140.11
2020-08-18,94.81,134.52
2020-08-19,93.24,125.76
2020-08-20,91.72,90.08
2020-08-21,97.65,108.43
2020-08-24,114.34,115.59
2020-08-25,110.46,129.56
2020-08-26,105.93,139.5
2020-08-27,97.1,132.09
2020-08-28,97.64,118.69
2020-08-31,100.74,115.02
2020-09-01,110.04,124.41
2020-09-02,99.65,128.86
2020-09-03,94.99,122.58
2020-09-04,110.93,118.43
2020-09-07,100.08,121.02
2020-09-08,120.49,128.81
2020-09-09,102.24,119.77
2020-09-10,104.52,120.1
2020-09-11,94.09,116.05
2020-09-14,118.21,123.44
2020-09-15,113.26,133.07
2020-09-16,88.58,119.57
2020-09-17,104.57,108.12
2020-09-18,105.84,111.17
2020-09-21,96.08,101.92
2020-09-22,105.03,90.68
2020-09-23,99.74,97.97
2020-09-24,89.36,87.82
2020-09-25,98.14,95.6
2020-09-28,118.07,112.84
2020-09-29,95.81,115.59
2020-09-30,120.07,117.8
2020-10-05,108.07,114.99
2020-10-06,114.96,128.57
2020-10-07,107.64,123.17
2020-10-08,91.1,122.14
2020-10-12,109.64,121.69
2020-10-13,107.19,122.44
2020-10-14,98.19,120.69
2020-10-15,91.02,106.88
2020-10-16,94.66,106.15
2020-10-19,114.54,116.84
2020-10-20,109.61,116.2
2020-10-21,104.81,100.37
2020-10-22,98.04,97.51
2020-10-23,109.5,108.65
2020-10-26,115.86,114.36
2020-10-27,102.33,116.08
2020-10-28,106.63,102.59
2020-10-29,113.99,107.1
2020-10-30,88.28,97.34
2020-11-02,101.15,98.34
2020-11-03,111.74,111.9
2020-11-04,99.94,110.65
2020-11-05,107.77,112.67
2020-11-06,112.68,116.52
2020-11-09,114.23,126.1
2020-11-10,94.06,122.54
2020-11-11,109.64,129.71
2020-11-12,101.22,125.77
2020-11-13,123.09,124.27
2020-11-16,116.52,144.88
2020-11-17,92.95,142.73
2020-11-18,107.27,127.7
2020-11-19,96.16,119.4
2020-11-20,96.31,120.04
2020-11-23,116.97,138.27
2020-11-24,86.85,122.72
2020-11-25,90.09,106.61
2020-11-26,113.49,115.2
2020-11-27,120.27,121.89
2020-11-30,97.68,110.22
2020-12-01,105.4,118.26
2020-12-02,96.96,114.73
2020-12-03,103.57,113.58
2020-12-04,112.37,124.19
2020-12-07,112.36,124.0
2020-12-08,115.35,141.34
2020-12-09,104.3,124.82
2020-12-10,104.58,113.55
2020-12-11,95.08,111.9
2020-12-14,98.0,111.27
2020-12-15,85.58,99.31
2020-12-16,105.84,117.03
2020-12-17,88.85,102.69
2020-12-18,99.34,102.99
2020-12-21,119.64,123.66
2020-12-22,121.66,108.4
2020-12-23,107.82,102.81
2020-12-24,108.83,111.68
2020-12-25,110.99,115.39
2020-12-28,144.65,124.12
2020-12-29,104.29,130.1
2020-12-30,105.45,125.67
2020-12-31,104.51,125.27
2021-01-04,112.86,138.61
2021-01-05,119.94,146.86
2021-01-06,121.95,127.49
2021-01-07,114.14,153.77
2021-01-08,92.82,147.88
2021-01-11,104.09,144.57
2021-01-12,107.27,135.74
2021-01-13,116.81,144.45
2021-01-14,112.49,136.12
2021-01-15,100.13,136.06
2021-01-18,98.45,133.4
2021-01-19,108.64,150.92
2021-01-20,103.1,137.65
2021-01-21,108.97,151.97
2021-01-22,97.83,132.57
2021-01-25,99.21,121.74
2021-01-26,94.13,107.44
2021-01-27,110.45,133.97
2021-01-28,97.92,113.52
2021-01-29,87.82,107.32
2021-02-01,116.02,121.52
2021-02-02,114.91,155.75
2021-02-03,94.34,141.65
2021-02-04,104.73,135.87
2021-02-05,102.54,145.6
2021-02-17,112.69,159.11
2021-02-18,117.51,133.75
2021-02-19,99.92,123.18
2021-02-22,112.25,138.88
2021-02-23,118.45,140.38
2021-02-24,98.85,131.02
2021-02-25,97.56,135.18
2021-02-26,91.88,110.26
2021-03-02,86.72,107.09
2021-03-03,110.76,134.53
2021-03-04,95.82,123.84
2021-03-05,101.33,124.52
2021-03-08,104.47,117.32
2021-03-09,101.41,116.68
2021-03-10,92.75,117.06
2021-03-11,116.82,126.22
2021-03-12,101.57,118.54
2021-03-15,108.41,117.7
2021-03-16,103.27,124.22
2021-03-17,110.04,118.77
2021-03-18,97.08,118.51
2021-03-19,92.43,101.33
2021-03-22,107.44,112.86
2021-03-23,96.75,108.81
2021-03-24,106.36,119.33
2021-03-25,100.55,117.28
2021-03-26,111.2,128.13
2021-03-29,98.26,141.57
2021-03-30,119.94,142.39
2021-03-31,92.94,120.5
2021-04-01,107.26,127.04
2021-04-06,110.31,133.69
2021-04-07,96.29,130.1
2021-04-08,111.54,135.2
2021-04-09,100.77,128.43
2021-04-12,106.8,132.95
2021-04-13,108.18,137.09
2021-04-14,99.57,145.66
2021-04-15,103.27,152.41
2021-04-16,101.24,151.28
2021-04-19,119.96,166.03
2021-04-20,125.97,167.1
2021-04-21,107.34,156.81
2021-04-22,115.24,145.84
2021-04-23,122.87,153.54
2021-04-26,123.01,180.64
2021-04-27,116.25,168.91
2021-04-28,106.98,177.02
2021-04-29,119.22,162.7
2021-05-03,88.01,118.44
2021-05-04,92.32,101.43
2021-05-05,111.58,124.32
2021-05-06,109.68,121.83
2021-05-07,111.43,142.16
2021-05-10,99.49,133.69
2021-05-11,103.95,97.4
2021-05-12,108.43,108.18
2021-05-13,96.04,112.09
2021-05-14,102.94,114.7
2021-05-17,114.97,102.59
2021-05-18,118.38,128.63
2021-05-19,97.04,132.26
2021-05-20,89.46,113.54
2021-05-21,94.87,126.09
2021-05-24,124.42,132.17
2021-05-25,124.21,148.12
2021-05-26,99.18,159.66
2021-05-27,117.36,145.94
2021-05-28,111.58,165.17
2021-05-31,115.79,169.46
2021-06-01,119.23,164.89
2021-06-02,99.1,177.63
2021-06-03,107.34,167.29
2021-06-04,109.24,150.43
2021-06-07,100.88,141.82
2021-06-08,93.76,145.95
2021-06-09,95.6,153.35
2021-06-10,105.53,157.02
2021-06-11,102.58,164.38
2021-06-15,120.67,171.44
2021-06-16,116.38,123.34
2021-06-17,114.85,123.51
2021-06-18,94.37,119.26
2021-06-21,112.69,102.75
2021-06-22,112.89,105.94
2021-06-23,108.7,119.2
2021-06-24,123.47,139.97
2021-06-25,112.4,144.99
2021-06-28,119.93,143.23
2021-06-29,103.3,133.78
2021-06-30,118.72,121.62
2021-07-01,117.63,136.97
2021-07-02,98.09,137.69
2021-07-05,127.62,149.0
2021-07-06,97.42,130.96
2021-07-07,102.17,114.97
2021-07-08,103.27,114.31
2021-07-09,89.34,103.62
2021-07-12,100.55,111.89
2021-07-13,114.83,107.67
2021-07-14,104.3,117.63
2021-07-15,103.15,112.98
2021-07-16,86.09,90.78
2021-07-19,86.44,83.79
2021-07-20,92.62,82.52
2021-07-21,110.87,102.64
2021-07-22,139.58,149.13
2021-07-23,113.44,151.07
2021-07-26,96.22,137.84
2021-07-27,120.32,138.65
2021-07-28,117.48,88.78
2021-07-29,112.43,111.36
2021-07-30,108.26,104.67
2021-08-02,110.79,118.08
2021-08-03,117.55,119.85
2021-08-04,122.96,113.52
2021-08-05,140.12,125.41
2021-08-06,106.93,124.5
2021-08-09,90.86,120.23
2021-08-10,85.29,106.17
2021-08-11,110.44,103.49
2021-08-12,93.63,100.83
2021-08-13,83.13,91.92
2021-08-16,99.27,84.79
2021-08-17,88.24,79.16
2021-08-18,109.37,113.14
2021-08-19,89.04,80.64
2021-08-20,102.88,83.29
2021-08-23,119.95,116.28
2021-08-24,108.06,117.78
2021-08-25,109.01,115.5
2021-08-26,85.43,108.49
2021-08-27,105.01,123.13
2021-08-30,115.99,133.96
2021-08-31,93.13,138.82
2021-09-01,97.97,121.57
2021-09-02,101.8,112.85
2021-09-03,104.06,128.59
2021-09-06,103.44,128.94
2021-09-07,94.37,125.84
2021-09-08,95.88,117.75
2021-09-09,110.31,120.53
2021-09-10,120.93,137.8
2021-09-13,119.57,141.62
2021-09-14,120.05,137.16
2021-09-15,96.97,115.43
2021-09-16,91.91,103.71
2021-09-17,106.62,111.92
2021-09-22,86.82,106.4
2021-09-23,106.14,112.03
2021-09-24,107.21,111.4
2021-09-27,115.94,114.41
2021-09-28,76.97,103.54
2021-09-29,98.71,90.45
2021-09-30,90.21,100.79
2021-10-01,80.88,84.04
2021-10-04,86.21,84.98
2021-10-05,91.96,90.59
2021-10-06,97.04,98.14
2021-10-07,105.01,108.33
2021-10-08,100.7,109.5
2021-10-12,83.34,103.27
2021-10-13,90.39,101.39
2021-10-14,99.18,99.68
2021-10-15,110.62,113.27
2021-10-18,94.17,101.38
2021-10-19,102.27,109.35
2021-10-20,108.93,121.7
2021-10-21,110.01,108.82
2021-10-22,84.78,105.46
2021-10-25,95.96,106.55
2021-10-26,107.31,119.42
2021-10-27,86.04,108.3
2021-10-28,100.38,109.67
2021-10-29,88.43,106.06
2021-11-01,101.77,113.06
2021-11-02,100.09,110.08
2021-11-03,106.25,111.84
2021-11-04,90.19,103.67
2021-11-05,93.22,114.85
2021-11-08,115.12,126.21
2021-11-09,95.58,129.96
2021-11-10,93.04,126.77
2021-11-11,94.96,118.91
2021-11-12,103.03,120.93
2021-11-15,97.42,131.09
2021-11-16,119.25,138.35
2021-11-17,101.54,133.65
2021-11-18,113.93,139.28
2021-11-19,83.5,122.41
2021-11-22,96.56,120.3
2021-11-23,74.58,103.84
2021-11-24,103.71,123.7
2021-11-25,101.51,122.99
2021-11-26,86.37,99.8
2021-11-29,112.38,102.18
2021-11-30,109.23,106.21
2021-12-01,116.01,119.97
2021-12-02,100.02,127.61
2021-12-03,107.62,130.14
2021-12-06,109.25,122.86
2021-12-07,105.08,117.9
2021-12-08,92.45,126.65
2021-12-09,106.71,125.16
2021-12-10,84.47,120.12
2021-12-13,88.96,120.61
2021-12-14,91.76,107.87
2021-12-15,106.62,116.1
2021-12-16,98.74,115.47
2021-12-17,100.53,110.65
2021-12-20,90.07,93.77
2021-12-21,113.87,115.22
2021-12-22,103.74,112.03
2021-12-23,98.69,114.93
2021-12-24,93.92,119.36
2021-12-27,124.5,126.2
2021-12-28,124.54,135.52
2021-12-29,98.57,121.71
2021-12-30,93.35,117.42
2022-01-03,96.92,117.84
2022-01-04,99.29,133.72
2022-01-05,100.57,111.2
2022-01-06,94.22,103.68
2022-01-07,92.55,94.04
2022-01-10,103.82,99.97
2022-01-11,99.06,100.33
2022-01-12,101.13,107.44
2022-01-13,96.32,111.02
2022-01-14,89.65,98.16
2022-01-17,112.02,111.05
2022-01-18,108.38,107.4
2022-01-19,104.26,98.36
2022-01-20,111.34,109.5
2022-01-21,85.27,85.87
2022-01-24,102.69,92.81
2022-01-25,90.42,78.85
2022-01-26,111.3,105.66
2022-02-07,102.8,100.48
2022-02-08,129.72,111.07
2022-02-09,120.66,113.67
2022-02-10,119.13,129.41
2022-02-11,118.85,126.5
2022-02-14,107.63,101.86
2022-02-15,108.56,105.99
2022-02-16,106.54,125.61
2022-02-17,119.95,122.85
2022-02-18,124.03,128.18
2022-02-21,118.92,124.6
2022-02-22,101.24,107.03
2022-02-23,110.61,124.12
2022-02-24,109.3,103.29
2022-02-25,104.78,107.36
2022-03-01,117.46,124.71
2022-03-02,104.38,115.48
2022-03-03,118.55,125.77
2022-03-04,100.12,115.5
2022-03-07,88.05,89.17
2022-03-08,97.71,85.02
2022-03-09,103.38,101.64
2022-03-10,108.16,116.07
2022-03-11,98.29,102.54
2022-03-14,102.59,102.49
2022-03-15,96.25,93.65
2022-03-16,105.13,94.89
2022-03-17,113.67,118.65
2022-03-18,98.46,108.8
2022-03-21,118.42,113.92
2022-03-22,119.48,115.17
2022-03-23,107.84,106.25
2022-03-24,99.1,104.86
2022-03-25,98.44,101.44
2022-03-28,98.4,97.74
2022-03-29,118.59,103.4
2022-03-30,103.07,106.73
2022-03-31,104.64,104.35
2022-04-01,103.35,103.66
2022-04-06,107.73,105.27
2022-04-07,84.37,88.61
2022-04-08,109.04,92.15
2022-04-11,90.12,87.73
2022-04-12,108.21,92.05
2022-04-13,119.69,105.35
2022-04-14,98.91,102.96
2022-04-15,86.35,90.76
2022-04-18,104.94,88.25
2022-04-19,115.06,93.89
2022-04-20,94.02,91.38
2022-04-21,100.87,90.28
2022-04-22,104.75,95.07
2022-04-25,106.41,84.08
2022-04-26,106.95,84.05
2022-04-27,108.37,79.99
2022-04-28,107.6,95.57
2022-04-29,102.54,106.3
2022-05-03,103.69,101.18
2022-05-04,107.8,89.8
2022-05-05,100.02,88.48
2022-05-06,95.72,80.61
2022-05-09,90.91,76.32
2022-05-10,104.23,81.12
2022-05-11,93.32,83.17
2022-05-12,90.55,80.32
2022-05-13,116.21,88.14
2022-05-16,109.94,89.74
2022-05-17,118.2,96.15
2022-05-18,103.84,103.66
2022-05-19,103.75,88.47
2022-05-20,109.49,96.77
2022-05-23,102.3,97.45
2022-05-24,93.67,95.14
2022-05-25,111.68,100.8
2022-05-26,98.2,95.0
2022-05-27,116.28,108.1
2022-05-30,113.34,129.19
2022-05-31,106.62,135.23
2022-06-01,97.01,103.63
2022-06-02,107.44,99.94
2022-06-06,105.4,105.68
2022-06-07,92.55,99.09
2022-06-08,117.46,107.31
2022-06-09,110.11,104.9
2022-06-10,96.99,98.6
2022-06-13,85.38,87.18
2022-06-14,97.91,86.95
2022-06-15,93.86,84.63
2022-06-16,89.35,85.08
2022-06-17,105.96,79.95
2022-06-20,84.4,73.28
2022-06-21,116.03,89.13
2022-06-22,89.19,68.51
2022-06-23,93.66,69.31
2022-06-24,84.27,74.5
2022-06-27,118.67,89.96
2022-06-28,82.71,85.74
2022-06-29,95.19,69.78
2022-06-30,77.27,61.69
2022-07-01,79.03,54.98
2022-07-04,81.22,57.21
2022-07-05,81.24,59.89
2022-07-06,84.07,55.09
2022-07-07,86.59,69.41
2022-07-08,107.37,76.27
2022-07-11,91.82,76.56
2022-07-12,83.17,69.21
2022-07-13,95.55,69.82
2022-07-14,107.32,74.69
2022-07-15,106.27,78.46
2022-07-18,116.97,83.95
2022-07-19,98.49,85.8
2022-07-20,96.4,57.28
2022-07-21,99.84,80.81
2022-07-22,97.59,83.22
2022-07-25,118.99,90.63
2022-07-26,89.51,81.9
2022-07-27,87.31,75.21
2022-07-28,86.67,81.82
2022-07-29,106.06,89.29
2022-08-01,95.61,87.84
2022-08-02,106.09,81.15
2022-08-03,99.36,82.51
2022-08-04,94.28,85.05
2022-08-05,120.35,106.07
2022-08-08,102.78,103.06
2022-08-09,98.96,106.33
2022-08-10,93.19,90.35
2022-08-11,106.19,104.24
2022-08-12,106.04,109.1
2022-08-15,105.73,113.83
2022-08-16,107.46,116.69
2022-08-17,93.94,83.46
2022-08-18,94.87,88.23
2022-08-19,110.73,98.93
2022-08-22,88.77,89.33
2022-08-23,89.22,78.61
2022-08-24,99.93,79.3
2022-08-25,110.12,93.54
2022-08-26,105.13,102.5
2022-08-29,86.82,76.15
2022-08-30,105.89,90.46
2022-08-31,107.31,92.08
2022-09-01,87.27,77.35
2022-09-02,90.01,74.03
2022-09-05,89.43,80.3
2022-09-06,94.74,81.95
2022-09-07,83.72,77.68
2022-09-08,100.44,87.72
2022-09-12,119.5,106.7
2022-09-13,111.6,113.28
2022-09-14,98.09,89.86
2022-09-15,104.61,91.1
2022-09-16,93.28,85.17
2022-09-19,89.58,82.87
2022-09-20,99.97,87.76
2022-09-21,98.29,76.45
2022-09-22,88.68,79.8
2022-09-23,76.56,74.81
2022-09-26,86.76,62.41
2022-09-27,93.94,67.63
2022-09-28,96.78,60.48
2022-09-29,90.84,66.02
2022-09-30,90.84,63.4
2022-10-03,89.18,65.79
2022-10-04,107.8,79.02
2022-10-05,99.83,74.61
2022-10-06,99.54,80.01
2022-10-07,88.33,74.16
2022-10-11,81.57,58.74
2022-10-12,96.55,67.92
2022-10-13,83.71,65.53
2022-10-14,102.56,80.0
2022-10-17,84.74,69.91
2022-10-18,91.66,76.72
2022-10-19,97.22,59.43
2022-10-20,82.29,60.89
2022-10-21,88.39,65.82
2022-10-24,93.69,70.49
2022-10-25,75.56,64.51
2022-10-26,98.23,65.41
2022-10-27,106.63,79.24
2022-10-28,76.96,71.77
2022-10-31,101.16,77.94
2022-11-01,107.68,87.15
2022-11-02,98.5,75.41
2022-11-03,84.67,73.79
2022-11-04,85.17,76.22
2022-11-07,109.67,91.16
2022-11-08,119.48,101.67
2022-11-09,112.53,96.92
2022-11-10,81.24,88.51
2022-11-11,104.4,118.41
2022-11-14,98.57,116.22
2022-11-15,106.15,134.25
2022-11-16,96.74,91.58
2022-11-17,88.74,89.15
2022-11-18,92.02,91.29
2022-11-21,84.45,87.02
2022-11-22,108.7,90.75
2022-11-23,95.87,86.79
2022-11-24,118.18,106.53
2022-11-25,81.56,99.89
2022-11-28,84.19,88.13
2022-11-29,112.0,102.4
2022-11-30,104.15,104.03
2022-12-01,89.97,105.51
2022-12-02,85.99,98.96
2022-12-05,92.92,100.19
2022-12-06,74.66,88.22
2022-12-07,108.72,95.14
2022-12-08,77.29,86.86
2022-12-09,108.11,95.7
2022-12-12,83.58,89.7
2022-12-13,90.58,85.04
2022-12-14,107.15,95.75
2022-12-15,92.04,93.53
2022-12-16,81.46,88.62
2022-12-19,102.67,85.45
2022-12-20,95.7,74.54
2022-12-21,109.04,92.76
2022-12-22,102.81,103.35
2022-12-23,95.18,89.24
2022-12-26,108.36,94.5
2022-12-27,111.82,102.09
2022-12-28,92.56,86.37
2022-12-29,99.37,90.58
2022-12-30,110.47,99.78
2023-01-03,99.31,107.15
2023-01-04,100.71,92.98
2023-01-05,98.16,93.82
2023-01-06,108.57,108.62
2023-01-09,123.32,142.81
2023-01-10,102.01,132.58
2023-01-11,99.55,108.16
2023-01-12,89.58,100.66
2023-01-13,85.7,100.31
2023-01-16,97.39,105.3
2023-01-17,96.12,104.61
2023-01-30,85.14,102.28
2023-01-31,82.7,81.2
2023-02-01,90.15,88.32
2023-02-02,109.15,111.31
2023-02-03,99.76,110.28
2023-02-06,86.51,104.73
2023-02-07,99.28,105.73
2023-02-08,113.05,122.51
2023-02-09,102.82,120.81
2023-02-10,92.86,116.79
2023-02-13,84.79,108.49
2023-02-14,112.0,114.53
2023-02-15,94.91,100.71
2023-02-16,115.58,116.73
2023-02-17,94.41,105.95
2023-02-20,117.28,112.54
2023-02-21,104.62,111.65
2023-02-22,96.98,106.04
2023-02-23,117.77,129.39
2023-02-24,103.53,121.9
2023-03-01,106.35,122.09
2023-03-02,98.02,119.43
2023-03-03,111.56,121.24
2023-03-06,122.96,131.29
2023-03-07,127.82,138.72
2023-03-08,86.13,112.59
2023-03-09,92.39,108.94
2023-03-10,76.66,88.35
2023-03-13,92.57,92.56
2023-03-14,85.71,89.11
2023-03-15,109.29,97.19
2023-03-16,101.38,95.36
2023-03-17,119.25,114.06
2023-03-20,119.83,112.34
2023-03-21,137.9,120.5
2023-03-22,130.83,121.73
2023-03-23,125.71,138.51
2023-03-24,121.61,138.51
2023-03-27,101.44,122.85
2023-03-28,80.12,110.95
2023-03-29,111.06,112.38
2023-03-30,127.67,122.08
2023-03-31,110.72,126.7
2023-04-06,112.13,114.64
2023-04-07,115.05,119.69
2023-04-10,122.35,119.0
2023-04-11,107.82,129.69
2023-04-12,105.86,119.25
2023-04-13,86.18,106.28
2023-04-14,110.8,119.16
2023-04-17,96.44,114.34
2023-04-18,94.11,111.02
2023-04-19,97.06,94.89
2023-04-20,85.77,91.04
2023-04-21,81.31,85.7
2023-04-24,92.38,90.17
2023-04-25,87.4,74.51
2023-04-26,89.1,86.71
2023-04-27,98.87,96.07
2023-04-28,114.06,110.3
2023-05-02,128.89,120.49
2023-05-03,96.41,99.56
2023-05-04,116.68,110.16
2023-05-05,108.17,112.64
2023-05-08,126.06,115.28
2023-05-09,99.04,115.48
2023-05-10,80.43,96.56
2023-05-11,95.76,99.65
2023-05-12,98.8,95.7
2023-05-15,104.29,94.82
2023-05-16,113.42,118.2
2023-05-17,96.07,121.31
2023-05-18,103.43,128.3
2023-05-19,89.31,118.62
2023-05-22,101.5,113.46
2023-05-23,109.84,112.57
2023-05-24,95.28,103.53
2023-05-25,99.79,109.85
2023-05-26,104.63,120.29
2023-05-29,100.0,111.33
2023-05-30,96.93,109.72
2023-05-31,93.84,101.77
2023-06-01,96.31,101.66
2023-06-02,111.86,114.49
2023-06-05,88.09,106.09
2023-06-06,101.4,109.9
2023-06-07,107.57,101.38
2023-06-08,83.54,91.42
2023-06-09,103.18,103.55
2023-06-12,106.28,112.87
2023-06-13,97.43,130.08
2023-06-14,89.05,112.08
2023-06-15,94.81,110.25
2023-06-16,86.05,108.38
2023-06-19,92.99,111.42
2023-06-20,90.3,105.33
2023-06-21,102.22,90.34
2023-06-26,96.61,93.58
2023-06-27,101.63,85.75
2023-06-28,97.61,99.61
2023-06-29,94.23,103.39
2023-06-30,109.98,104.55
2023-07-03,121.07,124.57
2023-07-04,112.22,128.34
2023-07-05,100.0,108.46
2023-07-06,90.66,90.4
2023-07-07,104.09,93.38
2023-07-10,107.49,97.52
2023-07-11,129.45,128.03
2023-07-12,101.63,103.09
2023-07-13,105.65,118.07
2023-07-14,109.16,125.4
2023-07-17,105.44,121.43
2023-07-18,98.76,112.89
2023-07-19,92.38,85.68
2023-07-20,104.7,96.9
2023-07-21,95.51,87.27
2023-07-24,102.45,88.59
2023-07-25,114.47,112.13
2023-07-26,94.95,92.08
2023-07-27,118.14,107.6
2023-07-28,104.36,108.91
2023-07-31,95.78,94.37
2023-08-01,104.89,101.83
2023-08-02,95.45,80.42
2023-08-04,97.93,84.53
2023-08-07,116.27,104.32
2023-08-08,99.66,94.54
2023-08-09,100.54,82.15
2023-08-10,88.72,74.79
2023-08-11,94.8,79.65
2023-08-14,75.86,67.76
2023-08-15,99.64,72.64
2023-08-16,100.93,74.07
2023-08-17,96.37,91.3
2023-08-18,100.91,93.15
2023-08-21,101.91,91.79
2023-08-22,107.66,96.3
2023-08-23,117.7,103.81
2023-08-24,116.42,115.47
2023-08-25,91.59,88.35
2023-08-28,97.69,92.58
2023-08-29,115.55,96.82
2023-08-30,115.12,99.92
2023-08-31,105.91,95.12
2023-09-01,103.9,101.86
2023-09-04,112.36,109.06
2023-09-05,113.19,107.89
2023-09-06,102.01,100.41
2023-09-07,98.7,97.32
2023-09-08,103.42,101.58
2023-09-11,80.42,89.83
2023-09-12,107.67,100.69
2023-09-13,112.19,100.21
2023-09-14,124.06,118.04
2023-09-15,120.07,118.02
2023-09-18,82.89,99.82
2023-09-19,89.33,91.32
2023-09-20,103.4,81.09
2023-09-21,83.28,74.96
2023-09-22,104.64,82.75
2023-09-25,122.84,99.94
2023-09-26,102.94,86.86
2023-09-27,105.5,81.68
2023-09-28,104.34,86.8
2023-10-02,133.39,112.92
2023-10-03,105.46,98.18
2023-10-04,101.53,75.72
2023-10-05,120.89,93.08
2023-10-06,110.69,97.37
2023-10-11,104.85,93.08
2023-10-12,104.64,106.62
2023-10-13,93.57,93.01
2023-10-16,89.6,86.63
2023-10-17,89.81,88.51
2023-10-18,98.76,92.91
2023-10-19,93.97,93.27
2023-10-20,91.9,100.67
2023-10-23,76.76,94.59
2023-10-24,94.16,98.96
2023-10-25,114.98,103.89
2023-10-26,88.06,90.32
2023-10-27,105.1,102.99
2023-10-30,97.62,96.68
2023-10-31,76.37,83.59
2023-11-01,100.58,91.15
2023-11-02,114.89,109.63
2023-11-03,118.33,115.19
2023-11-06,112.52,134.04
2023-11-07,117.78,130.93
2023-11-08,108.75,118.92
2023-11-09,98.78,115.1
2023-11-10,105.58,113.43
2023-11-13,98.81,113.12
2023-11-14,111.34,119.09
2023-11-15,96.95,109.06
2023-11-16,89.12,105.77
2023-11-17,118.07,118.45
2023-11-20,100.6,110.64
2023-11-21,134.22,128.43
2023-11-22,82.21,105.01
2023-11-23,97.21,104.66
2023-11-24,93.46,105.71
2023-11-27,81.58,96.45
2023-11-28,113.85,115.0
2023-11-29,97.32,104.64
2023-11-30,99.27,115.06
2023-12-01,91.86,117.57
2023-12-04,97.65,115.8
2023-12-05,88.83,104.61
2023-12-06,104.11,104.62
2023-12-07,94.81,102.38
2023-12-08,107.4,113.67
2023-12-11,100.88,114.74
2023-12-12,106.21,112.01
2023-12-13,86.45,107.45
2023-12-14,99.09,122.45
2023-12-15,101.89,125.83
2023-12-18,101.73,124.29
2023-12-19,80.78,112.12
2023-12-20,106.69,105.53
2023-12-21,105.79,105.21
2023-12-22,103.34,109.47
2023-12-25,125.0,120.52
2023-12-26,136.65,134.95
2023-12-27,97.34,120.97
2023-12-28,92.33,117.74
2023-12-29,95.5,118.6
2024-01-02,76.59,106.97
2024-01-03,85.38,99.52
2024-01-04,90.18,94.01
2024-01-05,82.1,87.42
2024-01-08,96.48,94.96
2024-01-09,79.81,91.77
2024-01-10,94.16,98.47
2024-01-11,84.12,101.28
2024-01-12,83.69,97.38
2024-01-15,82.34,97.28
2024-01-16,89.63,88.33
2024-01-17,106.59,101.8
2024-01-18,96.04,108.14
2024-01-19,100.86,140.52
2024-01-22,92.86,131.73
2024-01-23,98.09,138.88
2024-01-24,111.83,124.54
2024-01-25,106.92,136.69
2024-01-26,93.11,139.63
2024-01-29,137.9,131.35
2024-01-30,92.43,125.96
2024-01-31,92.33,105.75
2024-02-01,100.54,111.61
2024-02-02,106.68,119.76
2024-02-05,102.01,118.94
2024-02-15,97.9,150.3
2024-02-16,106.49,143.68
2024-02-19,129.21,137.47
2024-02-20,125.08,141.91
2024-02-21,99.58,106.7
2024-02-22,114.19,112.05
2024-02-23,108.38,116.82
2024-02-26,109.55,122.2
2024-02-27,111.51,117.68
2024-02-29,105.91,127.09
2024-03-01,109.86,127.77
2024-03-04,107.35,145.85
2024-03-05,98.94,141.05
2024-03-06,102.52,141.77
2024-03-07,97.07,147.02
2024-03-08,89.86,134.56
2024-03-11,86.91,132.34
2024-03-12,109.0,135.46
2024-03-13,92.87,139.45
2024-03-14,98.24,132.36
2024-03-15,90.47,121.9
2024-03-18,107.94,127.92
2024-03-19,95.08,130.49
2024-03-20,98.58,125.59
2024-03-21,111.53,156.38
2024-03-22,85.49,133.27
2024-03-25,105.55,135.5
2024-03-26,97.79,115.64
2024-03-27,96.1,131.36
2024-03-28,93.6,119.0
2024-03-29,102.79,128.49
2024-04-01,99.4,120.06
2024-04-02,121.63,138.25
2024-04-03,102.78,125.86
2024-04-08,117.75,129.3
2024-04-09,119.84,158.75
2024-04-10,105.02,136.96
2024-04-11,96.3,126.48
2024-04-12,98.8,127.05
2024-04-15,87.33,105.16
2024-04-16,87.72,79.65
2024-04-17,104.91,121.66
2024-04-18,97.78,123.6
2024-04-19,94.03,85.51
2024-04-22,98.86,84.69
2024-04-23,97.63,94.16
2024-04-24,99.31,154.97
2024-04-25,96.46,119.61
2024-04-26,107.35,135.32
2024-04-29,121.37,150.45
2024-04-30,109.49,141.42
2024-05-02,100.78,129.09
2024-05-03,99.31,127.18
2024-05-06,108.91,135.49
2024-05-07,97.7,130.11
2024-05-08,102.08,145.74
2024-05-09,108.79,137.77
2024-05-10,110.61,143.78
2024-05-13,100.68,135.35
2024-05-14,111.81,149.44
2024-05-15,102.64,145.31
2024-05-16,97.03,126.05
2024-05-17,94.57,125.69
2024-05-20,96.17,113.94
2024-05-21,92.91,110.39
2024-05-22,99.21,141.07
2024-05-23,94.64,126.79
2024-05-24,107.39,129.63
2024-05-27,115.19,152.2
2024-05-28,114.94,160.02
2024-05-29,90.65,135.16
2024-05-30,95.96,109.93
2024-05-31,101.07,109.39
2024-06-03,102.77,132.73
2024-06-04,91.08,106.91
2024-06-05,106.9,144.32
2024-06-06,111.81,161.38
2024-06-07,104.99,149.8
2024-06-11,95.74,143.15
2024-06-12,100.9,169.19
2024-06-13,111.62,157.74
2024-06-14,116.27,168.88
2024-06-17,124.45,164.12
2024-06-18,113.62,175.57
2024-06-19,94.33,165.82
2024-06-20,115.72,133.24
2024-06-21,103.93,115.9
2024-06-24,102.94,88.95
2024-06-25,100.04,89.18
2024-06-26,106.15,100.14
2024-06-27,106.34,99.66
2024-06-28,108.22,108.45
2024-07-01,113.04,107.45
2024-07-02,93.07,102.92
2024-07-03,120.63,100.31
2024-07-04,110.69,112.34
2024-07-05,96.26,107.19
2024-07-08,109.52,122.12
2024-07-09,93.91,109.03
2024-07-10,94.45,108.18
2024-07-11,112.49,121.03
2024-07-12,82.17,100.26
2024-07-15,92.02,99.17
2024-07-16,98.37,106.25
2024-07-17,94.53,126.47
2024-07-18,91.71,104.27
2024-07-19,85.53,94.7
2024-07-22,78.89,72.62
2024-07-23,101.7,90.45
2024-07-26,102.14,92.89
2024-07-29,86.93,93.19
2024-07-30,77.25,88.33
2024-07-31,91.9,96.95
2024-08-01,99.84,101.34
2024-08-02,79.16,72.95
2024-08-05,69.19,58.7
2024-08-06,61.27,70.26
2024-08-07,107.98,88.1
2024-08-08,82.48,79.68
2024-08-09,95.59,92.48
2024-08-12,95.46,101.9
2024-08-13,115.84,108.78
2024-08-14,109.03,98.83
2024-08-15,101.57,104.49
2024-08-16,110.8,117.77
2024-08-19,108.96,120.25
2024-08-20,98.02,114.6
2024-08-21,84.93,117.46
2024-08-22,85.78,106.42
2024-08-23,86.1,101.13
2024-08-26,89.5,104.25
2024-08-27,82.98,102.7
2024-08-28,96.57,111.14
2024-08-29,76.06,91.43
2024-08-30,94.21,97.96
2024-09-02,76.82,90.29
2024-09-03,78.74,86.93
2024-09-04,89.16,90.96
2024-09-05,103.05,96.04
2024-09-06,110.46,105.88
2024-09-09,103.3,97.11
2024-09-10,100.69,96.84
2024-09-11,114.58,106.77
2024-09-12,105.38,116.86
2024-09-13,104.89,113.66
2024-09-16,102.89,110.61
2024-09-18,91.04,99.09
2024-09-19,113.64,123.84
2024-09-20,104.29,124.43
2024-09-23,107.83,119.21
2024-09-24,96.92,131.46
2024-09-25,101.45,121.62
2024-09-26,101.58,108.66
2024-09-27,85.17,98.84
2024-09-30,88.53,78.13
2024-10-01,92.0,79.25
2024-10-04,97.53,104.34
2024-10-07,105.9,111.8
2024-10-08,86.03,101.98
2024-10-09,110.76,112.0
2024-10-11,107.89,117.3
2024-10-14,98.63,120.36
2024-10-15,120.25,134.57
2024-10-16,98.25,92.25
2024-10-17,90.64,91.28
2024-10-18,83.76,96.55
2024-10-21,81.23,88.08
2024-10-22,87.57,83.84
2024-10-23,74.16,77.28
2024-10-24,80.04,69.37
2024-10-25,85.33,78.19
2024-10-28,82.04,72.03
2024-10-29,70.82,65.26
2024-10-30,101.29,73.77
2024-11-01,78.3,74.5
2024-11-04,106.37,88.96
2024-11-05,99.33,93.68
2024-11-06,99.55,96.31
2024-11-07,103.51,110.41
2024-11-08,106.92,116.83
2024-11-11,80.39,97.59
2024-11-12,75.02,83.1
2024-11-13,107.82,83.41
2024-11-14,85.05,78.39
2024-11-15,101.44,86.32
2024-11-18,90.7,84.71
2024-11-19,110.66,102.95
2024-11-20,104.62,94.28
2024-11-21,82.82,85.47
2024-11-22,101.0,108.67
2024-11-25,101.71,101.74
2024-11-26,74.48,85.37
2024-11-27,86.31,76.99
2024-11-28,90.33,76.82
2024-11-29,94.49,77.97
2024-12-02,121.28,106.64
2024-12-03,120.3,113.75
2024-12-04,107.45,93.24
2024-12-05,103.97,101.88
2024-12-06,91.63,100.24
2024-12-09,96.09,99.86
2024-12-10,86.77,90.18
2024-12-11,95.89,93.14
2024-12-12,99.81,97.41
2024-12-13,80.98,91.31
2024-12-16,94.34,86.82
2024-12-17,103.44,93.83
2024-12-18,97.22,78.06
2024-12-19,84.04,80.86
2024-12-20,74.79,75.32
2024-12-23,123.44,111.13
2024-12-24,92.68,98.84
2024-12-25,94.96,95.84
2024-12-26,85.3,91.44
2024-12-27,105.76,102.17
2024-12-30,79.52,93.32
2024-12-31,79.88,85.85
2025-01-02,75.4,81.72
2025-01-03,94.39,86.66
2025-01-06,119.95,113.16
2025-01-07,97.65,108.76
2025-01-08,83.99,90.9
2025-01-09,77.38,79.54
2025-01-10,76.67,78.06
2025-01-13,69.84,68.72
2025-01-14,95.45,74.35
2025-01-15,88.92,85.18
2025-01-16,100.01,97.06
2025-01-17,78.28,96.1
2025-01-20,98.72,102.89
2025-01-21,90.06,102.44
2025-01-22,105.83,103.41
2025-02-03,80.35,95.25
2025-02-04,104.61,85.92
2025-02-05,111.19,106.36
2025-02-06,109.47,107.66
2025-02-07,129.8,114.77
2025-02-10,93.72,101.17
2025-02-11,101.17,102.84
2025-02-12,102.93,101.45
2025-02-13,101.23,106.34
2025-02-14,84.75,92.12
2025-02-17,109.13,105.51
2025-02-18,127.85,117.47
2025-02-19,97.48,110.97
2025-02-20,88.21,107.55
2025-02-21,119.51,113.42
2025-02-24,98.51,102.59
2025-02-25,90.8,86.77
2025-02-26,115.51,96.17
2025-02-27,89.77,83.58
2025-03-03,83.59,74.06
2025-03-04,101.78,85.3
2025-03-05,110.26,96.9
2025-03-06,91.2,89.42
2025-03-07,91.1,84.87
2025-03-10,90.92,81.61
2025-03-11,80.46,78.57
2025-03-12,112.63,92.25
2025-03-13,95.2,82.87
2025-03-14,106.79,82.79
2025-03-17,107.83,88.11
2025-03-18,110.14,95.54
2025-03-19,93.59,76.99
2025-03-20,102.01,96.45
2025-03-21,95.25,85.78
2025-03-24,92.53,78.37
2025-03-25,107.07,87.77
2025-03-26,101.88,89.13
2025-03-27,83.95,81.1
2025-03-28,81.97,72.44
2025-03-31,80.93,65.65
2025-04-01,117.42,80.29
2025-04-02,115.97,75.9
2025-04-07,90.58,66.8
2025-04-08,44.49,56.47
2025-04-09,73.88,54.54
2025-04-10,54.27,64.48
2025-04-11,85.73,74.0
2025-04-14,101.41,83.99
2025-04-15,117.32,93.17
2025-04-16,92.93,74.51
2025-04-17,94.14,71.83
2025-04-18,90.11,71.91
2025-04-21,75.82,68.38
2025-04-22,91.46,66.73
2025-04-23,117.73,65.04
2025-04-24,75.67,61.59
2025-04-25,104.12,77.99
2025-04-28,100.29,81.1
2025-04-29,97.29,87.54
2025-04-30,100.46,77.42
2025-05-02,99.57,99.38
2025-05-05,87.12,85.75
2025-05-06,94.41,90.3
2025-05-07,93.87,78.37
2025-05-08,86.43,84.08
2025-05-09,95.95,90.97
2025-05-12,110.69,102.1
2025-05-13,99.88,113.84
2025-05-14,112.62,117.98
2025-05-15,98.3,116.85
2025-05-16,112.4,121.83
2025-05-19,82.07,107.76
2025-05-20,97.66,106.59
2025-05-21,112.37,114.28
2025-05-22,92.8,100.04
2025-05-23,94.71,98.0
2025-05-26,106.63,92.85
2025-05-27,82.52,82.38
2025-05-28,104.2,95.96
2025-05-29,92.87,91.67
2025-06-02,71.55,76.68
2025-06-03,117.06,85.76
2025-06-04,129.49,108.0
2025-06-05,95.49,104.6
2025-06-06,100.63,101.85
2025-06-09,108.15,105.62
2025-06-10,116.67,133.72
2025-06-11,103.81,119.07
2025-06-12,91.35,103.51
2025-06-13,98.53,95.44
2025-06-16,94.69,94.45
2025-06-17,94.77,100.87
2025-06-18,101.64,105.65
2025-06-19,86.06,90.33
2025-06-20,81.72,88.62
2025-06-23,91.39,84.32
2025-06-24,113.21,112.48
2025-06-25,94.91,103.56
2025-06-26,85.34,99.41
2025-06-27,85.21,96.53
2025-06-30,97.74,98.92
2025-07-01,88.65,107.62
2025-07-02,99.44,114.18
2025-07-03,102.86,128.97
2025-07-04,87.84,116.24
2025-07-07,89.73,100.73
2025-07-08,87.98,97.69
2025-07-09,104.39,127.42
2025-07-10,108.56,131.57
2025-07-11,110.16,131.7
2025-07-14,83.66,114.13
2025-07-15,109.9,130.78
2025-07-16,115.76,98.92
2025-07-17,105.09,101.34
2025-07-18,97.23,97.62
2025-07-21,90.04,90.95
2025-07-22,91.56,75.79
2025-07-23,103.37,101.35
2025-07-24,89.69,99.81
2025-07-25,87.57,90.98
2025-07-28,96.24,97.2
2025-07-29,81.89,88.35
2025-07-30,103.48,105.34
2025-07-31,97.89,108.89
2025-08-01,86.22,95.32
2025-08-04,90.43,94.49
2025-08-05,120.39,116.64
2025-08-06,91.0,106.78
2025-08-07,111.34,131.48
2025-08-08,93.34,115.34
2025-08-11,99.61,118.02
2025-08-12,94.63,118.42
2025-08-13,105.04,116.35
2025-08-14,97.5,109.46
2025-08-15,99.69,122.48
2025-08-18,112.79,138.56
2025-08-19,95.62,127.7
2025-08-20,83.77,95.98
2025-08-21,108.07,116.98
2025-08-22,102.22,121.54
2025-08-25,122.93,150.71
2025-08-26,107.51,135.75
2025-08-27,113.46,137.04
2025-08-28,85.76,111.08
2025-08-29,101.99,132.02
2025-09-01,93.38,103.3
2025-09-02,106.96,105.82
2025-09-03,115.28,124.44
2025-09-04,123.25,138.23
2025-09-05,125.24,147.8
2025-09-08,121.31,163.05
2025-09-09,125.76,177.85
2025-09-10,109.14,167.18
2025-09-11,98.11,135.94
2025-09-12,118.07,153.67
2025-09-15,109.83,140.5
2025-09-16,121.89,163.97
2025-09-17,86.41,131.41
2025-09-18,110.86,146.98
2025-09-19,101.85,125.01
2025-09-22,115.81,144.59
2025-09-23,104.79,165.02
2025-09-24,100.75,137.12
2025-09-25,98.19,122.02
2025-09-26,94.78,103.73
2025-09-30,116.74,133.67
2025-10-01,107.89,139.96
2025-10-02,107.04,144.71
2025-10-03,101.32,146.0
2025-10-07,118.49,160.75
2025-10-08,92.51,139.9
2025-10-09,104.67,139.67
2025-10-13,97.41,116.95
2025-10-14,101.49,108.48
2025-10-15,102.43,127.43
2025-10-16,101.12,119.05
2025-10-17,89.17,104.89
2025-10-20,117.41,132.47
2025-10-21,105.76,137.77
2025-10-22,97.55,124.12
2025-10-23,92.68,108.12
2025-10-27,101.95,119.64
2025-10-28,84.74,103.68
2025-10-29,110.16,108.62
2025-10-30,92.22,96.3
2025-10-31,94.4,112.61
2025-11-03,94.47,106.93
2025-11-04,97.26,100.13
2025-11-05,93.48,96.56
2025-11-06,112.72,115.45
2025-11-07,88.69,97.01
2025-11-10,92.0,108.55
2025-11-11,90.3,103.98
2025-11-12,107.72,117.5
2025-11-13,97.66,115.6
2025-11-14,87.98,103.66
2025-11-17,98.62,112.66
2025-11-18,84.75,89.11
2025-11-19,102.4,103.3
2025-11-20,112.65,133.06
2025-11-21,82.4,93.25
2025-11-24,90.22,91.15
2025-11-25,109.99,108.43
2025-11-26,114.66,141.68
2025-11-27,124.13,153.34
2025-11-28,129.23,154.35
2025-12-01,92.4,122.02
2025-12-02,107.33,125.43
2025-12-03,103.23,134.3
2025-12-04,92.82,130.4
2025-12-05,98.07,134.95
2025-12-08,117.78,147.18
2025-12-09,92.53,127.85
2025-12-10,105.28,142.73
2025-12-11,82.91,106.39
2025-12-12,104.79,144.45
2025-12-15,90.79,105.86
2025-12-16,86.84,93.84
2025-12-17,112.32,107.75
2025-12-18,93.19,80.95
2025-12-19,114.66,109.97
2025-12-22,127.93,133.96
2025-12-23,116.28,130.77
2025-12-24,101.43,123.37
2025-12-26,101.7,123.78
2025-12-29,122.19,156.44
2025-12-30,101.76,132.4
2025-12-31,97.98,144.02
2026-01-02,106.07,137.6
2026-01-05,115.13,162.4
2026-01-06,107.61,155.09
2026-01-07,95.33,147.53
2026-01-08,94.37,126.35
2026-01-09,91.09,127.17
2026-01-12,113.09,128.66
2026-01-13,103.98,123.66
2026-01-14,104.06,151.47
2026-01-15,88.3,119.03
2026-01-16,96.1,157.84
2026-01-19,100.93,150.16
2026-01-20,112.13,148.46
2026-01-21,97.54,154.59
2026-01-22,114.08,140.89
2026-01-23,106.14,185.65
2026-01-26,105.92,171.78
2026-01-27,122.4,168.65
2026-01-28,106.18,191.87
2026-01-29,86.58,134.57
2026-01-30,89.42,157.04
2026-02-02,81.4,109.2
2026-02-03,116.58,131.55
2026-02-04,104.2,177.55
2026-02-05,85.68,128.92
2026-02-06,95.33,158.39
2026-02-09,102.4,149.5
2026-02-10,101.42,170.78
2026-02-11,94.37,212.79
2026-02-23,98.66,150.22
2026-02-24,119.61,176.41
2026-02-25,100.74,182.17
2026-02-26,94.84,153.95
2026-03-02,93.11,145.98
2026-03-03,92.07,111.43
2026-03-04,95.47,133.33
2026-03-05,100.99,128.98
2026-03-06,102.16,152.18
2026-03-09,77.82,101.18
2026-03-10,113.83,112.73
2026-03-11,120.5,163.58
2026-03-12,104.81,144.16
2026-03-13,102.45,158.91
2026-03-16,105.28,140.17
2026-03-17,118.8,148.39
2026-03-18,105.16,155.06
2026-03-19,94.63,109.58
2026-03-20,107.87,145.58
2026-03-23,94.63,110.09
2026-03-24,106.83,111.3
2026-03-25,110.71,141.19
2026-03-26,109.23,128.6
2026-03-27,98.0,131.17
2026-03-30,98.99,122.29
2026-03-31,92.12,106.59
2026-04-01,124.49,142.46
2026-04-02,107.88,140.76
2026-04-07,123.99,139.18
2026-04-08,112.13,123.63
2026-04-09,98.42,109.19
2026-04-10,103.03,141.14
2026-04-13,116.86,140.89
2026-04-14,125.26,165.4
2026-04-15,101.58,149.68
2026-04-16,115.44,135.39
2026-04-17,85.61,131.72
2026-04-20,96.39,106.93
2026-04-21,125.08,119.15
2026-04-22,104.58,139.67
2026-04-23,91.57,111.11
2026-04-24,119.79,175.8
2026-04-27,110.65,136.86
2026-04-28,110.68,120.5
2026-04-29,95.92,171.12
2026-04-30,110.14,158.96
2026-05-04,129.69,169.91
2026-05-05,119.99,154.64
2026-05-06,112.85,177.59
2026-05-07,128.46,174.13
2026-05-08,111.45,181.36
2026-05-11,122.78,162.33
2026-05-12,121.26,161.65
2026-05-13,101.2,169.31
2026-05-14,126.05,162.46
2026-05-15,105.96,162.43
2026-05-18,100.31,140.86
2026-05-19,94.53,122.41
2026-05-20,96.66,130.94
2026-05-21,135.81,140.2
2026-05-22,107.03,156.25
2026-05-25,138.3,148.71
2026-05-26,111.05,125.76
2026-05-27,108.14,184.57
2026-05-28,99.95,127.81
2026-05-29,124.82,222.36
2026-06-01,118.71,171.12
2026-06-02,106.89,142.84
2026-06-03,116.92,217.69
2026-06-04,86.42,140.41
2026-06-05,90.36,189.66
2026-06-08,83.49,126.75
2026-06-09,118.27,133.64
2026-06-10,107.93,166.01
2026-06-11,105.12,133.33
2026-06-12,100.13,168.35
2026-06-15,134.32,172.0
2026-06-16,131.64,164.48
2026-06-17,107.5,133.15
2026-06-18,112.84,114.67
2026-06-22,127.75,147.65
2026-06-23,82.05,98.99
2026-06-24,85.65,134.59
2026-06-25,96.56,114.57
2026-06-26,90.03,128.74
2026-06-29,117.54,123.92
2026-06-30,137.17,134.93
2026-07-01,113.71,142.03
2026-07-02,98.93,120.46
2026-07-03,99.82,136.3
2026-07-06,88.22,122.22
2026-07-07,80.26,98.68
2026-07-08,91.04,129.81
2026-07-09,100.89,118.81
2026-07-13,97.61,124.42
2026-07-14,91.77,99.31
2026-07-15,114.07,103.58
2026-07-16,88.01,93.37
2026-07-17,83.63,92.94
2026-07-20,89.1,82.72
2026-07-21,120.01,106.32
2026-07-22,104.5,118.24
2026-07-23,104.64,119.11
2026-07-24,97.1,112.7
2026-07-27,105.74,109.84
2026-07-28,91.97,89.37
2026-07-29,100.21,84.29
2026-07-30,92.59,79.43
2026-07-31,96.48,107.27
